question,answer
"سامانه نماد چیست ؟ ","بانک مرکزی ج.ا.ا به منظور تضمین امنیت، محرمانگی، صحت، دقت و انکارناپذیری داده ها در نظام بانکی اقدام به ایجاد سامانه نماد نموده است. این سامانه همچنین دارای قابلیت ایجاد هویت دیجیتال امن برای اشخاص در استفاده از خدمات بانکداری مجازی و بستر پیاده سازی گواهی امضاء دیجیتال می باشد. این سامانه به مشتریان بانک ها این امکان را می دهد که صرف نظر از بانک ارائه دهنده خدمت، از یک گواهی امضاء دیجیتال استفاده نمایند. "
"توکن امضای دیجیتال همراه  (  توکن همراه ) چیست ؟"," توکن همراه (توکن امضای دیجیتال همراه) یک ماژول رمزنگاری است که از امکانات گوشی تلفن همراه جهت تولید و نگهداری زوج کلید خصوصی و عمومی و انجام عملیات امضای دیجیتال و رمزگشایی استفاده می نماید. با استفاده از این محصول نیاز به حمل و نگهداری ماژول سخت افزاری مازاد نیست.  تنها با  گوشی تلفن همراه قادر خواهید بود عملیات امضای دیجیتال و رمزگشایی را به منظور حفظ محرمانگی، جامعیت داده و انکار ناپذیری در تعاملات الکترونیکی و با اطمینان از محفوظ ماندن کلید خصوصی خود انجام دهید"
"نرم افزار امضاء الکترونیک تجارت چیست؟","نرم افزاری جهت امضاء برای دریافت گواهی امضاء الکترونیک ( از طریق احراز هویت ) مشتریان بانک تجارت می باشد. امضای الکترونیک همانند امضای کاغذی نبوده و صرفا از طریق اختصاص کد( رمز کاربری )  صورت  می گیرد . "
"مزایای امضاء الکترونیک  تجارت چیست ؟ ","1) صرفه جویی در زمان 2) عدم لزوم مراجعه حضوری به شعب بانک "
"نرم افزار امضاء الکترونیک  از کجا دانلود نمایم ؟","https://mybajet.ir"
"در صورتیکه مشتری  بخواهد رمز کاربری خود را تغییر دهد چه کاری باید انجام دهد ؟"," در صورت تعریف امضای دیجیتال وارد  برنامه امضای تجارت میشود و مراحل زیر را طی می کند:   عملیات رمز -> -> تغییر رمز کاربری "
"در صورتیکه مشتری فقط رمز کاربری خود را فراموش کرده باشد اما رمز مدیریتی را به خاطر داشته باشد باید چه کاری انجام دهد ؟( فراموشی یک رمز )  ","ورود به برنامه امضای تجارت:  عملیات رمز -> رفع انسداد رمز کاربری  "
"در صورتیکه مشتری هم رمز کاربری  را فراموش کرده باشد و هم رمز مدیریتی را فراموش کرده باشد باید چه کاری انجام دهد   ؟( فراموشی هر دو  رمز )  "," ورود به برنامه امضای تجارت: انتخاب بازنشانی اولیه رمز "
"کاربرد رمز مدیریتی در برنامه امضای تجارت چیست ؟ ","در صورت فراموشی رمز کاربری ، تعیین رمز کاربری جدید را مهیا می سازد . "
"کاربرد راه اندازی توکن امضای دیجیتال همراه برروی گوشی موبایل چیست ؟","برنامه امضای تجارت این امکان را فراهم مینماید تا بتوان بدون نیاز به اتصال توکن به سیستم و تنها از طریق گوشی موبایل، فرآیندهای امضای دیجیتال و رمزنگاری را در سامانه های تحت وب انجام داد."
"طریقه  نصب برنامه امضا تجارت برروی گوشی موبایل چگونه می باشد ؟ ","پس از دریافت فایل نصبی از برنامه،(mybajet.ir)  مراحل زیر را طی کنید: 1.فایل نصبی برنامه را در گوشی موبایل اجرا نموده و در صورت نیاز، مجوز نصب آن را صادر نمایید 2.در پنجره نمایش داده شده برروی گزینه Install کلیک کنید و منتظر بمانید تا فرآیند نصب پایان پذیرد. 3.پس از اتمام موفقیت آمیز فرآیند نصب، با انتخاب گزینه Open برنامه را اجرا نمایید. "
"  نحوه فعال سازی برنامه امضای تجارت  چگونه می باشد ؟ ","پس از اولین بار اجرا نمودن برنامه امضای تجارت مراحل زیر راطی کنید: 1.در پیام نمایان شده با انتخاب گزینه بازکردن تنظیمات، مجوز لازم جهت اجرا شدن برنامه در پیش زمینه را صادر نمایید . از برقراری ارتباط با اینترنت اطمینان حاصل نمایید، سپس کدملی و شماره تلفن همراه خود را وارد نموده و  دکمه ی مرحله بعد را انتخاب نمایید.   2.پس از دریافت کد احراز هویت، کد را در قسمت کد  احراز هویت وارد نمایید و دکمه ی فعال سازی را انتخاب کنید.	در صورتی که به هر دلیلی پس از مدت زمان تعیین شده، کد احرازهویت برایتان ارسال نگردید، می توانید با انتخاب دکمه ی درخواست مجدد کد فعالسازی، فرآیند ارسال مجدد کد احرازهویت به تلفن همراه خود را داشته باشید 3. با اتمام موفقیت آمیز فرایند فعال سازی، می توانید جهت مدیریت توکن اقدام نمایید. "
"مراحل صدور امضاء الکترونیک تجارت  کدامند ؟ ","1) راه اندازی توکن امضای دیجیتال همراه برروی گوشی موبایل 2)نصب برنامه امضا تجارت برروی گوشی موبایل 3 )فعال سازی برنامه امضای تجارت  4)بازنشانی توکن همراه  5)تایید و ثبت مشخصات 6) پرداخت هزینه  7) احراز هویت متقاضی   8) صدور گواهینامه الکترونیکی 9) فعالسازی گواهینامه الکترونیکی"
"  مراحل بازنشانی توکن همراه چگونه می باشد؟","تعیین رمز کاربر : رمز کاربر تنها باید شامل حداقل 4 عدد و حداکثر 16 عدد باشد.	در قسمت رمز مدیریتی، رمز مدیر مدنظر خود را وارد نمایید و آن را در قسمت تایید رمز مدیریتی نیز تکرار کنید.	رمز مدیر حداقل باید شامل 4 کاراکتر و حداکثر 24 کاراکتر باشد و می¬تواند به صورت ترکیبی از اعداد انگلیسی و حروف تعریف شود که بزرگ و کوچک بودن حروف انتخابی تاثیر گذار می¬باشد. پس از تعیین رمز کاربری و رمز مدیریتی موردنظر، برروی گزینه بازنشانی کلیک نمایید تا فرآیند بازنشانی آغاز شود درصورتی که فرآیند بازنشانی با موفقیت پایان پذیرد، می¬توانید در پیام نمایش داده شده، با انتخاب گزینه تایید مستقیما از امکان صدور گواهینامه الکترونیکی برنامه امضای تجارت، برای دریافت گواهینامه از مرکز میانی، مطابق با توضیحات بند 2، بهره¬مند شوید."
"گواهی ( برنز ) امضای تجارت  چیست ؟","برای انجام تراکنش­هایی که نیاز به احراز هویت، انکار ناپذیری و یا محرمانگی دارند،استفاده میشود.  برای دریافت این سطح از گواهینامه نیاز به احراز هویت غیر حضوری می باشد."
"گواهی ( نقره ای  ) امضای تجارت  چیست ؟","برای انجام تراکنش­هایی که نیاز به احراز هویت، انکار ناپذیری و یا محرمانگی دارند،استفاده میشود.  برای دریافت این سطح از گواهینامه نیاز به احراز هویت حضوری می باشد."
"نرم افزار امضاء الکترونیک بر روی چه مدل گوشی هایی قابل نصب می باشد ؟","در حال حاضر فقط گوشی های اندروید "
"حداقل ورژن مورد نیاز  گوشی برای نصب نرم افزار امضاء الکترونیک  چیست؟","اندروید 6"
"مدت زمان اعتبار گواهی  امضاء از طریق نرم افزار امضای تجارت  چند سال است ؟  ","2سال"
"در صورت تغییر گوشی همراه و یا حذف برنامه  امضای تجارت  چگونه مجددا آنرا نصب نماییم ؟ "," مجدداً می بایست نسبت به انجام فرآیند ثبت گواهی امضاء دیجیتال اقدام نمایید."
"آیا در صورت حذف برنامه امضای تجارت  نصب مجدد آن  مشمول پرداخت  هزینه می باشد  ؟ ","خیر"
"در فرآیند ثبت نام امضای دیجیتال آیا نیاز به سریال کارت ملی می باشد ؟","بله  سریال کارت ملی , پشت کارت ملی می باشد و ترکیبی از اعداد و یک حرف می باشد "
"آیا با کارت ملی قدیمی میتوان فرآیند احرازهویت غیرحضوری ثبت گواهی امضاءرا انجام داد ؟"," در صورت نداشتن کارت ملی جدید ، داشتن کارت ملی قدیم به همراه کد رهگیری  مشتری الزامی می باشد. نکته: در زمان استفاده کد رهگیری به جای سریال کارت ملی درج گردد . "
"در صورتی که خط تلفن همراه بنام مشتری نباشد آیا  میتوان فرآیند احرازهویت غیرحضوری ثبت گواهی امضاء را انجام داد ؟","خیر"
"در زمان  نصب برنامه  هزینه امضاء پرداخت شده ولی مجددا به درگاه پرداخت برگشت داده شده؟ ","باتوجه به اینکه پس از پرداخت هزینه نصب کد شناسه یکتا برای مشتری پیامک می گردد لذا در صورت بروز  مشکل  پرداخت ، مجددا از همان شناسه قبلی استفاده گردد . این شناسه برای  مشتری پیامک شده و می تواند از پیامک خود بازیابی کند. در صورتی که با شناسه یکتا مشکل برطرف نشد و از حساب مشتری  نیز مبلغ کسر شده باشد به لایه 2 ارجاع می شود .اما در صورتی که وجهی از مشتری کسر نشده باشد مشتری می بایست مجددا نسبت به پرداخت هزینه اقدام کند ."
" زمان  پرداخت هزینه  امضای تجارت مشتری  از درگاه مربوطه  رمز دوم پویا یا ثابت  می بایست وارد  کند ؟","بله"
"علت مشاهده پیغام  ID=6915  این موبایل در مالکیت شما نمی باشد چیست  ؟ ","سند شماره همراه باید متعلق به متقاضی  باشد ."
"در حین انجام عملیات صدور گواهی در صورتیکه   به هر علت فرآیند فعالسازی متوقف شد, جهت ورود مجدد چه اقدامی انجام دهیم ؟ "," از منوی مدیریت گواهینامه -> صدور گواهی جدید  نسبت به ادامه عملیات فعالسازی  انتخاب شود."
"آیا با داشتن ماسک ، کلاه و عینک غیر طبی تطبیق چهره در زمان نصب امضائ الکترونیک میسر می باشد ؟ ","خیر "
" کارمزد گواهی امضا در اپلیکیشن امضاء تجارت چند ریال می باشد ؟ "," در حال حاضر مبلغ  239800  ریال می باشد ."
"علت مشاهده خطای   خطا در دریافت اطلاعات درخواست چیست ؟ "," تصویر عکس سلفی با عکس مرجع مطابقت ندارد."
"علت مشاهده خطای   خطا در فرآیند کد خطای 1  در زمان صدور گواهی نامه الکترونیکی  چیست ؟ ","قطعی شبکه راهبر"
"علت مشاهده خطای   مرکز صدور گواهی انتخاب شده  در زمان دانلود گواهی امضای الکترونیک چیست ؟ ","ارجاع به لایه دوم پشتیبانی "
"در صورت داشتن شناسه پرداخت و قطعی برنامه به هر علت و  عدم امکان  در  ادامه عملیات چه اقدامی گردد ؟","ارجاع به لایه دوم پشتیبانی "
"علت مشاهده خطای تراکنش مشکوک به تقلب بوده و سیستم بانکی  از پرداخت با خطا مواجه شده است   در زمان پرداخت هزینه  امضای الکترونیک چیست ؟ "," موجودی حساب مشتری کافی  می باشد . "
"ساعات واریز  ساتنا به چه صورت است ؟ ","از طریق درگاه های غیر حضوری از 7:30 صبح تا 14:15  (بخشنامه 2101 مورخ   1401/03/01) برای شعب 13:45 (شنبه لغايت چهارشنبه روزهاي کاري)  روزهای پنجشنبه   12:15 می باشد"
"کارمزد ساتنا چقدر است ؟ ","دو صدم درصد وجه انتقالی تا سقف 25 هزار تومان می باشد . "
"انتقال وجه ساتنا از همراه بانک چقدر است ؟ ","ساتنا تراکنش های بالاتر از 50 میلیون و تا سقف 100 میلیون تومان "
"انتقال وجه ساتنا از طریق  اینترنت  بانک چقدر است ؟ ","ساتنا تراکنش های بالاتر از 50 میلیون و تا سقف 100 میلیون تومان "
"انتقال وجه ساتنا از طریق شعب  چقدر است ؟ ","شعب بانک صرفا مجاز به ارسال دستور پرداخت ساتنا برای مبالغ معادل و یا بیشتر از پانصد میلیون ریال می باشند. "
"آیا مشتریان سایر بانک ها می توانند از خدمات ساتنا  در شعب بانک تجارت  استفاده نمایند ؟","خیر/  علی رغم ممنوعیت انجام حواله های انتقال وجه بین بانکی ساتنا و پایا بدون وجود حساب مشتری متقاضی صدورحواله نزد بانک مبدأ دستورپرداخت، بعضاً مشاهده گردیده است برخی از شعب در صورت مراجعه دارنده چک  عهده بانک تجارت، پس از وصول چک مربوطه در صورتیکه آورنده چک، فاقد حساب نزد بانک تجارت باشد نسبت به پذیرش و ارسال دستور پرداخت از مبدأ حسابی غیر از حساب شخص متقاضی صدور حواله اقدام می نمایند که این موضوع مغایر با مفاد ماده ) 96  آیین نامه اجرایی ماده 14 ( الحاقی قانون مبارزه با پولشویی مصوب 1398/07/21 هیأت محترم وزیران می باشد .) "
"آیا اتباع می توانند تراکنش ساتنا ( از هر درگاهی ) انجام دهند ؟","خیر "
"آیا دستور پرداخت ساتنا را می توان کنسل کرد ؟","خیر دستور پرداخت صادرشده پس از پذيرش آن توسط بانك قطعي و غیرقابل برگشت بوده و بانك متعهد است در تاريخ درخواست شده توسط مشتري تاريخ موثر وجه را به بانك ذينفع ارسال نمايد."
"آیا  می توان از خودپرداز یا تلفنبانک انتقال وجه ساتنا انجام داد ؟","خیر در حال حاضر سرویس ساتنا در خدمات خودپرداز و  تلفنبانک وجود ندارد ."
"ساعت 6 بعد ازظهر می خواهم از همراه بانک انتقال وجه دهم ولی ساتنا قطع شده است ؟","از 7:30 صبح تا 14:15  بخشنامه 2101 مورخ   1401/03/01  پس از ساعت مذکور امکان ساتنا وجود ندارد"
"از همراه بانک ساتنا انجام می دهم اما اعلام می کند ساتنا قطع است ؟","ساتنا در روزهای جمعه و تعطیلات رسمی و در روزهای کاری بعد از ساعت کاری ( در حال حاضر 14:15 ) غیر فعال است ."
"ساعت 7:45  صبح مبلغی به حسابم از طریق  ساتنا انتقال یافته  ولی به حسابم واریز نشده است ؟","اگر حساب مقصد  تجارت ( صاحب حساب )  است ابتدا باید از پنل فرانگر تراکنش های مشتری( تجارت )  بررسی شود در صورتی که به حساب ایشان واریز نشده باشد و   در صورتیکه مشتری( سایر بانک ها )   باشد و از تجارت برای ایشان ساتنا انجام شده باشد  با داشتن شماره ارجاع تراکنش انتقال ساتنا , می توانیم شماره  دایره ساتنا را به مشتری اعلام کنیم."
"از همراه بانک انتقال وجه ساتنا انجام می دهم اعلام می کند امکان انتقال ساتنا به حساب های تجارت مقدور نمیباشد ؟","انتقال وجه ساتنا یک انتقال وجه بین بانکی است لذا مقصد شما باید شماره شبا 24 رقمی باشد .شما شماره حساب مقصد را شماره حساب  تجارت وارد کرده اید به همین دلیل این پیغام را دریافت می کنید."
"در صورت عدم انجام تراکنش  ساتنا در همراه بانک چه اقدامی انجام میگیرد  ؟","1)بررسی کد شهاب  ( از فرانگر ) 2) بررسی رمز پویای حساب  ( پنل پویا ) 3) بررسی مبلغ ( فرانگر ) 4) به مشتری اعلام شود حتما از منوی حساب /گزینه پایا و ساتنا انتخاب شود 5) به مشتری اعلام شود حتما شماره 24 رقمی شبا وارد گردد .حتما از پنل همراه بانک در قسمت EVENTLOG  خطای ایجاد شده بررسی شود ."
"ساعات واریز  پایا  به چه صورت است ؟ ","وجه انتقالی از ساعت 3:45 صبح تا 10:45 ساعت  تا 11:15 -11 واریز میشود وجه انتقالی از ساعت 10:45 صبح تا 13:45ساعت 14-14:15 به بعد  واریز میشود وجه انتقالی از ساعت 13:45  تا 18:45ساعت-19:15- 19واریز میشود وجه انتقالی از ساعت 18:45  تا 3:45  ساعت-4:30- 4 واریز میشود                                             چرخه های انتقال در سامانه پایا بدون تغییر و کماکان دارای چهار چرخه  3:45 بامداد، 10:45 صبح ، 13:45 و 18:45  می باشد.بخشنامه 2101 مورخ   1401/03/01"
"کارمزد پایا چقدر است ؟ ","یک صدم درصد وجه انتقالی  و حداکثر  15 هزار تومان می باشد . "
"انتقال وجه پایا از همراه بانک چقدر است ؟ ","حداکثر یک میلیارد ریال با رعایت سقف 500 میلیون ریال در هر تراکنش"
"انتقال وجه پایا از طریق  اینترنت  بانک چقدر است ؟ ","حداکثر یک میلیارد ریال با رعایت سقف 500 میلیون ریال در هر تراکنش"
"انتقال وجه پایا از طریق شعب  چقدر است ؟ ","صرفا مجاز به ارسال دستور پرداخت پايا براي مبالغ معادل و يا كمتر از 1 ميليارد ريال مي باشند. توجه: از آنجائیكه در صورت ارسال مبلغ بیش از مبلغ مذكور از طريق سیستم پايا بانك مشمول جريمه اي معاادل 34 درصد مبلغ دستور پرداخت  ) برای یک روز لذا کاربران شعب می بایست پرداخت های  دستور پرداخت هاي با مبلغ بیش از 1 ميليارد ريال را از طريق سیستم ساتنا ارسال نمايند.    "
"آیا صادر کننده پایا از شعب  حتما می بایست در بانک تجارت حساب داشته باشد ؟","بله كلیه حسابهای تجارت قابل پذيرش مي باشد. "
"آیا انتقال وجه پایا را می توان کنسل کرد ؟","دستور پرداخت صادرشده پس از پذيرش آن توسط بانك قطعي و غیرقابال برگشت بوده و بانك متعهد است در تاريخ درخواست شده توسط مشتري تاريخ موثر وجه را به بانك ذينفع ارسال نمايد."
"آیا اتباع می توانند انتقال وجه پایا ( همراه بانک /اینترنتی بانک /شعب )  انجام دهند ؟","بله /فقط 10 میلیون تومان "
"از همراه بانک پایا انجام داده ام اما نمی دانم برای چه کسی انتقال داده ام ؟","پس از ورود به همراه بانک از قسمت خدمات ، گزینه  سوابق تراکنش /تراکنش مورد نظر را جستجو و پس از باز کردن تراکنش , نام شخص مقصد مشخص است ."
"مبلغی طی پایا  به حساب شخص دیگری واریز کردم امکان انتقال زودتر مقدور هست ؟","خیر .تراکنش های پایا مطابق زمانبندی دستور العمل ابلاغی ( سطور بالا )  انجام می گردد . "
" رمز پویای خود را فعال کردم اما زمان انتقال وجه پایا از همراه بانک  پیغام  اطلاعات درگاه خود را اضافه کنید، مشاهده می گردد ؟","مشتری برای این حساب رمز پویای حسابی ندارد لذا می بایست از گزینه خدمات /خدمات رمز پویا /پویا حسابی  خود را فعال نماید ."
"تراکنش پایا از همراه بانک انجام داده ام اما همچنان  وضعیت تراکنش را در حال انجام نشان می دهد آیا تراکنش انجام نشده است ؟"," از قسمت خدمات , سوابق تراکنش را انتخاب کنید و پس از انتخاب تراکنش مورد نظر , گزینه استعلام وضعیت را بزنید تا وضعیت جدید را به شما نشان دهد . در صورتی که موفق نشان دهد بدین معنی است که انتقال انجام شده است و می بایست از  پایا بانک مقصد پیگیری شود و در صورتی که با استعلام وضعیت ناموفق نشان دهد می بایست از دایره پایا بانک تجارت پیگیری شود ."
" هنگام انجام تراکنش پایا از همراه بانک  با پیغام  شماره حساب مبدا نا معتبر است  مواجه می شوم  ؟ "," شماره حساب را از پنل فرانگر چک می کنیم که نک حساب مشکلی نداشته باشد و نیز  شخص فاقد کد شهاب نباشد و  در صورت وجود اشکال در نک یا عدم وجود کد شهاب مشتری می بایست به شعبه خودش مراجعه نماید. "
"پایا از طریق شعبه انجام شده  ولی پس از 3 روز هنوز به حساب مقصد واریز نشده است ؟","از دایره پایا توسط کارشناس پیگیری شود ."
"ساعات واریز حساب به حساب تجارت از ( درگاه های غیر حضوری )  به چه صورت است ؟ ","زمانبندی خاصی ندارد و از طریق درگاه های غیر حضوری در هر ساعت از شبانه روز به صورت لحظه ای انجام می شود ."
"کارمزد انتقال حساب به حساب تجارت ( درگاه های غیر حضوری )   چقدر است ؟ ","سیصد ریال  "
"کارکرد انتقال وجه  حساب به حساب تجارت از داخل شعب چقدر است ؟","کارمزدی ندارد .دقت کنید از مشتری کارمزد برداشت از حساب مبدآ ( در صورتی که غیر از شعبه صاحب حساب باشد )  مبلغ 1200 تومان دریافت می شود .( بخشنامه تجمیعی 515  ) "
"انتقال وجه تجارت به تجارت از همراه بانک چقدر است ؟ ","تا سقف صد ( 100 ) میلیون تومان "
"انتقال وجه تجارت به تجارت از طریق  اینترنت  بانک چقدر است ؟ ","تا سقف صد ( 100 ) میلیون تومان  شایان ذکر است  انتقال های داخلی برای حقوقی ها نامحدود است ."
"انتقال وجه تجارت به تجارت از  خودپرداز     چقدر است ؟ "," تا سقف ده ( 10 ) میلیون تومان "
"انتقال وجه تجارت به تجارت از تلفنبانک   چقدر است ؟ ","تا سقف سه ( 3)  میلیون تومان "
"آیا در حال حاضر انتقال وجه به حساب های تعریف شده ( از درگاه های غیر حضوری )  وجود دارد ؟","خیر /سابقا هر مشتری می توانست برای خدمات بانکداری اینترنتی , همراه بانک و تلفنبانک از داخل شعبه به ازای هر حساب مبدأ ,  5 تا حساب مقصد تجارت معرفی کند و به صورت نامحدود انتقال دهد اما در حال حاضر چنین امکانی وجود ندارد . شایان ذکر است گزینه انتقال به حساب های تعریف شده  در بانکداری اینترنتی  "
"آیا از شماره حساب می توان به شماره کارت ( از درگاه های غیر حضوری ) انتقال انجام داد ؟","از طریق  بانکداری اینترنتی ( فقط به شماره کارت تجارت و مبلغ 100 میلیون تومان )  بله اما از طریق همراه بانک و تلفنبانک خیر "
"آیا انتقال وجه حساب به حساب از همراه بانک و بانکداری اینترنتی در صورتی که حساب مبدآ و مقصد برای همان شخص باشد ؟","طی استعلام از همراه بانک  , انتقال وجه نامحدود حساب به حساب ( برای همان شخص ) وجود دارد اما طی استعلام از بانکداری اینترنتی این  موضوع برای حساب های حقیقی خیر اما برای حساب های حقوقی صدق می کند . شایان ذکر است در این خصوص تا این لحظه بخشنامه ای در دست نیست ."
"امکان انتقال وجه از حسابم   وجود ندارد ؟","ممکن است حساب مبلغ مسدودی داشته باشد که باید از پنل سیمین از قسمت گزارش گیری /گزینه ردیف مسدودی را زده و بعد از ورود شماره حساب  واحد مسدود کننده به مشتری را  اعلام نماییم تا  واحد مربوطه جهت رفع مسدودی اقدام نماید /ممکن است حساب کاملا مسدود باشد که باز هم باید از سیمین  از قسمت گزارش گیری /گزارش تاریخچه تغییر وضعیت حساب  /شماره حساب را وارد کرده و واحد مسدود کننده رار به مشتری اعلام نماییم تا از واحد ذیربط پیگیری کند ./ممکن است حساب خدمات الکترونیکی مسدود داشته باشد که باید مشتری به یکی از شعب راهنمایی شود تا خدمات نوین مشتری از طریق منوی 67 گزینه 5 رفع مسدودی مشود /ممکن است حساب مسدود الکترونیکی باشد در این صورت باید مشتری به شعبه مراجعه نماید و از منوی 55 رفع مسدودی شود / ممکن است کارت مشتری توسط 1554 مسدود شده باشد که در پنل سکان وضعیت کارت را مفقود شده اعلام می کند در اینصورت مشتری با مراجعه به شعبه و صدور مجدد کارت می تواند از حساب خود استفاده نماید /ممکن است وضعیت کارت در سکان مسدود شده باشد که در اینصورت  اداره کارت و خدمات و نوین  , کارت را مسدود کرده است که می بایست از این اداره پیگیری شود .   شایان ذکر است می بایست موجودی حساب مشتری و سقف انتقال مجاز مشتری از طریق فرانگر بررسی شود."
"فرآیند مغایرت لوکال ( انتقال وجه بین حسابهای تجارت ) چگونه می باشد ؟ ","در صورتی که 48 ساعت از تراکنش مشتری گذشته است و به حساب مشتری وجه عودت داده نشده است  ( بررسی از طریق فرانگر )  و مشتری از همراه بانک و بانکداری اینترنتی باشد تراکنش را انجام داده است می بایست مشتری به کارشناسان مربوطه ارجاع دهیم .و در صورتی که از تلفنبانک باشد می بایست تیکت تراکنش را از طریق TBS به واحد تلفنبانک ارجاع دهیم .در صورتی که از خودپرداز انتقال انجام شده باشد می بایست از واحد مغایرت های لوکال پیگیری شود .(توجه  **سابقا تیکت تهیه می شد اما در طول زمان واحد مربوطه پاسخگویی تیکت را انجام نمی دهد لذا فآیند پیگیری به صورت تلفنی می باشد)"
"انتقال حساب به حساب از همراه بانک /اینترنت بانک /تلفنبانک /خودپرداز  انجام نمی شود؟","در صورتیکه مشتری از همراه بانک استفاده می کند پس از بررسی حساب(مبدأو مقصد )  طبق  موارد بالا( در پنل فرانگر )  در صورتی که حساب مشکلی نداشت و نیز  با بررسی تراکنش های مشتری سقف مجاز( 100 میلیون تومان ) برای انتقال ایشان تکمیل نشده بود  , سپس ثبت نام همراه بانک مشتری را بررسی کرده و در صورتی که ثبت نام مشتری نیز مشکلی نداشت به مشتری یادآوری می کنیم حتما از منوی حساب ها و گزینه تجارت استفاده نماید ,ضمن اینکه باید پویای حساب مشتری فعال باشد .برای اطمینان از فعال بودن پویای حساب بدلیل نداشتن پنل پویا  می توانیم مشتری را به کارشناسان همراه بانک ارجاع دهیم .در صورتی که مشتری از بانکداری اینترنتی انتقال انجام می دهد موارد همراه بانک برای اینترنت بانک نیز صدق می کند(سقف مجاز انتقال وجه حساب به حساب 100 میلیون تومان می باشد )  با این تفاوت که با توجه به اینکه  به پنل بانکداری اینترنتی دسترسی نداریم بررسی ثبت نام در بانکداری اینترنتی به عهده کارشناسان بانکداری اینترنتی می باشد .در صورتی که مشتری از تلفنبانک انتقال را انجام می دهد ضمن بررسی حساب طبق توضیحات بالا و بررسی سقف ( در حال حاضر3 میلیون تومان می باشد ) با توجه به عدم دسترسی به پنل تلفنبانک باید تیکت عدم انتقال وجه را در TBS در قسمت خدمات نوین و انتخاب گزینه تلفنبانک ثبت نماییم .در صورتی که مشتری از خودپرداز تراکنش انجام می دهد .در صورتیکه مشتری از خودپرداز انتقال وجه انجام می دهد ضمن بررسی حساب ( مبدأ و مقصد ) و بررسی سقف مجاز انتقال از خودپرداز ( در حال حاضر 10 میلیون تومان ) می باشد .احتمالا مشکل از سامانه های داخلی بانک است ( به عنوان مثال ممکن است HOST بانک ) قطعی داشته باشد .لذا با پیگیری از واحدهای مربوطه , عدم انتقال وجه را بررسی می کنیم. "
" رمز پویای خود را فعال کردم اما زمان انتقال وجه حساب به حساب تجارت   از همراه بانک  پیغام  اطلاعات درگاه خود را اضافه کنید، مشاهده می گردد ؟","مشتری برای این حساب رمز پویای حسابی ندارد لذا می بایست از گزینه خدمات /خدمات رمز پویا /پویا حسابی  خود را فعال نماید ."
"در همراه بانک انتقال وجه از حسابم انجام می دهم اما اعلام می کند طول شماره حساب مقصد  نامعتبر است ؟","شما  باید مقصد خود را حساب بانک تجارت قرار دهید و احتمالا شماره مقصد را کارت وارد می کنید "
"هنگام انجام تراکنش  حساب به حساب تجارت  از همراه بانک خطای رمز صحیح نمی باشد    مشاهده می شود ؟","در صورتی که رمز را از هریم دریافت می کند به  مشتری یادآوری کنید حتما باید رمز 8 رقمی وارد کنید در صورتی که فونت گوشی بزرگ است و رمز را 6 رقم یا کمتر نشان می دهد حتما می بایست فونت گوشی اصلاح شود .در صورتی که  رمز را از همراز دریافت می کند  ابتدا باید ساعت گوشی مشتری چک شود که با ساعت جهانی یکسان باشد در صورتیکه ساعت درست بود ابتدا درگاه مربوطه ( منظور کد ملی مشتری ) از همراز حذف شود و یکبار دیگر مشتری از گزینه خدمات /خدمات رمز پویا /پویا حسابی اقدام به فعالسازی رمز پویا نماید."
"کارمزد انتقال کارت به کارت ( درگاه های غیر حضوری )   چقدر است ؟ ","حداقل 6,000 ريال تا مبلغ ده میلیون ريال و به ازای هر ده میلیون ريال مازاد، مبلغ 2,400ريال اضافه شود."
"انتقال وجه کارت به کارت از همراه بانک چقدر است ؟ ","در هر شبانه روز 10 میلیون تومان "
"آیا انتقال وجه  شتابی در همراه بانک از مبدآ کارت سایر بانک ها امکان پذیر است ؟","سابقا این خدمت در همراه بانک فعال بود اما در حال حاضر فعال نمی باشد ."
"انتقال وجه کارت  به کارت  از طریق  اینترنت  بانک چقدر است ؟ ","در طول یک شبانه روز  10 میلیون تومان "
"انتقال وجه کارت  به کارت  از  خودپرداز     چقدر است ؟ ","در هر شبانه روز 10 میلیون تومان "
"انتقال وجه کارت به کارت  از تلفنبانک   چقدر است ؟ ","این سرویس  فعلا در خدمات تلفنبانک نمی باشد ."
"انتقال وجه کارت به کارت  ازPINPAD  داخل شعب   چقدر است ؟ ","پانزده ( 15 ) میلیون تومان "
"آیا انتقال سه وجهی از  PINPAD داخل شعب امکان پذیر است ؟"," با برقراري امكان انتقال وجه سه وجهي بین بانکي از طريق پايانه شعب، هريك از دارندگان كارت هاي خودپرداز بانك هاي عضو شتاب، مي توانند از طريق مراجعه به كليه شعب بانك نسبت به جابجايي وجه به كارت بانك بالا براساس ضوابط اقدام نمايند، بر اين اساس در انتقال سه وجهي، كارت بانك مبدأ و مقصد مي تواند يكي از كارت هاي شتابي فعال درطرح باشد )انتقال از تجارت كارت به كارت هاي شتابي / كارت هاي شتابي به تجارت كارت / كارت شتابي به كارت شتابي  بخشنامه 412    متمم118   مورخ 1397/04/30    "
"انتقال وجه کارت به کارت  ازبرنامه های موبایل ( آپ و تاپ)    چقدر است ؟ ","سه میلیون تومان  تبصره: در صورت پیوستن بانک ها و پرداخت سازها به هاب فناوران مالی این مبلغ تا 5  میلیون تومان افزایش می باشد."
"آیا همه اشخاص دارنده کارت می توانند انتقال وجه شتابی انجام دهند ؟","خیر /افراد زیر 12 سال  امکان انتقال وجه شتابی را ندارند ."
"در صورت عدم انتقال وجه کارت از مبدا تجارت چه  کاری باید انجام داد ؟","در صورتی که از خودپرداز باشد  با چک کردن پنل فرانگر و اطمینان از عدم  بازگشت وجه پس از 72 ساعت می بایست  تیکت کدینگ 103  در TBSتوسط کارشناس تهیه شود. در صورتی که از همراه بانک  باشد ابتدا پنل را چک کرده در صورتی که موفق باشد به مشتری اعلام می کنیم  از شتاب بانک مقصد پیگیری کند اما در صورت ناموفق بودن و اطمینان از عدم برگشت وجه   تیکت  آن را برای همراه بانک ارسال می کنیم.در صورتی که از بانکداری اینترنتی باشد نیز فرآیند همراه بانک صادق می باشد."
"در صورتی که  کارت سایر بانک ها باشد ,  اما خودپرداز تجارت باشد و انتقال وجه شتابی انجام نشده باشد راه حل چیست ؟","در صورتیکه  صرفا  خودپرداز تجارت باشد و کارت مبدا و مقصد سایر بانک ها باشد , بانک تجارت هیچ مسئولیتی در قبال عدم انتقال وجه شتابی ندارد و مشتری مبدا می بایست با شتاب بانک خود تماس بگیرد."
"زمان انتقال وجه با کارت در همراه بانک  پیغام اطلاعات مربوط به کارت صحیح نمیباشد مواجه میشوم."," با انتخالب گزینه جزئیات / ویرایش نسبت به تغییر و اصلاح اطلاعات قبلی اقدام و cvv2  و تاریخ انقضا کارت خود را در همراه بانک تغییر می دهیم ."
"انتقال وجه شتابی انجام می دهم ( از هر درگاهی )ولی اعلام می کند, تعداد دفعات رمز وارد شده بیش از حد مجاز است ؟","این خطا بدین معنی است که مشتری(رمز دوم ثابت یا رمز پویا )خود را بیش  از سه بار اشتباه وارد کرده است .لذا در صورتی که رمز دوم ثابت را غلط وارد کرده باشد می بایست به خودپرداز مراجعه کند و گزینه تعیین رمز دوم اینترنتی در منوی سایر خدمات را انتخاب کند و یک رمز امنیتی تعریف نماید و در صورتی که پویا را اشتباه وارد کرده باشد باید از طریق ( خودپرداز/همراه بانک ) رمز پویا کارت خود را مجددا فعالسازی نماید . شایان ذکر است رمز دوم ثابت فقط برای تراکنش های کمتر از 100 هزار تومان می باشد .همچنین کارشناسان  برای چک کردن کارت مشتری ,  وارد سامانه سکان شوید و ازمنوی  مدیریت  کارت , شماره کارت را وارد نمایید سپس از تب اطلاعات رمز  , وضعیت رمز پویا مشتری را بررسی کنید در صورتی که عدد 5 روبروی رمز دوم باشد  یعنی کارت مشتری قفل شده است."
"لینک آدرس ورود به اینترنتی  چیست ؟","ib.tejaratbank.ir"
"اینک آدرس درگاه پرداخت  چیست ؟","PG.tejaratbank.ir"
"آیا خدمات Ib و PG یکسان است ؟ ","خیر بانکداری اینترنتی خدمات بر پایه حساب  است اما درگاه پرداخت اینترتی مبتنی بر کارت  است . ضمن اینکه  در درگاه پرداخت چون مبتنی بر کارت می باشد امکان انتقال وجه پایا/ساتنا /حساب به حساب تجارت /ثبت و تآیید چک / دستور پرداخت دوره ای  وجود ندارد . "
"  برای انجام عملیات در PG  به چه رمز هایی نیاز داریم ؟","به رمز پویای کارت نیاز است .فقط در مورد انتقال کارت به کارت علاوه بر پویا می بایست رمز PIN1 را حتما مشتری داشته باشد ."
"آیا برای دریافت خدمات درگاه پرداخت به ثبت نام نیاز داریم ؟","چون خدمات درگاه پرداخت اینترنتی مبتنی بر کارت و رمز دوم کارت ( ثابت /پویا )  می باشد لذا  نیازی به ثبت نام خاصی نیست فقط در یک مورد ( انتقال وجه کارت به کارت )  مشتری می بایست رمز ثابت بانکداری اینترنتی را داشته باشد ."
"از کجا متوجه شویم مشتری از بانکداری اینترنتی استفاده کرده است  است  یا از درگاه پرداخت ؟","در پنل فرانگر کد شعبه صادر کننده بانکداری اینترنتی (99995)  می باشد و برای درگاه پرداخت ( 99996 )  می باشد ."
"ثبت نام حضوری  بانکداری اینترنتی چگونه است ؟"," مشتری (حقیقی)  می تواند به یکی از شعب بانک تجارت مراجعه نماید و درخواست رمز ثابت نماید یا در خواست رمز  یک بار مصرف ( گوشی های اندروید** مهم  )  نماید. در اینصورت شعبه با صدور شماره سریال و ارسال کلید فعالسازی بصورت پیامکی به شماره همراه مشتری , ثبت نام اینترنتی مشتری را انجام می دهد و مشتری باید برنامه همراز را بر روی گوشی خود نصب نموده و پس از ورود  به برنامه همراز، گزینه  +  را زده و درگاه خود را بر روی بانکداری اینترنتی قرار دهد و  سپس  یک عنوان دلخواه /کد ملی /شماره سریال و کلید فعالسازی را وارد نماید تا بانکداری اینترنتی فعال شود.شایان ذکر است دارندگان گوشی های آیفون فقط باید رمز ثابت از شعب درخواست نمایند .  شایان ذکر است مشتریان حقوقی که سابقا فقط توسط همراز رمز بانکداری اینترنتی را دریافت می کرده اند  در صورتی که گوشی اندروید داشته باشند می توانند از همراز استفاده کنند اما در  صورتی که گوشی ایشان  آیفون باشد باید به شعبه مراجعه نموده و رمز  ثابت درخواست نمایند . "
"توکن سخت افزاری برای کدام دسته از مشتریان است ؟","مشتریان حقوقی "
"آیا توکن سخت افزاری در حال حاضر قابل استفاده است ؟","در صورتیکه مشتریان حقوقی  از قبل توکن سخت افزاری داشته باشند بله همچنان می توانند از آن استفاده کنند .اما مشتریان جدید  بدلیل کمبود توکن سخت افزاری(بدلیل تحریم ها) و وجود توکن نرم افزاری(همراز) لذا برای ایشان توکن  نرم افزاری ایجاد می شود."
"در صورت خرابی توکن سخت افزاری چه کاری باید انجام داد ؟","در صورت خرابی قبل از یکسال از زمان تحویل ، مسئولین شعب می بایست بدون دریافت هیچ گونه هزینه ای از مشتری نسبت به غیر فعال نمودن شماره سریال دستگاه مذکور در سیستم ویندوزی شعبه اقدام و سپس یک دستگاه دیگر از سخت افزار مذکور را با ثبت شماره سریال جدید به مشتری تحویل نمایند. بدیهی است در صورت خرابی دستگاه پس از یکسال از زمان تحویل هزینه مربوطه می باید از مشتری اخذ گردد. شایان ذکر است مسئولین شعب می بایست شماره سریال دستگاه های معیوب را به همراه خود دستگاه به اداره کارت و خدمات نوین جهت بررسی و در صورت امکان تعمیر ارسال نمایند."
" توکن میان افزار چست و چه کارکردی دارد ؟","این نوع توکن مختص مشتریان حقوقی دارای وب سرویس بانک تجارت می باشد که از این طریق نسبت به انجام تراکنش های مالی اقدام که در قالب لوح فشرده می باشد بر روی سامانه (توکن میان افزار) می نمایند. این گروه از مشتریان می توانند با نصب محصولی تحت عنوان های خود نسبت به درخواست لحظه ای تولید رمز یکبار مصرف اقدام و از مقادیر آن بعنوان رمز در انجام تراکنش های خود استفاده نمایند  در خواست مشتریان پس از بررسی و هزینه / فایده اولیه توسط شعبه به بازاریابی مدیریت مربوطه اعلام و مدیریت شعب ذیربط مطابق جدول پیوست )پیوست شماره 5 ( مراتب را به بانکداری تجاری ارسال نمایند.بخشنامه تجمیعی 1006  ص 12"
"نحوه ثبت نام مشتریانی که حساب مشترک دارند چگونه است ؟","از طریق  مراجعه به شعبه و دریافت رمز ثابت ( به هر یک از طرفین رمز جداگانه اختصاص داده می شود ) و یا درخواست رمز یکبار مصرف ( در صورتی که گوشی اندروید داشته باشند ) و ورود به همراز  و انتخاب گزینه بانکداری اینترنتی و ثبت کد ملی و یک عنوان دلخواه / سپس  ثبت  شماره سریال دریافتی از شعبه و در آخر   کلید فعالسازی  ( به صورت پیامکی برای مشتری ارسال شده است )   را ثبت نمایند تا بانکداری اینترنتی ایشان فعال شود."
"ثبت نام غیر حضوری بانکداری اینترنتی چگونه است ؟","مشتریان حقیقی می توانند ابتدا وارد لینک my.tejaratbank.ir   شده و با کلیک بر روی ثبت نام در سامانه بانکداری اینترنتی و ورود اطلاعات مربوط به کارت و در نهایت تعیین یک رمز 8-12 کارکتر ( حداقل یک حرف بزرگ , یک حرف کوچک , یک کارکتر و بقیه اعداد ) نسبت به ثبت نام خود در بانکداری اینترنتی اقدام نماید . دقت شود مشتری می بایست جهت ثبت نام در این سامانه حتما رمز پویا داشته باشد."
"شرط ثبت نام غیرحضوری  بانکداری اینترنتی چیست ؟","داشتن  رمز پویا کارت "
"آیا مشتریان حقوقی می توانند به صورت غیر حضوری ثبت نام نمایند ؟","خیر فقط با مراجعه به شعب "
"آیا مشتریانی که حساب مشترک دارند می توانند به صورت غیرحضوری ثبت نام نمایند ؟ ","خیر فقط با مراجعه به شعب "
"در صورت مشاهده خطای اطلاعات وارد شده و اطلاعات ثبت شده یکی نمی باشد   در ثبت نام بانکداری اینترنتی بصورت غیر حضوری چه اقدامی نمایم؟ ","یا شماره موبایل مشتری در ORM ( سیستم ثبت نام خدمات  نوین در شعبه ) اشتباها ثبت شده است که باید مشتری به شعبه مراجعه نماید و شماره موبایل ایشان تصحیح شود برای مشاهده این موضوع باید تماس را به کارشناسان بانکداری اینترنتی ارجاع دهید  و یا نک حساب مشتری مشکل دارد بصورتی که حساب مشتری بروزرسانی  نشده است این موضوع را می توان از پنل فرانگر در قسمت  تاریخ آخرین اطلاعات نک مشاهده نمود .در این قسمت با توجه به تاریخ می توان تشخیص داد که اطلاعات نک مشتری بروزرسانی نشده است و مشتری باید به شعبه مراجعه نموده و اصلاح نک برای ایشان انجام شود."
"مشتری بابت بانکداری اینترنتی  به شعبه مراجعه کرده و رسیدی را از شعبه  اخذ نموده که  روی آن رسید شناسه ورود و سریال 10 رقمی ذکر شده است ولی  زمان ثبت  نام در همراز اعلام می کند اطلاعات وارد شده صحیح نمی باشد  ؟","ابتدا باید از مشتری سوال شود رسید دریافتی از شعبه مربوط به بانکداری اینترنتی است یا همراه بانک و در صورتیکه مربوط به همراه بانک است شعبه اشتباها صادر کرده است و مشتری باید مجددا به شعبه مراجعه نماید و ثبت نام بانکداری اینترنتی را انجام دهد و درصورتی که رمز بانکداری اینترنتی  صادر شده است بایستی  در همراز  درگاه   , بانکداری اینترنتی انتخاب شود .همچنین به مشتری تأکید شود کلید فعالسازی ارسال شده را به صورت دستی وارد نکنند بلکه آن را کپی کرده و سپس جاگذاری نمایند."
"چرا بعضی از حسابها در اینترنت بانک دیده نمی شوند ؟","حساب هایی که در بانکداری اینترنتی مشاهده نمی شوند جهت ثبت نام می بایست یا به شعب مراجعه نمایند و یا به صورت غیر حضوری نسبت به ثبت نام بانکداری اینترنتی اقدام نمایند."
" چگونه وارد اینترنت بانک شرکت شوم؟","ابتدا وارد از طریق آدرس ib.tejaratbank.ir  وارد سامانه بانکداری می شویم و سپس با ورود کد ملی و رمز عبور ثابت ( حقیقی /حقوقی)  و سپس دریافت رمز پیامکی و ورود آ ن وارد بانکداری اینترنتی شوید  و  در صورتی که  مشتری  ( حقیقی /حقوقی ) همراز داشته باشد ,  رمز دریافتی از همراز ( برای مشتریانی که گوشی اندروید دارند و رمز عبور یک بار مصرف دریافت می کنند ) وارد محیط بانکداری اینترنتی می شویم . شایان ذکر است ممکن است برخی از مشتریان هنوز توکن سخت افزاری داشته باشند( بدین ترتیب رمز را باید از توکن سخت افزاری خود دریافت کنند )  .( صادقی پری ) "
"آیا می توان از سایت بانک تجارت هم وارد بانکداری شویم ؟","بله"
"در صورتی که مشتری با رمز ثابت وارد بانکداری اینترنتی می شو د چه ملاحظاتی را باید رعایت کند ؟","چون رمز  ثابت شامل عدد و حروف می باشد و  حروف هم شامل حروف بزرگ است و کوچک , لذا مشتری باید کوچک و بزرگ حروف را رعایت کند .صفحه کیبورد مشتری حتما باید انگلیسی باشد .هنگام ورود حروف کوچک , د دقت کنید کلید CAPSLOCL  حتما باید خاموش  باشد."
"آیا برای ورود به بانکداری اینترنتی  فقط رمز ثابت کافیست ؟","خیر  در ورود به بانکداری اینترنتی دو مرحله رمز باید وارد نمود , ابتدا رمز  عبور ( PIN1 ) و سپس رمز پیامکی .شایان ذکر است با ثبت نام حضوری و غیر حضوری بصورت رمز ثابت , رمز پیامکی به صورت خودکار برای مشتری ایجاد می شود و مشتری با درخواست رمز ییامکی آن را بصورت پیامکی  بر روی گوشی همراه خود دریافت می کند."
"در صورتی که مشتری گوشی خود را عوض کند چطور می تواند مجددا رمز  را از همراز دریافت کند؟","از آن جایی که هر توکن همراز تنها بر روی یک دستگاه تلفن همراه فعال است، لذا به منظور تعریف توکن همراز بر روی یک دستگاه بانکداری اینترنتی در اپلیکیشن همراز را انتخاب و توکن مربوطه را از » حذف درگاه « تلفن همراه دیگر، مشتریان می باید ابتدا گزینه دستگاه تلفن همراه قبلی حذف و سپس با همان شماره سریال و کدفعال سازی که در اختیار دارند، نسبت به تعریف توکن نرم افزاری بانکداری اینترنتی خود بر روی دستگاه دیگر اقدام نمایند."
"در صورتی که مشتری پس از تعویض گوشی , دسترسی به کلیدفعالسازی و شماره سریال قبلی برای فعالسازی  همراز نداشته باشد چه کاری باید انجام دهد ؟","مشتریانی که به هر دلیل به گوشی تلفن همراه خود که توکن همراز بر روی آن فعال بوده دسترسی نداشته و نمی توانند نسبت به حذف اقدام نمایند، لازم است به منظور تعریف توکن همراز در گوشی تلفن همراه جدید، به یکی از شعب بانک تجارت مراجعه نموده و درخواست توکن همراز را اعلام و شماره سریال جدید را دریافت و کد فعال سازی جدید را که از طریق پیامک ارسال میگردد مورد استفاده قرار دهند. شایان ذکر است در این حالت شماره سریال و کد فعال سازی قبلی باطل می گردد.با اختصاص توکن نرم افزاری جدید (شماره سریال جدید) توکن قبلی قابل استفاده نبوده و حساب مشتری ایمن خواهد بود"
"بعد از وارد کردن رمز و نام کاربری اینترنت بانک{ خطای رمز یا نام کاربری اشتباه }است؟ ","در صورتی که رمز را مشتری از همراز  دریافت می کند باید ساعت گوشی چک شود که با ساعت جهانی یکسان باشد .علاوه بر این دقت شود در صورتیکه فونت گوشی مشتری بزرگ است و رمز را کمتر از 8 کارکتر نشان می دهد بفرمایید فونت گوشی را کوچک کنند ( فونت موضوع مهمی است لطفا به این موضوع دقت شود ) در صورتی که ساعت گوشی صحیح می باشد و فونت هم درست است ,  مشتری می بایست درگاه بانکداری اینترنتی را از همراز خود حذف کرده و مجددا با مراجعه به شعبه و دریافت شماره سریال و کلید فعالسازی مجددا فعالسازی نماید .در صورتی که رمز ثابت است ایتدا از مشتری سوال شود رمز را چند کارکتر وارد می کند در صورتیکه رمز مشتری بیشتر یا کمتر از 12-8 کارکتر باشد رمز اشتباه ثبت می شود و همچنین به مشتری یادآوری شود حروف بزرگ و کوچک را رعایت نماید و صفحه کیبورد حتما باید انگلیسی باشد و احیانا اگر هنکام ورود حروف کوچک  کلید caps lock  روشن باشد , حروف بزرگ وارد می شود و رمز به غلط ثبت می شود . در صورتیکه همه موارد بالا برای رمز ثابت صحیح بود بفرمایید مشتری مجددا به صورت غیر حضوری یا با مراجعه به شعبه رمز مجدد دریافت نماید . ممکن است در مواردی برای شعبه برای مشتری رمز بانکداری اینترنتی مجدد صادر کرده است اما رمز را به مشتری ارائه نکرده است لذا مشتری با  ورود رمز قبلی , خطای رمز دریافت می کند برای مشخص شدن این موضوع  مشتری را به کارشناسان بانکداری اینترنتی ارجاع دهید . ( صادقی پری ) "
"مشاهده خطای آواکس در زمان ورود به  بانکداری اینترنتی چیست ؟","ممکن است همزمان که رمز ثابت دارد , رمز توکنی هم برای ایشان صادر شده باشد در اینصورت  مشتری می بایست به شعبه مراجعه نماید  و رمز جدید دریافت کند و یا می توان مشتری را به کارشناسان بانکداری اینترنتی ارجاع داد تا صحت قضیه مشخص شود /یا توکن همرازی که مشتری استفاده می کند NULL شده باشد و یا به عبارتی غیر فعال شده باشد برای همین موضوع باید مشتری به شعبه مراجعه نموده تا مجددا شماره سریال و کلید فعالسازی دریافت نماید . ( صادقی پری ) "
"در هنگام ورود به بانکداری اینترنتی , رمز پیامکی  ارسال نمی شود ؟چرا ؟","شماره تلفن همراه ثبت شده در سیستم ORM  ( سامانه ثبت نام خدمات نوین در شعب ) ملاک ارسال رمز پیامکی است. از آن جایی که شماره تلفن همراه برخی مشتریان در سیستم مذکور صحیح ثبت نشده است و امکان ارسال رمز پیامکی برای آنان وجود ندارد لذا به منظور اصلاح شماره تلفن همراه لازم است مشتریان مربوطه به شعب بانک مراجعه نمایند."
"از چه طریقی می توانم صورتحساب دریافت نمایم؟","با ورود به بانکداری اینترنتی و انتخاب گزینه صورتحساب و انتخاب گردش یا صورتحساب و انتخاب شماره حساب  و فیلتر بازه زمانی نسبت به دریافت صورتحساب خود اقدام نمایید ."
"در بانکداری اینترنتی  تا چه بازه ای و چه تعدادی تراکنش می توانیم صورتحساب دریافت کنیم ؟","تا 18 ماه اخیر و 300 گردش "
"در صورتی که مشتری  بیش از 300 گردش را درخواست کند راه حل چیست ؟","مراجعه حضوری به شعب"
"از طریق اینترنت بانک برای دریافت صورتحساب اقدام میکنم اما فقط تراکنشهای یک ماه را نمایش میدهد","شما  گزینه گردش حساب را انتخاب میکنید برای بررسی تراکنشهای بیشتر از گزینه صورتحساب استفاده کنید "
"سقف انتقال وجه حساب به کارت  در بانکداری اینترنتی چقدر است ؟","صد ( 100 ) میلیون تومان نکته :چون مبتنی بر حساب است می توان 100 میلیون انتقال داد. شایان ذکر است  مقصد می بایست فقط کارت تجارت باشد."
"در بانکداری اینترنتی انتقال وجه به حساب دیگران به چه معناست ؟","منظور از انتقال وجه  به حساب دیگران همان انتقال وجه داخلی بین حساب های تجارت است "
"انتقال وجه به حساب های خودم در بانکداری به چه معناست ؟","منظور انتقال وجه مابین حساب های همان شخص است که 100 میلیون تومان است ولی این گزینه برای حقوقی ها نامحدود است "
"آیا انتقال وجه به حساب های تعریف شده  در حال حاضر امکان پذیر است ؟","در حال حاضر خیر"
"در صورت مغایرت در انتقال وجه حساب به حساب در بانکداری  اینترنتی چیست ؟","ابتدا در پنل فرانگر بررسی شود که آیا از حساب مشتری کسر شده است یا خیر و اگر کسر شده , آیا عودت داده شده است یا خیر /درصورتی که در پنل فرانگر کسر شده باشد و مشتری ادعا کند به مقصد نرسیده است به بانکداری اینترنتی ارجاع می دهیم .  همچنین می توان با استفاده از پنل فرانگر حساب مقصد را پیدا کرد و همان جا نیز حساب مقصد را بررسی کرد /در صورتی که به مقصد واریز شده باشد به مشتری اعلام شود و در صورت عدم انتقالبه کارشناسان سبا پردازش تماس را ارجاع می دهیم "
"آیا در بانکداری اینترنتی  انتقال وجه کارت  به کارت می توان انجام داد ؟","بله "
" در بانکداری اینترنتی چقدر می توان انتقال وجه داد ؟","در هر شبانه روز 10 میلیون تومان "
"در صورتی که انتقال وجه کارت به کارت از بانکداری اینترنتی انجام نشده باشد راه حل چیست؟","ابتدا از پنل فرانگر(پس از 72 ساعت )  می بایست چک شود آیا به حساب مشتری عودت داده شده است یا خیر اگر عودت اتفاق نیافتاده باشد  از TBS  تیکت کدینگ 103  تکمیل و برای اداره حسابداری خدمات نوین ارسال می شود ."
"سقف انتقال وجه ساتنا چقدر است ؟","در طول یک شبانه روز 100 میلیون تومان البته تراکنش های بالای 50 میلیون تومان تا سقف 100 میلیون تومان "
"زمانبندی انتقال وجه ساتنا از بانکداری اینترنتی   چگونه است ؟
","از طریق درگاه های غیر حضوری از 7:30 صبح تا 14:15    (بخشنامه 2101 مورخ   1401/03/01)       در صورتی که انتقال وجه ساتنا در محدوده زمانی مذکور انجام شود  , انتقال وجه ساتنا به صورت لحظه ای انجام  می شود .شایان ذکر است پس از ساعت مذکور امکان انتقال ساتنا وجود نداردر .همچنین در روزهای تعطیل رسمی و جمعه انتقال وجه ساتنا امکان پذیر نمی باشد .                                                  "
"آیا انتقال وجه ساتنا برای اتباع امکان پذیر است ؟","خیر  /( طی استعلام از اداره مبارزه با پولشویی , که این موضوع به دستور امنیت ملی به مدیرعامل بانک ها به صورت شفاهی بوده است لذا بخشنامه ای در این خصوص در دست نیست )"
"در صورت مغایرت انتقال وجه ساتنا در بانکداری اینترنتی چه کاری باید انجام داد ؟","ابتدا در پنل فرانگر بررسی شود که آی از حساب مشتری کسر شده است یا خیر و اگر کسر شده , آیا عودت داده شده است یا خیر /درصورتی که در پنل فرانگر کسر شده باشد و مشتری ادعا کند به مقصد نرسیده است به بانکداری اینترنتی ارجاع می دهیم."
"سقف انتقال وجه پایا چقدر است  ؟","حداکثر یک میلیارد ریال با رعایت سقف 500 میلیون ریال در هر تراکنش"
"زمانبندی انتقال وجه پایا ","وجه انتقالی از ساعت 3:45 صبح تا 10:45 ساعت  تا 11:15 -11 واریز میشود وجه انتقالی از ساعت 10:45 صبح تا 13:45ساعت 14-14:15 به بعد  واریز میشود وجه انتقالی از ساعت 13:45  تا 18:45ساعت-19:15- 19واریز میشود وجه انتقالی از ساعت 18:45  تا 3:45  ساعت-4:30- 4 واریز میشود                                             چرخه های انتقال در سامانه پایا بدون تغییر و کماکان دارای چهار چرخه  3:45 بامداد، 10:45 صبح ، 13:45 و 18:45  می باشد.بخشنامه 2101 مورخ   1401/03/01"
"آیا انتقال وجه پایااز حساب  اتباع امکان پذیر  است ؟"," بله فقط 10 مییلیون تومان "
"انتقال وجه از بانکداری اینترنتی با چه رمزی امکان پذیر است ؟","رمز  پیامکی ( ارسال به شماره همراه  یا رمز  توکنی ( همراز ) "
"آیا انتقال وجه گروهی در بانکداری اینترنتی امکان پذیر است ؟ ","بله انتقال وجه داخلی ( حساب به حساب ) و انتقال وجه پایا گروهی "
"در صورت مغایرت انتقال وجه پایا در بانکداری اینترنتی چه کاری باید انجام داد ؟","ابتدا در پنل فرانگر بررسی شود که آی از حساب مشتری کسر شده است یا خیر و اگر کسر شده , آیا عودت داده شده است یا خیر /درصورتی که در پنل فرانگر کسر شده باشد و مشتری ادعا کند به مقصد نرسیده است به بانکداری اینترنتی ارجاع می دهیم."
"آیا در بانکداری اینترنتی امکان ثبت چک برای مشتریان حقیقی وجود دارد ؟","بله  "
"نحوه ثبت چک برای مشتریان حقیقی در بانکداری اینترنتی چگونه است ؟","از منوی سمت راست گزینه عملیات صیادی /چک های صادره /ثبت و صدور چک جدید را زده /شماره صیادی چک را وارد کرده /پس از استعلام گیری از سامانه پیچک مبلغ و تاریخ سررسید و سپس اطلاعات ذینفع را وارد می نماید  و در صورتی که مشتری حقیقی باشد. پس ثبت همه اقلام ستاره دار و  درج  رمز پیامکی یا توکنی  , گزینه تایید و ثبت را می زندو چک ثبت می شود."
"آیا برای ثبت چک در بانکداری اینترنتی نیاز به مز  پیامکی بانکداری اینترنتی می باشد ؟     بله باید رمز پیامکی بانکداری اینترنتی داشته باشند .","بله "
"آیا در بانکداری اینترنتی امکان ثبت  برای مشتریان حقوقی  وجود دارد ؟","بله"
"آیا  برای ثبت چک برای حساب های حقوقی امضا داران می بایست  این کار را انجام دهند ؟","حسب درخواست شخص حقوقی،عملیات صیادی با تفویض اختیار به کاربر ( کاربر امین )  نیزتوسط کاربران صورت می پذیرد."
"چطور  امضا داران می توانند به کاربران امین تفویض اختیار نمایند ؟","این موضوع در سامانه ORM  از داخل شعب انجام می شود متعاقب تفویض مذکور، کاربران معرفی شده می توانند عملیات ثبت صدور، تایید و انتقال هر برگ چک را در اینترنت بانک حقوقی انجام دهند."
"نحوه ثبت چک در بانکداری اینترنتی  برای مشتریان حقوقی چگونه است ؟","برای مشتریان حقوقی پس از ثبت مشخصات ذینفع , یا کاربر امضادار و یا کاربر ی که به آن تفویض اختیار شده است( کاربر امین )  گزینه انتخاب امضا داران را می زند و اسامی همه امضا داران را به کاربر نمایش می دهد و کاربرامین  باید تمامی اسامی امضاداران را از مدیرعامل ( مهر و امضا ) و بقیه اعضای هیئت مدیره امضا را انجام دهد و سپس ادامه و در نهایت  مجددا استعلام گیری از سامانه پیچک انجام می شود, و سپس بعد از  ورود رمز پیامکی /توکنی ,  چک ثبت می شود .توجه کنید ممکن است در همه این مراحل گاهی خطای سامانه پیچک را مشتری دریافت نماید که ممکن است پیچک از بانک مرکزی و یا پیچک بانک تجارت  قطع باشد ( این موضوع را لطفا از کارشناسان بانکداری اینترنتی استعلام بگیرید )"
"گزینه چک های وارده به چه منظوری است ؟","این گزینه برای تأیید چک  می باشد در واقع این گزینه برایم مشتریانی است  است که ذینفع چک می باشند . در این قسمت نیازی به ورود شماره سریال /سری چک نیست تنها با شماره صیادی می توان  چک را استعلام گرقت و در نهایت با رمز پیامکی ( بانکداری اینترنتی ) یا رمز توکنی  چک را رد یا تأیید کرد . شایان ذکر است برای مشتریان حقوقی مراتب تأیید چک همانند صدور آن است .  صادقی پری "
"گزینه انتقال چک های وارده  چه کارکردی دارد ؟","پس از اینکه ذینع چک , چک را تایید کرد جهت انتقال به شخص دیگری می بایست از این گزینه استفاده کند .در این جا  نیز  جهت انتقال نیاز به رمز پیامکی یا رمز توکنی بانکداری اینترنتی است .   صادقی پری "
"گزینه استعلام چک های صیاد در بانکداری اینترنتی برای چیست ؟","طی پیگیری از کارشناسان بانکداری اینترنتی اعلام کردند در حال حاضر این خدمت در بانکداری اینترنتی فعال نمی باشد."
"پرداخت قبض از بانکداری اینترنتی از چه طریقی امکان پذیر است ؟","با شناسه قبض و شناسه پرداخت "
"آیا پرداخت قبوض گروهی در بانکداری اینترنتی امکان پذیر است ؟","بله "
"خرید شارژ در بانکداری اینترنتی به چند روش امکان پذیر است ؟","کد شارژ /شارژ مستقیم "
"آیا مشاهده سوابق خرید شارژ  از بانکداری اینترنتی مکان پذیر است  ؟","بله "
"آیا انتقال وجه شناسه دار در بانکداری اینترنتی امکان پذیر است ؟","بله به سایر حساب های بانک  تجارت امکان پذیر است "
"پرداخت دو شناسه ای در بانکداری اینترنتی برای چیست ؟","جهت انتقال به برخی سازمان ها و ارگان ها "
"آیای مشتری می تواند تراکنش انجام شده  در بانکداری اینترنتی را بازیابی کند ؟","بله از گزینه مدیریت /کارتابل تراکنش ها /تراکنش های خاتمه یافثته و در جریان  قابلیت بازیابی دارد ."
"سرویس بانک پرداخت در بانکداری اینترنتی برای چه خدماتی است ؟","بانک پرداخت سرويسي است که امکان پرداخت قبوض شرکت های خدماتي را به صورت خودکار فراهم مي سازد. مشتری مي تواند در اين خدمت به بانک، مجوز برداشت از حساب بانک تجارت خود را جهت پرداخت انواع قبوض شرکتهای خدماتي )آب، برق، گاز، تلفن، تلفن همراه(، بيمه و ... را از طريق سرويس بانک پرداخت، صادر مي نمايد.شرکتها و موسسات صادر کننده قبض و فاکتور با استفاده از اين سرويس مي توانند پرداخت صورتحساب ها را برای مشتريان خود تسهيل نمايند.در حال حاضر در سرويس بانک پرداخت امکان پرداخت قبوض تلفن همراه اول، در قالب يک دستور پرداخت فراهم شده به نحوی که با فعالسازی سرويس از سوی مشتری، بانک نسبت به برداشت مبلغ قبض صادر شده    توسط شرکت همراه اول، از حساب تجارت مورد نظر مشتری اقدام مي نمايد. مشتريان ميتوانندمطابق فرآيندذيل اقدام نمايند : 1- ورود به درگاه اينترنت بانک تجارت و انتخاب گزينه بانک پرداخت از منوی مديريت قبوض - 2 انتخاب شماره حساب از نوع آنلاين . - 3 انتخاب حساب مقصد و يا انتخاب شرکت / سازمان )فعلأ همراه اول( و درج شماره تلفن همراه . ( صادقی پری ) در صورتیکه در تعریف قبوض و یا اعمال آن مشکلی بوجود بیید تماس می بایست به کارشناسان بانکداری اینترنتی ارجاع شود "
"سرویس دستور پرداخت دوره ای در بانکداری اینترنتی  چه خدماتی ارائه می کند ؟","برای مشتریانی است که می خواهند در یک تاریخ مشخص , مبلغ مشخصی را به شماره حساب مشخصی واریز شود در اینصورت با تعریف همه موارد گفته شده و ذخیره آن بدون اینکه مشتری بخواهد در تاریخ موردنظر عملیاتی انجام دهد , مبلغ مورد نظر به صورت خودکار  از حساب وی کسرو به حساب مقصد واریز می شود . در صورت بروز مشکل در تعریف یا اعمال دستور پرداخت می توانیم تماس را به بانکداری اینترنتی ارجاع دهیم "
"خدمات بدون کارت در بانکداری اینترنی  چه سرویسی است ؟","مشتریان به منظور دریافت وجه نقد از خودپرداز بدون نیاز به کارت، می توانند درخواست خود را در سامانه بانکداری اینترنتی ثبت و روزانه تا سقف دو میلیون ریال بدون کارت از خودپرداز وجه نقد دریافت نمایند.شایان ذکر است اطی پیگیری انجام شده از کارشناسان بانکداری اینترنتی این خدمت فعلا فعال نمی باشد."
"خدمات PG  شامل چه سرویس هایی می شود ؟","انتقال وجه کارت به کارت /پرداخت قبوض /مانده حساب کارت /مسدود نمودن کارت /مدیریت ارسال پیامک لحظه ای /خرید شارژ ( همراه اول و ایرانسل ) خدمات بدون کارت ( در حال حاضر فعال نمی باشد ) پرداخت های شناسه دار / پرداخت های دو شناسه ای /کمک های مردمی دریافت شماره حساب از کارت /غیر فعالسازی رمز دوم "
"کارت والد گرفتم چطور از بانکداری اینترنتی می توان ا ستفاده  کنم؟","کارت والد می تواند از خدمات بانکداری اینترنتی استفاده نماید اما کارت های زیر گروه باید از خدمات درگاه پرداخت اینترنتی استفاده نمایند ..بخشنامه شماره 6105 مورخ 1401/11//3 "
"آیا کارت های فرزند  (زیر مجموعه کارت های گروهی )  می توانند از خدمات بانکداری اینترنتی استفاده کنند ؟","خیراین دسته از مشتریان می بایست از خدمات PG  استفاده کنند ."
"کارت های فرزند چطور می توانند از خدمات PG  استفاده کنند ؟","مراجعه شخص دارنده کارت و یا شخص والد و درخواست رمز مدیریت كارت زیرمجموعه "
"خدمات PG  برای  کارت های فرزند چیست ؟","اعلام مانده قابل برداشت كارت - تاریخچه تغییرات سیاست های شارژ - مشاهده سوابق شارژ: در این بخش کاربر امکان مشاهده شارژ و شارژهای انجام شده بر روی کارت خود راخواهد داشت. - صورتحساب - گزارش شارژ و تراكنش: با انتخاب این گزینه کاربر سرجمع تراکنش های شارژ، دشارژ، بستانکاری و بدهکاری کارت، در بازه تعیین شده را خواهد داشت. - ارسال ایمیل: با انتخاب این گزینه کاربر می تواند صورت حساب کارت خود را از طریق پست الکترونیکی ایمیل در بازه زمانی تعیین شده در قالب فایل اکسل دریافت نماید. "
"نحوه ثبت نام تلفن بانک به چه صورت است ؟","از طریق مراجعه حضوری  به شعب بانک تجارت با کارت شناسایی  متقاضی انجام می گردد .  "
"آیا می توان خدمات تلفنبانک را بصورت غیر حضوری فعال کرد ؟","خیر در حال حاضر این امکان وجود ندارد."
"آیا می توان برای ثبت نام تلفنبانک به همه شعب بانک تجارت مراجعه نمود ؟","بله "
"آیا  همه افراد می توانند از خدمات تلفنبانک استفاده نمایند ؟","خیر افراد زیر 12 سال نمی توانند از خدمات الکترونیکی استفاده نمایند. "
"برای ارتباط با تفنبانک چه شماره ای باید گرفته شود ؟","شماره تلفنبانک تجارت 81277 و 1554 ( شماره 1 )  است ."
"آیا از شهرستان ها  هم باید مشتریان با همین شماره تماس بگیرند ؟"," سایر استان ها به غیر از تهران نیز شماره تلفنبانک متمرکز دارند که مشتری با شماره گیری آنها به صورت اتوماتیک به شماره تلفنبانک 1554 متصل  می شود ."
"شعب بعد از ثبت نام تلفنبانک چه رمزهایی را به مشتری ارائه می کند ؟","      ( خدمات ویژه )  PIN2 وPIN1شایان ذکر است این رمزها مبتنی بر حساب است و هنگام ورود به تلفنبانک ابتدا باید شماره حساب راوارد کرد و سپس رمز اول و پس از با انتخاب کلید شماره 5 و ورود به خدمات غیر حضوری پین 2 رار وارد نمود ."
"در صورت فراموشی رمز عبور تلفن بانک چه اقدامی  انجام شود ؟ ","در صورت فراموشی رمز ، مشتری باید به یکی از  شعب  مراجعه نماید ."
"نحوه ورود به تلفن بانک به چه صورت است ؟","با استفاده از شماره حساب و PIN1 یا شماره کارت  وپویا کارت "
"آیا برای ورود به تلفنبانک فقط باید شماره حساب وارد کرد ؟","برای استفاده از خدمات مبتنی بر حساب باید حتما اشماره حساب و پین 1 را وارد نمود اما خدمات مبتنی بر کارت نیاز به رمز ورود ندارد ."
"خدمات تلفنبانک مبتنی بر حساب کدامند ؟","با پین 1  ( سرویس های عادی )  : تغییر رمز /اعلام موجودی /اطلاع از سه گردش آخر /فاکس /فعالسازی پیامک لحظه ای  / دریافت شماره شبا /دریافت کارت متصل به حساب /ورود به سامانه خرید شارژ  / با پین 2  (سرویس ویژه ) : مشتری با انتخاب کلید شماره 5 از منوی اصلی وارد خدمات غیرحضوری شده و می تواند خدمات ذیل را دریافت نماید : پرداخت قبوض /پرداخت اقساط / انتقال شناسه دار سازمانی  /پیگیری وضعیت چک /پیگیری پرداخت های غیر حضوری /مسدودی خدمات غیر حضوری/تغییر رمز خدمات غیر حضوری "
" انتقال وجه در خدمات تلفنبانک چگونه است ؟","فقط بین حساب های تجارت امکان پذیر است  لذا انتقال وجه شتابی و پایا و ساتنا از تلفنبانک امکان پذیر نمی باشد ."
"سقف انتقال وجه بین حساب های تجارت چقدر است ؟","سه میلیون تومان"
"آیا در حال حاضر انتقال وجه به حساب های تعریف شده در تلفنبانک امکان پذیر است ؟","خیر"
"پرداخت اقساط در تلفنبانک چگونه است ؟","مشتری می بایست برای پرداخت اقساط در تلفنبانک توسط شناسه قبض و شناسه پرداختی که در شعبه برای هر قسط اختصاص داده شده است اقدام نماید ."
"آیا حساب های ارزی می توانند از خدمات مبتنی بر حساب استفاده کنند ؟"," بله /خدمات قابل ارائه توسط سیستم تلفنبانک ارزی شامل سرویسهای اعلام موجودی، سه گردش آخر حساب ودریافت صورتحساب از طریق دورنگار می باشد ."
"مشتری ارزی برای دریافت خدمات تلفنبانک باید به کجا مراجعه کند ؟","واحد ارزی که در آن حساب دارد ."
"آیا خدمات سرویس های  ویژه  تلفن بانک به  اشخاص حقوقی ارایه می گردد ؟ ","خیر -  مشتریان حقوقی فقط می توانند از  سرویس های عادی ( صورتحساب و موجودی  )  استفاده نمایند."
"مشتریان با حساب مشترک از کدام سرویس های تلفنبانک می توانند استفاده نمایند ؟","سرویس های عادی ( موجودی و دریافت صورتحساب )"
"خدمات تلفنبانک مبتنی بر کارت کدامند ؟","اعلام موجودی - پرداخت قبوض - پیگیری قبوض - اعلام مفقودی کارت - دریافت شماره حساب اصلی متصل به کارت - غیر فعال سازی رمز دوم کارت - انتقال شناسه دار به حساب سازمان ها "
"برای استفاده از خدمات مبتنی بر کارت چه رمزی باید وارد کنیم ؟","موجودی (پویا ) انتقال وجه شناسه دار و پرداخت قبوض در صورتی که بالاتر از 100 هزار تومان باشد پویا و متر از آن می توان از رمز دوم ثابت استفاده کرد ./اعلام مفقودی کارت و غیر فعالسازی رمز دوم کارت ( رمز دوم ثابت /پویا ) /دریافت شماره حساب از کارت ( پویا )"
"آیا دارندگان کارت های عضو شتاب می توانند از حدمات مبتنی بر کارت استفاده نمایند ؟","در بخشنامه 6201 اشاره شده است به غیر از مفقودی کارت و دریافت شماره حساب از کارت، بقیه خدمات قابل ارائه است .اما با پیگیری از کارشناسان تلفنبانک اعلام کردند فقط پرداخت قبوض برای ایشان فعال می باشد .   "
"در صورتی که انتقال وجه ( داخلی /شناسه دار ), پرداخت اقساط و پرداخت قبوض از تلفنبانک  ناموفق باشد چه کاری باید انجام دهیم ؟","ابتدا از پنل فرانگر چک می کنیم که حتما از تلفنبانک تجارت باشد شایان ذکر است کد شعبه صادر کننده تلفنبانک ( 99991 ) می باشد و در صورتی وجه مورد نظر کسر شده باشد  اما عودت داده نشده باشد و طی ادعای مشتری  نیز  عملیات انجا م نشده باشد می بایست تیکت تراکنش را برای تلفنبانک ارسال کنیم .   "
"هنگام استفاده از خدمات با مشکل مواجه میشوم  چرا ؟","ابتدا باید پیغام خطای مشتری را بررسی کرد در صورتی که  همه موارد با شرایط تلفنبانک  ( نوع  انتقال ( حتما باید داخلی باشد ) , سقف انتقال ( بیش از 3 میلیون نمی تواند باشد )  , ورود رمز   ( حساب با پین شعبه و کارت با رمز دوم یا پویا )  و ....)  مطابقت داشت ,  برای بررسی مشکل تیکت خطای مربوطه را تهیه کرده و برای تلفنبانک از طریقTBS     ارسال می کنیم .   "
"امکان ورود  ( مبتنی بر حساب ) به تلفن بانک را ندارم  چرا ؟","ممکن است تلفنبانک دچار اختلال کلی شده باشد که مشتری  را راهنمایی می کنیم در بازه دیگری امتحان نمایند . همچنین رمز ورود به تلفنبانک را با مشتری چک می کنیم که حتما از شعبه دریافت کرده باشد و اشتباها رمز خدمات دیگر را وارد نکند همچنین رمز ورود را با رمز خدمات غیر حضوری ( پین 2 ) جابجا وارد نکند  در صورتی که همه موارد درست بود , تیکت مربوطه را برای تلفنبانک تهیه و ارسال می کنیم .  "
" آدرس سایت باشگاه مشتریان بانک تجارت چیست ؟ ","آدرس اینترنتی  باشگاه مشتریان بانک تجارت  club.tejaratbank.ir می باشد . "
"چگونه می توانم عضو باشگاه مشتریان بانک تجارت شوم؟","مراحل ثبت نام در باشگاه مشتریان طی 4 مرحله انجام میشود. مرحله اول: وارد نمودن کد ملی مرحله دوم: ثبت شماره تلفن همراه و وارد نمودن کد فعال سازی مرحله سوم: تعیین رمز ورود مرحله چهارم: احراز هویت حساب بانکی مشتری"
"چگونه می توانم وارد حساب کاربری خود در باشگاه مشتریان بانک تجارت شوم؟","عضو محترم باشگاه مشتریان بانک تجارت شما می توانید بر روی گزینه ورود/ عضویت در صفحه اصلی سایت کلیک و با وارد کردن کد ملی و رمز عبور وارد حساب کاربری خود شده و از امتیازات، خدمات باشگاه و ... مطلع گردید."
"رمز عبور خود را برای ورود به حساب کاربری باشگاه مشتریان فراموش نموده ام ، چگونه می توانم رمز جدید دریافت کنم؟","چنانچه رمز عبور خود را برای ورود به حساب کاربری باشگاه فراموش کرده اید برروی گزینه ورود/ عضویت کلیک و گزینه  فراموشی رمز عبور را انتخاب نمائید. بازیابی رمزعبور از طریق پیامک : در این قسمت با وارد کردن کد ملی و شماره تماس، کد تائید دریافت می کنید و با وارد کردن کد تائید امکان تعریف رمز عبور با ویژگی های خاص برای شما میسر می گردد."
" آیا برای ورود به هر یک حساب ها جهت عضویت در باشگاه مشتریان ، نیاز به  اخذ رمز مجزا می باشد ؟","خیر! در قسمت حساب کاربری من حساب بانکی می توانید هر تعداد حساب های قابل عضویت خود را به باشگاه مشتریان اضافه نمایید."
"چگونه می توانم پروفایل کاربری ام را تغییر دهم؟","شما در قسمت حساب کاربری من امکان ثبت و ویرایش اطلاعات شخصی و پروفایل خود را در زمینه های زیر دارید : اطلاعات شخصی: در این قسمت امکان درج اطلاعات شخصی و پایه ای عضو می باشد مثل جنسیت، تاریخ تولد، وضعیت تاهل، تاریخ ازدواج و ... حساب بانکی: در این قسمت می توانید حساب های بانکی عضو در باشگاه مشتریان را مشاهده و یا دیگر حساب های مورد تائید خود را به پروفایلتان اضافه کنید. تماس: در این قسمت اطلاعات ارتباطی مثل: شماره تلفن همراه، پست الکترونیک و آدرس و اطلاعات محل سکونت را ثبت و یا اصلاح نمائید. تخصص: در این قسمت میزان تحصیلات و اطلاعات شغلی خود را ثبت و یا اصلاح نمایید. علایق: در این قسمت می توانید فعالیت های مورد علاقه خود را در زمینه های مختلف ورزشی، فرهنگی و هنری، اقتصادی و ... انتخاب نمایید. رمز عبور: در این بخش می توانید رمز عبور جدید برای خود انتخاب نمائید."
" در صورت مسدودی حساب کاربری چه اقدامی انجام شود ؟","زمانی که کاربر چندین بار رمز عبور خود را به اشتباه وارد کند حساب کاربری به مدت 15 دقیقه مسدود می شود و می بایستی پس از زمان مذکور مجددا اقدام به بازیابی رمز جدید و یا درج رمز فعلی نماید. اگر برای بار دوم نیز حساب کاربری مسدود شود، زمان رفع مسدودی به صورت تصاعدی افزایش یافته و 30 دقیقه می شو"
" آیا امتیاز تراکنش هایی که قبل از عضویت در باشگاه انجام داده ام،جزء امتیازات من لحاظ می شود؟","خیر، امتیازات از تاریخ عضویت به بعد در باشگاه برای شما محاسبه می گردد."
" محاسبه و صرف امتیازات برای کدام دسته از مشتریان انجام می گیرد؟","محاسبه و صرف امتیازات فقط برای مشتریان حقیقی و دارندگان حسابهای انفرادی انجام می گیرد."
" آیا امتیاز تراکنش های انجام شده همان لحظه در سایت نمایش داده می شود؟","امتیازات بعد از 72 ساعت و با استعلام موفقیت تراکنش از بانک در حساب کاربری باشگاه لحاظ می شود."
" چگونه می توانم در زیر گروه عضو شوم؟","این فرایند توسط کاربر انجام نمی گیرد، بلکه با رایزنی مدیران مؤسسات، سازمان و یا نهادها با باشگاه مشتریان و معرفی لیستی از پرسنل امکان پذیر می باشد."
" تفاوت امتیازات باشگاهی و امتیازات جشنواره در چیست؟","امتیازات جشنواره ها در دوران فعالیت جشنواره محاسبه شده و محدود به همان جشنواره است. این امتیازات پس از قرعه کشی و اهدای جوایز از بین خواهد رفت ولی امتیازات باشگاه در حساب کاربری باقی مانده و باعث تغییرات نشان امتیازی خواهد شد."
" چگونه میتوانم امتیازات حاصل از تراکنش های خود را دریافت کنم؟","پس از هربار انجام تراکنش های بانکی تا پایان ماه فرصت دارید با مراجعه به بخش دریافت امتیازات این ماه مقدار امتیاز خود را دریافت کنید."
" چگونه می توانم در زیر گروه عضو شوم؟","این فرایند توسط کاربر انجام نمی گیرد، بلکه با رایزنی مدیران مؤسسات، سازمان و یا نهادها با باشگاه مشتریان و معرفی لیستی از پرسنل امکان پذیر می باشد."
"چگونه میتوانم کوپن های دریافت شده از تخفیف ها را مشاهده کنم؟","پس از ورود به حساب کاربری خود، از منوی سمت راست روی گزینه  کوپن و امتیازات من کلیک نموده و وارد قسمت  کوپن ها  شوید. در این قسمت می توانید اطلاعات تمامی کوپن های دریافتی از لیست تخفیفات را مشاهده نمائید."
"با چه شماره واتس آپ می توانم با باشگاه مشتریان بانک تجارت ارتباط برقرار نمایم ؟ ","شماره اختصاصی واتس اپ  : 09397784697 می باشد . "
"آدرس اینستاگرام باشگاه مشتریان بانک تجارت چیست ؟ ","از آدرس مقابل : tejarat_Club"
"تخفیفات و پاداش های باشگاه مشتریان بانک تجارت شامل چند گروه می باشد ؟ ","آنلاین - استانی - سازمانی - بسته های پاداش - سبد جایزه "
"جشنواره‌های باشگاه مشتریان بانک تجارت را چگونه مشاهده نماییم ؟ ","از سایت  باشگاه مشتریان بانک تجارت به آدرس اینرنتی   club.tejaratbank.ir  و منوی جشنواره ها  قابل مشاهده می باشد . "
"نحوه فعال سازی رمز پویا  از طرق مختلف چگونه است؟ ","فعال سازی به روش  ذیل صورت میگیرد :1) با داشتن رمز دوم ثابت اینترنتی  و شماره گیری کد دستوری و انتخاب گزینه ثبت نام 2)همراه بانک تجارت:  از گزینه خدمات , خدمات رمز پویا , رمز پویای کارت , فعالسازی رمز پویا , تایید شماره موبایل و نمایش شماره سریال و سپس کپی شماره سریال و پس از آن ورود به همراز و انتخاب درگاه کارت  و جاگذاری شماره سریال در همراز و ثبت شماره 16 رقمی کارت در قسمت مربوطه و ثبت  عنوان دلخواه و در نهایت مشاهده کلید فعالسازی و در نهایت زدن گزینه ثبت و تأیید 3)خودپرداز:انتخاب گزینه ی فعال سازی رمز پویا (همراز )،دریافت رسید تراکنش ،ارسال شماره سریال ثبت شده در رسید به سرشماره 20007300"
"همراز چگونه نرم افزاری می باشد ؟"," اپلیکیشن  تولید  رمزهای یکبار مصــرف یا پویا  (OTP)برای استفاده در  رمز دوم کارت، رمز درگاه‌های بانکداری اینترنتی و همراه بانک تجارت همراز نام دارد . "
"برنامه همراز را ازچه سایتی دانلود کنم ؟","مراجعه به سایت اصلی بانک تجارت به نشانی اینترنتی   tejaratbank.ir"
"چگونه  رمز پویای کارت  را در همراز  فعال نماییم ؟ ","در صورتی که  رمز پویا را از خودپرداز فعال کرده اید می بایست شماره سریال و کلید فعالسازی را در همراز مستقیما وارد نمایید و در صورتی که می خواهید از همراه بانک فعالسازی انجام دهید  , گزینه خدمات /خدمات رمز پویا /پویای کارتی /تایید شماره موبایل /نمایش شماره سریال /کپی شماره سریال /  انتخاب درگاه کارت  /ورود عنوان دلخواه /ورود شماره 16 رقمی کارت /ورود شماره سریال و پس از نمایش کلید فعالسازی /گزینه ثبت و تأیید "
"تلفن همراه خود را تعویض کردم ایا نیاز به راه اندازی مجدد همراز می باشد ؟","بله برای راه اندازی مجدد باید ابتدا غیرفعالسازی آن و سپس فعالسازی انجام شود و اطلاعات مجدد در سامانه ثبت گردد."
"در صورت دریافت پیغام رمز صحیح نمی باشد در زمان دریافت رمز از همراز  باید چه اقدامی نماییم ؟","باید ساعت گوشی مشتری کنترل و در حالت خودکار بصورت 24 ساعته تنظیم شود و اگر ساعت درست بود مجددا این پیام مشاهده شد مشتری یکبار رمز  را غیرفعال و مجددا فعالسازی کند .. "
"رمز پویا را از همراز گرفتم ولی در درگاه همراه بانک  پیغام رمز وارد شده بیش ازحد مجاز اشتباه است را دریافت میکنم؟","ازطریق همراه بانک بتدا درگاه کارت مورد نظر را پاک کرده و سپس نسبت به فعالسازی پویا  از طریق همراه بانک و یا خودپرداز مجددا اقدام کنید. صادقی پری "
"فعالسازی رمز پویا انجام میدهم و پیغام [ توکن شما رو دستگاه دیگری نصب شده است] دریافت می نمایم علت چیست؟","ابتدا نسبت به غیرفعال سازی رمز پویا و مجدد فعال سازی  پویا اقدام می کنیم "
"از نسخه تحت وب استفاده می کنم همرازم از کار افتاده  در زمان تراکنش خطا می دهد ؟","با توجه به عدم همخوانی همراز در گوشی های IOS  و عدم استفاده از آن برای این دسته از گوشی ها  در زمان انجام تراکنش ها رمز پویا راذ  بصورت پیامکی ( از طریق سامانه هریم  ) درخواست دهید ."
"چرا همراز ios همراز اندروید بر روی گوشی های روت شده و جلبریک شده اجرا نمی شود ","به دلیل الزمات اداره  امنیت اطلاعات بانک  تجارت "
"در برنامه همراز هم کد فعالسازی و شماره سریال را وارد نمودم و همه اطلاعات تکمیل است اما موقع عملیات اعلام می کند اطلاعات در گاه خود را وارد نمایید ؟","شما از کارت و یا حسابی استفاده می کنید که پویای آن فعال نمی باشد و برای فعال شدن پویای آن می بایست اقدام نمایید ."
"آیا  مشتریان حقوقی میتوانند از همراز استفاده نمایند ؟ ","خیر"
"آیا مشتریان خارج از کشور می توانند رمز پویا را فعال نمایند ؟ ","بله - از طریق همراز و بصورت آفلاین امکان پذیر می باشد . در صورتیکه IP سیستم ها از طریق کشورهای خارجی بسته نشده باشد .(صادقی پری ) "
"مدت اعتبار رمز یکبار مصرف اخذ شده از طریق همراز چند دقیقه می باشد ","2 دقیقه "
"نحوه رمز پویا کارت  از همراه بانک چگونه است ؟","از گزینه خدمات , خدمات رمز پویا , رمز پویای کارت , فعالسازی رمز پویا , تایید شماره موبایل و نمایش شماره سریال و سپس کپی شماره سریال و پس از آن ورود به همراز و انتخاب درگاه کارت  و جاگذاری شماره سریال در همراز و ثبت شماره 16 رقمی کارت در قسمت مربوطه و ثبت  عنوان دلخواه و در نهایت مشاهده کلید فعالسازی و در نهایت زدن گزینه ثبت و تأیید  ( صادقی پری ) "
"در صورتی که مشتری تمایلی به نصب همراز نداشته باشد اما همراه بانک را برای فعالسازی پویا کارت انتخاب نماید چطور پویا کارت فعال می شود ؟","از گزینه خدمات , خدمات رمز پویا , رمز پویای کارت , فعالسازی رمز پویا , تایید شماره موبایل و نمایش شماره سریال/ پس از نمایش شماره سریال پویا کارت مشتری فعال می شود در این حالت مشتری در هنگام دریافت رمز پویا از همراه بانک باید گزینه هریم را استفاده نماید ( صادقی پری ) "
"رمز پویای خود را از طریق همراه بانک تجارت فعال میکنم اما کد تایید را دریافت نمیکنم؟","اگر پیامک اعتبارسنجی برای فعالسازی پویا را دریافت نمی کنید  ممکن است در موارد ( خیلی کم )  سرشمارهTejaratbank در گوشی مشتری بلاک شده باشد ، لذا برای رفع مسدودی از لیسا سیاه گوشی خود  اقدامنماید . یا زمان فعالسازی همراه بانک  در شعبه شماره تلفن همراه  مشتری در سامانه ORM اشتباه ثبت شده است . راهنمایی : میتوان از پنل همراه بانک شماره مشتری را بررسی نمود . ( صادقی پری ) "
"در صورت عدم مشاهده کامل رمز چه اقدامی انجام می کردد ؟ ","با توجه به اینکه رمز 8 رقم می باشد باید فونت گوشی چک شود "
"رمز پویای حساب چیست و چه کارکردی دارد ؟","در صورتی که مشتری بخواهد صرفا از شماره حساب خود برای انجام عملیات در همراه بانک استفاده نماید باید رمز پویای حسابی خود را فعال نماید .این رمز در هنگام عملیلات انتقال وجه حساب به حساب /پایا /ساتنا و خرید شارژ و بسته از شماره حساب کاربرد دارد.  صادقی پری "
"چگونه  رمز پویای حسابی را در همراز  فعال نماییم ؟ ","در صورتی که به شعبه مراجعه نمودید و شماره سریال دریافت کرده ید و کلید فعالسازی نیز برای شما پیامک شده است با ورود به همراز و انتخاب درگاه همراه بانک و ورود عنوان دلخواه , کد ملی , شماره سریال و کلید فعالسازی و سپس ثبت و تأیید نسبت به فعالسازی پویای حسابی اقدام نمایید . صادقی پری "
"اگر مشتری قبلا برای یکی از حساب های خود پویا حساب فعال کرده باشد و مجددا حساب جدیدی به همراه بانک خود اضافه کند آیا باید مجددا پویای حساب جدید را فعال کند ؟","در صورتی که مشتری ثبت نام همراه بانک حساب جدید را از my.tejaratbank.ir  انجام داده باشد خیر اما اگر به شعبه مراجعه کرده باشد و همراه بانک آنجا ثبت نام شده باشد و چون با ثبت نام همراه بانک به صورت خودکار رمز پویا حساب نیز صادر می شود لذا بدلیل صدور شماره سریال و کلید فعالسازی جدید می بایست فرآیند فعالسازی را از همراه بانک انجام دهد .( صادقی پری ) "
"چگونه  رمز پویای حسابی را  از طریق مراجعه به  شعبه در همراز  فعال نماییم ؟ ","مراجعه به شعبه     , دریافت شماره سریال و  دریافت کلید فعالسازی از طریق پیامک و سپس ورود به همراز و انتخاب درگاه همراه بانک , ثبت عنوان دلخواه , ثبت کد ملی ,  ثبت شماره سریال و ثبت کلید فعالسازی و سپس تایید و ثبت  صادقی پری "
"چرا با وجود ورود شماره سریال و کلید فعالسازی که شعبه صادر کرده است در همراز وارد می کنم اما  باز هم اعلام می کند اطلاعات وارد شده غلط است ؟","ابتدا باید به مشتری راهنمایی کنیم که حتما پاکت دریافتی از شعبه را بررسی نماید که آیا رمز توکنی بانکداری اینترنتی برای مشتری انجام داده است یا پویا حساب ( همراه بانک ) صادر کرده است /سپس به مشتری یادآوری کنیم درگاه مربوطه در همراز را حتما همراه بانک قرار دهند و در نهایت کلید فعالسازی را به صورت دستی وارد نکند , کلید فعالسازی را حتما کپی و سپس PASTE نماید . ( صادقی پری ) "
" برای فعالسازی  رمز پویای حسابی  همراه بانک  در گوشیهای آیفون  در صورتیکه  همراز  نداشته باشد چه اقدامی  باید انجام گیرد ؟","در صورتی که قبلاً از همراز رمز پویای خود را دریافت می نمودند در حال حاضر بصورت خودکار رمز پویا  از سامانه هریم برای مشتری  پیامک می شود  و در صورت عدم فعال سازی قبلی  از منوی خدمات  / خدمات رمز پویا/ فعالسازی رمز پویا /تأیید شماره موبایل  و نمایش شماره سریال ،  رمز پویای حسابی  بصورت  پیامکی فعال می شود . صادثی پری "
"آیا گوشی های اندروید هم می توانند بدون همراز پویای حسابی خود را فعال کنند؟","بله خدمات رمز پویا/ فعالسازی رمز پویا حساب  /تأیید شماره موبایل  و نمایش شماره سریال ،  رمز پویای حسابی  بصورت  پیامکی فعال می شود . در این حالت مشتری فقط باید جهت دریافت رمز پویا حساب از گزینه هریم استفاده نماید . صاقی پری "
" رمز پویای خود را فعال کردم اما زمان انتقال وجه پایا از طریق همراه بانک پیغام اطلاعات درگاه خود را اضافه کنید مشاهده می گردد ؟","شما رمز پویای حسابی ندارید لذا از منوی خدمات همراه بانک نسبت به فعالسازی رمز پویای حسابی اقدام فرمایید. صادقی پری "
"نحوه فعالسازی رمز پویا از خودپرداز چگونه است ؟",":انتخاب گزینه سایر خدمات و سپس گزینه  فعال سازی رمز پویا (همراز )،دریافت رسید تراکنش ،ارسال شماره سریال ثبت شده در رسید به سرشماره 20007300"
"     رمز پویای خودرا از طریق خودپرداز فعال کردم اما پیامک پویا  دریافت نمیکنم؟","مشتری گرامی پس از فعالسازی از طریق دستگاه خودپرداز باید شماره سریال ده رقمی روی رسید را به سرشماره 20007300 پیامک کنیدو دقت نمایید شماره سریال به شماره موبایلی ارسال شود که بر روی رسید ثبت شده است و این شماره موبایل حتما می بایست در سامانه های مربوطه داخل شعب ثبت شود . صادقی پری "
"مشتری جهت فعالسازی رمز پویا شماره سریال دریافتی از خودپرداز را به سرشماره مربوطه ارسال ولی رمز پویا فعال نشده است ؟"," اولا باید شماره سریال ده رقمی باشد , ثانیا نباید به جای شماره سریال , کلید فعالسازی ارسال شود ثالثا  شماره سریال را به شماره موبایلی که در رسید ثبت شده است ارسال نمایید و در صورت مغایرت شماره موبایل مشتری با شماره موبایل ثبت شده بر روی رسید  حتما می بایست به یکی از شعب جهت اصلاح شماره موبایل خود اقدام نمایید . صادقی پری "
"نحوه فعالسازی رمز پویای کارت  از طریق کد دستوری چگونه است ؟","با داشتن رمز دوم ثابت اینترنتی  و شماره گیری کد دستوری  #88*788* و انتخاب گزینه ثبت نام "
"در صورتی که مشتری از کد دستوری فعالسازی انجام داده باشد و گزینه فعالسازی به جای ثبت نام را انتخاب کند چه مشکلی پیش می آید ؟","مشتری در این حالت می بایست حتما برای دریافت رمز پویا هر بار وارد سامانه شود و رمز پویا دریافت کند لذا پویا به صورت پیامکی برای ایشان ارسال نمی شود ."
"شرط فعالسازی  رمز پویا کارت با کد دستوری چیست ؟","داشتن رمز دوم ثابت که به صورت امنیتی از خودپرداز بانک تجارت تعریف می شود ."
" از طریق کد دستوری برای فعالسازی رمز پویا اقدام کردم اعلام کرد رمز  ورود اشتباه است و پس از تایید گزینه فراموشی رمز با پیغام (با انجام این کار تمام کارت ها غیرفعال میگردد) مواجه میشوم؟","از گزینه فراموشی رمز اقدام به تعیین رمز جدید نمایید ، و پیغامی که می دهد مبتنی بر آنست که در صورتیکه از کد دستوری ,  پویا کارت را فعال کرده اید , اطلاعات مربوط به پویا کارت حذف می شود و این ارتباطی به کارت های شما ندارد ."
"از طریق کد ستاره دار پویا را فعالسازی کردم اما کدی برایم ارسال نگردیده است ؟","مشتری می بایست گزینه ثبت نام را در سامانه USSD انتخاب می کردید با انتخاب گزینه فعالسازی باید هر بار به سامانه مراجعه و رمز پویا دریافت نمایید ."
"مشتری جهت فعال سازی رمز پویای کارت  به شعبه مراجعه نموده ولی پویای کارت  فعال نشده است ؟  ","شعبه پویا کارت را فعال نمی کند اگر احیانا شماره سریال صادر شده است و کلید فعال سازی برای شما پیامک شده است مربوط به پویا حساب است لذا رمزپویای کارت را باید از خودپرداز تجارت یا همراه بانک فعال نمایید . صادقی پری "
"مشتری شماره موبایل خود را تغییر داده ولی رمز پویا به شماره کارت قبلی ارسال می شود ؟ ","باید به شعبه مراجعه نمایید تا در در برنامه سکان شماره موبایل شما تغییر کند ."
"ایا می توان برای تغییر شماره موبایل جهت ارسال رمز پویا غیر حضوری اقدام کرد ؟ ","خیر برای این موضع حتما باید به یکی از شعب بانک تجارت مراجعه نمایید ."
"فرق بین رمزپویای کارت و حساب چیست ؟ ","رمز پویای کارت جهت انجام عملیات با شماره کارت است در حالی که  رمزپویای حساب جهت انجام عملیات با شماره حساب است ."
" از همراز رمز گرفته ام  ولي زمانيکه در همراه بانک يا اينترنت بانکPaste ميکنم خطاي رمز اشتباه است مي دهد ؟","قالب ساعت چک شود که هماهنگ با ساعت رسمي باشد و به جاي past دستي وارد کند یک بار رمز همراه بانک را  غیر فعالسازی و یک بار فعالسازی کنید ."
"آیا زمانی که کارت منقضی می شود و با کارت تعویض می شود ,  پویا کارت نیز  غیر فعال می شود  ؟","خیر با تعویض کارت یا منقضی شدن  کارت  , برای پویا کارت اتفاق خاصی نمی افتد و فعال است "
"افتتاح حساب در زمرد چگونه می باشد؟","از سایت بانک تجارت ( تأکید می گردد برنامه از سایت اصلی بانک دانلود شود )  نسبت به دانلود اپلیکشن زمرد اقدام و پس از نصب با احراز هویت اولیه وارد صفحه اصلی زمرد می شود   "
"پس از احراز هویت ازطریق زمرد به چه صورت باید افتتاح حساب نمود؟","باید به صفحه  اصلی مراجعه  و داخل شعبه مجازی زمرد شده و از قسمت پیشخوان بخش افتتاح حساب را انتخاب نماید"
" حساب قرض الحسنه در زمردافتتاح نموده ام آیا امکان ویرایش دارد ؟","امکان ویرایش حساب به هیچ وجه وجود ندارد  در صورت افتتاح حساب دیگر نمی توان حساب را به نوع دیگر تبدیل کرد . (صادقی پری ) "
"آیا امکان افتتاح حساب جاری در زمرد وجود دارد ؟","خیر .فقط حساب کوتاه مدت و حساب قرض الحسنه پس انداز "
"در صورتی که مشتری حساب قرض الحسنه یا کوتاه مدت داشته باشد آیا از زمرد مجددا می توان افتتاح نمود ؟","خیر -امکان افتتاح حساب ماراد در کل بانک وجود ندارد از هر نوعی حسابی مشتری قانونا باید فقط یه شماره حساب داشته باشد "
"کارت بانکی افتتاح حساب زمرد تا چند روز به مشتری تحویل می گردد .؟ ","حداکثر ظرف 14روز کاری از طریق پست به درب نشانی ثبت شده در برنامه ارسال می گردد ."
"مشتری در زمرد افتتاح حساب نموده  کارت به دستش نرسیده است  ؟","در صورتی که تا 14 روز کاری به دست مشتری نرسد و مشتری تماس بگیرد باید تیکت ثبت گردد. "
"کارمز د صدور کارت زمرد در هنگام افتتاح حساب چقدر است ؟"," سه هزار تومان "
"در صورتی که مشتری زودتر از موعد به شعبه مراجعه کند هزینه صدور کارت برای ایشان چقدر است ؟","پانزده هزار تومان "
"مشتری زمرد درخواست کارت زودتر از موعد دارد . امکانپذیر می باشد ؟ ","مراجعه به نزدیکترین شعبه جهت صدور کارت مجدد باپرداخت مبلغ کارمزد صدور کارت ( در حال حاضر امکان صدور کارت زمرد برای همه شعب امکان پذیر است ) "
"در صورتی که کارت ارسالی برای مشتری متعلق به ایشان نباشد و اشتباها صادر شده باشد، راه حل چیست ؟","باید به شرکت ایران کیش تیکت زده شود تا در اسرع وقت کارت با مشخصات صحیح برای مشتری ارسال شود ."
" فعالسازی کارت در زمرد ازکدام قسمت انجام میگردد ؟ ","بعد از دریافت کارت توسط مشتری برای فعالسازی حتما باید به شعبه مراجعه کند."
"پس از افتتاح حساب و دریافت کارت زمرد شعبه چه مدارکی از مشتری جهت رمز کارت میگیرد؟"," فقط با کارت ملی "
"مشتری در زمرد افتتاح حساب انجام داده و کارت دریافت کرده است  ولی امضای مشتری ثبت نشده است چه اقدامی  باید انجام دهد ؟","می بایست به یکی از شعب بانک تجارت مراجعه نمود .بخشنامه 2104 مورخ 1401/11/11 ( صادقی پری ) "
"در صورت ارسال کارت به خانه مشتری اگر منزل نبود چکار باید کرد؟","مشتری به اداره پست منطقه مراجعه کند "
"در صورتی که هنگام افتتاح حساب زمرد تیک کارت ثبت نشده باشد باید مشتری چه اقدامی انجام دهد ؟ ","در این حالت مشتری کارت نخواهد داشت و اگر نیاز به کارت دارد باید به یکی از شعب مراجعه نماید تا صدور اولیه کارت انجام شود  .( صادقی پری )"
"مشتری از طریق زمرد افتتاح حساب نموده و دارای  شماره کارت و شماره حساب می باشد  ولی فاقد cvv2 می باشد . چه اقدامی نماید ؟ ","تا زمان دریافت فیزیک کارت امکان پذیر نمی باشد "
"مشتری در هنگام افتتاح حساب زمرد خود اطلاعات را به درستی ثبت نموده است اما تاریخ تولد برای ایشان اشتباه نمایش داده می شود چه اقدامی انجام دهد  ؟","اگر در قسمتی است که خودش تاریخ تولد را وارد می کند اشتباه کاربری مشتری است ولی در صورتی که سیستم به مشتری اشتباه اعلام می کند باید تیکت تهیه شود ."
"مشتری در زمرد نمی تواند عملیات بانکی انجام دهد و پیغام از محل دیگری وارد شدید مشاهده می گردد. علت چیست ؟ ","این سوال کلی است و باید دقیقا مشخص شود در چه مرحله ای پیغام خطا می گیرد و  لذا نسبت به زدن تیکت اقدام شود "
"زمان افتتاح حساب در مرحله احراز هویت از برنامه خارج و ادامه عملیات میسر نمی باشد ؟ علت چیست ؟   ","این مشکل هم اکنون برطرف شده است در صورتی که مشتری این مشکل را دارد حتما باید تیکت زده شود "
" زمان ثبت  شماره از طرق  زمرد پیغام عملیات با موفقیت انجام شده است   ولی  ادامه عملیات در صفحه بعدی میسر نمی باشد ؟  مشکل چیست ؟ ","ممکن است مشتری اپلیکشن زمرد را غیر از سایت بانک تجارت دانلود کرده و یا خطای سیستمی است که  در بازه  زمانی دیگری امتحان کند "
"افتتاح حساب غیرحضوری و  احراز هویت انجام و مبلغ اولیه را پرداخت کردم ولی پیغام  با موفقیت انجام نشده است  مشاهده می گردد . علت چیست  ؟","خطای سیستمی است و وجه کسر شده تا 72 ساعت به حساب عودت میگردد."
" زمان افتتاح  حساب مشتری در زمرد پیغام  تسهیلات  مشاهده می گردد ؟ علت چیست ؟ ","چون بدهی معوق دارد امکان افتتاح حساب وجود ندارد "
"در زمرد ثبت ایمیل میسر نمی باشد علت چیست؟","ایمیل باید به درستی وارد شود و بنام صاحب حساب باشد "
"برای بستن حساب زمرد که تازه افتتاح کردم چکار کنم؟","باید به یکی از شعبات بانک تجارت مراجعه کند "
"حساب زمرد را چگونه میتوان وکالتی کرد؟","از سایت بانک تجارت  به نشانی اینترنتی  tejaratbank.ir"
"ایا وکالتی کردن حساب  ازبرنامه زمرد امکان پذیر است؟","خیر "
"برای وکالتی کردن حساب زمرد  وارد سایت بانک شدم ولی خطای مغایرت شماره تماس چرا میدهد؟","به شعبه مراجعه کند و اعلام کند که شماره تماس را در سامانه های بانک تغییر دهند "
"با اپلیکیشن زمرد حساب قرض الحسنه افتتاح نموده ام و حسابم رو وکالتی کردم ایا میتوانم در قرعه کشی شرکت کنم؟","حساب وکالتی شده در قرعه کشی شرکت داده می شود "
"چگونه می توانم  برای سهام عدالت از طریق زمرد ثبت نام کنم؟","وارد سامانه زمرد از قسمت پیشخوان  ، سهام عدالت را انتخاب می نماییم ( درحال حاضر امکان ثبت نام وجود ندارد ) "
"ایا فعال سازی همراه بانک را می توان از زمرد گزینه همراه بانک انجام داد؟","آیکون همراه بانک وجود دارد ولی هنوز فعالسازی صورت نگرفته است "
"چگونه می توانم سرویس پیامک لحظه ای را  فعال نمایم؟","یک ) از طریق برنامه همراه بانک ابتدا می بایست پویای حساب  فعال شود  و سپس از منوی حسابها->جزییات->  فعالسازی پبامک و در اینترنت بانک منوی تنظیمات - > فعال سازی پیامک   یا مراجعه به شعبه بانک تجارت  فعالسازی پیامک لحظه ای انجام مشود. ."
"چگونه دریافت پیامک های بانک تجارت را تمدید نمایم ؟","از طریق پیامک ارسالی از سوی بانک / در صورتی که مشتری متوجه پیامک نشود , می تواند با پرداخت کارمزد از طریق همراه بانک /بانکداری اینترنتی و یا مراجعه به شعبه نسبت به تمدید سرویس پیامکی خود اقدام کند .صادقی پری "
"هزینه فعالسازی پیامک بانک تجارت سالیانه چند ریال  است ؟","در حال حاضر کارمزد فعال سازی پیامک سالیانه 20 هزار تومان می باشد .  "
"هزینه فعال سازی ارسال پیامک برای خارج از ایران چند ریال می باشد ؟","هزینه پیامک ارسالی برای خارج از ایران (در صورت ROOMING) خط مشتری بر اساس تعرفه اپراتور مشتری ( همراه اول - ایرانسل و...)می باشد ."
"قبلاٌ پیامک های ارسالی بانک برایم فعال بوده ولی در حال حاضر غیر فعال شده است .چه اقدامی انجام دهم ؟","ابتدا با شماره حساب یا کد ملی مشتری در پنل رهیاب پیامک مشتری را بررسی می کنیم ,و شماره موبایل را با مشتری چک می کنیم که شماره موبایل ثبتی در سیستم های بانک با شماره موبایل اعلام شده توسط مشتری یکسان باشد در غیر ایصورت به ایشان اعلام می کنیم به شعبه مراجعه نموده و شماره را تغییر دهد /همچنین تاریخ انقضا کارمزد پیامک باید چک شود که تاریخ انقضا نگذشته باشد .در صورتی که موارد بالا مشکلی نداشت ارسال های مشتری را چک می کنیم در صورتیکه تراکنش های ارسالی از سوی بانک سبز رنگ بود یعنی تراکنش از سوی بانک به مخابرات ارسال و مخابرات با موفقیت به دست مشتری رسانیده است در این حالت به مشتری اعلام می کنیم اگر گوشی دو سیم کارته دارد شماره  موبایل ثبت شده در بانک حتما در سیم کارت اول باشد و بعد از جابجایی سیم کارت حتما گوشی را خاموش و روشن کند /اگر تراکنش زرد رنگ بود یعنی مخابرات نتوانسته پیامک را به دست مشتری برساند چون یا مشتری آنتن کافی نداشته یا گوشی در حالت پرواز  یا گوشی خاموش بوده است  / در صورتی که پیامک قرمز رنگ بود مشکل از خط مشتری است و باید گوشی را خاموش و روشن کند و در صورتی که تراکنش مشکی رنگ بود مشکل از اپراتور می باشد و باید با اپراتور خود تماس بگیرد .. در صورتی که پیامکی تولید نشده باشد به تاتا ارجاع می دهیم. (صادقی پری )"
"پیامک های مشتری بانک تجارت برای شخص دیگری ارسال می گردد . چه اقدامی انجام شود  ؟ ","ابتدا در پنل رهیاب با درج شماره موبایل , شماره حسابی که پیامک  برای آن ارسال می شود را جستجو کرده و در صورتی که شماره حساب به نام شخص دیگری به غیر از شخص تماس گیرنده باشد می بایست با استفاده از پنل فرانگر , شعبه ای که پیامک مشتری را فعال کرده است را پیدا کرده و با شعبه موردنظر تماس حاصل نموده تا شماره موبایل اشتباه  را غیر فعال و به صاحب حساب برای اعلام شماره موبایل صحیح اطلاع رسانی شود ."
"صندوق امانات ( اجاره ای ) چیست ؟ ","صندوق امانات یکی از سرویس‌های جانبی بانک‌ها به مشتریان جهت تأمین نیازهای امنیتی آن‌ها برای محافظت از دارایی‌های باارزش آن‌هاست. به عبارت دیگر گاوصندوقی بزرگ که افراد مختلف آن را در قالب صندوق‌های کوچک و بزرگ از بانک اجاره می‌کنند. "
"هدف از ایجاد صندوق امانات ( اجاره ای ) چیست ؟ ","نگهداری از اشیاء و اسناد گرانبهای شخصی همواره یکی از دغدغه هایی است که ذهن افراد را به خود مشغول می کند. بانک تجارت به منظور آسودگی خاطر و رفاه حال مشتریان برای نگهداری اسناد ، اوراق و اشیاء گرانبهای آنان در یک محیط امن ، خدمت صندوق های اجاره ای را ارائه می دهد."
"شرایط عمومی استفاده از صندوق امانات ( اجاره ای )برای اشخاص حقیقی  چیست ؟ ","تمامی اشخاص حقیقی و حقوقی که نزد بانک تجارت حساب داشته باشند می توانند از خدمات صندوق های اجاره ای استفاده کنند اشخاص حقیقی می‌توانند با ارائه اصل شناسنامه، کارت ملی و دو قطعه عکس به شعبه مراجعه و پس از تکمیل فرم درخواست، سپردن ودیعه و پرداخت اجاره بها از خدمات صندوق اجاره‌ای استفاده کنند."
"هر کد ملی چند فقره درخواست رزو صندوق اجاره ای میتواند داشته باشد ؟","محدودیتی ندارد ( طی استعلام از کارشناسان امور سازمان )"
"سن  استفاده کنندگان از صندوق های اجاره ای حداقل چند سال می باشد ؟ ","حداقل سن استفاده کنندگان  از صندوق اجاره ای 18 سال می باشد."
"شرایط عمومی استفاده از صندوق امانات ( اجاره ای )برای اشخاص حقوقی  چیست ؟ ","در خصوص اشخاص حقوقی باید اساسنامه، یک نسخه از روزنامه رسمی کشور که در آن آگهی ثبت شرکت یا موسسه درج شده باشد و همچنین روزنامه رسمی مربوط به معرفی مدیر یا مدیران و آخرین تغییرات شرکت به بانک تسلیم و در ذیل فرم درخواست، شرایط استفاده از صندوق توسط مشتری قید شود."
"مشتری چه اشیایی را میتواند در صندوق امانات قرار دهد ؟ ","مشتریان می‌توانند در صندوق خود هرگونه اشیا و اسنادی را قرار دهند؛ به شرط آنکه شامل اشیا ممنوعه نباشد یا در نتیجه فساد یا علل  دیگر، آسیبی به صندوق و خزانه بانک نرساند."
"شرایط  اختصاصی اجاره صندوق امانات ( اجاره ای) چیست ؟","1 ) مشتری می باید نسبت به امضاء دفترچه صندوق اجاره ای ، قرارداد اجاره و اقرارنامه پس از مطالعه كامل اقدام نماید. 2 ) مستأجر تحت هيچ یک از عناوین حقوقی، حق انتقال مورد اجاره به دیگری را ندارد و تنها خود مستأجر یا وكيل وی حق بازگشایی صندوق را دارند.3 ) در خصوص مشتریان بی سواد لازم است فرد مورد اعتماد مشتری )اصلح است وكيل وی(، مفاد قرارداد و شرایط استفاده از صندوق اجاره ای را برای وی قرائت نماید. سپس اوراق مربوطه را به تایيد و امضای مشتری برساند. درصورتی كه مشتری امضاء نداشته باشد كليه اوراق مربوطه می باید در حضور رئيس یا معاون شعبه ممهور به مهراثر انگشت مشتری گردند.4)بانک به طور متعارف مسئول حفاظت از مورد اجاره و جلوگيری از دسترسی افراد غيرمجاز به آن می باشد درصورتيکه براثر اغتشاشات، آتش سوزی، سرقت و ... موجودی صندوق ربوده یا از بين برود بانک مسئوليتی در این خصوص ندارد 5)مستأجر متعهد می گردید صرفاً اشياء و اسنادی را در صندوق قرار دهد كه ممنوعه نبوده و در نتيجه فساد یا علل دیگر به صندوق و موجر خسارتی وارد نياورد. در صورت تخلف از این بند كليه خسارات وارده و مسئوليت های حاصله بر عهده مستأجر می باشد . 6)هنگام واگذاری صندوق های اجاره ای یک/ دو كليد به اجاره كننده صندوق تحویل داده می شود در مواردی كه دو كليد تحویل می گردد مشتری باید هر دو كليد را نزد خود نگهداری و مخصوصاً نبایستی یکی از آنها را درصندوق های اجاره ای بگذارد   7)مبلغ اجاره بهای صندوق های اجاره ای طبق تعرفه های اعلامی بانک برای یکسال تمام محاسبه و در ابتدای قرارداد اخذ می گردد. 8)براساس ضوابط و بخشنامه های اعلامی بانک مركزی ج.ا.ا ، علاوه بر اجاره بهاء ساليانه مبلغی نيز بعنوان ودیعه ازمشتری اخذ می گردد و مشتری حق هيچگونه اعتراضی به عمل بانک نخواهد داشت. مبلغ مذكور در صورت نداشتن هرگونه بدهی به بانک از ناحيه مشتری، در خاتمه قرارداد عيناً به وی مسترد می گردد 9) به پرسنل شاغل، بازنشسته و از كارافتاده بانک تجارت و پرسنل شركت خدمات تجارت به ميزان - 50 % ازمبلغ اجاره بهاء و ودیعه تخفيف داده می شود و برای استفاده از بيش از یک صندوق می باید اجاره بهاء ساليانه ودیعه بطور كامل به بانک پرداخت گردد      "
"نحوه بازدید صندوق توسط دارنده صندوق چگونه است ؟ ","ارائه خدمات مربوط به صندوق های اجاره ای به دارندگان صندوق و وکلای ایشان با ارائه کارت گواهی صندوق اجاره ای، احراز هویت و درج تاریخ و ساعت مراجعه در دفترچه صندوق اجاره ای امکان پذیر می باشد. 2- زمان ورود و خروج مشتری و یا وکیل وی و یا هر دو به انواع صندوق های اجاره ای ( مکانیکي و دیجیتال) می بایست توسط مسئول صندوق اجاره ای در سامانه یکپارچه صندوق های اجاره ای ثبت گردد."
"متقاضيان استفاده از صندوق های اجاره ای در صورت نداشتن حساب در بانک تجارت ملزم به افتتاح  چه نوع حسابی می باشند ؟ ","متقاضيان استفاده از صندوق های اجاره ای در صورت نداشتن حساب در بانک ملزم به افتتاح حساب برخط (سپرده های قرض الحسنه پس انداز، قرض الحسنه جاری و سرمایه گذاری كوتاه مدت) می باشند."
"هزینه  اجاره سالانه صندوق امانات بانک تجارت چند ریال است ؟ ","مبلغ اجاره بهای صندوق های اجاره ای طبق تعرفه های اعلامی بانک در حال حاضر ( هر سانتي متر مکعب حجم 144 ريال (حداقل 720,000ريال )  همچنین وديعه اجاره بهاء 8 برابر مبلغ اجاره بها،حداقل مبلغ 5,760,000 ريال ) برای یکسال تمام محاسبه و در ابتدای قرارداد اخذ می گردد. و برای مدت كمتر از یکسال اجاره بهای یکسال دریافت خواهد گردید."
"اجاره صندوق امانات  به چه صورت دریافت میشود؟ ","به صورت سالیانه و در همان ابتدای قرارداد برای مدت یکسال اخذ می گردد. "
"مبلغ ودیعه صندوق امانات چند ریال می باشد ؟","حداقل مبلغ ودیعه ۸ برابر مبلغ اجاره بهاء می باشد . "
" برای استفاده از صندوق امانات بانک تجارت به همکاران از کار افتاده ، بازنشته و شاغل تخفیف ارایه می گردد ؟ "," بله - به همکاران از کار افتاده ، بازنشته و شاغل 50% تخیف داده میشود."
"آیا پرسنل شرکت خدمات نیز جهت دریافت صندوق مشمول تخفیف می شوند ؟","به پرسنل شاغل شرکت خدمات تجارت همانند پرسنل بانک، به میزان 50 % از مبلغ اجاره بهاء و ودیعه صندوق اجاره ای تخفیف داده می شود و برای استفاده بیش از یک صندوق می باید اجاره بهاء سالیانه و ودیعه بطور کامل به بانک پرداخت گردد."
"آیا صندوق امانات بانک تجارت پوشش بیمه ای دارد ؟ ","در حال حاضر خیر "
"آیا بانک در صورت سرقت , آتش سوزی و ... از اموال صندوق  مسئولیت جبران خسارت را دارد ؟","خیر /  بانک به طور متعارف مسئول حفاظت از مورد اجاره و جلوگیری از دسترسی افراد غیر مجاز به آن می باشد و -درصورتیکه براثر اغتشاشات، آتش سوزی، سرقت و ... موجودی صندوق ربوده یا از بین برود بانک مسئولیتی در اینخصوص ندارد. چنانچه در نتیجه حوادث به شرح فوق و یا دیگر حوادث ایجادی بانک ناچار به جابه جایی صندوق گردد، مستأجر اذن و اختیار انجام این کار را به بانک داده و ح هرگونه ادعا و اعتراض را از خود سلب و ساقط می نماید."
"در صورت عدم تمایل به تمدید اجاره صندوق امانات  مشتری ظرف  چند روز باید به بانک اطلاع رسانی نماید ؟ ","چنانچه ظرف مدت ده روز قبل از انقضای مدت قرارداد حاضر، مستأجر مراتب تمایل خود مبنی بر عدم تمدیدمدت قرارداد اجاره را كتباً به بانک اعلام ننماید، با موافقت بانک، قرارداد اجاره برای یکسال دیگر تمدید شده تلقی  می گردد و بانک طبق تعرفه روز وفق ضوابط و مقررات مربوطه نسبت به برداشت مبلغ مال الاجاره از موجودی حساب مستأجر اقدام می نماید."
"ملاک تمدید قرارداد اجاره صندوق امانات کدامیک از طرفین می باشد ؟ ","تمدید قرارداد اجاره صندوق اجاره ای با موافقت بانک امکان پذیر خواهد بود.و در صورتی که بانک با تمدیدی صندوق امانات موافقت نکند , مشتری حق هیچ گونه اعتراضی ندارد ."
"در صورت عدم تسویه حساب  و تخلیه صندوق اجاره ای  از سوی مشتری ، بانک چه اقدامی انجام می دهد ؟ ","چنانچه ظرف مدت یکسال از انقضای مدت قرارداد اوليه اجاره صندوق اجاره ای )صرف نظر از اینکه تمدید شده یا نشده باشد(، مستاجر جهت تخليه صندوق و تسویه حساب به بانک مراجعه ننماید و موجودی حساب های مستاجر نزد بانک تکافوی هزینه های تمدید قرارداد را ننموده و یا بانک مایل به استفاده مجدد مستاجر از صندوق اجاره ای نباشد.با اعلام و ارسال مراتب از طریق پيامک به مستاجر اعلام می گردد جهت تسویه حساب به بانک مراجعه كرده و اقدام به تخليه صندوق نماید. اگر ظرف مدت یک ماه مشتری نسبت به تسویه اقدام ننماید، بانک می تواند با تامين و اقدام به تخليه صندوق نماید. اگر ظرف مدت یک ماه مشتری نسبت به تسویه اقدام ننماید، بانک می تواند با تامين دليل قانونی نسبت به بازكردن صندوق اجاره ای و فروش اموال و برداشت مطالبات خود اقدام نماید .و مازاد آن را در حساب بستکاران موقت شعبه نگهداری کند .  صادقی پری "
"در صورت فوت مستاجر، وارث یا وكيل/ وكلای انتخابی وراث، با داشتن حکم حصر وراثت (:حکم قانونی که سهم هر یک از وراث مشخص میگردد) جهت تخلیه صندوق امانات چگونه اقدام می گردد؟ ","در صورت فوت مستاجر، وارث یا وكيل/ وكلای انتخابی وراث، با داشتن حکم حصر وراثت (:حکم قانونی که سهم هر یک از وراث مشخص میگردد) با رعایت قوانين موضوعه با حضور نمایندگان مدیریت های امور بازرسی، حراست و حقوقی بانک، مسئول شعبه و نماینده سازمان امور مالياتی پس از تنظيم صورتجلسه محتویات صندوق را تصرف نماید. بدیهی است مطالبات بانک می باید قبل از تحویل محتویات صندوق، از سوی وراث تسویه گردد.  "
" برای استفاده از صندوق اجاره ای مشتری چگونه می تواند  به شخص یا اشخاص دیگری وکالت دهد ؟ "," دو نوع  وکالت داخلی و رسمی: وکالت داخلی: وكالت داخلی با تعيين وكيل/ وكلا از طریق حضور همزمان و احراز هویت كامل وكيل/ وكلا و موكل در شعبه مربوطه و ثبت مشخصات وكيل/ وكلا در سيستم و دفتر صندوق های اجاره ای صورت می پذیرد.  وکالت رسمی: مستاجر می تواند با تعيين حدود اختيارات و نحوه استفاده وكيل از صندوق اجاره ای، با اعطای وكالتنامه رسمی در دفاتر اسناد رسمی، شخص یا اشخاصی را برای استفاده از صندوق اجاره ای تعيين نماید.  "
"به غیر از اجاره کننده صندوق امانات  چه کسانی اجازه استفاده  از آن را دارند؟  ","فقط اجاره کننده صندوق یا وکیل قانونی وی می‌تواند از آن استفاده کند ."
"آیا  صندوق امانات بانک قابل انتقال به غیرمی باشد ؟ ","خیر "
"در صورت مفقودی کلیدهای صندوق امانات از سوی استفاده کننده ( مستاجر ) هزینه شکستن قفل صندوق بر عهده کیست ؟ ","بر عهده  مشتری استفاده کننده ( مستاجر ) می باشد . ضمنا  در صورتی که مشتری مفقودی کلید ها  را به بانک اطلاع ندهد كليه مسئوليت های ناشی از این قصور به عهده مشتری خواهد بود."
"امکان ثبت درخواست غیرحضوری برای متقاضیان صندوق اجاره ای وجود دارد ؟","بله "
"ثبت درخواست صندوق اجاره ای به صورت غیر حضوری چگونه می باشد ؟ ","ثبت درخواست غیرحضوری صندوق اجاره ای برای مشتریان حقیقی با مراجعه به سایت بانک تجارت امکان پذیر است. با مراجعه به سایت بانک تجارت و کلیک روی گزینه (درخواست غیر حضوری صندوق اجاره ای) پس از تکمیل فرم های مربوطه، انتخاب ابعاد صندوق و شعبه مورد نظر ، متقاضی باید با ارائه کد رهگیری دریافت شده از سامانه و مدارک لازم در مهلت مقرر به شعبه مربوطه مراجعه کنند. امکان پیگیری مورد ثبت شده در سایت نیز فراهم است به شرط داشتن نام کاربری و رمز ورود "
"مشتری پس از ثبت درخواست صندوق اجاره ای به صورت غیر حضوری چه کاری باید انجام دهد ؟","مشتری می بایست پس از دریافت کد رهگیری به همراه مدارک شناسایی مربوطه  شامل دو قطعه عکس 4*3 /اصل و کپی شناسنامه و کارت ملی به شعب منتخب طی دو روز کاری مراجعه نماید ."
"محدوده زمانی ثبت درخواست مشتری  برای دریافت صندوق اجاره ای به صورت غیر حضوری در طول شبانه روز چگونه است ؟","امکان ارسال و ثبت درخواست غیر حضوری (از طریق سایت بانک تجارت) صندوق های اجاره ای از سوی مشتری در محدوده زمانی از  ساعت 8 الی 22 همه روزه ( حتی روزهای تعطیل ) امکان پذیر است ."
"لیست شعبی که صندوق امانات دارند  چگونه پیدا نماییم ؟ "," از سایت بانک تجارت/ گزینه صندوق های اجاره ای /لیست شعب دارای صندوق اجاره ای قابل مشاهده میباشد"
"نمایش شعب دارای صندوق اجاره ای چگونه می باشد ؟","متناسب با منطقه جغرافیایی متقاضی "
"آیا در خواست غیر حضوری صندوق برای اشخاص حقوقی و اتباع امکان پذیر است ؟","خیر / فقط اشخاص حقیقی امکان ثبت و پیگیری درخواست بصورت غیرحضوری را دارند"
"در صورت وصول دستورمراجع  قضایی مبنی بر بازداشت اموال اشخاص آیا مشتری اجازه باز کردن صندوق امانات را دارد ؟ ","خیر - در صورت وصول دستور از مراجعی كه قانوناً حق بازداشت اموال اشخاص را دارند، بانک از بازكردن صندوق توسط مستاجر تا رفع بازداشت و ابلاغ آن به بانک ممانعت خواهد نمود ."
"هزینه ی تخلیه و تحویل صندوق امانات چقدر است؟","تخلیه و تحویل صندوق بدون کارمزد ، هماهنگی جهت بازدید صندوق های اجاره ای به درخواست مراجع ذی صالح : بدون کارمزد میباشد "
"هزینه ی مفقودی  کلیدها چقدر میباشد؟ ","هزینه ی مربوطه به قفل ها و کلید ها +144.000ریال"
"هزینه ی  بار استفاده از صندوق (ورود) چقدر است؟ ","هزینه ی هر بار استفاده از صندوق(ورود) 60.000ریال میباشد"
"مشتریان در روز چند بار میتوانند برای استفاده از صندوق اجاره‌ای به بانک مراجعه کنند؟ ","مشتریان می‌توانند در ساعات اداری به تعداد نامحدود  برای استفاده از صندوق اجاره‌ای به بانک مراجعه کنند."
"کارت عابر بانک چیست ؟","نوعی ابزار پرداخت است که بانک بر اساس مقررات برای مشتریان خود صادر می کند. فی الواقع هر نوع کارت اعم از مغناطیسی یا هوشمند، شناسه های الکترونیکی، بایومتریکی و یا دیگر ابزارهای مشابه، که استفاده از آن بعد از شناسایی و تایید منجر به نقل و انتقال وجه، برداشت و یا بدهکار شدن یک حساب بانکی شده و یا به هر شکل دیگری قدرت خرید و پرداخت را در اختیار دارنده آن قرار می دهد.و شامل کارت نقدی– کارت هدیه – کارت خرید – کارت اعتباری و... می باشد."
"آیا اشخاص حقوقی می توانند تجارت کارت داشته باشند ؟","صدور اولیه و مجدد کارت منوط به ارائه معرفی نامه هیئت مدیره شخص حقوقی به بانک خواهد بود .شایان ذکر است معرفی نامه مذکور می باید به تصویب هیئت مدیره شخص حقوقی رسیده باشد همچنین به ازای هر حساب صرفا امکان صدور یک کارت حقوقی میسر می باشد .   "
"طلبه کارت چیست ؟","طلبه کارت کارتی است با رنگ و طرح متفاوت که مخصوص طلاب حوزه علمیه صادر می شود.ویژگی اصلی طلبه کارت پرداخت های نقدی حوزه های علمیه و آیات عظام به طالاب از طریق این کارت هااست . نوع حساابی که برای طلبه کارت افتتاح می شود، قرض الحسنه است. ضمناً دارندگان طلبه کارتمی توانند با استفاده از کارت های مذکور از تمام خدماتی که از طریق تجارت کارت ارائه می شود، استفاده کنند."
"کارت یارانه غذا چست ؟","نوعی تجارت کارت نقدی و به عنوان زیرمجموعه ای از کارت گروهی می باشد و عبارت است از مجموعه کارت های مغناطیسی که به یک حساب اصلی یا سرگروه( متصل وصاحب حساب سرگروه می تواند ضمن تعیین تعداد کارت درخواستی برای اعضای زیرگروه، نسبت به درج مبلغ و دوره شارژ هرکارت زیرگروهاقدام نماید. همچنین به منظور نظارت و کنترل، شماره خانوار برروی کارت های برنامه جهانی غذا درج می گردد."
"کارت دو منظوره (هیبرید) چیست ؟","محصولی جدید از کارت نقدی است که علاوه بر قابلیت های تجارت کارت نقدی عادی ، قابلیت های کیف پول ( مترو و بی آر تی ) را جهت پرداخت های خرد دارا می باشد. (  شایان ذکر است برای صدور این نوع کارت ,  مشتری می بایست به شعبه درخواست کارت دو منظوره را بدهد وهمچنین شارژ کیف پول  را می توان  از پایانه های مترو و بی آر تی  انجام داد .    ) "
"آیا می توان کارت دو منظوره را تبدیل به کارت نقدی کرد ؟","بله /در صورتی که دارندگان کارت های هیبریدی متقاضی صدور مجدد کارت نقدی عادی باشند،کلیه مسؤولین مربوطه در شعب می باید قبل از صدور مجدد تجارت کارت، نسبت به تغییر وضعیت کارت از طریق انتخاب گزینه تبدیل کیف پول به نقدی در منوی کارت نقدی اقدام نمایند.   "
"کارت خرید  چیست ؟","نوعی کارت با نام و بدون قابلیت برداشت نقدی است که از قبل مبلغ آن پرداخت شده و توسط صادر کننده کارت شارژ می شود و به نام دارنده کارت صادر می شود. کارت خرید معمولاً توسط سازمان ها و ادارات به مؤسسات صادر کننده سفارش داده شده و جایگزین بن های کاغذی برای ارایه خدمات به کارمندان می باشد.لازم به ذکر است مراحل صدور کارتهای خرید همانند روال صدور کارت نقدی می باشد.  ( این کارت ها قابلیت درخواست صدور انفرادی ندارد و فقط امکان صدور آن از سمت سازمان ها می باشد  )"
"نحوه استفاده از کارت خرید چگونه است ؟","کارت خرید  را فقط می تتوان از طریق دستگا های پوز فروشگاهی و نیز خرید از درگاه های اینترنتی استفاده نمود .توجه کنیدبرای  کارت های خرید  رمز پویا تعریف می شود .امااز کارت های خرید نمی توان وجه نقد از خودپرداز دریافت نمود . "
"آیا می توان برای کارت خرید رمز پویا فعال کرد؟","بله "
"کارت اعتباری چیست ؟","نوعی کارت با نام و چرخشی یا غیر چرخشی است و چنانچه از نامش پیداست مقدار معینی اعتبار مالی دراختیار صاحب کارت قرار می دهد. قرار دادن میزان اعتبار از طرف بانک یا مؤسسات صادر کننده با توجه به سابقه حساب دارنده کارت، میزان گردش مالی حساب در طول یک دوره زمانی خاص و میزان درآمد یا توانایی مالی دارنده کارت صورت می گیرد. دارنده کارت نیز پس از مصرف اعتبار کارت خود در پایان ماه و بر اساس صورتحساب ارسالی اقدام به تأمین سقف اعتباری خود می نماید. (این کارت همان کارت مرابحه مربوط به تسهیلات است .     )"
"نحوه استفاده از کارت اعتباری چگونه است ؟","کارت اعتباری را فقط می تتوان از طریق دستگا های پوز فروشگاهی و نیز خرید از درگاه های اینترنتی استفاده نمود .توجه کنیدبرای  کارت های اعتباری رمز پویا تعریف می شود .از کارت های اعتباری نمی توان وجه نقد از خودپرداز دریافت نمود . "
"آیا می توان برای کارت اعتباری رمز پویا فعال کرد ؟","بله "
"کارت مجازی چیست ؟","مشتریانی که بنا به دلایل قانونی (مشتریان حقوقی و حقیقی و دارای حساب مشترک) امکان دریافت هرگونه کارتی از آنها سلب (شامل مشتریان حقوقی و یا دارای حساب مشترک) و تاکنون برای حساب آنها کارت صادر نگردیده ، جهت واریز وجه از طریق کارت های صادره بانک های عضو شبکه شتاب می توانند نسبت به دریافت شماره کارت مجازی اقدام نمایند، لذا شماره کارت مذکور صرفاً قابلیت واریز به حساب را دارا می باشد. "
"توریست کارت  چیست ؟","محصول توریست کارت برای گردشگران خارجی که قصد استفاده از خدمات بانکی در زمان حضور در کشور ایران را داشته باشند ایجاد گردیده و برای گردشگرانی که توسط شرکت های طرف قرارداد با شرکت سیمرغ تجارت )تحت عنوان بازاریاب( جذب شده اند به مدت یکسال صادر می شود )در طول مدت مذکور مطابق زمان روادید فعال می گردد و در صورت تمدید روادید، با ارائه گذرنامه و ویزای معتبر، امکان فعالسازی مجدد توریست کارت وجود دارد( و به درخواست گردشگر حداکثر به معادل ریالي 10.000 دلار شارژ می شود.     ا"
"قابلیت های توریست کارت چیست ؟","الف : انتقال وجه کارت به کارت را دارا می باشد. ب : قابلیت شارژ مجدد را دارا بوده که از طریق انتقال وجه کارت به کارت یا ارسال درخواست شارژ از طریق بازاریاب به شرکت سیمرغ تجارت میسر است. ج : امکان دشارژ توریست کارت از طریق مراجعه حضوری و غیرحضوری به بازاریاب و شرکت سیمرغ تجارت وجود دارد. د : امکان دریافت گزارش کامل تراکنش ها با مراجعه به بازاریاب از طریق دسترسی بازاریاب به سامانه توریست کارت مهیا می باشد.       "
"برای دریافت توریست کارت مشتری چه کاری باید انجام دهد؟","گردشگرانی که متقاضی اخذ توریست کارت از شعب می باشند، می بایست ضمن همراه داشتن گذرنامه به یکی از شعب بانک مراجعه و نسبت به تکمیل فرم توریست کارت  اقدام کنند.   "
"فعالسازی توریست کارت چگونه است ؟","از آنجائیکه توریست کارت ها در ابتدا به صورت غیرفعال صادر می گردد لذا فعالسازی آن صرفاً از طریق پایانه های شعب و مطابق مراحل ذیل و بعد از تغییر رمز کارت انجام می گردد: مراجعه به پایانه های شعب ← انتخاب گزینه منو ← انتخاب گزینه تغییر رمز اول ← کشیدن توریست کارتدر پایانه ← وارد کردن رمز اولیه کارت  1234  ← وارد کردن رمز جدیدتوسط گردشگر← تکرار رمز جدید← تحویل کارت به گردشگر     "
"صدور اولیه و صدور مجدد توریست کارتر چقدر کارمزد دارد ؟ ","صدور اولیه توریست کارت بدون کارمزد انجام می گردد.  لازم به ذکر است به هنگام صدور مجدد توریست کارت، کارمزد 200.000 ریال بصورت نقدی از گردشگر اخذ و به شماره حساب 1845144 به نام کارمزد دریافتی از صدور کارت واریز می گردد.     "
"کارت هدیه چیست ؟","کارت هدیه، کارتی است بی نام که با مبالغ معین صادر می شود و دارنده آن می تواند به دفعات دلخواه تا سقف موجودی کارت، اقدام به خرید کالا و خدمات از پایانه های فروشگاهی یا درگاه های اینترنتی و یا دریافت وجه از خودپرداز بانک صادرکننده اقدام نماید.کارت های هدیه به صورت غیر قابل شارژ بوده و با مدت اعتبار دو سال در اختیار متقاضیان دارای حساب نزد بانک و صرفاً در قبال برداشت از حساب مشتری صادر می گردد."
"مبلغ مجاز برای درخواست کارت هدیه چقدر است ؟","حداقل مبلغ هر کارت هدیه فوری مورد درخواست می باید 1،000،000 ریال و حداکثر مبلغ آن 20،000،000 ریال باشد."
"سقف صدور کارت هدیه برای هر شخص ( حقیقی/حقوقی )  چقدر است ؟","سقف صدور کارت هدیه برای هر مشتری (حقیقی /حقوقی) در مجموع ,  روزانه مطابق با سقف پرداخت وجه نقد ریالي درحال حاضر 150،000،000 ریال می باشد."
"آیا مشتری برای صدور کارت هدیه می بایست در بانک تجارت حساب داشته باشد ؟","صدور کارت هدیه صرفاً برای مشتری دارای حساب )نزد بانک( و در قبال برداشت از حساب مجاز می باشد.      6105   مورخ 1400/08/01 "
"تاریخ انقضا کارت هدیه چند سال است ؟","دو سال "
"آیا صدور کارت هدیه گروهی امکان پذیر است ؟","بله  در صورت درخواست صدور کارت هدیه به تعداد بالاتر از 100 فقره و حداکثر تا سقف 20،000،000 ریال به ازای هر کارت هدیه ضمن رعایت سقف روزانه مقرر برای پرداخت وجه نقد به ارباب رجوع با درج متن دلخواه فراهم گردیده است،"
"آیا امکان صدور مجدد کارت هدیه مفقودی وجود دارد ؟","1-قبل از تاریخ انقضاء و درصورت ارایه فیزیک کارت توسط خریدار اولیه کارت پس از احراز هویت وی، نسبت به پذیرش درخواست صدور مجدد، تعویض، تولید مجدد رمز و رفع مسدودی کارت اقدام نماید.                                                                                                                        2-قبل از تاریخ انقضاء و درصورت عدم ارایه فیزیک کارت به دلایلی نظیر مفقودی، صدور مجدد کارت هدیه )باسریال جدید و ابطال کارت هدیه قبلی( و یا دریافت مانده مصرف نشده کارت هدیه صرفاً با درخواست خریداراولیه کارت هدیه و پس از محقق شدن تمامی شرایط ذیل امکان پذیر می باشد: 1-سپری شدن حداقل دو ماه از تاریخ اعلام مفقودی؛  2-عدم انجام هرگونه تراکنش اعم از موفق یا ناموفق طی مدت یاد شده )دو ماه از تاریخ اعلام مفقودی  3-عدم ادعای مالکیت توسط شخص ثالث با عنوان دارنده کارت هدیه طی مدت مذکور.      دقت کنید صدور مجدد کارت هدیه فقط توسط خریدار اولیه کارت انجام پذیر است .  "
"صدور کارت هدیه برای چه افرادی ممنوع می باشد ؟","اشخاصی که از ارائه اطلاعات یا اسناد مورد نیاز خودداری کنند؛  دارندگان سابقه چک برگشتي رفع سوء اثر نشده؛  اشخاصی که به حکم مراجع قضایی، حق دریافت خدمات بانکی از جمله افتتاح حساب در بانک را ندارند؛  اشخاصی که به حکم مراجع قضایی، حساب آنها در بانک مسدود شده است و یا به هر دلیل دیگری حقبرداشت از حساب را ندارند؛                                                                                                اشخاص حقیقی ایرانی فاقد کد ملی، اشخاص حقوقی ایرانی فاقد شناسه ملی، اشخاص خارجی )حقیقی وحقوقی( فاقد شماره فراگیر اشخاص خارجی؛"
"آیا برای کارت هدیه می توان رمز پویای تعریف کرد ؟","خیر "
"آیای برای کارت هدیه می توان رمز دوم ثابت تعریف کرد ؟","بله "
"آیا می توان برای برداشت از کارت هدیه به شعب سایر بانک ها مراجعه نمود ؟","خیر , فقط خودپرداز تجارت "
"آیا می توان از کارت تجارت به یکی از شماره حساب های تجارت یا سایر بانک ها انتقال داد ؟","خیر /توضیح اینکه سابقا این امر امکان پذیر بود اما در حال حاضر خیر    "
"تجارت کارت گروهی چیست ؟","تجارت کارت گروهي: عبارت است از مجموعه کارت های مغناطیسی که به یک حساب اصلی/والد( متصل و صاحب حساب (والد)  می تواند ضمن تعیین تعداد کارت درخواستی برای اعضای زیرگروه، نسبت به تعیین مبلغ ودوره شارژ هرکارت(فرزند) اقدام نماید."
"تجارت کارت گروهی برای کدام گروه ها از حساب ها امکان پذیر است ؟","تجارت کارت گروهی  از  نوع                                                                                                    1-حساب های قرض الحسنه جاری گروه حساب 512                                                                                     2- قرض الحسنه پس انداز گروه حساب های 22 و 511                                                               3-  (سپرده سرمایه گذاری کوتاه مدت گروه حساب های 45 و 561 ) بوده که درشعب افتتاح می گردد. توجه: زیرگروه انتخابي از گروه 22 و 45 مي بایست قابلیت صدور کارت را دارا باشند"
"شارژ کارت فرزند چگونه است ؟","مبلغی است که در زمان های انتخابی، صاحب حساب( والد)، از محل حساب اصلی به کارت اعضای زیرگروه (فرزند) واریز، تا امکان استفاده از کارت جهت اعضا از طریق درگاه های حضوری /غیرحضوری مقدور گردد.امکان ایجاد تغییرات در مبالغ، تعیین دوره های شارژ ، نحوه تجمیع وجوه اعتبار و حذف شارژ از طریق سامانه جامع مدیریت کارت در کلیه شعب و یا سرویس مدیریت کارت گروهی در درگاه خدمات اینترنتی کارت امکان پذیر می باشد .   "
"کارت فرزند از چه زمانی قابلیت استفاده دارد ؟","کارت های فرزند در زمان صدور کارت با مانده صفر تولید گردیده و در پایان روز کاری به میزان مبلغ تعریف شده در سیاست شارژ توسط والد شارژ خواهند گردید، لذا دارنده کارت فرزند یک روز پس از صدور کارت قادر به استفاده از موجودی کارت خواهد بود.  "
"کارت فرزند دارای چه قابلیت هایی می باشد ؟","کارت اعضاء زیر گروه دارای قابلیت های کارت نقدی است که بر اساس درخواست سرگروه صاحب اصلی حساب می تواند برداشت نقدی از (خودپرداز /پایانه های شعب)/، انتقال وجه (شتابي /داخلي)/ خرید از (پایانه های فروشگاهي /درگاه های اینترنتي)، مشاهده موجودی كارت، پرداخت قبض، خرید شارژ تلفن همراه، مشاهده   10 گردش آخر کارت را انجام دهد . "
"کارت فرزند چطور می توانند از خدمات اینترنتی کارت استفاده کنند ؟","پس از مراجعه شخص دارنده کارت و یا شخص والد و درخواست رمز ورود به درگاه پرداخت اینترنتی اقدام نمایند .مشتریان دارنده کارت( زیرمجموعه) به منظور دریافت خدمات اشاره شده، می بایست به بخش مدیریت کارت گروهی در درگاه خدمات اینترنتی کارت ( PG) و انتخاب گزینه (ورود دارنده کارت گروهی)  و درج شماره کارت و رمز دریافت شده از شعب بانک اقدام نماید.   "
"مدیریت کارت گروهی به کارت های فرزند چه خدماتی ارائه می کند ؟"," اعلام مانده قابل برداشت كارت  تاریخچه تغییرات سیاست های شارژ  مشاهده سوابق شارژ: در این بخش کاربر امکان مشاهده شارژ و دشارژهای انجام شده بر روی کارت خود را خواهد داشت.  صورتحساب  گزارش شارژ و تراكنش: با انتخاب این گزینه کاربر سرجمع تراکنش های شارژ، دشارژ، بستانکاری و بدهکاریکارت، در بازه تعیین شده را خواهد داشت. ارسال ایمیل: با انتخاب این گزینه کاربر می تواند صورت حساب کارت خود را از طریق پست الکترونیکیایمیل در بازه زمانی تعیین شده در قالب فایل اکسل  Excel دریافت نماید.     "
"آیا کارت فرزند می تواند رمز پویا داشته باشد ؟","بله"
"انواع حساب های متصل به  تجارت کارت  نقدی کدامند ؟","حساب قرض الحسنه جاری , قرض الحسنه پس انداز و سپرده کوتاه مدت "
"مسدودی تجارت کارت از چه طرقی امکان پذیر است ؟","درصورت مفقودی، سرقت و یا جعل کارت زیر گروه، درخواست مسدودی توسط صاحب حسااب اصلی و یادارنگان کارت زیرگروهاز طریق مرکز ارتباط با مشتریان 1554 و سامانه جامع مدیریت کارت کلیه  شعب  بامکان پذیر می باشد. همچنین می توان از طریق همراه بانک /تلفنبانک ( منوی کارت /گزینه 4 ) /و از  درگاه پرداخت اینترنتی ( PG)  "
"سایر محصولات تجارت کارت کدامند ؟","سایرمحصولات کارت نقدي شامل مهررضا، شهریه طلاب، سهامداري، نانوا، نخبه، نفت، شمس ایرانیان ،پزشك ، حامي و وکیل مي باشد. شایان ذکر است کارت نابینایان که بصورت برجسته صادر می شود نیز  موجود می باشد .     بخشنامه 6105 مورخ  1401/09/08 "
"شماره سریال یا BIN کارت های تجارت در حال حاضر چه شماره ای است ؟","     5858983   می باشد .    توضیح اینکه قبل از سال 92 پیش شماره یا سریال کارت های تجارت 627353 بود .  "
"برای دریافت کارت عابر بانک چگونه اقدام گردد ؟ ","مراجعه حضوری مشتری به شعب بانک تجارت  در صورتی که مشتری افتتاح حساب نکرده باشد همراه داشتن شناسنامه و اصل  کارت کلی  الزامی است ودر صورتی که فقط جهت تمدید یای صدور مجدد کارت به شعب مراجعه نماید دارا بودن کارت ملی کفایت می کند .در صورت مفقود شدن کارت ملی , رسید پستی مبنی بر  درخواست المثنی کارت ملی و اصل شناسنامه الزامی است ."
"آیا برای دریافت کارت شرایط سنی خاصی لازم است ؟","بله در حال حاضر صدور کارت برای زیر 7 سال غیر مجاز می باشد ."
"برای صدور مجدد آیا می توان به همه شعب مراجعه نمود ؟","بله همه شعب صدور مجدد کارت را انجام می دهند ."
"در چه صورتی اتباع خارجی می توانند تجارت کارت داشته باشند ؟","اتباع خارجی    : مقیم  الف اشخاص حقیقی خارجی که دارای گذرنامه با پروانه اقامت معتبر هستند؛ -                           ب اشخاص حقیقی خارجی که دارای یکی از مدارک شناسایی معتبر؛ دفترچه اقامت ویژه، دفترچه اقامت، -دفترچه پناهندگی یا مدرک آمایش می باشند)بخشنامه شماره 541:245                              اتباع خارجی غیر مقیم :                                                                                                              الف اشخاص حقیقی دارای روادید با تاریخ اعتبار صادره توسط وزارت امورخارجه و درج شده در گذرنامه؛                                                                                                                              ب :اشخاص حقیقی خارجی دارای گذرنامه معتبر با تابعیت کشورهای لغو روادید با ایران و دارای مهر ورود -به کشور که مدت اعتبار آن از زمان ورود به کشور تاکنون منقضی نشده باشد )اطلاعیه شماره 10745 ؛)ج اشخاص حقیقی خارجی دارای روادید تمدید شده توسط نیروی انتظامی و درج شده در گذرنامه، می باشند.              بخشنامه تجمیعی 6105            ص 85                                                                                           "
"صدو ر کارت برای چه افرادی ممنوع است ؟","ماده 5 مکرر قانون صدور چک، اشخاص دارای سابقه چک  برگشتی رفع سوء اثر نشده امکان دریافت هر گونه کارت بانکی را نخواهند داشت، که این امر به صورتسیستمی پیاده سازی گردیده است.                                                                                                                                مهم ***                                                                                                                              شایان ذکر است این محدودیت صرفاً بابت صدور کارت بانکی میباشد و شامل تمدید تاریخ انقضاء کارت وصدور مجدد رمز کارت نمی گردد.   "
"رمز اول کارت بانکی را چگونه فعال نماییم ؟ ","پس از دریافت کارت و دریافت رمز پیش فرض از شعبه ( 4 رقم آخر کد ملی ) و مراجعه به خودپرداز و انتخاب گزینه تغییر رمز و وارد کردن یک عدد چهار رقمی (غیر تکراری ؛ غیر متوالی , عدد نباید شماره شناسنامه یا تاریخ تولد باشد ) نسبت به تغییر رمز اول کارت اقدام نمایید .(  "
"رمز دوم کارت بانکی را چگونه فعال نماییم ؟ ","با مراجعه به خودپرداز بانک تجارت و انتخاب دو باز گزینه سایر خدمات و انتخاب گزینه تعیین رمز دوم اینترنتی  , با وارد کردن یک عدد بین 5-12 رقم که بصورت امنیتی باشد یعنی : ( اعداد متوالی , اعداد تکراری , شماره شناسنامه ,  تاریخ تولد و قسمتی از کد ملی شخص نباشد ) نسبت به تعیین رمز دوم  ثابت اقدام نمایید .(صادقی  پری ) "
"تاریخ انقضا تجارت کارت چند ساله است ؟","پنج ساله "
"تاریخ انقضا تجارت کارت برای اتباع خارجی چند ساله است ؟","مدت اعتبار کارت  اشخاص حقیقی خارجی برابر با تاریخ انقضاء روادید اتباع خارجی ( غیر مقیم ) و یا تاریخ انقضاء مدرک شناسایی ( اتباع خارجی مقیم ) می باشد .در خصوص اشخاص حقیقی دارای تابعیتی کشورهای لغو روادید با ایران  مدت اعتبار کارت نباید بیش از سه ماه از زمان ورود شخص به کشور باشد .        بخشنامه تجمیعی :6105     ص 85 "
"سقف مجاز برداشت افراد زیر7سال از طریق خودپرداز  چه مبلغی می باشد ؟","افراد زیر 7 سال اجازه داشتن صدور کارت را ندارند .   آخرین بخشنامه تأکیدی  شماره 1000 مورخ 1401/12/24  (  ) "
"سقف مجاز برداشت افراد زیر12سال از طریق خودپرداز  چه مبلغی می باشد ؟","عدم امکان انجام تراکنش های غیر از خرید به مشتریان زیر ١٢ سال  این بدین معنی است که افراد زیر 12 سال امکان برداشت نقدی از خودپرداز را ندارند    (نامه شماره   18/01/1752424   /  مورخ 1401/10/12  / اداره سامانه های متمرکز و سوئیچ کارت )   "
"سقف مجاز برداشت افراد18-12 سال  از طریق خودپرداز  چه مبلغی می باشد ؟","دقت کنید برای افراد 12 سال تمام تا 18 سال 200 هزار تومان روزانه  می باشد ."
"سقف مجاز برداشت افراد18سال  به بالا  از طریق خودپرداز  چه مبلغی می باشد ؟","روزانه 200 هزار تومان "
"سقف مجاز خرید روزانه/ ماهانه  افراد زیر 12 سال از بانک تجارت و در مجموع بانکی کشور چقدر است ؟"," روزانه حداکثر تا ١٠٠.٠٠٠.٠٠٠ ریال (تجارت )                                                                                                                                          /روزانه مجموع بانکی کشور حداکثر تا ٣٠٠.٠٠٠.٠٠٠ ریال                                                                                                                                                                ماهانه مجموع کل کارتهای مشتریان زیر ١٢ سال حداکثر تا ٥٠٠.٠٠٠.٠٠٠ ریال                                                                                             (نامه شماره   18/01/1752424   /  مورخ 1401/10/12  /داره سامانه های متمرکز و سوئیچ کارت )                                                                                    "
"سقف مجاز خرید روزانه/ ماهانه  افراد 12-18  سال از بانک تجارت و در مجموع بانکی کشور چقدر است ؟","سقف خرید روزانه روی کارت مشتریان زیر ١٨ سال حداکثر تا ١٥٠.٠٠٠.٠٠٠ ریال                                                              سقف خرید روزانه مجموع کل کارتهای مشتریان زیر ١٨ سال حداکثر تا ٥٠٠.٠٠٠.٠٠٠ ریال                                      سقف خرید ماهانه مجموع کل کارتهای مشتریان زیر ١٨ سال حداکثر تا ١٠٠.٠٠٠٠.٠٠٠ ریال                                     (نامه شماره   18/01/1752424   /  مورخ 1401/10/12  / اداره سامانه های متمرکز و سوئیچ کارت )                                             "
"سقف مجاز خرید روزانه/ ماهانه  افراد بالای 18  سال از بانک تجارت و در مجموع بانکی کشور چقدر است ؟","سقف خرید روزانه  یک میلیارد ریال ( 100 میلیون تومان ) روزانه                                                                                        سقف خرید روزانه مجموع  بانکی کشور (100 میلیون تومان )     بخشنامه 6105   مورخ :1401/08/29                                                                        "
"سقف مجاز غیر  خرید روزانه/ ماهانه  افراد بالای 18  سال از بانک تجارت و در مجموع بانکی کشور چقدر است ؟","سقف روزانه تراکنش های غیر خرید روی هر کارت مشتری زیر ١٨ سال حداکثر تا ١٥٠.٠٠٠.٠٠٠ ریال                  سقف ماهانه تراکنش های غیر خرید روی هر کارت مشتری زیر ١٨ سال حداکثر تا ٥٠٠.٠٠٠.٠٠٠ ریال"
" حداکثر مبلغ قابل انتقال از طریق کارت بانکی روزانه چند میلیون تومان است  می باشد ؟","در حال حاضر  انتقال وجه برای افراد 12 سال تمام تا بالای 18 سال روزانه از هر درگاهی در شبکه شتاب 10 میلیون تومان می باشد .  شایان ذکر است افراد زیر 12 سال امکان انتقال وجه ندارند ضمن اینکه افراد زیر 7 سال امکان صدور کارت برای ایشان فراهم نمی باشد .  (  ) "
"در صورتی که در پنل فرانگر در قسمت وضعیت حساب در سیستم کارت  خطای  کارت خدمات الکترونیکی  مسدود   , مشاهده شد علت چیست ؟ ","این بدان علت است که خدمات نوین مشتری ( تلفنبانک , همراه بانک و بانکداری اینترنتی مشتری مسدود شده است و برای رفع مسدودی مشتری می بایست به شعبه مراجعه کرده و شعبه منوی 67 گزینه 5 را برای مشتری فعالسازی کند ."
"در صورتی که در پنل فرانگر در قسمت وضعیت حساب در سیستم کارت  خطای   مسدود الکترونیکی  , مشاهده شد علت چیست ؟ ","مشتری می بایست به یکی از شعب بانک مراجعه نماید و منوی 55 را برای ایشان انجام شود در این موارد احتمالا مشتری از طریق خدمان نوین مانند  همراه بانک  , کارت خود را مسدود کرده است ."
"در صورتی که در پنل فرانگر در قسمت وضعیت حساب در سیستم کارت خطای کارت کاملا مسدود است یا غیر فعال و کاملا مسدود استمشاهده شد علت چیست ؟ ","می باست در این مرحله به پنل سیمین رفته  و در قسمت گزارش گیری گزینه تاریخچه را کلیک نموده و سپس شماره حساب مشتری را  وارد نماییید , آنجا به شما نمایش می دهد که کارت مشتری از کدام مبدا مثلا مدیریت امور حقوقی و یا یکی از مدیریت های مناطق مسدود شده است لذا کانال مسدود کننده را به مشتری اعلام نمایید . دقت بفرمایید به هیچ وجه علت مسدودی را به مشتری اعلام نکنید (  ) "
"علت مشاهده خطای حساب در مرکز دارای مانده نمی باشد پس از وارد نمودن  حساب یا کارت مشتری در فرانگر چیست؟ "," نک حساب مشتری مشکل دارد و  می بایست به یکی از شعب مراجعه نماید و اصلاح نک انجام شود .  "
"در صورتی که شماره حساب یا کارت مشتری را در پنل فرانگر وارد کردید و هیچ حسابی نمایش داده نشد علت آن چیست ؟ ","قطعا حساب مشتری  بسته شده است ,صحت این موضوع را می توانید از طریق سامانه سیمین  درقسمت اطلاعات مشتری رفته و کد ملی مشتری  را وارد کنید , حساب ابطال شده را با رنگ قرمز به شما نشان می دهد . "
"در صورتی که در پنل فرانگر  در قسمت وضعیت حساب وضعیت ؛؛ حساب یک ردیف مسدودی دارد  ,  را نشان دهد , علت چیست ؟","باید حساب را در قسمت گزارش مسدودی در سامانه سیمین , گزینه ردیف مسدودی را انتخاب کرده و  کانال مسدود کننده را به مشتری اعلام نمایید . دقت بفرمایید به هیچ وجه علت مسدودی را به مشتری اعلام نکنید (  ) "
"در صورتی که در سامانه سکان  قسمت وضعیت کارت عبارت (عبور گذرواژه بیش از حد مجاز است ) نمایش داده شود علت چیست ؟ ","مشتری رمز ورود اولیه کارت خود را غلط وارد کرده است و کارت غیر فعال شده و مشتری می بایست به یکی از شعب بانک مراجعه نموده و رمز جدید  دریافت نماید ."
"  زمان بررسی کارت در سامانه سکان ,  علت مشاهده عدد 5 در تب رمز  در  تب اطلاعات رمز و در قسمت رمز پویای دوم چیست ؟ ","این بدینی معنی است که  مشتری رمز پویا خود را   را بیش از سه بار غلط وارد کرده است و کارت قفل شده است و برای رفع آن باید مجددا پویا را فعالسازی کند ."
"در صورتی  که در زمان استفاده از کارت پیغام  رمز جدید به مشتری نمایش داده شد علت چیست ؟  ","بدین معنی است که مشتری هنوز رمز اول کارت  دریافت شده از  از شعبه را تغییر نداده است و باید آنرا از طریق خودپرداز تغییر دهد . "
"در صورتی  که در زمان بررسی کارت  در سامانه سکان   پیغام  کارت مفقود شده است  را نمایش دید به چه معناست ؟","بدینی معناست که مشتری با مرکز 1554 تماس گرفته و کارت خود را مسدود کرده است "
"در صورتی  که در زمان بررسی کارت  در سامانه سکان   پیغام  کارت مسدود  شده است  را نمایش دید به چه معناست ؟","بدین معنی است که  کارت مشتری توسط اداره کارت و خدمات نوین مسدود شده است در اینصورت کارشناس باید از اداره کارت موضوع را پیگیر شده و نتیجه را به مشتری اعلام نماید "
"کارت صادر شده ولی فعال نیست . چه اقدامی انجام شود ؟ ","با بررسی کارت در پنل سکان وضعیت کارت در وضعیت رمز جدید می باشد لذا می بایست به مشتری راهنمایی بفرمایید نسبت به تغییر رمز خود از یکی از خودپردازهای تجارت اقدام کنند ."
"همراه بانک چگونه ابزاری می باشد  ؟","نرم افزاری است  که خدمات بانکی از قبیل دریافت موجودی حساب، انتقال وجه و پرداخت قبوض و سایر موارد را از طریق تلفن همراه و بدون مراجعه حضوری مشتری به بانک ، در هر ساعتی از شبانه روز ارائه می نماید .  "
"برنامه همراه بانک را چگونه و از چه سایتی می توان دانلود نمود ؟","یک ) با استفاده از اینترنت و مراجعه به سایت اصلی بانک تجارت  به  نشانی اینترنتی    tejaratbank.ir  جهت دانلود و نصب  نسخه همراه بانک                 دو) مراجعه حضوری مشتری  به شعب سراسر کشور بانک تجارت  سه ) تماس با مرکز 1554 (نکته   ارسال لینک از طریق TBS  )"
"آیا همه افراد می توانند از خدمات همراه بانک استفاده کنند ؟","خیر /استفاده از خدمات الکترونیکی محدودیت سنی دارد لذا افراد زیر 12 سال مجاز به استفاده از خدمات الکترونیکی نمی باشند و همچنین اتباع خارجی  نیز حتما می بایست با گذرنامه و پروانه اقامت معتبر  , مجاز به استفاده از خدمات همراه بانک می باشند .(در خصوص امکان استفاده اتباع خارجی از سرویس های بانکداری الکترونیک بخشنامه      675 متمم 138 مورد تاکید می باشد ) این بند در بخشنامه تاکیدی 1000 مورخ 1401/12/17"
"چگونه میتوان همراه بانک را به صورت غیر حضوری و بدون مراجعه به شعبه فعال نمایم ؟","1)در صفحه اول  همراه بانک  گزینه ثبت نام  را کلیک و گزینه ثبت نام در سامانه همراه بانک را انتخاب کرده و سپس  و مشخصات شخصی و شماره همراه ثبت شده را از طریق آن وارد می نماییم .   3)سپس  اطلاعات کارت شامل 16 رقم و cvv2 ,و تاریخ انقضا را ثبت می نماییم .  4)رمز دوم  پویا را وارد می نماییم ( مراحل اخذ رمز پویا طبق دستوالعمل رمز  پویا می باشد  . )  5)تایید پیامک ارسالی  از گوشی 6) انتخاب خدمات و تایید پیش فرض ها 7) انتخاب رمز ورودی ( دقت کنید رمز ورود به همراه بانک 8 عدد می باشد , بیش از 8 رقم و وارد کردن حروف غلط است ) و در نهایت با کد ملی و رمز تعیین شده وارد همراه بانک می شویم . شایان ذکر است این مسیر را می توان مستقلا از آدرسmy.tejaratbank.ir  نیز انجام شود . "
"آیا امکان نحوه ثبت نام حضوری برای همراه بانک وجود دارد ؟","بله /مشتریان می توانند با مراجعه به هر یک از شعب نسبت به دریافت رمز همراه بانک اقدام نمایند . "
"درصورت مشاهده خطا ,  هنگام ثبت نام یا فراموشی رمز از سامانه غیر حضوری  چه اقدامی باید انجام داد ؟ "," در صورت فعال بودن کارت و رمز پویا موضوع به بانکداری اینترنتی ارجاع می گردد ."
"نحوه ورود به همراه بانک چگونه است ؟","با ورود به برنامه و وارد کردن  کد ملی و رمز 8 رقمی که  بصورت غیر حضوری  تعریف شده است و یا به صورت حضوری از شعب دریافت شده است , وارد همراه بانک شوید ."
"نحوه فعال سازی اثر انگشت  در همراه بانک  به چه صورت است؟ ","پس از فعال سازی سنسور اثر انگشت در  گوشی نسبت به  وارد کردن نام کاربری و رمز عبوراقدام و سپس بر روی اثر انگشت کلیک کرده و بعد انگشت را بر روی حسگر اثر انگشت گذاشته و بدین صورت اثر انگشت را تعریف می کنیم  "
"گوشی IOS  دارم  و می خواهم وارد همراه بانک شوم ولی مقدور نمی باشد ؟ ","در حال حاضر به دلیل تحریم ها گوشی های مذکور قابلیت استفاده از برنامه  همراه بانک و همراز را ندارند و می بایست از نسخه تحت وب به آدرس hb.tejaratbank.ir  استفاده کنند .آدرس مستقیم می توان  بصورت لینک از طریق TBS برای مشتری ارسال کرد ."
"تلفن همراه خود را تعویض کردم،  برای راه اندازی مجدد همراه بانک چکار کنم؟","اگر رمز ورد به نرم افزار را به خاطر داشته باشید پس از دانلود نسخه مربوطه با همان کدملی و رمز امکان استفاده مجدد وجود دارد و نیازی به ثبت نام و فعال سازی مجدد نیست. "
" وارد همراه بانک می شوم اما از برنامه خارج می شود ؟ "," ورژن برنامه قدیمی می باشد . نسبت به دانلود نسخه جدید آن از سایت بانک تجارت اقدام نمایید ."
"علت پیغام خطای [در دسترسی سامانه همراه بانک]   در صفحه ورودی همراه بانک چیست ؟"," علت آن   یا روشن بودن فیلتر شکن است یا دسترسی به اینترنت دچار اختلال است ."
"با وجود روشن بودن و پی ان ( فیلتر شکن )خطای عدم ورود همراه بانک را مشاهده می نمایم؟","به دلیل امنیتی . فیلتر شکن باید خاموش گردد . "
"دریافت رمز  برای ورود به همراه بانک چگونه است ؟","همانطور که در نحوه  ورود توضیح داده شد , با رمز دریافتی  ( حضوری /غیر حضوری ) و کد ملی مشتریان می توانند وارد همراه بانک شوند "
"از چه طریقی می توان رمز ورود همراه بانک را تغییر داد؟","بعد از ورود به همراه بانک در منوی حساب کاربری ، تنظیمات ، تغییر رمز ورود همراه بانک، میتوان رمز دلخواه تعیین کرد . "
"در صورتیکه مشتری رمز همراه بانک خود را فراموش کند , راه حل چیست ؟","می بایست یا بصورت غیر حضوری از گزینه فراموشی رمز در همراه بانک و یا از آدرس my.tejaratbank.ir  نسبت به تعرف مجدد رمز خود اقدام نمایند .همچنین با مراجعه به شعب نیز می توان رمز همراه بانک را مجددا دریافت نمود "
"در چه صورتی اتباع می توانند از همراه بانک استفاده نمایند ؟","در صورتی که فقط گذرنامه و پروانه اقامت معتبر داشته باشند . در خصوص امکان استفاده اتباع خارجی از سرویس های بانکداری الکترونیک بخشنامه      675 متمم 138 مورد تاکید می باشد ) این بند در بخشنامه تاکیدی 1000 مورخ 1401/12/17"
"آیا اتباع می توانند جهت دریافت رمز به صورت غیر حضوری اقدام کنند ؟","خیر /فقط باید به شعب مراجعه کنند ."
"در صورتی که اتباع رمز همراه بانک خود را فراموش کرده باشند , راه حل چیست ","مراجعه به یکی از شعب "
"علت دریافت پیغام خطای [ نام کاربری و یا رمز ورود شما به مدت یک ساعت مسدود شده است ]  در همراه بانک چیست ؟","رمز ورود سه مرتبه اشتباه وارد شده است."
"همراه بانک چه امکاناتی دارد ؟","مشاهده موجودی کارت ها - مانده و گردش حساب تجارت - امکان ارسال صورتحساب به ایمیل - انتقال وجه  کارتی - انتقال وجه حسابی - انتقال وجه بین بانکی پایا و ساتنا - امکان خرید بسته اینترنتی -کد  شارژ- شارژ مستقیم موبایل - پرداخت قبوض - پرداخت اقساط - مسدود سازی حساب و کارت های مبدا تجارت- نیکوکاری -عوارض خودرو - پرداخت های سازمانی  "
"منوهای اصلی همراه بانک کدامند ؟","همراه بانک شامل 4 منوی اصلی می باشد که پس از ورود به صفحه اصلی قابل مشاهده می باشد و به ترتیب شامل : حساب ها - کارت ها - خدمات - حساب کاربری می باشد. "
"منوی اصلی کارت ها  درهمراه بانک شامل  چه خدماتی  می باشد ؟","به ترتیب عبارتند از :موجودی - انتقال وجه - خدمات بدون کارت - پرداخت قبوض - شارژ سیم کارت - بسته اینترنت - جزییات -  نیکوکاری - پرداخت سازمانی "
"منوی  اصلی خدمات  درهمراه بانک شامل  چه خدماتی  می باشد ؟","به ترتیب عبارتند از: استعاام چک - مدیریت چک - مدیریت مقصد ها - شعب اطراف من - سوابق تراکنش - مدیریت اقساط - خدمات رمز پویا - مدیریت گروه ها - تبدیل ها - خانواده تجارت - چک صیادی - مدیریت قبض ها "
"منوی اصلی حسابها  درهمراه بانک شامل چه خدماتی می باشد ؟","به ترتیب عبارتند از : موجودی - انتقال وجه - گردش حساب - پرداخت قبوض - شارژ سیم کارت - بسته اینترنت - درخواست وجه - خدمات خودرو - پرداخت سازمانی می باشند "
"چگونه می توان  شماره کارت  عابر بانک تجارت را در همراه بانک اضافه کرد؟","منوی کارتها        کلیک کردن علامت + در بالای صفحه همراه بانک و ثبت کردن اطلاعات کارت      گزینه افزودن"
"چگونه می توان شماره  حساب بانک تجارت  را در همراه بانک اضافه کرد؟","با ثبت نام از طریق  همراه بانک یا مراجعه حضوری به شعب   و یا از طریق لینک my.tejaratbank.ir انجام می پذیرد . "
"آیا اگر حساب جدیدی در بانک افتتاح شود به طور خودکار شماره حساب در همراه بانک فعال می شود ؟","خیر حتما هر مشتری می بایست  برای هر حساب ثبت نام جداگانه انجام دهد ."
"حساب خودم را در همراه بانک اضافه نموده ام ولی در قسمت حسابها قابل مشاهده نمی گردد ؟","در صورتی که مشتری ثبت نام همراه بانک انجام داده باشد و کاربر در پنل همراه بانک آن را مشاهده کند آنگاه مشتری با  ورود به همراه بانک    /   قسمت   تنظیمات    /      غیر فعال نمودن گزینه عدم نمایش حساب     /       فعال نمودن گزینه نمایش حساب  "
"رمز پویای حساب چیست و چه کارکردی دارد ؟","در صورتی که مشتری بخواهد صرفا از شماره حساب خود برای انجام عملیات در همراه بانک استفاده نماید باید رمز پویای حسابی خود را فعال نماید .این رمز در هنگام عملیلات انتقال وجه حساب به حساب /پایا /ساتنا و خرید شارژ و بسته از شماره حساب کاربرد دارد.  صادقی پری "
"چگونه  رمز پویای حسابی را در همراز  فعال نماییم ؟ ","در صورتی که به شعبه مراجعه نمودید و شماره سریال دریافت کرده ید و کلید فعالسازی نیز برای شما پیامک شده است با ورود به همراز و انتخاب درگاه همراه بانک و ورود عنوان دلخواه , کد ملی , شماره سریال و کلید فعالسازی و سپس ثبت و تأیید نسبت به فعالسازی پویای حسابی اقدام نمایید . صادقی پری "
"چگونه  رمز پویای حسابی را  از طریق مراجعه به  شعبه در همراز  فعال نماییم ؟ ","مراجعه به شعبه     , دریافت شماره سریال و  دریافت کلید فعالسازی از طریق پیامک و سپس ورود به همراز و انتخاب درگاه همراه بانک , ثبت عنوان دلخواه , ثبت کد ملی ,  ثبت شماره سریال و ثبت کلید فعالسازی و سپس تایید و ثبت  صادقی پری "
"آیا گوشی های اندروید هم می توانند بدون همراز پویای حسابی خود را فعال کنند .؟","بله خدمات رمز پویا/ فعالسازی رمز پویا حساب  /تأیید شماره موبایل  و نمایش شماره سریال ،  رمز پویای حسابی  بصورت  پیامکی فعال می شود . در این حالت مشتری فقط باید جهت دریافت رمز پویا حساب از گزینه هریم استفاده نماید . صاقی پری "
" برای فعالسازی  رمز پویای حسابی  همراه بانک  در گوشیهای آیفون  در صورتیکه  همراز  نداشته باشد چه اقدامی  باید انجام گیرد ؟","در صورتی که قبلاً از همراز رمز پویای خود را دریافت می نمودند در حال حاضر بصورت خودکار رمز پویا  از سامانه هریم برای مشتری  پیامک می شود  و در صورت عدم فعال سازی قبلی  از منوی خدمات  / خدمات رمز پویا/ فعالسازی رمز پویا حساب  /تأیید شماره موبایل  و نمایش شماره سریال ،  رمز پویای حسابی  بصورت  پیامکی فعال می شود . صادثی پری "
" رمز پویای خود را فعال کردم اما زمان انتقال وجه پایا از طریق همراه بانک اعلام میشود اطلاعات درگاه خود را اضافه کنید؟","انتقال وجه پایای نیاز به رمز پویای حسابی دارد لذا از منوی خدمات /خدمات رمز پویا /پویای حسابی / نسبت به فعالسازی رمز پویای حسابی اقدام فرمایید.( صادقی پری )"
"کارکرد پویا کارت  چیست ؟","برای استفاده از  کارت در همراه بانک و تراکنش های بیشتر از 100 هزار تومان حتما می بایست از پویا کارت استفاده نمود "
"نحوه فعالسازی  رمز پویا کارت  از همراه بانک چگونه است ؟","از گزینه خدمات , خدمات رمز پویا , رمز پویای کارت , فعالسازی رمز پویا , تایید شماره موبایل و نمایش شماره سریال و سپس کپی شماره سریال و پس از آن ورود به همراز و انتخاب درگاه کارت  و جاگذاری شماره سریال در همراز و ثبت شماره 16 رقمی کارت در قسمت مربوطه و ثبت  عنوان دلخواه و در نهایت مشاهده کلید فعالسازی و در نهایت زدن گزینه ثبت و تأیید  ( صادقی پری ) "
"در صورتی که مشتری تمایلی به نصب همراز نداشته باشد اما همراه بانک را برای فعالسازی پویا کارت انتخاب نماید چطور پویا کارت فعال می شود ؟","از گزینه خدمات , خدمات رمز پویا , رمز پویای کارت , فعالسازی رمز پویا , تایید شماره موبایل و نمایش شماره سریال/ پس از نمایش شماره سریال پویا کارت مشتری فعال می شود در این حالت مشتری در هنگام دریافت رمز پویا از همراه بانک باید گزینه هریم را استفاده نماید ( صادقی پری ) "
"نحوه  فعالسازی پویا برای گوشی های آیفون چگونه است ؟","از گزینه خدمات , خدمات رمز پویا , رمز پویای کارت , فعالسازی رمز پویا , تایید شماره موبایل و نمایش شماره سریال/ پس از نمایش شماره سریال پویا کارت مشتری فعال می شود در این حالت مشتری در هنگام دریافت رمز پویا از همراه بانک باید گزینه هریم را استفاده نماید ( صادقی پری ) "
"از نسخه تحت وب استفاده می کنم همرازم از کار افتاده  در زمان تراکنش خطا می دهد ؟","با توجه به عدم همخوانی همراز در گوشی های IOS  در زمان انجام تراکنش ها رمز پویا بصورت پیامکی ( از طریق سامانه هریم  ) ارسال می گردد.  "
"رمز پویای خود را از طریق همراه بانک تجارت فعال میکنم اما کد تایید را دریافت نمیکنم؟","اگر پیامک اعتبارسنجی برای فعالسازی پویا را دریافت نمی کنید  ممکن است در موارد ( خیلی کم )  سرشمارهTejaratbank در گوشی مشتری بلاک شده باشد ، لذا برای رفع مسدودی از لیسا سیاه گوشی خود  اقدامنماید . یا زمان فعالسازی همراه بانک  در شعبه شماره تلفن همراه  مشتری در سامانه ORM اشتباه ثبت شده است . راهنمایی : میتوان از پنل همراه بانک شماره مشتری را بررسی نمود . ( صادقی پری ) "
"در صورت عدم مشاهده کامل رمز چه اقدامی انجام می کردد ؟ ","با توجه به اینکه رمز 8 رقم می باشد باید فونت گوشی چک شود "
"در صورت دریافت خطای رمز صحیح نمی باشد در زمان انجام عملیات  در همراز باید چه اقدامی نماییم ؟","در صورتی که مشتری رمز خود را از هریم دریافت می کند ابتدا باید از ایشان سوال شود رمز راچند رقم وارد می کند چون ممکن است فونت گوشی مشتری بزرگ باشد و به جای  رمز پویای 8 رقمی , رمز پویا  6 رقم وارد نمایدو خطای رمز صحیح نیست را دریافت می کند در صورتی که رمز خود را از  همراز دریافت می کند  ساعت گوشی مشتری چک شود که با ساعت رسمی کشور یکسان باشد و اگر نبود حتما از قسمت تنظیمات ساعت /ساعت گوشی را به حالت خودکار بگذارد ولی در صورتی که ساعت گوشی هم  درست بود شماره کارت از همراز حذف , سپس فعالسازی پویا مجددا انجام شود .( صادقی پری )"
"رمز پویا را از همراز گرفتم ولی در هنگام انجام عملیات  ,  پیغام خطای رمز وارد شده بیش ازحد مجاز اشتباه است را دریافت میکنم؟","از روش مذکور اقدام نمایید: ابتدا  از همراز شماره کارت مربوطه را حذف نمایید و سپس از قسمت  خدمات /خدمات رمز پویا /رمز پویا کارتی /فعالسازی پویا /نسبت به فعالسازی مجدد  رمز پویا اقدام نمایید ( صادقی پری ) "
"از همراه بانک تا چه بازه ای  را می توان گردش حساب اخذ نمود؟","حداقل 10 و حداکثر 30 گردش را پس از انتخاب گزینه نمایش مشاهده نمود . درصورتیکه مشتری بیش از 30 گردش را خواستار باشد می بایست گزینه گردش حساب را انتخاب کند ، بازه زمانی را مشخص نماید ( 18 ماه اخیر , 300 گردش )  و پس از ثبت آدرس ایمیل صورتحساب به صورت فایل اکسل به آدرس ایمیل وارد شده ارسال خواهد شد . "
"دریافت گردش حساب با چه رمزی در همراه بانک امکان پذیر ست ؟","پویای حسابی "
"آیا می توان از شماره کارت صورتحساب دریافت کرد ؟ ","خیر , فقط شماره حساب گردش را نمایش می دهد و از کات فقط می توان موجودی دریافت کرد "
"ارائه سرویس  دریافت موجودی درهمراه بانک چند ثانیه می دباشد ؟","هر پنج ثانیه یکبار میسر می باشد "
"امکان دریافت صورتحساب شاپركي(ویژه دارندگان پایانه فروشگاهي) از همراه بانک وجود دارد ؟","وارد بخش گردش حساب شده و با انتخاب صورتحساب شاپرکی)پایانه فروشگاهی(، بر اساس شماره پایانه، بازه زمانی و حدود مبلغ، صورتحساب مورد نظر را از طریق آدرس ایمیل دریافت نماید."
"آیا در هنگام ثبت نام  همراه بانک پیش فرض انتقال وجه را میتوانم تغییر بدم ؟","بله - در زمان ثبت نام همراه بانک پیش فرض حداکثری بانک وجود دارد که نمی توان آن را افزایش داد فقط می توان آن را کاهش داد "
"تغییر سقف حساب از پیش فرض [0] به حالت غیر از پیش فرض [1] و عدم نمایش آن  در همراه بانک چگونه می باشد  ؟","به شعب بانک تجارت مراجعه نماید .و یبار ثبت نام همراه بانک راغیر فعال و سپس فعال نماید "
"سقف انتقال وجه پایا در همراه بانک چقدر است ؟ ","مبلغ قابل انتقال همراه بانک در تراکنش های پایا  روزانه تا 50 میلیون تومان  و حداکثر دو تراکنش تا سقف 100 میلیون تومان می باشد .  "
"برای انتقال وجه پایا  از کدام منوی همراه بانک باید اقدام نمود ؟","منوی حساب  , گزینه  پایا/ساتنا "
"انتقال وجه پایا از همراه بانک با چه رمزی انجام می شود ؟","پویا حساب "
"شماره مقصد برای انتقال وجه پایا باید چه شماره ای باشد ؟","شماره شبا بانک مقصد "
"آیا اتباع می توانند انتقال وجه پایا  از همراه بانک انجام دهند و چقدر ؟","بله /فقط 10 میلیون تومان  ( استعلام از اداره مبارزه با پولشویی , که این موضوع به دستور امنیت ملی به مدیرعامل بانک ها به صورت شفاهی بوده است لذا بخشنامه ای در این خصوص در دست نیست )"
"زمانبندی انتقال وجه پایا  از همراه بانک چگونه است ؟","چرخه های انتقال در سامانه پایا بدون تغییر و کماکان دارای چهار چرخه  3:45 بامداد، 10:45 صبح ، 13:45 و 18:45  می باشد.بخشنامه 2101 مورخ   1401/03/01"
"آیا می توان تراکنش پایا که در همراه بانک انجام شده است را بازیابی کرد ؟","بله از قسمت خدمات /سوابق تراکنش/انتقال وجه پایا /ساتنا   تراکنش مربوطه را بازیابی کرد و نام صاحب مقصد را نیز همان جا مشاهده نمود "
"تراکنش پایا از همراه بانک انجام داده ام اما همچنان  وضعیت تراکنش را در حال انجام نشان می دهد آیا تراکنش انجام نشده است ؟"," از قسمت خدمات , سوابق تراکنش را انتخاب کنید و پس از انتخاب تراکنش مورد نظر , گزینه استعلام وضعیت را بزنید تا وضعیت جدید را به شما نشان دهد "
" هنگام انجام تراکنش پایا  از همراه بانک  با پیغام  شماره حساب مبدا نا معتبر است  مواجه می شوم  ؟ "," شماره حساب را از پنل فرانگر چک می کنیم که نک حساب مشکلی نداشته باشد و نیز  شخص فاقد کد شهاب نباشد و  در صورت وجود اشکال در نک یا عدم وجود کد شهاب مشتری می بایست به شعبه خودش مراجعه نماید "
"از همراه بانک پایا انجام داده ام ، مشخصات صاحب حساب را چگونه پیدا نمایم ؟","پس از ورود به همراه بانک از قسمت خدمات ، گزینه  سوابق تراکنش را بررسی نمایید."
"مبلغی طی پایا  به حساب شخص دیگری واریز کردم امکان انتقال زودتر مقدور هست ؟","خیر .تراکنش های پایا مطابق زمانبدی دستور العمل ابلاغی انجام می گردد . "
"برای انتقال وجه پایا از همراه بانک پیغام[اطلاعات درگاه خود را وارد کنید] دریافت می گردد؟( این سوال تکراری است ) ","رمز پویا  حسابی در برنامه همراز فعال نیست . شرط انتقال وجه پایا و ساتنا از همراه بانک داشتن رمز پویای حسابی است "
"از همراه بانک  پایا  انجام دادم با وجود ناموفق بودن پول به حسابم برنگشته است ؟","در صورتی که از همراه بانک ناموفق بودن تراکنش مسلم شد , و پنل فرانگر چک شد و مشخص شد وجه به حساب مشتری عودت داده نشده است  شماره دایره ساتنا به مشتری اعلام شود .( صادقی پری ) "
"سقف انتقال وجه ساتنا در همراه بانک چقدر است ؟ ","در طول یک شبانه روز 100 میلیون تومان البته تراکنش های بالای 50 میلسون تومان تا سقف 100 میلیون تومان "
"برای انتقال وجه ساتنا از کدام منوی همراه بانک باید اقدام نمود ؟","منوی حساب  , گزینه  پایا/ساتنا "
"انتقال وجه ساتنا  از همراه بانک با چه رمزی انجام می شود ؟","پویا حساب "
"شماره مقصد برای انتقال وجه ساتنا باید چه شماره ای باشد ؟","شماره شبا بانک مقصد "
"آیا مشتریان اتباع می توانند در همراه بانک ساتنا انجام دهند ؟","خیر   ( استعلام از اداره مبارزه با پولشویی , که این موضوع به دستور امنیت ملی به مدیرعامل بانک ها به صورت شفاهی بوده است لذا بخشنامه ای در این خصوص در دست نیست )"
"زمان بندی  انتقال وجه ساتنا چگونه است ؟","از 7:30 صبح تا 14:15  بخشنامه 2101 مورخ   1401/03/01"
"ساعت 6 بعد ازظهر می خواهم از همراه بانک انتقال وجه دهم ولی ساتنا قطع شده است ؟","از 7:30 صبح تا 14:15  بخشنامه 2101 مورخ   1401/03/01"
"آیا می توان تراکنش ساتنا که در همراه بانک انجام شده است را بازیابی کرد ؟","بله از قسمت خدمات /سوابق تراکنش/انتقال وجه پایا /ساتنا   تراکنش مربوطه را بازیابی کرد و نام صاحب مقصد را نیز همان جا مشاهده نمود "
" هنگام انجام تراکنش  ساتنا از همراه بانک  با پیغام  شماره حساب مبدا نا معتبر است  مواجه می شوم  ؟ "," شماره حساب را از پنل فرانگر چک می کنیم که نک حساب مشکلی نداشته باشد و نیز  شخص فاقد کد شهاب نباشد و  در صورت وجود اشکال در نک یا عدم وجود کد شهاب مشتری می بایست به شعبه خودش مراجعه نماید. "
"ساعت 7:45  صبح مبلغی به حسابم از طریق  ساتنا  بوسیله همراه بانک انتقال یافته  ولی به حساب من  واریز نشده است ؟","در صورتی که حساب مقصد تجارت باشد می توانیم از فرانگر چک کنیم که آیا وجه واریز شده است یا نه و در صورت عدم واریز می بایست صاحب حساب تجارت  با دریافت شماره ارجاع از واریز کننده ,  از واحد ساتنا پیگیری کند /در صورتی که مقصد غیر از تجارت باشد چون صاحب حساب تجارت نیست ما اجازه بررسی حسابی که از آن برای مشتری ساتنا شده است را نداریم و باید ایشان را راهنمایی کنیم که از شخص واریز کننده , شماره ارجاع ساتنا دریافت و سپس ابتدا با ساتنا تجارت و سپس با ساتنا  مقصد تماس بگیرد . ( صادقی پری ) "
"برای انتقال وجه ساتنا از همراه بانک پیغام[اطلاعات درگاه خود را وارد کنید] دریافت می گردد؟( این سوال تکراری است ) ","رمز پویا  حسابی در برنامه همراز فعال نیست . شرط انتقال وجه ساتنا از همراه بانک داشتن رمز پویای حسابی است "
"از همراه بانک  ساتنا  انجام دادم با وجود ناموفق بودن پول به حسابم برنگشته است ؟","در صورتی که از همراه بانک ناموفق بودن تراکنش مسلم شد , و پنل فرانگر چک شد و مشخص شد وجه به حساب مشتری عودت داده نشده است  شماره دایره ساتنا به مشتری اعلام شود .( صادقی پری ) "
"سقف انتقال وجه حساب به حساب  تجارت در همراه بانک چقدر است ؟ ","100 میلیون تومان در طول یک شبانه روز "
" انتقال وجه حساب به حساب تجارت  در چه صورتی نامحدود است ؟","در صورتی که حساب مبدأ و مقصد برای همان شخص باشد "
" مشتری در زمان انتقال وجه حساب به حساب  تجارت  از همراه بانک  بیش از 5 میلیون تومان نمی تواند انتقال دهد ؟ ","ادر صورتی که مشتری از حساب خود برای انتقال وجه استفاده می کند ابتدا باید از پنل فرانگر چک کنیم jتا سقف انتقال پر نشده باشد و در صورتی که سقف پر نشده بود , سقف روزانه مشتری را   از پنل همراه بانک از قسمت جزئیات /گزینه لیست حساب ها و کارتها  بررسی کرده و مجددا  گزینه جزئیات را زده و سقف انتقال وجه روزانه مشتری را چک کنیم در حالت عادی باید سقف عدد 0 باشد در صورتی  که عدد 1 باشد می بایست به مشتری اعلام کنیم به یکی از شعب مراجعه نموده  و مجددا ثبت نام همراه بانک برای ایشان ایجاد گردد .لذاباید به شعبه مراجعه نماید تا سقف محدودیت  اصلاح گردد..صادقی پری "
"برای انتقال وجه حساب به حساب تجارت  از کدام منوی همراه بانک باید اقدام نمود ؟","منوی حساب  , گزینه  تجارت "
"انتقال وجه حساب به حساب تجارت  از همراه بانک با چه رمزی انجام می شود ؟","پویا حساب "
"آیا  برای انتقال وجه داخلی ( حساب به حساب  بانک تجارت ) می توان از رمز ورود به همراه بانک استفاده کرد ؟","خیر . رمز انتقال وجه داخلی از گزینه خدمات /خدمات پویا / رمز پویای حسابی  قابل اختصاص می باشد . "
"زمانبندی انتقال وجه حساب به حساب تجارت  چگونه است ؟","در هر لحظه از شبانه روز به صورت آنی انجام می شود ."
"شماره مقصد برای انتقال وجه حساب به حساب تجارت  باید چه شماره ای باشد ؟","شماره حساب تجارت "
"آیا می توان تراکنش  کارت به کارت  که در همراه بانک انجام شده است را بازیابی کرد ؟","بله از قسمت خدمات /سوابق تراکنش / گزینه انتقال وجه تجارت / تراکنش انتقال وجه شتابی را بازیابی نمود شایان ذکر است نام صاحب حساب  مقصد در همان جا قابل مشاهده است  .صادقی پری "
"آیا مشتریان اتباع می توانند انتقال وجه حساب به حساب تجارت انجام دهند ؟ ","بله"
"قصد انجام حساب به حساب از قسمت شتابی همراه بانک دارم ؟ ولی نمیتوانم ؟","در حال حاضر از قسمت شتابی تنها امکان کارت به کارت  و خرید شارژ و پرداخت قبوض از محل کارت  امکانپذیر می باشد "
"سقف انتقال وجه کارت به کارت در همراه بانک چقدر است ؟ ","10 میلیون تومان در هر شبانه روز "
"مشتری در زمان انتقال وجه از همراه بانک  بیش از 5 میلیون تومان نمی تواند انتقال دهد ؟ ","در صورتی که مشتری از کارت خود انتقال وجه را انجام می دهد می باییست ابتدا از پنل فرانگر تراکنش های مشتری چک شود که احیانا سقف مجاز ایشان پر نشده باشد و همچنین سقف انتقال وجه شتابی از هر درگاهی ( همراه بانک / اینترنتی بانک /خودپرداز ) 10 میلیون تومان می باشد که در مجموع مشتری 30 میلیون روزانه می تواند از کارت تجارت انتقال انجام دهد .در صورتی که سقف مشتری پر نشده باشد و موجودی مشتری نیز کافی باشد می بایست از اداره کارت و خدمات نوین ,  کارت مشتری ادر سامانه مانا بررسی  .صادقی پری ( استعلام از هر درگاهی , جناب آقای شایگان اداره کارت و خدمات نوین ) "
"برای انتقال وجه کارت به کارت  از کدام منوی همراه بانک باید اقدام نمود ؟","منوی کارت "
"انتقال وجه کارت به کارت از همراه بانک با چه رمزی انجام می شود ؟","رمز دوم ثابت برای تراکنش های کمتر از 100 هزار تومان و رمز پویا کارت  برای تراکنش های بیشتر  از 100 هزار تومان "
"شماره مقصد برای انتقال وجه کارت به کارت  باید چه شماره ای باشد ؟","شماره 16 رقمی کارت مقصد "
"آیا می توان به تمامی کارت های سایر بانک ها انتقال وجه انجام داد ؟","بله در صورتی که کارت مورد نظر در شبکه شتاب باشد مشکلی وجود ندارد . "
"آیا اتباع می توانند انتقال وجه کارت به کارت   از همراه بانک انجام دهند و چقدر ؟","بله /10 میلیون تومان "
"زمانبندی انتقال وجه کارت به کارت   چگونه است ؟","به صورت آنی است "
"آیا می توان تراکنش  کارت به کارت  که در همراه بانک انجام شده است را بازیابی کرد ؟","بله از قسمت خدمات /سوابق تراکنش / گزینه انتقال وجه کارت/ تراکنش انتقال وجه شتابی را بازیابی نمود شایان ذکر است نام صاحب کارت مقصد در همان جا قابل مشاهده است  .صادقی پری "
"از همراه بانک کارت به کارت انجام دادم با وجود ناموفق بودن پول به حسابم برنگشته است ؟","ابتدا از پنل همراه بانک ناموفق بودن تراکنش را بررسی می کنیم و سپس در صورت ناموفق بودن پنل فرانگر ار چک می کنیم , در صورتی که وجه عودت داده نشده بود به مشتری اعلام می شود طی 72 ساعت به حساب مشتری عودت داده می شود , و در صورتی که 72 ساعت سپری شده و وجه عودت داده نشده است  , تماس را به تاتا ارجاع می دهیم . ( صادقی پری ) "
"موقع انتقال وجه کارت به کارت  از همراه بانک  خطای اطلاعات درگاه خود را وارد نمایید  مشاهده می گردد ، علی رغم فعال سازی قبلی  رمز پویا  روش حل مشکل چگونه می باشد ؟","شما کارتی را به عنوان مبدا انتخاب کرده اید که رمز پویا آن فعال نیست لذا مبدا را شماره کارتی قرار دهید که پویا آن فعال شده است و یا پویا کارت مورد نظر را گزینه خدمات /خدمات رمز پویا /پویا کارت /ففعالسازی نسبت به فعالسازی رمز پویا کارتی اقدام نمایید ."
"انتقال وجه کارت به کارت از همراه بانک  انجام می دهم خطای طول شماره حساب مقصد نامعتبر است ؟","شما از قسمت کارت استفاده میکنید  ولی مقصد را حساب وارد می کنید  در صورتی که باید شماره کارت را وارد نمائید "
"زمان انتقال وجه با کارت در همراه بانک  پیغام اطلاعات مربوط به کارت صحیح
نمیباشد مواجه میشوم"," با انتخالب گزینه جزئیات / ویرایش نسبت به تغییر و اصلاح اطلاعات قبلی اقدام و cvv2  و تاریخ انقضا کارت خود را در همراه بانک تغییر می دهیم ."
"چگونه می توانم سرویس پیامک لحظه ای را فعال کنم؟"," از طریق برنامه همراه بانک ابتدا می بایست رمز پویای حسابی را فعال نمود سپس  منوی حسابها ،جزییات ،فعالسازی پیامک لحظه‌ای انجام شود."
"در صورتی که مشتری ادعا کند پیامک لحظه ای ایشان که از همراه بانک فعال شده است غیر فعال شده است راه حل چیست ؟  ","  ابتدا باید در پنل رهیاب با ورود شماره حساب مشتری ، شماره موبایلی را که برای آن حساب تعریف شده است را حتما بررسی نمود ، ممکن است شماره موبایلی که در شعبه تعریف شده با شماره موبایل مشتری یکی نباشد در اینصورت باید مشتری را راهنمایی کنیم یا از شعبه و یا از همراه بانک نسبت به فعالسازی مجدد پیامک خود اقدام نماید  و سپس تاریخ انقضا کارمزد مشتری را چک نموده و در صورت منقضی شدن می بایست مشتری را راهنمایی کنیم از قسمت حساب ها , جزئیات و پیامک لحظه ای نسبت به فعال سازی پیامک خود اقدام نماید در صورتیکه همه موارد بالا مشکلی نداشت  ,  در قسمت ارسال های جاری و قدیمی بررسی مینماییم آیا پیامک مورد نظر مشتری تولید و ارسال می شود  یا خیر . جهت اطمینان این موضع تراکنش را در سامانه فرانگر بررسی می نماییم در صورت اطمینان مجددا به رهیاب مراجعه و رنگ تراکنش ( سبز - زرد - قرمز ) را بررسی می نماییم  . ( تراکنش رنگ سبز به مفهوم اینست که تراکنش از سوی بانک انجام و مخابرات نیز آنرا برای مشتری ارسال نموده است .  مفهوم تراکنش رنگ زرد : گوشی مشتری در حالت پرواز یا خاموش بوده یا آنتن آن موجود نبوده و مخابرات نیز نتوانسته آنرا ارسال نماید . در صورت تراکنش قرمز مشکل مربوط به خط مشتری می باشدو حتما باید گوشی خود را خاموش و روشن کند و تراکنش مشکی مربوط به اپراتور خط مربوطه می باشد که می بایست مشتریان با اپراتور خود تماس بگیرند .شایان ذکر است در صورتی که  تراکنش ایجاد شده باشد اما پیامک آن تولید نشده باشد می بایست به شرکت تاتا تماس رار ارجاع داد .( صادقی  پری ) "
"به چند روش می توان از همراه بانک شارژ  خریداری نمود ؟","روش کد شارژ و شارژ مستقیم / شارژ خودکار "
"از کدام منوی همراه بانک می توان شارژ و بسته خریداری کرد ؟","کارت و حساب "
"ایا می توان از همراه بانک تجارت برای سایر افراد نیز شارژ یا بسته اینترنتی دریافت کرد ؟","بله از قسمت خدمات - خرید شارژ  بصورت مستقیم با انتخاب  شماره تلفن همراه قابل انجام می باشد . "
"در منوی حساب کاربری ، تنظیمات ، گزینه تکانک به چه منظوری می باشد ؟ ","هنگامیکه این گزینه فعالسازی شده باشد به محض ورود می بایست گوشی را تکان دهند و مستقیما به صفحه تهیه شارژ وارد می شود ."
"آیا می توان تراکنش  خرید شارژ و بسته را  که در همراه بانک انجام شده است را بازیابی کرد ؟","بله از قسمت خدمات /سوابق تراکنش/خرید شارژ یا بسته  را بازیابی نمود شایان ذکر است شماره موبایل خرید شارژ مستقیم و بسته اینترنتی در سوابق تراکنش درج شده است .همچنین موفق و ناموفق بودن را نیز می توان همان جا مشاهده نمود .صادقی پری "
"از طریق  همراه بانک بسته اینترنتی و شارژ خریداری کردم ولی اعمال نشده است ؟","ابتدا از پنل همراه بانک تراکنش را بررسی می کنیم  در صورت موفق بودن  و در صورتیکه شارژ مستقیم و یا بسته اینترنتی  باشد ابتدا باید شماره موبایلی که مشتری برای آن شارژ تهیه کرده است  چک شود اگر شماره موبایل نادرست بود باید به مشتری اعلام شود که شماره موبایل را اشتباه وارد کرده است اما در برخی موارد تراکنش موفق است ( باگ همراه بانک )  و شماره موبایل هم درست است اما سیم کارت مشتری شارژ نشده است  جواب به مشتری اینست که طی 72ساعت آینده به حساب مشتری عودت داده می شود که پیامک واریز وجه هم برای مشتری ارسال نمی شود ایشان با دریافت صورتحساب می تواند نسبت به عودت وجه مطلع شود . اگر بیش  از سه  روز وجه واریز نشد ,  مشتری را به شرکت تاتا ارجاع می دهیم .گاهی تراکنش ناموفق است که باز هم طی 72ساعت آینده به حساب ایشان عودت داده می شود .ضمنا حتما باید پنل فرانگر برای عودت وجه چک شود و اگر به حساب عودت داده نشده بود بفرمایید 72 ساعت بعد و اگر بعد از 72نیز وجه واریز نشد تماس به تاتا ارجاع داده می شود .  ( صادقی پری ) "
"آیا در همراه بانک گزینه پرداخت اقساط وجود دارد ؟","خیر / گزینه مدیریت اقساط وجود دارد ."
"گزینه مدیریت اقساط در کدام منوی همراه می باشد ؟","منوی خدمات "
"گزینه مدیریت اقساط در همراه بانک چه کارکردی دارد؟ ","گزینه مدیریت اقساط  فقط جهت ثبت یاد آوری اقساط توسط مشتری می باشد "
"با توجه به اینکه در همراه بانک گزینه پرداخت اقساط وجود دندارد چطور می توان  اقساط بانک تجارت و سایر بانک ها  را پرداخت کرد ؟","می توان از یک حساب تعریف شده در همراه بانک به حساب تسهیلات در بانک تجارت  انتقال وجه داد یعنی از گزینه  انتقال وجه استفاده کرد . و یا حتی اگر اقساط مربوط به بانک های دیگر باشد نیز در صورتیکه مشتری کارت یا حساب  تعریف شده در همراه بانک داشته باشد می تواند مبلغ اقساط  را کارت به کارت و یا پایا/ساتنا  نماید .( صادقی پری ) "
"پرداخت قبض از همراه بانک به چند روش امکان پذیر است ؟","با شناسه قبض و شناسه پرداخت /بارکد خوان , قبض پیامکی "
"قبوض همراه بانک را چطور از طریق همراه بانک میتوانم پرداخت نمایم ؟ ","مبلغ قبوض از منوی اصلی حساب ها ( با رمز پویا حساب )  و کارتها  ( رمز پویا کارت )  و سپس انتخاب گزینه پرداخت قبوض و اسکن بارکد یا درج  شناسه پرداخت  و یا قبض پیامکی قابل پرداخت می باشد. "
"قبض همراه اول را با همراه بانک واریز نموده ام ،تراکنش موفق بوده ولی عدم پرداخت قبض  پیامک شده ؟","باید ابتدا پنل همراه بانک , تراکنش چک شود در صورتی که موفق باشد  , پرداخت انجام شده است و مشتری می بایست با اپراتور خود تماس بگیرد اما در صورت ناموفق بودن و عدم عودت وجه ( چک کردن از طریق فرانگر )  به مشتری اعلام شود طی 72 ساعت به حساب ایشان عودت داده می شود و در صورت عدم واریز وجه  بعد از 72 ساعت ه"
"چگونه میتوانم از طریق همراه بانک کارتم را مسدودکنم؟","از قسمت کارت ها /جزئیات / مسدودی کارت "
"گزینه درخواست وجه در منوی اصلی حساب درهمراه بانک چه خدماتی دارد  ؟","با استفاده از اين سرويس كاربر مي تواند در هر زمان، براي شخص يا گروهي از اشخاص كه قبلاً در سامانه همراه بانك تجارت از سوي وي تعريف شده باشد، درخواست وجه را براي بازه زماني مشخص ارسال نمايد. گزينه هاي سرويس درخواست وجه شامل موارد ذيل مي باشد: الف - براي ارسال كننده درخواست: ايجاد درخواست وجه  حذف درخواست وجه  ب - براي دريافت كننده درخواست: پذيرش درخواست وجه  رد درخواست  توجه: زمان اعتبار هر درخواست به صورت پيش فرض، روزانه مي باشد و تا سقف 30 روز نيز قابل تمديد است."
"گزینه خدمات خودرو در منوی اصلی حساب درهمراه بانک چه خدماتی دارد  ؟","از طریق این منو استعلام عوارض جاده ای خودرو  با استفاده ثبت مشخصات شامل نام و شناسه یکتای خودرو ( vin ) قابل مشاهده می باشد "
"امکانات منوی نیکوکاری درهمراه بانک چیست ؟ "," شخص با استفاده از این منو میتواند سازمان هایی که در این بخش تعریف شده است وجه واریز به حساب انجام دهد . "
"گزینه خدمات چک در کدام منو همراه بانک است ؟","منوی خدمات"
"منوی خدمات چک شامل چه گزینه هایی می باشد ؟","چک کاغذی /چک دیجیتال "
"گزینه چک کاغذی شامل چه گزینه هایی می باشد ؟","ثبت صدور چک /تایید و دریافت /لغو  دریافت چک /انتقال چک /عودت چک   ب : استعلام چک /سوابق عملیات چک /درخواست غیر حضوری دسته چک /استعلام چک صادر شده از سامانه صیاد /استعلام زنجیره انتقال چک                      ج : وضعیت چک واگذار شده به حساب /استعلام زنجیره انتقال چک "
"گزینه صدور چک چه کاری انجام می دهد ؟","مربوط به صادر کننده چک می باشد و  می تواند از این گزینه چکی را به نفع شخص دیگری صادر نماید "
"آیا می توان به نفع اتباع چک صادر کرد ؟","بله /با استفاده از شناسه فراگیر اتباع می توان به نفع ایشان چک صادر کرد "
"آآیا برای ثبت چک نیاز به رمز پویای حسابی داریم ؟","خیر / رمز 6 رقمی یک بار مصرف برای شماره همراه مشتری ارسال می شود ."
"گزینه تأییید و لغو چک چه کاری انجام می دهد ؟","مربوط به ذینع چک می باشد .از این گزینه ذینفع چک می تواند چک را تأیید و یا رد نماید ."
"آآیا برای تأیید چک نیاز به رمز پویای حسابی داریم ؟","خیر / رمز 6 رقمی یک بار مصرف برای شماره همراه مشتری ارسال می شود ."
"گزینه عودت چک چه کاری انجام می دهد ؟","این گزینه مربوط به زمانی است که  چک توسط ذینفع تایید شود و یا به شخص دیگری انتقال یابد در صورتی که کاربر بخواهد چک به ذینفع قبلی انتقال پیدا کند می بایست از این گزینه استفاده نماید."
"گزینه های استعلام چک  چه کاری انجام می دهند ؟ ","از این گزینه  ها ذینفع و صادر کننده می توانند با  شماره 16 رقمی صیادی نسبت به  مشاهده جزئیات چک  اقدام نمایند ."
"در صورت بروز هر گونه خطا در فرآیند ثبت چک از طریق  همراه بانک چه اقدامی صورت می پذیرد ؟ ","مراتب از طریق تاتا پیگیری گردد . "
"چک دیجیتال چیست؟","چک دیجیتال نوع جدیدی از چک است که سرعت، دقت و امنیت بیشتری در عملکرد و نقدشوندگی نسبت به چک‌های کاغذی دارد و تمام قوانین چک کاغذی برای آن قابل اجراست و با یک امضای الکترونیکی اعتبار پیدا می‌کند؛ این سامانه با هدف ایجاد بستری برای ارائه چک امن دیجیتال و رفع مخاطرات احتمالی چک‌های کاغذی راه‌اندازی شده است و امکان مدیریت و نظارت آنلاین مبادله چک را برای شبکه بانکی و بانک مرکزی فراهم می‌کند    بخشنامه 6302    1401/12/22"
"آیا چک دیجیتال به صورت کاغذی می باشد ؟","خیر - چک دیجیتال بر اساس یک رکورد داده اطلاعاتی بوده و مبتنی بر تصویر چک نمی باشد .بخشنامه 6701 مورخ : 1401/12/22"
"مشخصات چک های دیجیتال چگونه است ؟","الف :چک دیجیتال مشابه چک های عادی ، دارای شناسه صیادی منحصر بفرد می باشد که در صورت احرازشرایط صدور دسته چک از سوی سامانه صیاد بانک مرکزی به هر برگه چک اختصاص می یابد. ب : سری و سریال دسته چک دیجیتال در زمان اختصاص دسته چک به مشتری، به صورت مجازی توسط سامانه جامع چک تولید و به هر یک از شناسه های صیادی برگه چکهای دیجیتال اختصاص می یابد6701 مورخ : 1401/12/22"
"مزایای چک دیجیتال جیست ؟","از مزایای چک دیجیتال می‌توان به سرعت زیاد در ثبت و پردازش، عدم نیاز به ارسال نسخه فیزیکی چک، امنیت بالا و عدم امکان سرقت یا تحریف چک، عدم امکان تغییر در برگ چک الکترونیکی، صرفه‌جویی در مصرف کاغذ، اطلاع‌رسانی از وضعیت نقل و انتقالات چک و مطلع شدن صاحب چک بعد از پرداخت وجه، حذف مراحل زمان‌گیر مثل جابه‌جایی، دسته‌بندی و حسابداری چک‌ها، هزینه عملیاتی پایین و امکان جایگزینی در تمامی معاملات اشاره کرد"
"سامانه چک دیجیتال چه امکاناتی دارد ؟ ","سرویس های مربوط به سامانه چک دیچیتال شامل فعال سازی و بروزرسانی پروفایل، غیرفعال سازی ، استعلام وضعیت پروفایل مشتری ، درخواست دسته چک دیجیتال، صدور، انتقال، مسدودی /رفع مسدودی  ، استعلام، ابطال و عودت چک بوده و در حال حاضر از طریق سامانه همراه بانک قابل انجام می باشد"
"گزینه فعالسازی و بروزرسانی در سامانه چکاد در همراه بانک چه کارکردی دارد ؟","فعالسازی /بروزرساني در سامانه چکاد: برای استفاده از سرویس های چک دیجیتال، لازم است مشتریاقدام نماید. متعاقب » فعالسازی /بروزرساني در سامانه چکاد « نسبت به فعال سازی آن با انتخاب گزینه فعال سازی سرویس مذکور در همراه بانک، مشتری می باید با مراجعه به کارتابل امضا ها در اپلیکیشن هامون، نسبت به تأیید)ذیرش آن اقدام نماید"
"گزینه غیر فعالسازی  در سامانه چکاد در همراه بانک چه کارکردی دارد ؟","غیر فعال سازی: با انتخاب این گزینه، سرویس های سامانه چکاد برای کاربر غیر فعال می گردد."
"گزینه استعلام وضعیت پروفایل مشتری در سامانه چکاد چه کارکردی دارد ؟","استعلام وضعیت پروفایل مشتری: با انتخاب این گزینه کاربر می تواند فعال /غیر فعال بودن پروفایل خود را در سامانه مزبور مشاهده نماید."
"گزینه درخواست دسته چک  در سامانه چکاد چه کارکردی دارد ؟","با انتخاب این گزینه، تعیین شماره حساب، تعداد برگ های دسته چک و ارسال کد تأیید پیامکی، درخواست مشتری جهت صدور دسته چک دیجیتال به شعبه صاحب حساب ارسال می گردد. در خواست های دسته چک دیجیتال از طریق سامانه جامع مدیریت چک در شعب بانک قابل مشاهده می باشد. شعب بانک می باید پس از بررسی و کنترل های لازم، سریال صیاد از بانک مرکزی)درصورتی که 80 % برگه های دسته چک قبلی مشتری در سامانه های بانک مرکزی ثبت و تائیدشده باشد و یا اینکه دسته چک قبلی مشتری از نوع دسته چک های قدیمی بوده و متعلق به قبل از سال 1400 باشد( دریافت و دسته چک مزبور را برای مشتری صادر نمایند"
"برای استفاده از سرویس چک دیجیتال در همراه بانک مشتری چه کاری باید انجام دهد ؟","الف یکی از پیش نیازهای اصلی در ثبت چک دیجیتال در سامانه چکاد، اخذ گواهی بانک مرکزی )در حال حاضر اپلیکیشن هامون( » نماد « امضای الکترونیک در سامانه امضای دیجیتالمی باشد. برای اخذ گواهی امضای دیجیتال کاربران می توانند اپلیکیشن مزبور را از طریق پورتال بانک یا مارکت های اندرویدی مانند کافه بازار دریافت نمایند.                                                                      ب: فعالسازی /بروزرساني در سامانه چکاد: برای استفاده از سرویس های چک دیجیتال، لازم است مشتری اقدام نماید. متعاقب » فعالسازی /بروزرساني در سامانه چکاد « نسبت به فعال سازی آن با انتخاب گزینه فعال سازی سرویس مذکور در همراه بانک، مشتری می باید با مراجعه به کارتابل امضا ها در اپلیکیشن هامون، نسبت به تأییدپذیرشآن اقدام نماید.                 "
"گزینه درخواست دسته چک  در سامانه چکاد چه کارکردی دارد ؟","با انتخاب این گزینه، تعیین شماره حساب، تعداد برگ های دسته چک و ارسال کد تأیید پیامکی، درخواست مشتری جهت صدور دسته چک دیجیتال به شعبه صاحب حساب ارسال می گردد. در خواست های دسته چک دیجیتال از طریق سامانه جامع مدیریت چک در شعب بانک قابل مشاهده می باشد. شعب بانک می باید پس از بررسی و کنترل های لازم، سریال صیاد از بانک مرکزی)درصورتی که 80 % برگه های دسته چک قبلی مشتری در سامانه های بانک مرکزی ثبت و تائیدشده باشد و یا اینکه دسته چک قبلی مشتری از نوع دسته چک های قدیمی بوده و متعلق به قبل از سال 1400 باشد( دریافت و دسته چک مزبور را برای مشتری صادر نمایند"
"گزینه اانسداد و رفع انسداد در سامانه صیاد چه کارکردی دارد ؟","کاربر از طریق این گزینه می تواند نسبت به انسداد /رفع انسداد چک های خود مشابه درخواست حضوری در شعب)حداکثر هفت روز کاری(، اقدام نماید. پس از گذشت زمان مذکور در صورتی که کاربر فاقد دلیل قانونی / قضایی باشد چک مزبور رفع مسدودی می گردد )در حال حاضر این سرویس فعال نمی باشد."
"گزینه ابطال چک در سامانه چکاد چه کارکردی دارد ؟","درصورتی که چک صادره درکارتابل چک های کاربر)صاحب حساب(، باشد کاربر با انتخاب گزینه مزبور و ورود شناسه صیاد چک مورد نظر می تواند چک مزبور را ابطال نماید."
" گزینه عملیات ضمانت چک در سامانه  چکاد چه کارکردی دارد ؟","با استفاده از این سرویس صادر کننده، یا دارنده چک می تواند از مشخصات ضامنین و وضعیت ضمانت نمودن آنها مطلع شود(درحال حاضر این سرویس فعال نمی باشد)"
"گزینه سوابق چک های ثبت شده در سامانه صیاد چه کارکردی دارد ؟","با انتخاب بازه زمانی) حداکثرسه ماهه( در گزینه مزبور امکان مشاهده چک های صادره شده وجود دارد"
"گزینه استعلام مشخصات چک دیجیتال در سامانه چکاد چه کارکردی دارد ؟","پس از وارد کردن شناسه 16 رقمی چک صیاد مشخصات چک مورد نظر قابل مشاهده می باشد."
"امکان تبادل چکهای دیجیتال طریق سامانه چکاوک با سایر بانکها وجود دارد ؟ ",
"در حال حاضر امکان  استفاده از خدمات چک دیجیتال از کدام درگاه بانک تجارت امکان پذیر است ؟","درگاه همراه بانک "
"روش صدور چک دیجیتال چگونه می باشد ؟ "," با نصب همراه بانک تجارت، نصب و فعالسازی برنامه «هامون» جهت ثبت امضای الکترونیکی و همچنین داشتن یک حساب جاری امکان ثبت چک دیجیتال برای مشتری فراهم می شود . لذا مشتری می بایست به  برنامه همراه بانک وارد شده  و گزینه خدمات /خدمات چک /چک الکترونیک /فعالسازی و بروزرسانی در سامانه چکاد نسبت به فعال سازی این خدمت اقدام نمایدو سپس با انتخاب گزینه صدور چک کلیه برگ های خام چک الکترونیک برای مشتری قابل مشاهده می باشد .  برای صدور چک الکترونیک کاربر می باید ابتدا یکی از برگ های صادر نشده خود را انتخاب ونسبت به ورود مشخصات چک مشابه چک های فیزیکی)مبلغ، تاریخ سررسید، تعیین ذینفع و... اقدام نماید.تکمیل فرایند ثبت چک، منوطه مراجعه به کارتابل امضا ها در اپلیکیشن هامون و تأیید پذیرش آن می باشد.         "
"شرط صدور چک دیجیتال از همراه بانک تجارت چیست ؟ ","دانلود برنامه هامون جهت ثبت امضای الکترونیکی   و دریافت امضای الکترونیکی "
"آیا امکان صدور چک دیجیتال در وجه ذینفع حقیقی ، حقوقی  وجود دارد.؟","بله "
"آیا امکان صدور چک دیجیتال در وجه ذینفع حسابهای مشترک حقیقی و حقوقی  مشترک وجود دارد؟ .","بله "
"آیا برای صدور دسته چک دیجیتال ، نیاز به رمز پویا حسابی می باشد ؟  ","خیر /یک کد شش رقمی برای شماره همراه مشتری ارسال می شود ."
"آیا  قوانین و مقررات حاکم بر چک فیزیکی شامل چک دیجیتال نیز می باشد ؟ ","بله -کلیه قوانین و مقررات حاکم بر چک فیزیکی )بجز موارد مرتبط با فیزیک چک( شامل چک دیجیتال نیزمی گردد. در اینخصوص فرایند های پاس ، صدور برگشتی ، رفع سوء اثر ، مسدودی و .... مشابه فرایندهای چک کاغذی می باشد."
"جهت  وصول چک دیجیتال چگونه اقدام می نماییم ؟ ","جهت نقد نمودن چک دیجیتال ذینفع می تواند به یکی از شعب بانک ها  ( جهت واگذاری ) و یا شعب تجارت ( وصول نقدی  و در صورت داشتن حساب واگذاری ) مراجعه نماید و یا در صورت داشتن حساب در بانک تجارت از طریق موبایل بانک تجارت با انتخاب گزینه نقد کردن و یکی از شماره حساب های خود، می تواند چک دیجیتال دریافت شده را به حساب تعیین شده واریز نماید.)در حال حاضرفقط برای چک های داخلی امکانپذیر می باشد"
"آیا  داشتن امضای دیجیتال برای ذینفع چک ,  جهت نقد کردن  الزامی است ؟","خیر "
"در صورتی که ذینفع ,  حسابی غیر از بانک  تجارت داشته باشد و به سایر بانک ها  برای وصول چک  مراجعه کند  ,  آیا  نقد کردن چک امکان پذیر است ؟","بله طبق اصلاحات صورت پذیرفته توسط بانک مرکزی ، امکان واگذاری چک دیجیتال از طریق سیستم کلرینگ فراهم گردیده است لذا درصورت درخواست مشتری جهت واگذاری چک دیجیتال عهده سایربانکها ، شعب می باید طبق روال واگذاری چکهای کاغذی اقدام به ارسال چک مزبور در سامانه چکاوک نمایند. بخشنامه 2301 مورخ 1401/2/13"
"مشتری که  حساب در بانک تجارت ندارد آیا می تواند به یکی از شعب تجارت برای وصول چک دیجیتال تجارت مراجعه کند ؟ ","بله / در حال حاضر بدون حساب هم می توان چک دیجیتال را نقد کرد ."
"آیا , لزومی به تأیید /عدم تأیید چک توسط دریافت کننده (ذینفع) می باشد ؟ ","خیر - بصورت پیش فرض تأیید و پس از صدور در کارتابل گیرنده چک قرار می گیرد."
"پس از صدور چک دیجیتال ، ذینفع چک می تواند از صحت اطلاعات و نهایی شدن صدور چک دیجیتال مطلع شود.؟ ","با استفاده از سرویس استعلام از صحت اطلاعات و نهایی شدن صدور چک دیجیتال مطلع شود."
"شرایط اخذ /نقد کردن /انتقال و عودت چک دیجیتال چگونه می باشد ؟ ","در این سرویس مشتری می تواند کلیه چک های دیجیتالی دریافتی که به عنوان ذینفع چک می باشد را مشاهده نماید. با انتخاب چک موردنظر امکان نقد کردن، انتقال و عودت چک فراهم می باشد. و با انتخاب گزینه نقد کردن و یکی از شماره حساب های خود، می تواند چک دیجیتال دریافت شده را به حساب تعیین شده واریز نماید.)در حال حاضرفقط برای چک های داخلی امکانپذیر می باشد. توجه 1 : هر یک از سرویس های نقد کردن یا انتقال /عودت چک دیجیتال نیازی به تأیید امضای دیجیتال در اپلیکیشن هامون ندارد. توجه 2 : امکان نقد کردن حضوری با مراجعه به شعب بانک ها ( جهت واگذاری ) و شعب بانک تجارت ( وصول نقدی یا واگذاری )  پیاده سازی شده است "
"آیا  داشتن امضای دیجیتال برای ذینفع چک جهت انتقال ، عودت  الزامی می باشد ؟ ","خیر "
"قوانین صدور دسته چک دیجیتال چگونه است ؟","در زمان اختصاص دسته چک دیجیتال، کلیه کنترل های مربوط به عدم سابقه چک برگشتی، بدهی غیر جاری، تعیین تکلیف % 80 از برگه های آخرین دسته چک )مطابق رویه تعیین شده طی بخشنامه 10مورخ 9 / 6 / 1400 برای دسته چکهای بنفش رنگ( و ... مشابه فرایند صدور چک کاغذی، توسط سامانه صیاد صورت می پذیرد"
"در حال حاضر فرآیند اجرایی صدور دسته چک دیجیتال چگونه است ؟","ارائه دسته چک دیجیتال با لحاظ بازگشت 80 درصد از برگه های آخرین دسته چک دیجیتال وی صورت پذیرفته و منفک از وضعیت برگه های دسته چک کاغذی قبلی وی خواهد بود"
"درحال حاضر دسته چک های دیجیتال  چند برگی است ؟ ","ده ( 10 ) برگی است "
"قبلا دسته چک کاغذی داشتم آیا  در زمان درخواست جدید میتوانم دسته چک دیجیتال بگیرم ؟ ","بله- انتخاب نوع دسته چک بر اساس انتخاب مشتری می باشد . "
"آیا برای صدور دسته چک دیجیتال ، کارمزد از مشتری دریافت می گردد ؟ ","در حال حاضر خیر "
"برای ایجاد امضای دیجیتال چهت ثبت چک دیجیتال چه کاری باید انجام داد ؟","برنامه موبایلی هامون به منظور ارائه سرویس امضاء دیجیتال نماد برای اشخاص حقیقی توسط بانک مرکزی ج.ا.اایجاد و ارائه گردیده است.بر این اساس مشتریان به منظور استفاده از چک دیجیتال (چکاد)می بایست پس ازدانلود برنامه هامون از سایت اینترنتی بانک و یا دانلود از بازار های اندرویدی و انجام فرآیندهای احراز هویت غیرحضوری و پرداخت هزینه ثبت نام امضاء دیجیتال نماد  نسبت به دریافت امضای الکترونیکی اقدام نمایند ."
"مدت زمان  اعتبار گواهی امضاء چقدر است ؟","مدت زمان اعتبار گواهی امضاء دو سال می باشد و با توجه به ذخیره شدن کلید خصوصی امضاء دیجیتال در برنامه هامون، در صورت تغییر گوشی همراه و یا حذف برنامه، مشتریان مجدداً می بایست نسبت به انجام فرآیند ثبت گواهی امضاء دیجیتال اقدام نمایند."
"در زمان ایجاد گواهی امضاء آیا شماره موبایل باید در مالکیت شخص باشد ؟","با توجه به استعلام از سامانه شاهکار و سامانه ثبت احوال در فرآیند احرازهویت غیرحضوری ثبت گواهی امضاء،می بایست شماره تلفن همراه به نام مشتری و کارت ملی جدید )و یا کد رهگیری کارت ملی ثبت نام شده نیز دراختیار وی باشد."
