context,question,answer_text,answer_start
این سامانه به منظور انتقال وجه مبتنی بر حساب با مبالغ کلان در شبکه بانکی کشور ایجاد شده است. ساتنا جایگزینی برای چک های رمزدار بین بانکی است. چرخه زمانی عملیات ساتنا از طریق درگاه های غیر حضوری (موبایل بانک و اینترنت بانک) شنبه لغايت چهارشنبه (روزهاي کاری) از ساعت 7:30 تا 14:15 و در روزهای پنجشنبه از ساعت 7:30 تا 12:15 است و از طریق شعب تنها در ساعات اداری انجام می‌شود. سقف انتقال وجه ساتنا از طریق درگاه‌های غیر حضوری حداقل 500 میلیون ریال و حداکثر 1 میلیارد ریال است. حداقل مبلغ قابل انتقال ساتنا از طریق شعبه 500 میلیون ریال و ارائه اسناد مثبته دال بر انجام معامله برای انجام تراکنش های بالای 2 میلیارد ریال اشخاص حقیقی و بالای 10 میلیارد ریال اشخاص حقوقی الزامی است. کارمزد ساتنا دو صدم درصد وجه انتقالی تا سقف 25 هزار تومان است. ,ساتنا,این سامانه به منظور انتقال وجه مبتنی بر حساب با مبالغ کلان در شبکه بانکی کشور ایجاد شده است,1
این سامانه به منظور انتقال وجه مبتنی بر حساب با مبالغ کلان در شبکه بانکی کشور ایجاد شده است. ساتنا جایگزینی برای چک های رمزدار بین بانکی است. چرخه زمانی عملیات ساتنا از طریق درگاه های غیر حضوری (موبایل بانک و اینترنت بانک) شنبه لغايت چهارشنبه (روزهاي کاری) از ساعت 7:30 تا 14:15 و در روزهای پنجشنبه از ساعت 7:30 تا 12:15 است و از طریق شعب تنها در ساعات اداری انجام می‌شود. سقف انتقال وجه ساتنا از طریق درگاه‌های غیر حضوری حداقل 500 میلیون ریال و حداکثر 1 میلیارد ریال است. حداقل مبلغ قابل انتقال ساتنا از طریق شعبه 500 میلیون ریال و ارائه اسناد مثبته دال بر انجام معامله برای انجام تراکنش های بالای 2 میلیارد ریال اشخاص حقیقی و بالای 10 میلیارد ریال اشخاص حقوقی الزامی است. کارمزد ساتنا دو صدم درصد وجه انتقالی تا سقف 25 هزار تومان است. ,ساتنا چیست,این سامانه به منظور انتقال وجه مبتنی بر حساب با مبالغ کلان در شبکه بانکی کشور ایجاد شده است,1
این سامانه به منظور انتقال وجه مبتنی بر حساب با مبالغ کلان در شبکه بانکی کشور ایجاد شده است. ساتنا جایگزینی برای چک های رمزدار بین بانکی است. چرخه زمانی عملیات ساتنا از طریق درگاه های غیر حضوری (موبایل بانک و اینترنت بانک) شنبه لغايت چهارشنبه (روزهاي کاری) از ساعت 7:30 تا 14:15 و در روزهای پنجشنبه از ساعت 7:30 تا 12:15 است و از طریق شعب تنها در ساعات اداری انجام می‌شود. سقف انتقال وجه ساتنا از طریق درگاه‌های غیر حضوری حداقل 500 میلیون ریال و حداکثر 1 میلیارد ریال است. حداقل مبلغ قابل انتقال ساتنا از طریق شعبه 500 میلیون ریال و ارائه اسناد مثبته دال بر انجام معامله برای انجام تراکنش های بالای 2 میلیارد ریال اشخاص حقیقی و بالای 10 میلیارد ریال اشخاص حقوقی الزامی است. کارمزد ساتنا دو صدم درصد وجه انتقالی تا سقف 25 هزار تومان است. ,زمانبندی ساتنا ,چرخه زمانی عملیات ساتنا از طریق درگاه های غیر حضوری (موبایل بانک و اینترنت بانک) شنبه لغايت چهارشنبه (روزهاي کاری) از ساعت 7:30 تا 14:15 و در روزهای پنجشنبه از ساعت 7:30 تا 12:15 است و از طریق شعب تنها در ساعات اداری انجام می‌شود.,33
این سامانه به منظور انتقال وجه مبتنی بر حساب با مبالغ کلان در شبکه بانکی کشور ایجاد شده است. ساتنا جایگزینی برای چک های رمزدار بین بانکی است. چرخه زمانی عملیات ساتنا از طریق درگاه های غیر حضوری (موبایل بانک و اینترنت بانک) شنبه لغايت چهارشنبه (روزهاي کاری) از ساعت 7:30 تا 14:15 و در روزهای پنجشنبه از ساعت 7:30 تا 12:15 است و از طریق شعب تنها در ساعات اداری انجام می‌شود. سقف انتقال وجه ساتنا از طریق درگاه‌های غیر حضوری حداقل 500 میلیون ریال و حداکثر 1 میلیارد ریال است. حداقل مبلغ قابل انتقال ساتنا از طریق شعبه 500 میلیون ریال و ارائه اسناد مثبته دال بر انجام معامله برای انجام تراکنش های بالای 2 میلیارد ریال اشخاص حقیقی و بالای 10 میلیارد ریال اشخاص حقوقی الزامی است. کارمزد ساتنا دو صدم درصد وجه انتقالی تا سقف 25 هزار تومان است. ,ساعت 6 بعد ازظهر می خواهم از همراه بانک انتقال وجه دهم ولی ساتنا قطع شده است ؟,چرخه زمانی عملیات ساتنا از طریق درگاه های غیر حضوری (موبایل بانک و اینترنت بانک) شنبه لغايت چهارشنبه (روزهاي کاری) از ساعت 7:30 تا 14:15 و در روزهای پنجشنبه از ساعت 7:30 تا 12:15 است و از طریق شعب تنها در ساعات اداری انجام می‌شود.,33
این سامانه به منظور انتقال وجه مبتنی بر حساب با مبالغ کلان در شبکه بانکی کشور ایجاد شده است. ساتنا جایگزینی برای چک های رمزدار بین بانکی است. چرخه زمانی عملیات ساتنا از طریق درگاه های غیر حضوری (موبایل بانک و اینترنت بانک) شنبه لغايت چهارشنبه (روزهاي کاری) از ساعت 7:30 تا 14:15 و در روزهای پنجشنبه از ساعت 7:30 تا 12:15 است و از طریق شعب تنها در ساعات اداری انجام می‌شود. سقف انتقال وجه ساتنا از طریق درگاه‌های غیر حضوری حداقل 500 میلیون ریال و حداکثر 1 میلیارد ریال است. حداقل مبلغ قابل انتقال ساتنا از طریق شعبه 500 میلیون ریال و ارائه اسناد مثبته دال بر انجام معامله برای انجام تراکنش های بالای 2 میلیارد ریال اشخاص حقیقی و بالای 10 میلیارد ریال اشخاص حقوقی الزامی است. کارمزد ساتنا دو صدم درصد وجه انتقالی تا سقف 25 هزار تومان است. ,از همراه بانک ساتنا انجام می دهم اما اعلام می کند ساتنا قطع است ؟,چرخه زمانی عملیات ساتنا از طریق درگاه های غیر حضوری (موبایل بانک و اینترنت بانک) شنبه لغايت چهارشنبه (روزهاي کاری) از ساعت 7:30 تا 14:15 و در روزهای پنجشنبه از ساعت 7:30 تا 12:15 است و از طریق شعب تنها در ساعات اداری انجام می‌شود.,33
این سامانه به منظور انتقال وجه مبتنی بر حساب با مبالغ کلان در شبکه بانکی کشور ایجاد شده است. ساتنا جایگزینی برای چک های رمزدار بین بانکی است. چرخه زمانی عملیات ساتنا از طریق درگاه های غیر حضوری (موبایل بانک و اینترنت بانک) شنبه لغايت چهارشنبه (روزهاي کاری) از ساعت 7:30 تا 14:15 و در روزهای پنجشنبه از ساعت 7:30 تا 12:15 است و از طریق شعب تنها در ساعات اداری انجام می‌شود. سقف انتقال وجه ساتنا از طریق درگاه‌های غیر حضوری حداقل 500 میلیون ریال و حداکثر 1 میلیارد ریال است. حداقل مبلغ قابل انتقال ساتنا از طریق شعبه 500 میلیون ریال و ارائه اسناد مثبته دال بر انجام معامله برای انجام تراکنش های بالای 2 میلیارد ریال اشخاص حقیقی و بالای 10 میلیارد ریال اشخاص حقوقی الزامی است. کارمزد ساتنا دو صدم درصد وجه انتقالی تا سقف 25 هزار تومان است. ,کارمزد ساتنا,کارمزد ساتنا دو صدم درصد وجه انتقالی تا سقف 25 هزار تومان است. ,160
این سامانه به منظور انتقال وجه مبتنی بر حساب با مبالغ کلان در شبکه بانکی کشور ایجاد شده است. ساتنا جایگزینی برای چک های رمزدار بین بانکی است. چرخه زمانی عملیات ساتنا از طریق درگاه های غیر حضوری (موبایل بانک و اینترنت بانک) شنبه لغايت چهارشنبه (روزهاي کاری) از ساعت 7:30 تا 14:15 و در روزهای پنجشنبه از ساعت 7:30 تا 12:15 است و از طریق شعب تنها در ساعات اداری انجام می‌شود. سقف انتقال وجه ساتنا از طریق درگاه‌های غیر حضوری حداقل 500 میلیون ریال و حداکثر 1 میلیارد ریال است. حداقل مبلغ قابل انتقال ساتنا از طریق شعبه 500 میلیون ریال و ارائه اسناد مثبته دال بر انجام معامله برای انجام تراکنش های بالای 2 میلیارد ریال اشخاص حقیقی و بالای 10 میلیارد ریال اشخاص حقوقی الزامی است. کارمزد ساتنا دو صدم درصد وجه انتقالی تا سقف 25 هزار تومان است. ,سقف انتقال وجه ساتنا غیر حضوری, سقف انتقال وجه ساتنا از طریق درگاه‌های غیر حضوری حداقل 500 میلیون ریال و حداکثر 1 میلیارد ریال است. ,96
این سامانه به منظور انتقال وجه مبتنی بر حساب با مبالغ کلان در شبکه بانکی کشور ایجاد شده است. ساتنا جایگزینی برای چک های رمزدار بین بانکی است. چرخه زمانی عملیات ساتنا از طریق درگاه های غیر حضوری (موبایل بانک و اینترنت بانک) شنبه لغايت چهارشنبه (روزهاي کاری) از ساعت 7:30 تا 14:15 و در روزهای پنجشنبه از ساعت 7:30 تا 12:15 است و از طریق شعب تنها در ساعات اداری انجام می‌شود. سقف انتقال وجه ساتنا از طریق درگاه‌های غیر حضوری حداقل 500 میلیون ریال و حداکثر 1 میلیارد ریال است. حداقل مبلغ قابل انتقال ساتنا از طریق شعبه 500 میلیون ریال و ارائه اسناد مثبته دال بر انجام معامله برای انجام تراکنش های بالای 2 میلیارد ریال اشخاص حقیقی و بالای 10 میلیارد ریال اشخاص حقوقی الزامی است. کارمزد ساتنا دو صدم درصد وجه انتقالی تا سقف 25 هزار تومان است. ,سقف انتقال وجه ساتنا  از طریق  اینترنت  بانک , سقف انتقال وجه ساتنا از طریق درگاه‌های غیر حضوری حداقل 500 میلیون ریال و حداکثر 1 میلیارد ریال است. ,96
این سامانه به منظور انتقال وجه مبتنی بر حساب با مبالغ کلان در شبکه بانکی کشور ایجاد شده است. ساتنا جایگزینی برای چک های رمزدار بین بانکی است. چرخه زمانی عملیات ساتنا از طریق درگاه های غیر حضوری (موبایل بانک و اینترنت بانک) شنبه لغايت چهارشنبه (روزهاي کاری) از ساعت 7:30 تا 14:15 و در روزهای پنجشنبه از ساعت 7:30 تا 12:15 است و از طریق شعب تنها در ساعات اداری انجام می‌شود. سقف انتقال وجه ساتنا از طریق درگاه‌های غیر حضوری حداقل 500 میلیون ریال و حداکثر 1 میلیارد ریال است. حداقل مبلغ قابل انتقال ساتنا از طریق شعبه 500 میلیون ریال و ارائه اسناد مثبته دال بر انجام معامله برای انجام تراکنش های بالای 2 میلیارد ریال اشخاص حقیقی و بالای 10 میلیارد ریال اشخاص حقوقی الزامی است. کارمزد ساتنا دو صدم درصد وجه انتقالی تا سقف 25 هزار تومان است. ,سقف انتقال وجه ساتنا  از طریق  نت  بانک , سقف انتقال وجه ساتنا از طریق درگاه‌های غیر حضوری حداقل 500 میلیون ریال و حداکثر 1 میلیارد ریال است. ,96
این سامانه به منظور انتقال وجه مبتنی بر حساب با مبالغ کلان در شبکه بانکی کشور ایجاد شده است. ساتنا جایگزینی برای چک های رمزدار بین بانکی است. چرخه زمانی عملیات ساتنا از طریق درگاه های غیر حضوری (موبایل بانک و اینترنت بانک) شنبه لغايت چهارشنبه (روزهاي کاری) از ساعت 7:30 تا 14:15 و در روزهای پنجشنبه از ساعت 7:30 تا 12:15 است و از طریق شعب تنها در ساعات اداری انجام می‌شود. سقف انتقال وجه ساتنا از طریق درگاه‌های غیر حضوری حداقل 500 میلیون ریال و حداکثر 1 میلیارد ریال است. حداقل مبلغ قابل انتقال ساتنا از طریق شعبه 500 میلیون ریال و ارائه اسناد مثبته دال بر انجام معامله برای انجام تراکنش های بالای 2 میلیارد ریال اشخاص حقیقی و بالای 10 میلیارد ریال اشخاص حقوقی الزامی است. کارمزد ساتنا دو صدم درصد وجه انتقالی تا سقف 25 هزار تومان است. ,سقف انتقال وجه ساتنا  از طریق  موبایل بانک, سقف انتقال وجه ساتنا از طریق درگاه‌های غیر حضوری حداقل 500 میلیون ریال و حداکثر 1 میلیارد ریال است. ,96
این سامانه به منظور انتقال وجه مبتنی بر حساب با مبالغ کلان در شبکه بانکی کشور ایجاد شده است. ساتنا جایگزینی برای چک های رمزدار بین بانکی است. چرخه زمانی عملیات ساتنا از طریق درگاه های غیر حضوری (موبایل بانک و اینترنت بانک) شنبه لغايت چهارشنبه (روزهاي کاری) از ساعت 7:30 تا 14:15 و در روزهای پنجشنبه از ساعت 7:30 تا 12:15 است و از طریق شعب تنها در ساعات اداری انجام می‌شود. سقف انتقال وجه ساتنا از طریق درگاه‌های غیر حضوری حداقل 500 میلیون ریال و حداکثر 1 میلیارد ریال است. حداقل مبلغ قابل انتقال ساتنا از طریق شعبه 500 میلیون ریال و ارائه اسناد مثبته دال بر انجام معامله برای انجام تراکنش های بالای 2 میلیارد ریال اشخاص حقیقی و بالای 10 میلیارد ریال اشخاص حقوقی الزامی است. کارمزد ساتنا دو صدم درصد وجه انتقالی تا سقف 25 هزار تومان است. ,سقف انتقال وجه ساتنا  از طریق  همراه بانک, سقف انتقال وجه ساتنا از طریق درگاه‌های غیر حضوری حداقل 500 میلیون ریال و حداکثر 1 میلیارد ریال است. ,96
این سامانه به منظور انتقال وجه مبتنی بر حساب با مبالغ کلان در شبکه بانکی کشور ایجاد شده است. ساتنا جایگزینی برای چک های رمزدار بین بانکی است. چرخه زمانی عملیات ساتنا از طریق درگاه های غیر حضوری (موبایل بانک و اینترنت بانک) شنبه لغايت چهارشنبه (روزهاي کاری) از ساعت 7:30 تا 14:15 و در روزهای پنجشنبه از ساعت 7:30 تا 12:15 است و از طریق شعب تنها در ساعات اداری انجام می‌شود. سقف انتقال وجه ساتنا از طریق درگاه‌های غیر حضوری حداقل 500 میلیون ریال و حداکثر 1 میلیارد ریال است. حداقل مبلغ قابل انتقال ساتنا از طریق شعبه 500 میلیون ریال و ارائه اسناد مثبته دال بر انجام معامله برای انجام تراکنش های بالای 2 میلیارد ریال اشخاص حقیقی و بالای 10 میلیارد ریال اشخاص حقوقی الزامی است. کارمزد ساتنا دو صدم درصد وجه انتقالی تا سقف 25 هزار تومان است. ,سقف انتقال وجه ساتنا شعبه, حداقل مبلغ قابل انتقال ساتنا از طریق شعبه 500 میلیون ریال و ارائه اسناد مثبته دال بر انجام معامله برای انجام تراکنش های بالای 2 میلیارد ریال اشخاص حقیقی و بالای 10 میلیارد ریال اشخاص حقوقی الزامی است. ,108
این سامانه به منظور انتقال وجه مبتنی بر حساب با مبالغ کلان در شبکه بانکی کشور ایجاد شده است. ساتنا جایگزینی برای چک های رمزدار بین بانکی است. چرخه زمانی عملیات ساتنا از طریق درگاه های غیر حضوری (موبایل بانک و اینترنت بانک) شنبه لغايت چهارشنبه (روزهاي کاری) از ساعت 7:30 تا 14:15 و در روزهای پنجشنبه از ساعت 7:30 تا 12:15 است و از طریق شعب تنها در ساعات اداری انجام می‌شود. سقف انتقال وجه ساتنا از طریق درگاه‌های غیر حضوری حداقل 500 میلیون ریال و حداکثر 1 میلیارد ریال است. حداقل مبلغ قابل انتقال ساتنا از طریق شعبه 500 میلیون ریال و ارائه اسناد مثبته دال بر انجام معامله برای انجام تراکنش های بالای 2 میلیارد ریال اشخاص حقیقی و بالای 10 میلیارد ریال اشخاص حقوقی الزامی است. کارمزد ساتنا دو صدم درصد وجه انتقالی تا سقف 25 هزار تومان است. ,حداقل انتقال وجه ساتنا غیر حضوری, سقف انتقال وجه ساتنا از طریق درگاه‌های غیر حضوری حداقل 500 میلیون ریال و حداکثر 1 میلیارد ریال است. ,96
این سامانه به منظور انتقال وجه مبتنی بر حساب با مبالغ کلان در شبکه بانکی کشور ایجاد شده است. ساتنا جایگزینی برای چک های رمزدار بین بانکی است. چرخه زمانی عملیات ساتنا از طریق درگاه های غیر حضوری (موبایل بانک و اینترنت بانک) شنبه لغايت چهارشنبه (روزهاي کاری) از ساعت 7:30 تا 14:15 و در روزهای پنجشنبه از ساعت 7:30 تا 12:15 است و از طریق شعب تنها در ساعات اداری انجام می‌شود. سقف انتقال وجه ساتنا از طریق درگاه‌های غیر حضوری حداقل 500 میلیون ریال و حداکثر 1 میلیارد ریال است. حداقل مبلغ قابل انتقال ساتنا از طریق شعبه 500 میلیون ریال و ارائه اسناد مثبته دال بر انجام معامله برای انجام تراکنش های بالای 2 میلیارد ریال اشخاص حقیقی و بالای 10 میلیارد ریال اشخاص حقوقی الزامی است. کارمزد ساتنا دو صدم درصد وجه انتقالی تا سقف 25 هزار تومان است. ,حداقل انتقال وجه ساتنا  از طریق  اینترنت  بانک , سقف انتقال وجه ساتنا از طریق درگاه‌های غیر حضوری حداقل 500 میلیون ریال و حداکثر 1 میلیارد ریال است. ,96
این سامانه به منظور انتقال وجه مبتنی بر حساب با مبالغ کلان در شبکه بانکی کشور ایجاد شده است. ساتنا جایگزینی برای چک های رمزدار بین بانکی است. چرخه زمانی عملیات ساتنا از طریق درگاه های غیر حضوری (موبایل بانک و اینترنت بانک) شنبه لغايت چهارشنبه (روزهاي کاری) از ساعت 7:30 تا 14:15 و در روزهای پنجشنبه از ساعت 7:30 تا 12:15 است و از طریق شعب تنها در ساعات اداری انجام می‌شود. سقف انتقال وجه ساتنا از طریق درگاه‌های غیر حضوری حداقل 500 میلیون ریال و حداکثر 1 میلیارد ریال است. حداقل مبلغ قابل انتقال ساتنا از طریق شعبه 500 میلیون ریال و ارائه اسناد مثبته دال بر انجام معامله برای انجام تراکنش های بالای 2 میلیارد ریال اشخاص حقیقی و بالای 10 میلیارد ریال اشخاص حقوقی الزامی است. کارمزد ساتنا دو صدم درصد وجه انتقالی تا سقف 25 هزار تومان است. ,حداقل انتقال وجه ساتنا  از طریق  نت  بانک , سقف انتقال وجه ساتنا از طریق درگاه‌های غیر حضوری حداقل 500 میلیون ریال و حداکثر 1 میلیارد ریال است. ,96
این سامانه به منظور انتقال وجه مبتنی بر حساب با مبالغ کلان در شبکه بانکی کشور ایجاد شده است. ساتنا جایگزینی برای چک های رمزدار بین بانکی است. چرخه زمانی عملیات ساتنا از طریق درگاه های غیر حضوری (موبایل بانک و اینترنت بانک) شنبه لغايت چهارشنبه (روزهاي کاری) از ساعت 7:30 تا 14:15 و در روزهای پنجشنبه از ساعت 7:30 تا 12:15 است و از طریق شعب تنها در ساعات اداری انجام می‌شود. سقف انتقال وجه ساتنا از طریق درگاه‌های غیر حضوری حداقل 500 میلیون ریال و حداکثر 1 میلیارد ریال است. حداقل مبلغ قابل انتقال ساتنا از طریق شعبه 500 میلیون ریال و ارائه اسناد مثبته دال بر انجام معامله برای انجام تراکنش های بالای 2 میلیارد ریال اشخاص حقیقی و بالای 10 میلیارد ریال اشخاص حقوقی الزامی است. کارمزد ساتنا دو صدم درصد وجه انتقالی تا سقف 25 هزار تومان است. ,حداقل انتقال وجه ساتنا  از طریق  موبایل بانک, سقف انتقال وجه ساتنا از طریق درگاه‌های غیر حضوری حداقل 500 میلیون ریال و حداکثر 1 میلیارد ریال است. ,96
این سامانه به منظور انتقال وجه مبتنی بر حساب با مبالغ کلان در شبکه بانکی کشور ایجاد شده است. ساتنا جایگزینی برای چک های رمزدار بین بانکی است. چرخه زمانی عملیات ساتنا از طریق درگاه های غیر حضوری (موبایل بانک و اینترنت بانک) شنبه لغايت چهارشنبه (روزهاي کاری) از ساعت 7:30 تا 14:15 و در روزهای پنجشنبه از ساعت 7:30 تا 12:15 است و از طریق شعب تنها در ساعات اداری انجام می‌شود. سقف انتقال وجه ساتنا از طریق درگاه‌های غیر حضوری حداقل 500 میلیون ریال و حداکثر 1 میلیارد ریال است. حداقل مبلغ قابل انتقال ساتنا از طریق شعبه 500 میلیون ریال و ارائه اسناد مثبته دال بر انجام معامله برای انجام تراکنش های بالای 2 میلیارد ریال اشخاص حقیقی و بالای 10 میلیارد ریال اشخاص حقوقی الزامی است. کارمزد ساتنا دو صدم درصد وجه انتقالی تا سقف 25 هزار تومان است. ,حداقل انتقال وجه ساتنا  از طریق  همراه بانک, سقف انتقال وجه ساتنا از طریق درگاه‌های غیر حضوری حداقل 500 میلیون ریال و حداکثر 1 میلیارد ریال است. ,96
این سامانه به منظور انتقال وجه مبتنی بر حساب با مبالغ کلان در شبکه بانکی کشور ایجاد شده است. ساتنا جایگزینی برای چک های رمزدار بین بانکی است. چرخه زمانی عملیات ساتنا از طریق درگاه های غیر حضوری (موبایل بانک و اینترنت بانک) شنبه لغايت چهارشنبه (روزهاي کاری) از ساعت 7:30 تا 14:15 و در روزهای پنجشنبه از ساعت 7:30 تا 12:15 است و از طریق شعب تنها در ساعات اداری انجام می‌شود. سقف انتقال وجه ساتنا از طریق درگاه‌های غیر حضوری حداقل 500 میلیون ریال و حداکثر 1 میلیارد ریال است. حداقل مبلغ قابل انتقال ساتنا از طریق شعبه 500 میلیون ریال و ارائه اسناد مثبته دال بر انجام معامله برای انجام تراکنش های بالای 2 میلیارد ریال اشخاص حقیقی و بالای 10 میلیارد ریال اشخاص حقوقی الزامی است. کارمزد ساتنا دو صدم درصد وجه انتقالی تا سقف 25 هزار تومان است. ,حداقل انتقال وجه ساتنا شعبه, حداقل مبلغ قابل انتقال ساتنا از طریق شعبه 500 میلیون ریال و ارائه اسناد مثبته دال بر انجام معامله برای انجام تراکنش های بالای 2 میلیارد ریال اشخاص حقیقی و بالای 10 میلیارد ریال اشخاص حقوقی الزامی است. ,108
این سامانه به منظور انتقال وجه مبتنی بر حساب با مبالغ کلان در شبکه بانکی کشور ایجاد شده است. ساتنا جایگزینی برای چک های رمزدار بین بانکی است. چرخه زمانی عملیات ساتنا از طریق درگاه های غیر حضوری (موبایل بانک و اینترنت بانک) شنبه لغايت چهارشنبه (روزهاي کاری) از ساعت 7:30 تا 14:15 و در روزهای پنجشنبه از ساعت 7:30 تا 12:15 است و از طریق شعب تنها در ساعات اداری انجام می‌شود. سقف انتقال وجه ساتنا از طریق درگاه‌های غیر حضوری حداقل 500 میلیون ریال و حداکثر 1 میلیارد ریال است. حداقل مبلغ قابل انتقال ساتنا از طریق شعبه 500 میلیون ریال و ارائه اسناد مثبته دال بر انجام معامله برای انجام تراکنش های بالای 2 میلیارد ریال اشخاص حقیقی و بالای 10 میلیارد ریال اشخاص حقوقی الزامی است. کارمزد ساتنا دو صدم درصد وجه انتقالی تا سقف 25 هزار تومان است. ,حداکثر انتقال وجه ساتنا غیر حضوری, سقف انتقال وجه ساتنا از طریق درگاه‌های غیر حضوری حداقل 500 میلیون ریال و حداکثر 1 میلیارد ریال است. ,96
این سامانه به منظور انتقال وجه مبتنی بر حساب با مبالغ کلان در شبکه بانکی کشور ایجاد شده است. ساتنا جایگزینی برای چک های رمزدار بین بانکی است. چرخه زمانی عملیات ساتنا از طریق درگاه های غیر حضوری (موبایل بانک و اینترنت بانک) شنبه لغايت چهارشنبه (روزهاي کاری) از ساعت 7:30 تا 14:15 و در روزهای پنجشنبه از ساعت 7:30 تا 12:15 است و از طریق شعب تنها در ساعات اداری انجام می‌شود. سقف انتقال وجه ساتنا از طریق درگاه‌های غیر حضوری حداقل 500 میلیون ریال و حداکثر 1 میلیارد ریال است. حداقل مبلغ قابل انتقال ساتنا از طریق شعبه 500 میلیون ریال و ارائه اسناد مثبته دال بر انجام معامله برای انجام تراکنش های بالای 2 میلیارد ریال اشخاص حقیقی و بالای 10 میلیارد ریال اشخاص حقوقی الزامی است. کارمزد ساتنا دو صدم درصد وجه انتقالی تا سقف 25 هزار تومان است. ,حداکثر انتقال وجه ساتنا  از طریق  اینترنت  بانک , سقف انتقال وجه ساتنا از طریق درگاه‌های غیر حضوری حداقل 500 میلیون ریال و حداکثر 1 میلیارد ریال است. ,96
این سامانه به منظور انتقال وجه مبتنی بر حساب با مبالغ کلان در شبکه بانکی کشور ایجاد شده است. ساتنا جایگزینی برای چک های رمزدار بین بانکی است. چرخه زمانی عملیات ساتنا از طریق درگاه های غیر حضوری (موبایل بانک و اینترنت بانک) شنبه لغايت چهارشنبه (روزهاي کاری) از ساعت 7:30 تا 14:15 و در روزهای پنجشنبه از ساعت 7:30 تا 12:15 است و از طریق شعب تنها در ساعات اداری انجام می‌شود. سقف انتقال وجه ساتنا از طریق درگاه‌های غیر حضوری حداقل 500 میلیون ریال و حداکثر 1 میلیارد ریال است. حداقل مبلغ قابل انتقال ساتنا از طریق شعبه 500 میلیون ریال و ارائه اسناد مثبته دال بر انجام معامله برای انجام تراکنش های بالای 2 میلیارد ریال اشخاص حقیقی و بالای 10 میلیارد ریال اشخاص حقوقی الزامی است. کارمزد ساتنا دو صدم درصد وجه انتقالی تا سقف 25 هزار تومان است. ,حداکثر انتقال وجه ساتنا  از طریق  نت  بانک , سقف انتقال وجه ساتنا از طریق درگاه‌های غیر حضوری حداقل 500 میلیون ریال و حداکثر 1 میلیارد ریال است. ,96
این سامانه به منظور انتقال وجه مبتنی بر حساب با مبالغ کلان در شبکه بانکی کشور ایجاد شده است. ساتنا جایگزینی برای چک های رمزدار بین بانکی است. چرخه زمانی عملیات ساتنا از طریق درگاه های غیر حضوری (موبایل بانک و اینترنت بانک) شنبه لغايت چهارشنبه (روزهاي کاری) از ساعت 7:30 تا 14:15 و در روزهای پنجشنبه از ساعت 7:30 تا 12:15 است و از طریق شعب تنها در ساعات اداری انجام می‌شود. سقف انتقال وجه ساتنا از طریق درگاه‌های غیر حضوری حداقل 500 میلیون ریال و حداکثر 1 میلیارد ریال است. حداقل مبلغ قابل انتقال ساتنا از طریق شعبه 500 میلیون ریال و ارائه اسناد مثبته دال بر انجام معامله برای انجام تراکنش های بالای 2 میلیارد ریال اشخاص حقیقی و بالای 10 میلیارد ریال اشخاص حقوقی الزامی است. کارمزد ساتنا دو صدم درصد وجه انتقالی تا سقف 25 هزار تومان است. ,حداکثر انتقال وجه ساتنا  از طریق  موبایل بانک, سقف انتقال وجه ساتنا از طریق درگاه‌های غیر حضوری حداقل 500 میلیون ریال و حداکثر 1 میلیارد ریال است. ,96
این سامانه به منظور انتقال وجه مبتنی بر حساب با مبالغ کلان در شبکه بانکی کشور ایجاد شده است. ساتنا جایگزینی برای چک های رمزدار بین بانکی است. چرخه زمانی عملیات ساتنا از طریق درگاه های غیر حضوری (موبایل بانک و اینترنت بانک) شنبه لغايت چهارشنبه (روزهاي کاری) از ساعت 7:30 تا 14:15 و در روزهای پنجشنبه از ساعت 7:30 تا 12:15 است و از طریق شعب تنها در ساعات اداری انجام می‌شود. سقف انتقال وجه ساتنا از طریق درگاه‌های غیر حضوری حداقل 500 میلیون ریال و حداکثر 1 میلیارد ریال است. حداقل مبلغ قابل انتقال ساتنا از طریق شعبه 500 میلیون ریال و ارائه اسناد مثبته دال بر انجام معامله برای انجام تراکنش های بالای 2 میلیارد ریال اشخاص حقیقی و بالای 10 میلیارد ریال اشخاص حقوقی الزامی است. کارمزد ساتنا دو صدم درصد وجه انتقالی تا سقف 25 هزار تومان است. ,حداکثر انتقال وجه ساتنا  از طریق  همراه بانک, سقف انتقال وجه ساتنا از طریق درگاه‌های غیر حضوری حداقل 500 میلیون ریال و حداکثر 1 میلیارد ریال است. ,96
این سامانه به منظور انتقال وجه مبتنی بر حساب با مبالغ کلان در شبکه بانکی کشور ایجاد شده است. ساتنا جایگزینی برای چک های رمزدار بین بانکی است. چرخه زمانی عملیات ساتنا از طریق درگاه های غیر حضوری (موبایل بانک و اینترنت بانک) شنبه لغايت چهارشنبه (روزهاي کاری) از ساعت 7:30 تا 14:15 و در روزهای پنجشنبه از ساعت 7:30 تا 12:15 است و از طریق شعب تنها در ساعات اداری انجام می‌شود. سقف انتقال وجه ساتنا از طریق درگاه‌های غیر حضوری حداقل 500 میلیون ریال و حداکثر 1 میلیارد ریال است. حداقل مبلغ قابل انتقال ساتنا از طریق شعبه 500 میلیون ریال و ارائه اسناد مثبته دال بر انجام معامله برای انجام تراکنش های بالای 2 میلیارد ریال اشخاص حقیقی و بالای 10 میلیارد ریال اشخاص حقوقی الزامی است. کارمزد ساتنا دو صدم درصد وجه انتقالی تا سقف 25 هزار تومان است. ,حداکثر انتقال وجه ساتنا شعبه, حداقل مبلغ قابل انتقال ساتنا از طریق شعبه 500 میلیون ریال و ارائه اسناد مثبته دال بر انجام معامله برای انجام تراکنش های بالای 2 میلیارد ریال اشخاص حقیقی و بالای 10 میلیارد ریال اشخاص حقوقی الزامی است. ,108
این سامانه به منظور انتقال وجه مبتنی بر حساب با مبالغ کلان در شبکه بانکی کشور ایجاد شده است. ساتنا جایگزینی برای چک های رمزدار بین بانکی است. چرخه زمانی عملیات ساتنا از طریق درگاه های غیر حضوری (موبایل بانک و اینترنت بانک) شنبه لغايت چهارشنبه (روزهاي کاری) از ساعت 7:30 تا 14:15 و در روزهای پنجشنبه از ساعت 7:30 تا 12:15 است و از طریق شعب تنها در ساعات اداری انجام می‌شود. سقف انتقال وجه ساتنا از طریق درگاه‌های غیر حضوری حداقل 500 میلیون ریال و حداکثر 1 میلیارد ریال است. حداقل مبلغ قابل انتقال ساتنا از طریق شعبه 500 میلیون ریال و ارائه اسناد مثبته دال بر انجام معامله برای انجام تراکنش های بالای 2 میلیارد ریال اشخاص حقیقی و بالای 10 میلیارد ریال اشخاص حقوقی الزامی است. کارمزد ساتنا دو صدم درصد وجه انتقالی تا سقف 25 هزار تومان است. ,مبلغ انتقال وجه ساتنا غیر حضوری, سقف انتقال وجه ساتنا از طریق درگاه‌های غیر حضوری حداقل 500 میلیون ریال و حداکثر 1 میلیارد ریال است. ,96
این سامانه به منظور انتقال وجه مبتنی بر حساب با مبالغ کلان در شبکه بانکی کشور ایجاد شده است. ساتنا جایگزینی برای چک های رمزدار بین بانکی است. چرخه زمانی عملیات ساتنا از طریق درگاه های غیر حضوری (موبایل بانک و اینترنت بانک) شنبه لغايت چهارشنبه (روزهاي کاری) از ساعت 7:30 تا 14:15 و در روزهای پنجشنبه از ساعت 7:30 تا 12:15 است و از طریق شعب تنها در ساعات اداری انجام می‌شود. سقف انتقال وجه ساتنا از طریق درگاه‌های غیر حضوری حداقل 500 میلیون ریال و حداکثر 1 میلیارد ریال است. حداقل مبلغ قابل انتقال ساتنا از طریق شعبه 500 میلیون ریال و ارائه اسناد مثبته دال بر انجام معامله برای انجام تراکنش های بالای 2 میلیارد ریال اشخاص حقیقی و بالای 10 میلیارد ریال اشخاص حقوقی الزامی است. کارمزد ساتنا دو صدم درصد وجه انتقالی تا سقف 25 هزار تومان است. ,مبلغ انتقال وجه ساتنا  از طریق  اینترنت  بانک , سقف انتقال وجه ساتنا از طریق درگاه‌های غیر حضوری حداقل 500 میلیون ریال و حداکثر 1 میلیارد ریال است. ,96
این سامانه به منظور انتقال وجه مبتنی بر حساب با مبالغ کلان در شبکه بانکی کشور ایجاد شده است. ساتنا جایگزینی برای چک های رمزدار بین بانکی است. چرخه زمانی عملیات ساتنا از طریق درگاه های غیر حضوری (موبایل بانک و اینترنت بانک) شنبه لغايت چهارشنبه (روزهاي کاری) از ساعت 7:30 تا 14:15 و در روزهای پنجشنبه از ساعت 7:30 تا 12:15 است و از طریق شعب تنها در ساعات اداری انجام می‌شود. سقف انتقال وجه ساتنا از طریق درگاه‌های غیر حضوری حداقل 500 میلیون ریال و حداکثر 1 میلیارد ریال است. حداقل مبلغ قابل انتقال ساتنا از طریق شعبه 500 میلیون ریال و ارائه اسناد مثبته دال بر انجام معامله برای انجام تراکنش های بالای 2 میلیارد ریال اشخاص حقیقی و بالای 10 میلیارد ریال اشخاص حقوقی الزامی است. کارمزد ساتنا دو صدم درصد وجه انتقالی تا سقف 25 هزار تومان است. ,مبلغ انتقال وجه ساتنا  از طریق  نت  بانک , سقف انتقال وجه ساتنا از طریق درگاه‌های غیر حضوری حداقل 500 میلیون ریال و حداکثر 1 میلیارد ریال است. ,96
این سامانه به منظور انتقال وجه مبتنی بر حساب با مبالغ کلان در شبکه بانکی کشور ایجاد شده است. ساتنا جایگزینی برای چک های رمزدار بین بانکی است. چرخه زمانی عملیات ساتنا از طریق درگاه های غیر حضوری (موبایل بانک و اینترنت بانک) شنبه لغايت چهارشنبه (روزهاي کاری) از ساعت 7:30 تا 14:15 و در روزهای پنجشنبه از ساعت 7:30 تا 12:15 است و از طریق شعب تنها در ساعات اداری انجام می‌شود. سقف انتقال وجه ساتنا از طریق درگاه‌های غیر حضوری حداقل 500 میلیون ریال و حداکثر 1 میلیارد ریال است. حداقل مبلغ قابل انتقال ساتنا از طریق شعبه 500 میلیون ریال و ارائه اسناد مثبته دال بر انجام معامله برای انجام تراکنش های بالای 2 میلیارد ریال اشخاص حقیقی و بالای 10 میلیارد ریال اشخاص حقوقی الزامی است. کارمزد ساتنا دو صدم درصد وجه انتقالی تا سقف 25 هزار تومان است. ,مبلغ انتقال وجه ساتنا  از طریق  موبایل بانک, سقف انتقال وجه ساتنا از طریق درگاه‌های غیر حضوری حداقل 500 میلیون ریال و حداکثر 1 میلیارد ریال است. ,96
این سامانه به منظور انتقال وجه مبتنی بر حساب با مبالغ کلان در شبکه بانکی کشور ایجاد شده است. ساتنا جایگزینی برای چک های رمزدار بین بانکی است. چرخه زمانی عملیات ساتنا از طریق درگاه های غیر حضوری (موبایل بانک و اینترنت بانک) شنبه لغايت چهارشنبه (روزهاي کاری) از ساعت 7:30 تا 14:15 و در روزهای پنجشنبه از ساعت 7:30 تا 12:15 است و از طریق شعب تنها در ساعات اداری انجام می‌شود. سقف انتقال وجه ساتنا از طریق درگاه‌های غیر حضوری حداقل 500 میلیون ریال و حداکثر 1 میلیارد ریال است. حداقل مبلغ قابل انتقال ساتنا از طریق شعبه 500 میلیون ریال و ارائه اسناد مثبته دال بر انجام معامله برای انجام تراکنش های بالای 2 میلیارد ریال اشخاص حقیقی و بالای 10 میلیارد ریال اشخاص حقوقی الزامی است. کارمزد ساتنا دو صدم درصد وجه انتقالی تا سقف 25 هزار تومان است. ,مبلغ انتقال وجه ساتنا  از طریق  همراه بانک, سقف انتقال وجه ساتنا از طریق درگاه‌های غیر حضوری حداقل 500 میلیون ریال و حداکثر 1 میلیارد ریال است. ,96
این سامانه به منظور انتقال وجه مبتنی بر حساب با مبالغ کلان در شبکه بانکی کشور ایجاد شده است. ساتنا جایگزینی برای چک های رمزدار بین بانکی است. چرخه زمانی عملیات ساتنا از طریق درگاه های غیر حضوری (موبایل بانک و اینترنت بانک) شنبه لغايت چهارشنبه (روزهاي کاری) از ساعت 7:30 تا 14:15 و در روزهای پنجشنبه از ساعت 7:30 تا 12:15 است و از طریق شعب تنها در ساعات اداری انجام می‌شود. سقف انتقال وجه ساتنا از طریق درگاه‌های غیر حضوری حداقل 500 میلیون ریال و حداکثر 1 میلیارد ریال است. حداقل مبلغ قابل انتقال ساتنا از طریق شعبه 500 میلیون ریال و ارائه اسناد مثبته دال بر انجام معامله برای انجام تراکنش های بالای 2 میلیارد ریال اشخاص حقیقی و بالای 10 میلیارد ریال اشخاص حقوقی الزامی است. کارمزد ساتنا دو صدم درصد وجه انتقالی تا سقف 25 هزار تومان است. ,مبلغ انتقال وجه ساتنا شعبه, حداقل مبلغ قابل انتقال ساتنا از طریق شعبه 500 میلیون ریال و ارائه اسناد مثبته دال بر انجام معامله برای انجام تراکنش های بالای 2 میلیارد ریال اشخاص حقیقی و بالای 10 میلیارد ریال اشخاص حقوقی الزامی است. ,108
"پایا زیرساخت اصلی مبادلات پولی بین بانکی انبوه مبتنی بر حساب است و در دستور پرداخت پایا امکان انتقال الکترونیک وجوه خرد مبتنی بر حساب بین بانک ها برای مشتریان فراهم شده است.
 حداکثرمبلغ انتقال وجه  دربانکداری اینترنتی 1 میلیارد ریال و در همراه بانک نیز  1 میلیارد ریال (سقف هر تراکنش 500 میلیون ریال) است و سقف انتقال وجه بین بانکی پایا از طریق شعب به ازای هر دستور پرداخت، یک میلیارد ریال است..
چرخه زمانی پایا در روزهای کاری(شنبه تا پنجشنبه) در چهار مرحله انجام خواهد شد.چرخه اول ساعت 3:45، چرخه دوم ساعت 10:45، چرخه سوم 13:45 و چرخه چهارم 18:45 است و در روزهای تعطیل و یا خارج از ساعت کاری بانک‌ها، انتقال وجه پایا در ابتدای روز بعد به حساب فرد مورد نظر منتقل خواهد شد.
حداقل کارمزد تراکنش پایا مبلغ 2000 ریال و حداکثر سقف آن مبلغ 25000 ریال است.
در صورتی که از برخی از اپلیکیشن‌های بانکی استفاده کنید، ممکن است که انتقال وجه پایا بدون پرداخت کارمزد هم انجام پذیر باشد.",زمانبندی پایا,"چرخه زمانی پایا در روزهای کاری(شنبه تا پنجشنبه) در چهار مرحله انجام خواهد شد.چرخه اول ساعت 3:45، چرخه دوم ساعت 10:45، چرخه سوم 13:45 و چرخه چهارم 18:45 است و در روزهای تعطیل و یا خارج از ساعت کاری بانک‌ها، انتقال وجه پایا در ابتدای روز بعد به حساب فرد مورد نظر منتقل خواهد شد.",87
"پایا زیرساخت اصلی مبادلات پولی بین بانکی انبوه مبتنی بر حساب است و در دستور پرداخت پایا امکان انتقال الکترونیک وجوه خرد مبتنی بر حساب بین بانک ها برای مشتریان فراهم شده است.
 حداکثرمبلغ انتقال وجه  دربانکداری اینترنتی 1 میلیارد ریال و در همراه بانک نیز  1 میلیارد ریال (سقف هر تراکنش 500 میلیون ریال) است و سقف انتقال وجه بین بانکی پایا از طریق شعب به ازای هر دستور پرداخت، یک میلیارد ریال است..
چرخه زمانی پایا در روزهای کاری(شنبه تا پنجشنبه) در چهار مرحله انجام خواهد شد.چرخه اول ساعت 3:45، چرخه دوم ساعت 10:45، چرخه سوم 13:45 و چرخه چهارم 18:45 است و در روزهای تعطیل و یا خارج از ساعت کاری بانک‌ها، انتقال وجه پایا در ابتدای روز بعد به حساب فرد مورد نظر منتقل خواهد شد.
حداقل کارمزد تراکنش پایا مبلغ 2000 ریال و حداکثر سقف آن مبلغ 25000 ریال است.
در صورتی که از برخی از اپلیکیشن‌های بانکی استفاده کنید، ممکن است که انتقال وجه پایا بدون پرداخت کارمزد هم انجام پذیر باشد.",کارمزد پایا,حداقل کارمزد تراکنش پایا مبلغ 2000 ریال و حداکثر سقف آن مبلغ 25000 ریال است.,161
"پایا زیرساخت اصلی مبادلات پولی بین بانکی انبوه مبتنی بر حساب است و در دستور پرداخت پایا امکان انتقال الکترونیک وجوه خرد مبتنی بر حساب بین بانک ها برای مشتریان فراهم شده است.
 حداکثرمبلغ انتقال وجه  دربانکداری اینترنتی 1 میلیارد ریال و در همراه بانک نیز  1 میلیارد ریال (سقف هر تراکنش 500 میلیون ریال) است و سقف انتقال وجه بین بانکی پایا از طریق شعب به ازای هر دستور پرداخت، یک میلیارد ریال است..
چرخه زمانی پایا در روزهای کاری(شنبه تا پنجشنبه) در چهار مرحله انجام خواهد شد.چرخه اول ساعت 3:45، چرخه دوم ساعت 10:45، چرخه سوم 13:45 و چرخه چهارم 18:45 است و در روزهای تعطیل و یا خارج از ساعت کاری بانک‌ها، انتقال وجه پایا در ابتدای روز بعد به حساب فرد مورد نظر منتقل خواهد شد.
حداقل کارمزد تراکنش پایا مبلغ 2000 ریال و حداکثر سقف آن مبلغ 25000 ریال است.
در صورتی که از برخی از اپلیکیشن‌های بانکی استفاده کنید، ممکن است که انتقال وجه پایا بدون پرداخت کارمزد هم انجام پذیر باشد.",سقف انتقال وجه پایا از طریق غیر حضوری, حداکثرمبلغ انتقال وجه  دربانکداری اینترنتی 1 میلیارد ریال و در همراه بانک نیز  1 میلیارد ریال (سقف هر تراکنش 500 میلیون ریال) است,35
"پایا زیرساخت اصلی مبادلات پولی بین بانکی انبوه مبتنی بر حساب است و در دستور پرداخت پایا امکان انتقال الکترونیک وجوه خرد مبتنی بر حساب بین بانک ها برای مشتریان فراهم شده است.
 حداکثرمبلغ انتقال وجه  دربانکداری اینترنتی 1 میلیارد ریال و در همراه بانک نیز  1 میلیارد ریال (سقف هر تراکنش 500 میلیون ریال) است و سقف انتقال وجه بین بانکی پایا از طریق شعب به ازای هر دستور پرداخت، یک میلیارد ریال است..
چرخه زمانی پایا در روزهای کاری(شنبه تا پنجشنبه) در چهار مرحله انجام خواهد شد.چرخه اول ساعت 3:45، چرخه دوم ساعت 10:45، چرخه سوم 13:45 و چرخه چهارم 18:45 است و در روزهای تعطیل و یا خارج از ساعت کاری بانک‌ها، انتقال وجه پایا در ابتدای روز بعد به حساب فرد مورد نظر منتقل خواهد شد.
حداقل کارمزد تراکنش پایا مبلغ 2000 ریال و حداکثر سقف آن مبلغ 25000 ریال است.
در صورتی که از برخی از اپلیکیشن‌های بانکی استفاده کنید، ممکن است که انتقال وجه پایا بدون پرداخت کارمزد هم انجام پذیر باشد.",سقف انتقال وجه پایا از طریق همراه بانک, حداکثرمبلغ انتقال وجه درهمراه بانک   1 میلیارد ریال (سقف هر تراکنش 500 میلیون ریال) است,35
"پایا زیرساخت اصلی مبادلات پولی بین بانکی انبوه مبتنی بر حساب است و در دستور پرداخت پایا امکان انتقال الکترونیک وجوه خرد مبتنی بر حساب بین بانک ها برای مشتریان فراهم شده است.
 حداکثرمبلغ انتقال وجه  دربانکداری اینترنتی 1 میلیارد ریال و در همراه بانک نیز  1 میلیارد ریال (سقف هر تراکنش 500 میلیون ریال) است و سقف انتقال وجه بین بانکی پایا از طریق شعب به ازای هر دستور پرداخت، یک میلیارد ریال است..
چرخه زمانی پایا در روزهای کاری(شنبه تا پنجشنبه) در چهار مرحله انجام خواهد شد.چرخه اول ساعت 3:45، چرخه دوم ساعت 10:45، چرخه سوم 13:45 و چرخه چهارم 18:45 است و در روزهای تعطیل و یا خارج از ساعت کاری بانک‌ها، انتقال وجه پایا در ابتدای روز بعد به حساب فرد مورد نظر منتقل خواهد شد.
حداقل کارمزد تراکنش پایا مبلغ 2000 ریال و حداکثر سقف آن مبلغ 25000 ریال است.
در صورتی که از برخی از اپلیکیشن‌های بانکی استفاده کنید، ممکن است که انتقال وجه پایا بدون پرداخت کارمزد هم انجام پذیر باشد.",سقف انتقال وجه پایا از طریق  اینترنت  بانک, حداکثرمبلغ انتقال وجه  دربانکداری اینترنتی 1 میلیارد ریال و در همراه بانک نیز  1 میلیارد ریال (سقف هر تراکنش 500 میلیون ریال) است,35
"پایا زیرساخت اصلی مبادلات پولی بین بانکی انبوه مبتنی بر حساب است و در دستور پرداخت پایا امکان انتقال الکترونیک وجوه خرد مبتنی بر حساب بین بانک ها برای مشتریان فراهم شده است.
 حداکثرمبلغ انتقال وجه  دربانکداری اینترنتی 1 میلیارد ریال و در همراه بانک نیز  1 میلیارد ریال (سقف هر تراکنش 500 میلیون ریال) است و سقف انتقال وجه بین بانکی پایا از طریق شعب به ازای هر دستور پرداخت، یک میلیارد ریال است..
چرخه زمانی پایا در روزهای کاری(شنبه تا پنجشنبه) در چهار مرحله انجام خواهد شد.چرخه اول ساعت 3:45، چرخه دوم ساعت 10:45، چرخه سوم 13:45 و چرخه چهارم 18:45 است و در روزهای تعطیل و یا خارج از ساعت کاری بانک‌ها، انتقال وجه پایا در ابتدای روز بعد به حساب فرد مورد نظر منتقل خواهد شد.
حداقل کارمزد تراکنش پایا مبلغ 2000 ریال و حداکثر سقف آن مبلغ 25000 ریال است.
در صورتی که از برخی از اپلیکیشن‌های بانکی استفاده کنید، ممکن است که انتقال وجه پایا بدون پرداخت کارمزد هم انجام پذیر باشد.",سقف انتقال وجه پایا از طریق شعب ,"سقف انتقال وجه بین بانکی پایا از طریق شعب به ازای هر دستور پرداخت، یک میلیارد ریال شد.",66
"پایا زیرساخت اصلی مبادلات پولی بین بانکی انبوه مبتنی بر حساب است و در دستور پرداخت پایا امکان انتقال الکترونیک وجوه خرد مبتنی بر حساب بین بانک ها برای مشتریان فراهم شده است.
 حداکثرمبلغ انتقال وجه  دربانکداری اینترنتی 1 میلیارد ریال و در همراه بانک نیز  1 میلیارد ریال (سقف هر تراکنش 500 میلیون ریال) است و سقف انتقال وجه بین بانکی پایا از طریق شعب به ازای هر دستور پرداخت، یک میلیارد ریال است..
چرخه زمانی پایا در روزهای کاری(شنبه تا پنجشنبه) در چهار مرحله انجام خواهد شد.چرخه اول ساعت 3:45، چرخه دوم ساعت 10:45، چرخه سوم 13:45 و چرخه چهارم 18:45 است و در روزهای تعطیل و یا خارج از ساعت کاری بانک‌ها، انتقال وجه پایا در ابتدای روز بعد به حساب فرد مورد نظر منتقل خواهد شد.
حداقل کارمزد تراکنش پایا مبلغ 2000 ریال و حداکثر سقف آن مبلغ 25000 ریال است.
در صورتی که از برخی از اپلیکیشن‌های بانکی استفاده کنید، ممکن است که انتقال وجه پایا بدون پرداخت کارمزد هم انجام پذیر باشد.",حداکثر انتقال وجه پایا از طریق غیر حضوری," حداکثرمبلغ انتقال وجه  دربانکداری اینترنتی 1 میلیارد ریال و در همراه بانک نیز  1 میلیارد ریال (سقف هر تراکنش 500 میلیون ریال) است و سقف انتقال وجه بین بانکی پایا از طریق شعب به ازای هر دستور پرداخت، یک میلیارد ریال است..",35
"پایا زیرساخت اصلی مبادلات پولی بین بانکی انبوه مبتنی بر حساب است و در دستور پرداخت پایا امکان انتقال الکترونیک وجوه خرد مبتنی بر حساب بین بانک ها برای مشتریان فراهم شده است.
 حداکثرمبلغ انتقال وجه  دربانکداری اینترنتی 1 میلیارد ریال و در همراه بانک نیز  1 میلیارد ریال (سقف هر تراکنش 500 میلیون ریال) است و سقف انتقال وجه بین بانکی پایا از طریق شعب به ازای هر دستور پرداخت، یک میلیارد ریال است..
چرخه زمانی پایا در روزهای کاری(شنبه تا پنجشنبه) در چهار مرحله انجام خواهد شد.چرخه اول ساعت 3:45، چرخه دوم ساعت 10:45، چرخه سوم 13:45 و چرخه چهارم 18:45 است و در روزهای تعطیل و یا خارج از ساعت کاری بانک‌ها، انتقال وجه پایا در ابتدای روز بعد به حساب فرد مورد نظر منتقل خواهد شد.
حداقل کارمزد تراکنش پایا مبلغ 2000 ریال و حداکثر سقف آن مبلغ 25000 ریال است.
در صورتی که از برخی از اپلیکیشن‌های بانکی استفاده کنید، ممکن است که انتقال وجه پایا بدون پرداخت کارمزد هم انجام پذیر باشد.",حداکثر انتقال وجه پایا از طریق همراه بانک," حداکثرمبلغ انتقال وجه  دربانکداری اینترنتی 1 میلیارد ریال و در همراه بانک نیز  1 میلیارد ریال (سقف هر تراکنش 500 میلیون ریال) است و سقف انتقال وجه بین بانکی پایا از طریق شعب به ازای هر دستور پرداخت، یک میلیارد ریال است..",35
"پایا زیرساخت اصلی مبادلات پولی بین بانکی انبوه مبتنی بر حساب است و در دستور پرداخت پایا امکان انتقال الکترونیک وجوه خرد مبتنی بر حساب بین بانک ها برای مشتریان فراهم شده است.
 حداکثرمبلغ انتقال وجه  دربانکداری اینترنتی 1 میلیارد ریال و در همراه بانک نیز  1 میلیارد ریال (سقف هر تراکنش 500 میلیون ریال) است و سقف انتقال وجه بین بانکی پایا از طریق شعب به ازای هر دستور پرداخت، یک میلیارد ریال است..
چرخه زمانی پایا در روزهای کاری(شنبه تا پنجشنبه) در چهار مرحله انجام خواهد شد.چرخه اول ساعت 3:45، چرخه دوم ساعت 10:45، چرخه سوم 13:45 و چرخه چهارم 18:45 است و در روزهای تعطیل و یا خارج از ساعت کاری بانک‌ها، انتقال وجه پایا در ابتدای روز بعد به حساب فرد مورد نظر منتقل خواهد شد.
حداقل کارمزد تراکنش پایا مبلغ 2000 ریال و حداکثر سقف آن مبلغ 25000 ریال است.
در صورتی که از برخی از اپلیکیشن‌های بانکی استفاده کنید، ممکن است که انتقال وجه پایا بدون پرداخت کارمزد هم انجام پذیر باشد.",حداکثر انتقال وجه پایا از طریق  اینترنت  بانک," حداکثرمبلغ انتقال وجه  دربانکداری اینترنتی 1 میلیارد ریال و در همراه بانک نیز  1 میلیارد ریال (سقف هر تراکنش 500 میلیون ریال) است و سقف انتقال وجه بین بانکی پایا از طریق شعب به ازای هر دستور پرداخت، یک میلیارد ریال است..",35
"پایا زیرساخت اصلی مبادلات پولی بین بانکی انبوه مبتنی بر حساب است و در دستور پرداخت پایا امکان انتقال الکترونیک وجوه خرد مبتنی بر حساب بین بانک ها برای مشتریان فراهم شده است.
 حداکثرمبلغ انتقال وجه  دربانکداری اینترنتی 1 میلیارد ریال و در همراه بانک نیز  1 میلیارد ریال (سقف هر تراکنش 500 میلیون ریال) است و سقف انتقال وجه بین بانکی پایا از طریق شعب به ازای هر دستور پرداخت، یک میلیارد ریال است..
چرخه زمانی پایا در روزهای کاری(شنبه تا پنجشنبه) در چهار مرحله انجام خواهد شد.چرخه اول ساعت 3:45، چرخه دوم ساعت 10:45، چرخه سوم 13:45 و چرخه چهارم 18:45 است و در روزهای تعطیل و یا خارج از ساعت کاری بانک‌ها، انتقال وجه پایا در ابتدای روز بعد به حساب فرد مورد نظر منتقل خواهد شد.
حداقل کارمزد تراکنش پایا مبلغ 2000 ریال و حداکثر سقف آن مبلغ 25000 ریال است.
در صورتی که از برخی از اپلیکیشن‌های بانکی استفاده کنید، ممکن است که انتقال وجه پایا بدون پرداخت کارمزد هم انجام پذیر باشد.",حداکثر انتقال وجه پایا از طریق شعب ," حداکثرمبلغ انتقال وجه  دربانکداری اینترنتی 1 میلیارد ریال و در همراه بانک نیز  1 میلیارد ریال (سقف هر تراکنش 500 میلیون ریال) است و سقف انتقال وجه بین بانکی پایا از طریق شعب به ازای هر دستور پرداخت، یک میلیارد ریال است..",35
"پایا زیرساخت اصلی مبادلات پولی بین بانکی انبوه مبتنی بر حساب است و در دستور پرداخت پایا امکان انتقال الکترونیک وجوه خرد مبتنی بر حساب بین بانک ها برای مشتریان فراهم شده است.
 حداکثرمبلغ انتقال وجه  دربانکداری اینترنتی 1 میلیارد ریال و در همراه بانک نیز  1 میلیارد ریال (سقف هر تراکنش 500 میلیون ریال) است و سقف انتقال وجه بین بانکی پایا از طریق شعب به ازای هر دستور پرداخت، یک میلیارد ریال است..
چرخه زمانی پایا در روزهای کاری(شنبه تا پنجشنبه) در چهار مرحله انجام خواهد شد.چرخه اول ساعت 3:45، چرخه دوم ساعت 10:45، چرخه سوم 13:45 و چرخه چهارم 18:45 است و در روزهای تعطیل و یا خارج از ساعت کاری بانک‌ها، انتقال وجه پایا در ابتدای روز بعد به حساب فرد مورد نظر منتقل خواهد شد.
حداقل کارمزد تراکنش پایا مبلغ 2000 ریال و حداکثر سقف آن مبلغ 25000 ریال است.
در صورتی که از برخی از اپلیکیشن‌های بانکی استفاده کنید، ممکن است که انتقال وجه پایا بدون پرداخت کارمزد هم انجام پذیر باشد.",حداقل انتقال وجه پایا از طریق غیر حضوری," حداکثرمبلغ انتقال وجه  دربانکداری اینترنتی 1 میلیارد ریال و در همراه بانک نیز  1 میلیارد ریال (سقف هر تراکنش 500 میلیون ریال) است و سقف انتقال وجه بین بانکی پایا از طریق شعب به ازای هر دستور پرداخت، یک میلیارد ریال است..",35
"پایا زیرساخت اصلی مبادلات پولی بین بانکی انبوه مبتنی بر حساب است و در دستور پرداخت پایا امکان انتقال الکترونیک وجوه خرد مبتنی بر حساب بین بانک ها برای مشتریان فراهم شده است.
 حداکثرمبلغ انتقال وجه  دربانکداری اینترنتی 1 میلیارد ریال و در همراه بانک نیز  1 میلیارد ریال (سقف هر تراکنش 500 میلیون ریال) است و سقف انتقال وجه بین بانکی پایا از طریق شعب به ازای هر دستور پرداخت، یک میلیارد ریال است..
چرخه زمانی پایا در روزهای کاری(شنبه تا پنجشنبه) در چهار مرحله انجام خواهد شد.چرخه اول ساعت 3:45، چرخه دوم ساعت 10:45، چرخه سوم 13:45 و چرخه چهارم 18:45 است و در روزهای تعطیل و یا خارج از ساعت کاری بانک‌ها، انتقال وجه پایا در ابتدای روز بعد به حساب فرد مورد نظر منتقل خواهد شد.
حداقل کارمزد تراکنش پایا مبلغ 2000 ریال و حداکثر سقف آن مبلغ 25000 ریال است.
در صورتی که از برخی از اپلیکیشن‌های بانکی استفاده کنید، ممکن است که انتقال وجه پایا بدون پرداخت کارمزد هم انجام پذیر باشد.",حداقل انتقال وجه پایا از طریق همراه بانک," حداکثرمبلغ انتقال وجه  دربانکداری اینترنتی 1 میلیارد ریال و در همراه بانک نیز  1 میلیارد ریال (سقف هر تراکنش 500 میلیون ریال) است و سقف انتقال وجه بین بانکی پایا از طریق شعب به ازای هر دستور پرداخت، یک میلیارد ریال است..",35
"پایا زیرساخت اصلی مبادلات پولی بین بانکی انبوه مبتنی بر حساب است و در دستور پرداخت پایا امکان انتقال الکترونیک وجوه خرد مبتنی بر حساب بین بانک ها برای مشتریان فراهم شده است.
 حداکثرمبلغ انتقال وجه  دربانکداری اینترنتی 1 میلیارد ریال و در همراه بانک نیز  1 میلیارد ریال (سقف هر تراکنش 500 میلیون ریال) است و سقف انتقال وجه بین بانکی پایا از طریق شعب به ازای هر دستور پرداخت، یک میلیارد ریال است..
چرخه زمانی پایا در روزهای کاری(شنبه تا پنجشنبه) در چهار مرحله انجام خواهد شد.چرخه اول ساعت 3:45، چرخه دوم ساعت 10:45، چرخه سوم 13:45 و چرخه چهارم 18:45 است و در روزهای تعطیل و یا خارج از ساعت کاری بانک‌ها، انتقال وجه پایا در ابتدای روز بعد به حساب فرد مورد نظر منتقل خواهد شد.
حداقل کارمزد تراکنش پایا مبلغ 2000 ریال و حداکثر سقف آن مبلغ 25000 ریال است.
در صورتی که از برخی از اپلیکیشن‌های بانکی استفاده کنید، ممکن است که انتقال وجه پایا بدون پرداخت کارمزد هم انجام پذیر باشد.",حداقل انتقال وجه پایا از طریق  اینترنت  بانک," حداکثرمبلغ انتقال وجه  دربانکداری اینترنتی 1 میلیارد ریال و در همراه بانک نیز  1 میلیارد ریال (سقف هر تراکنش 500 میلیون ریال) است و سقف انتقال وجه بین بانکی پایا از طریق شعب به ازای هر دستور پرداخت، یک میلیارد ریال است..",35
"پایا زیرساخت اصلی مبادلات پولی بین بانکی انبوه مبتنی بر حساب است و در دستور پرداخت پایا امکان انتقال الکترونیک وجوه خرد مبتنی بر حساب بین بانک ها برای مشتریان فراهم شده است.
 حداکثرمبلغ انتقال وجه  دربانکداری اینترنتی 1 میلیارد ریال و در همراه بانک نیز  1 میلیارد ریال (سقف هر تراکنش 500 میلیون ریال) است و سقف انتقال وجه بین بانکی پایا از طریق شعب به ازای هر دستور پرداخت، یک میلیارد ریال است..
چرخه زمانی پایا در روزهای کاری(شنبه تا پنجشنبه) در چهار مرحله انجام خواهد شد.چرخه اول ساعت 3:45، چرخه دوم ساعت 10:45، چرخه سوم 13:45 و چرخه چهارم 18:45 است و در روزهای تعطیل و یا خارج از ساعت کاری بانک‌ها، انتقال وجه پایا در ابتدای روز بعد به حساب فرد مورد نظر منتقل خواهد شد.
حداقل کارمزد تراکنش پایا مبلغ 2000 ریال و حداکثر سقف آن مبلغ 25000 ریال است.
در صورتی که از برخی از اپلیکیشن‌های بانکی استفاده کنید، ممکن است که انتقال وجه پایا بدون پرداخت کارمزد هم انجام پذیر باشد.",حداقل انتقال وجه پایا از طریق شعب ," حداکثرمبلغ انتقال وجه  دربانکداری اینترنتی 1 میلیارد ریال و در همراه بانک نیز  1 میلیارد ریال (سقف هر تراکنش 500 میلیون ریال) است و سقف انتقال وجه بین بانکی پایا از طریق شعب به ازای هر دستور پرداخت، یک میلیارد ریال است..",35
"پایا زیرساخت اصلی مبادلات پولی بین بانکی انبوه مبتنی بر حساب است و در دستور پرداخت پایا امکان انتقال الکترونیک وجوه خرد مبتنی بر حساب بین بانک ها برای مشتریان فراهم شده است.
 حداکثرمبلغ انتقال وجه  دربانکداری اینترنتی 1 میلیارد ریال و در همراه بانک نیز  1 میلیارد ریال (سقف هر تراکنش 500 میلیون ریال) است و سقف انتقال وجه بین بانکی پایا از طریق شعب به ازای هر دستور پرداخت، یک میلیارد ریال است..
چرخه زمانی پایا در روزهای کاری(شنبه تا پنجشنبه) در چهار مرحله انجام خواهد شد.چرخه اول ساعت 3:45، چرخه دوم ساعت 10:45، چرخه سوم 13:45 و چرخه چهارم 18:45 است و در روزهای تعطیل و یا خارج از ساعت کاری بانک‌ها، انتقال وجه پایا در ابتدای روز بعد به حساب فرد مورد نظر منتقل خواهد شد.
حداقل کارمزد تراکنش پایا مبلغ 2000 ریال و حداکثر سقف آن مبلغ 25000 ریال است.
در صورتی که از برخی از اپلیکیشن‌های بانکی استفاده کنید، ممکن است که انتقال وجه پایا بدون پرداخت کارمزد هم انجام پذیر باشد.",مبلغ انتقال وجه پایا از طریق غیر حضوری," حداکثرمبلغ انتقال وجه  دربانکداری اینترنتی 1 میلیارد ریال و در همراه بانک نیز  1 میلیارد ریال (سقف هر تراکنش 500 میلیون ریال) است و سقف انتقال وجه بین بانکی پایا از طریق شعب به ازای هر دستور پرداخت، یک میلیارد ریال است..",35
"پایا زیرساخت اصلی مبادلات پولی بین بانکی انبوه مبتنی بر حساب است و در دستور پرداخت پایا امکان انتقال الکترونیک وجوه خرد مبتنی بر حساب بین بانک ها برای مشتریان فراهم شده است.
 حداکثرمبلغ انتقال وجه  دربانکداری اینترنتی 1 میلیارد ریال و در همراه بانک نیز  1 میلیارد ریال (سقف هر تراکنش 500 میلیون ریال) است و سقف انتقال وجه بین بانکی پایا از طریق شعب به ازای هر دستور پرداخت، یک میلیارد ریال است..
چرخه زمانی پایا در روزهای کاری(شنبه تا پنجشنبه) در چهار مرحله انجام خواهد شد.چرخه اول ساعت 3:45، چرخه دوم ساعت 10:45، چرخه سوم 13:45 و چرخه چهارم 18:45 است و در روزهای تعطیل و یا خارج از ساعت کاری بانک‌ها، انتقال وجه پایا در ابتدای روز بعد به حساب فرد مورد نظر منتقل خواهد شد.
حداقل کارمزد تراکنش پایا مبلغ 2000 ریال و حداکثر سقف آن مبلغ 25000 ریال است.
در صورتی که از برخی از اپلیکیشن‌های بانکی استفاده کنید، ممکن است که انتقال وجه پایا بدون پرداخت کارمزد هم انجام پذیر باشد.",مبلغ انتقال وجه پایا از طریق همراه بانک," حداکثرمبلغ انتقال وجه  دربانکداری اینترنتی 1 میلیارد ریال و در همراه بانک نیز  1 میلیارد ریال (سقف هر تراکنش 500 میلیون ریال) است و سقف انتقال وجه بین بانکی پایا از طریق شعب به ازای هر دستور پرداخت، یک میلیارد ریال است..",35
"پایا زیرساخت اصلی مبادلات پولی بین بانکی انبوه مبتنی بر حساب است و در دستور پرداخت پایا امکان انتقال الکترونیک وجوه خرد مبتنی بر حساب بین بانک ها برای مشتریان فراهم شده است.
 حداکثرمبلغ انتقال وجه  دربانکداری اینترنتی 1 میلیارد ریال و در همراه بانک نیز  1 میلیارد ریال (سقف هر تراکنش 500 میلیون ریال) است و سقف انتقال وجه بین بانکی پایا از طریق شعب به ازای هر دستور پرداخت، یک میلیارد ریال است..
چرخه زمانی پایا در روزهای کاری(شنبه تا پنجشنبه) در چهار مرحله انجام خواهد شد.چرخه اول ساعت 3:45، چرخه دوم ساعت 10:45، چرخه سوم 13:45 و چرخه چهارم 18:45 است و در روزهای تعطیل و یا خارج از ساعت کاری بانک‌ها، انتقال وجه پایا در ابتدای روز بعد به حساب فرد مورد نظر منتقل خواهد شد.
حداقل کارمزد تراکنش پایا مبلغ 2000 ریال و حداکثر سقف آن مبلغ 25000 ریال است.
در صورتی که از برخی از اپلیکیشن‌های بانکی استفاده کنید، ممکن است که انتقال وجه پایا بدون پرداخت کارمزد هم انجام پذیر باشد.",مبلغ انتقال وجه پایا از طریق  اینترنت  بانک," حداکثرمبلغ انتقال وجه  دربانکداری اینترنتی 1 میلیارد ریال و در همراه بانک نیز  1 میلیارد ریال (سقف هر تراکنش 500 میلیون ریال) است و سقف انتقال وجه بین بانکی پایا از طریق شعب به ازای هر دستور پرداخت، یک میلیارد ریال است..",35
"پایا زیرساخت اصلی مبادلات پولی بین بانکی انبوه مبتنی بر حساب است و در دستور پرداخت پایا امکان انتقال الکترونیک وجوه خرد مبتنی بر حساب بین بانک ها برای مشتریان فراهم شده است.
 حداکثرمبلغ انتقال وجه  دربانکداری اینترنتی 1 میلیارد ریال و در همراه بانک نیز  1 میلیارد ریال (سقف هر تراکنش 500 میلیون ریال) است و سقف انتقال وجه بین بانکی پایا از طریق شعب به ازای هر دستور پرداخت، یک میلیارد ریال است..
چرخه زمانی پایا در روزهای کاری(شنبه تا پنجشنبه) در چهار مرحله انجام خواهد شد.چرخه اول ساعت 3:45، چرخه دوم ساعت 10:45، چرخه سوم 13:45 و چرخه چهارم 18:45 است و در روزهای تعطیل و یا خارج از ساعت کاری بانک‌ها، انتقال وجه پایا در ابتدای روز بعد به حساب فرد مورد نظر منتقل خواهد شد.
حداقل کارمزد تراکنش پایا مبلغ 2000 ریال و حداکثر سقف آن مبلغ 25000 ریال است.
در صورتی که از برخی از اپلیکیشن‌های بانکی استفاده کنید، ممکن است که انتقال وجه پایا بدون پرداخت کارمزد هم انجام پذیر باشد.",مبلغ انتقال وجه پایا از طریق شعب ," حداکثرمبلغ انتقال وجه  دربانکداری اینترنتی 1 میلیارد ریال و در همراه بانک نیز  1 میلیارد ریال (سقف هر تراکنش 500 میلیون ریال) است و سقف انتقال وجه بین بانکی پایا از طریق شعب به ازای هر دستور پرداخت، یک میلیارد ریال است..",35
"پایا زیرساخت اصلی مبادلات پولی بین بانکی انبوه مبتنی بر حساب است و در دستور پرداخت پایا امکان انتقال الکترونیک وجوه خرد مبتنی بر حساب بین بانک ها برای مشتریان فراهم شده است.
 حداکثرمبلغ انتقال وجه  دربانکداری اینترنتی 1 میلیارد ریال و در همراه بانک نیز  1 میلیارد ریال (سقف هر تراکنش 500 میلیون ریال) است و سقف انتقال وجه بین بانکی پایا از طریق شعب به ازای هر دستور پرداخت، یک میلیارد ریال است..
چرخه زمانی پایا در روزهای کاری(شنبه تا پنجشنبه) در چهار مرحله انجام خواهد شد.چرخه اول ساعت 3:45، چرخه دوم ساعت 10:45، چرخه سوم 13:45 و چرخه چهارم 18:45 است و در روزهای تعطیل و یا خارج از ساعت کاری بانک‌ها، انتقال وجه پایا در ابتدای روز بعد به حساب فرد مورد نظر منتقل خواهد شد.
حداقل کارمزد تراکنش پایا مبلغ 2000 ریال و حداکثر سقف آن مبلغ 25000 ریال است.
در صورتی که از برخی از اپلیکیشن‌های بانکی استفاده کنید، ممکن است که انتقال وجه پایا بدون پرداخت کارمزد هم انجام پذیر باشد.",تراکنش پایا از همراه بانک انجام داده ام اما همچنان  وضعیت تراکنش را در حال انجام نشان می دهد آیا تراکنش انجام نشده است ؟," انتقال وجه پایا در روزهای تعطیل و یا خارج از ساعت کاری بانک‌ها، در ابتدای روز بعد به حساب فرد مورد نظر منتقل خواهد شد.",145
"انتفال وجه به حساب تجارت زمانبندی خاصی ندارد و از طریق درگاه های غیر حضوری در هر ساعت از شبانه روز به صورت لحظه ای انجام می شود. کارمزد انتقال وجه از درگاه غیر حضوری 300 ریال است و در شعبه در صورتی که غیر از شعبه صاحب حساب باشدکارمزد  مبلغ 12000 ریال برداشت می‌شود. سقف انتقال وجه از طریق تلفن بانک و موبایل بانک 1 میلیارد ریال، از طریق تلفن بانک 30 میلیون ریال و از طریق خودپرداز 100 میلیون ریال است.",زمانبندی واریز حساب به حساب تجارت از همراه بانک,زمانبندی خاصی ندارد و از طریق درگاه های غیر حضوری در هر ساعت از شبانه روز به صورت لحظه ای انجام می شود .,7
"انتفال وجه به حساب تجارت زمانبندی خاصی ندارد و از طریق درگاه های غیر حضوری در هر ساعت از شبانه روز به صورت لحظه ای انجام می شود. کارمزد انتقال وجه از درگاه غیر حضوری 300 ریال است و در شعبه در صورتی که غیر از شعبه صاحب حساب باشدکارمزد  مبلغ 12000 ریال برداشت می‌شود. سقف انتقال وجه از طریق تلفن بانک و موبایل بانک 1 میلیارد ریال، از طریق تلفن بانک 30 میلیون ریال و از طریق خودپرداز 100 میلیون ریال است.",زمانبندی واریز حساب به حساب تجارت از اینترنت بانک,زمانبندی خاصی ندارد و از طریق درگاه های غیر حضوری در هر ساعت از شبانه روز به صورت لحظه ای انجام می شود .,7
"انتفال وجه به حساب تجارت زمانبندی خاصی ندارد و از طریق درگاه های غیر حضوری در هر ساعت از شبانه روز به صورت لحظه ای انجام می شود. کارمزد انتقال وجه از درگاه غیر حضوری 300 ریال است و در شعبه در صورتی که غیر از شعبه صاحب حساب باشدکارمزد  مبلغ 12000 ریال برداشت می‌شود. سقف انتقال وجه از طریق تلفن بانک و موبایل بانک 1 میلیارد ریال، از طریق تلفن بانک 30 میلیون ریال و از طریق خودپرداز 100 میلیون ریال است.",زمانبندی واریز حساب به حساب تجارت از نت بانک,زمانبندی خاصی ندارد و از طریق درگاه های غیر حضوری در هر ساعت از شبانه روز به صورت لحظه ای انجام می شود .,7
"انتفال وجه به حساب تجارت زمانبندی خاصی ندارد و از طریق درگاه های غیر حضوری در هر ساعت از شبانه روز به صورت لحظه ای انجام می شود. کارمزد انتقال وجه از درگاه غیر حضوری 300 ریال است و در شعبه در صورتی که غیر از شعبه صاحب حساب باشدکارمزد  مبلغ 12000 ریال برداشت می‌شود. سقف انتقال وجه از طریق تلفن بانک و موبایل بانک 1 میلیارد ریال، از طریق تلفن بانک 30 میلیون ریال و از طریق خودپرداز 100 میلیون ریال است.",زمانبندی واریز حساب به حساب تجارت از تلفن بانک,زمانبندی خاصی ندارد و از طریق درگاه های غیر حضوری در هر ساعت از شبانه روز به صورت لحظه ای انجام می شود .,7
"انتفال وجه به حساب تجارت زمانبندی خاصی ندارد و از طریق درگاه های غیر حضوری در هر ساعت از شبانه روز به صورت لحظه ای انجام می شود. کارمزد انتقال وجه از درگاه غیر حضوری 300 ریال است و در شعبه در صورتی که غیر از شعبه صاحب حساب باشدکارمزد  مبلغ 12000 ریال برداشت می‌شود. سقف انتقال وجه از طریق تلفن بانک و موبایل بانک 1 میلیارد ریال، از طریق تلفن بانک 30 میلیون ریال و از طریق خودپرداز 100 میلیون ریال است.",زمانبندی واریز حساب به حساب تجارت از طریق خودپرداز,زمانبندی خاصی ندارد و از طریق درگاه های غیر حضوری در هر ساعت از شبانه روز به صورت لحظه ای انجام می شود .,7
"انتفال وجه به حساب تجارت زمانبندی خاصی ندارد و از طریق درگاه های غیر حضوری در هر ساعت از شبانه روز به صورت لحظه ای انجام می شود. کارمزد انتقال وجه از درگاه غیر حضوری 300 ریال است و در شعبه در صورتی که غیر از شعبه صاحب حساب باشدکارمزد  مبلغ 12000 ریال برداشت می‌شود. سقف انتقال وجه از طریق تلفن بانک و موبایل بانک 1 میلیارد ریال، از طریق تلفن بانک 30 میلیون ریال و از طریق خودپرداز 100 میلیون ریال است.",کارمزد انتقال حساب به حساب تجارت اینترنت بانک ,کارمزد انتقال حساب به حساب تجارت اینترنت بانک سیصد ریال است.,31
"انتفال وجه به حساب تجارت زمانبندی خاصی ندارد و از طریق درگاه های غیر حضوری در هر ساعت از شبانه روز به صورت لحظه ای انجام می شود. کارمزد انتقال وجه از درگاه غیر حضوری 300 ریال است و در شعبه در صورتی که غیر از شعبه صاحب حساب باشدکارمزد  مبلغ 12000 ریال برداشت می‌شود. سقف انتقال وجه از طریق تلفن بانک و موبایل بانک 1 میلیارد ریال، از طریق تلفن بانک 30 میلیون ریال و از طریق خودپرداز 100 میلیون ریال است.",کارمزد انتقال حساب به حساب تجارت نت بانک ,کارمزد انتقال حساب به حساب تجارت نت بانک سیصد ریال است.,31
"انتفال وجه به حساب تجارت زمانبندی خاصی ندارد و از طریق درگاه های غیر حضوری در هر ساعت از شبانه روز به صورت لحظه ای انجام می شود. کارمزد انتقال وجه از درگاه غیر حضوری 300 ریال است و در شعبه در صورتی که غیر از شعبه صاحب حساب باشدکارمزد  مبلغ 12000 ریال برداشت می‌شود. سقف انتقال وجه از طریق تلفن بانک و موبایل بانک 1 میلیارد ریال، از طریق تلفن بانک 30 میلیون ریال و از طریق خودپرداز 100 میلیون ریال است.",کارمزد انتقال حساب به حساب تجارت موبایل بانک ,کارمزد انتقال حساب به حساب تجارت موبایل بانک  سیصد ریال است.,31
"انتفال وجه به حساب تجارت زمانبندی خاصی ندارد و از طریق درگاه های غیر حضوری در هر ساعت از شبانه روز به صورت لحظه ای انجام می شود. کارمزد انتقال وجه از درگاه غیر حضوری 300 ریال است و در شعبه در صورتی که غیر از شعبه صاحب حساب باشدکارمزد  مبلغ 12000 ریال برداشت می‌شود. سقف انتقال وجه از طریق تلفن بانک و موبایل بانک 1 میلیارد ریال، از طریق تلفن بانک 30 میلیون ریال و از طریق خودپرداز 100 میلیون ریال است.",کارمزد انتقال حساب به حساب تجارت تلفن بانک ,کارمزد انتقال حساب به حساب تجارت تلفن بانک  سیصد ریال است.,31
"انتفال وجه به حساب تجارت زمانبندی خاصی ندارد و از طریق درگاه های غیر حضوری در هر ساعت از شبانه روز به صورت لحظه ای انجام می شود. کارمزد انتقال وجه از درگاه غیر حضوری 300 ریال است و در شعبه در صورتی که غیر از شعبه صاحب حساب باشدکارمزد  مبلغ 12000 ریال برداشت می‌شود. سقف انتقال وجه از طریق تلفن بانک و موبایل بانک 1 میلیارد ریال، از طریق تلفن بانک 30 میلیون ریال و از طریق خودپرداز 100 میلیون ریال است.",کارمزد انتقال وجه  حساب به حساب تجارت از داخل شعب,کارمزدی ندارد اما از مشتری کارمزد برداشت از حساب مبدآ ( در صورتی که غیر از شعبه صاحب حساب باشد )  مبلغ 1200 تومان دریافت می شود. ,54
"انتفال وجه به حساب تجارت زمانبندی خاصی ندارد و از طریق درگاه های غیر حضوری در هر ساعت از شبانه روز به صورت لحظه ای انجام می شود. کارمزد انتقال وجه از درگاه غیر حضوری 300 ریال است و در شعبه در صورتی که غیر از شعبه صاحب حساب باشدکارمزد  مبلغ 12000 ریال برداشت می‌شود. سقف انتقال وجه از طریق تلفن بانک و موبایل بانک 1 میلیارد ریال، از طریق تلفن بانک 30 میلیون ریال و از طریق خودپرداز 100 میلیون ریال است.",سقف انتقال وجه تجارت به تجارت از همراه بانک ,سقف انتقال وجه تجارت به تجارت از همراه بانک یک میلیارد ریال است,64
"انتفال وجه به حساب تجارت زمانبندی خاصی ندارد و از طریق درگاه های غیر حضوری در هر ساعت از شبانه روز به صورت لحظه ای انجام می شود. کارمزد انتقال وجه از درگاه غیر حضوری 300 ریال است و در شعبه در صورتی که غیر از شعبه صاحب حساب باشدکارمزد  مبلغ 12000 ریال برداشت می‌شود. سقف انتقال وجه از طریق تلفن بانک و موبایل بانک 1 میلیارد ریال، از طریق تلفن بانک 30 میلیون ریال و از طریق خودپرداز 100 میلیون ریال است.",سقف انتقال وجه تجارت به تجارت از طریق  اینترنت  بانک ,سقف انتقال وجه تجارت به تجارت از اینترنت بانک یک میلیارد ریال است اما برای حقوقی ها نامحدود است .,64
"انتفال وجه به حساب تجارت زمانبندی خاصی ندارد و از طریق درگاه های غیر حضوری در هر ساعت از شبانه روز به صورت لحظه ای انجام می شود. کارمزد انتقال وجه از درگاه غیر حضوری 300 ریال است و در شعبه در صورتی که غیر از شعبه صاحب حساب باشدکارمزد  مبلغ 12000 ریال برداشت می‌شود. سقف انتقال وجه از طریق تلفن بانک و موبایل بانک 1 میلیارد ریال، از طریق تلفن بانک 30 میلیون ریال و از طریق خودپرداز 100 میلیون ریال است.",سقف انتقال وجه تجارت به تجارت از  خودپرداز ,سقف انتقال وجه تجارت به تجارت از  خودپرداز صد میلیون ریال است.,64
"انتفال وجه به حساب تجارت زمانبندی خاصی ندارد و از طریق درگاه های غیر حضوری در هر ساعت از شبانه روز به صورت لحظه ای انجام می شود. کارمزد انتقال وجه از درگاه غیر حضوری 300 ریال است و در شعبه در صورتی که غیر از شعبه صاحب حساب باشدکارمزد  مبلغ 12000 ریال برداشت می‌شود. سقف انتقال وجه از طریق تلفن بانک و موبایل بانک 1 میلیارد ریال، از طریق تلفن بانک 30 میلیون ریال و از طریق خودپرداز 100 میلیون ریال است.",سقف انتقال وجه تجارت به تجارت از تلفنبانک,سقف انتقال وجه تجارت به تجارت از تلفنبانک سی میلیون ریال است,64
"کارمزد کارت به کارت حداقل 6,000 ريال تا مبلغ ده میلیون ريال و به ازای هر ده میلیون ريال مازاد، مبلغ 2,400ريال اضافه شود. سقف انتقال وجه از همه درگاه‌های غیر حضوری در هر شبانه‌روز 100 میلیون ریال و از طریق PINPAD  داخل شعب 150 میلیون ریال است. افراد زیر 12 سال  امکان انتقال وجه شتابی را ندارند .
صدور اولیه و مجدد کارت منوط به ارائه معرفی نامه هیئت مدیره شخص حقوقی به بانک خواهد بود .که معرفی نامه مذکور  باید به تصویب هیئت مدیره شخص حقوقی رسیده باشد همچنین به ازای هر حساب صرفا امکان صدور یک کارت حقوقی میسر می باشد .",آیا اشخاص حقوقی می توانند تجارت کارت داشته باشند ؟,صدور اولیه و مجدد کارت منوط به ارائه معرفی نامه هیئت مدیره شخص حقوقی به بانک خواهد بود .که معرفی نامه مذکور  باید به تصویب هیئت مدیره شخص حقوقی رسیده باشد همچنین به ازای هر حساب صرفا امکان صدور یک کارت حقوقی میسر می باشد .,76
"کارمزد کارت به کارت حداقل 6,000 ريال تا مبلغ ده میلیون ريال و به ازای هر ده میلیون ريال مازاد، مبلغ 2,400ريال اضافه شود. سقف انتقال وجه از همه درگاه‌های غیر حضوری در هر شبانه‌روز 100 میلیون ریال و از طریق PINPAD  داخل شعب 150 میلیون ریال است. افراد زیر 12 سال  امکان انتقال وجه شتابی را ندارند .
صدور اولیه و مجدد کارت منوط به ارائه معرفی نامه هیئت مدیره شخص حقوقی به بانک خواهد بود .که معرفی نامه مذکور  باید به تصویب هیئت مدیره شخص حقوقی رسیده باشد همچنین به ازای هر حساب صرفا امکان صدور یک کارت حقوقی میسر می باشد .",سقف کارمزد کارت به کارت چقدر است,"کارمزد کارت به کارت حداقل 6,000 ريال تا مبلغ ده میلیون ريال و به ازای هر ده میلیون ريال مازاد، مبلغ 2,400ريال اضافه شود.",1
"کارمزد کارت به کارت حداقل 6,000 ريال تا مبلغ ده میلیون ريال و به ازای هر ده میلیون ريال مازاد، مبلغ 2,400ريال اضافه شود. سقف انتقال وجه از همه درگاه‌های غیر حضوری در هر شبانه‌روز 100 میلیون ریال و از طریق PINPAD  داخل شعب 150 میلیون ریال است. افراد زیر 12 سال  امکان انتقال وجه شتابی را ندارند .
صدور اولیه و مجدد کارت منوط به ارائه معرفی نامه هیئت مدیره شخص حقوقی به بانک خواهد بود .که معرفی نامه مذکور  باید به تصویب هیئت مدیره شخص حقوقی رسیده باشد همچنین به ازای هر حساب صرفا امکان صدور یک کارت حقوقی میسر می باشد .",حداکثر کارمزد کارت به کارت چقدر است,"کارمزد کارت به کارت حداقل 6,000 ريال تا مبلغ ده میلیون ريال و به ازای هر ده میلیون ريال مازاد، مبلغ 2,400ريال اضافه شود.",1
"کارمزد کارت به کارت حداقل 6,000 ريال تا مبلغ ده میلیون ريال و به ازای هر ده میلیون ريال مازاد، مبلغ 2,400ريال اضافه شود. سقف انتقال وجه از همه درگاه‌های غیر حضوری در هر شبانه‌روز 100 میلیون ریال و از طریق PINPAD  داخل شعب 150 میلیون ریال است. افراد زیر 12 سال  امکان انتقال وجه شتابی را ندارند .
صدور اولیه و مجدد کارت منوط به ارائه معرفی نامه هیئت مدیره شخص حقوقی به بانک خواهد بود .که معرفی نامه مذکور  باید به تصویب هیئت مدیره شخص حقوقی رسیده باشد همچنین به ازای هر حساب صرفا امکان صدور یک کارت حقوقی میسر می باشد .",مبلغ کارمزد کارت به کارت چقدر است,"کارمزد کارت به کارت حداقل 6,000 ريال تا مبلغ ده میلیون ريال و به ازای هر ده میلیون ريال مازاد، مبلغ 2,400ريال اضافه شود.",1
"کارمزد کارت به کارت حداقل 6,000 ريال تا مبلغ ده میلیون ريال و به ازای هر ده میلیون ريال مازاد، مبلغ 2,400ريال اضافه شود. سقف انتقال وجه از همه درگاه‌های غیر حضوری در هر شبانه‌روز 100 میلیون ریال و از طریق PINPAD  داخل شعب 150 میلیون ریال است. افراد زیر 12 سال  امکان انتقال وجه شتابی را ندارند .
صدور اولیه و مجدد کارت منوط به ارائه معرفی نامه هیئت مدیره شخص حقوقی به بانک خواهد بود .که معرفی نامه مذکور  باید به تصویب هیئت مدیره شخص حقوقی رسیده باشد همچنین به ازای هر حساب صرفا امکان صدور یک کارت حقوقی میسر می باشد .",سقف انتقال وجه از کارت به کارت طریق نت بانک چقدر است., سقف انتقال وجه از همه درگاه‌های غیر حضوری در هر شبانه‌روز 100 میلیون ریال است,33
"کارمزد کارت به کارت حداقل 6,000 ريال تا مبلغ ده میلیون ريال و به ازای هر ده میلیون ريال مازاد، مبلغ 2,400ريال اضافه شود. سقف انتقال وجه از همه درگاه‌های غیر حضوری در هر شبانه‌روز 100 میلیون ریال و از طریق PINPAD  داخل شعب 150 میلیون ریال است. افراد زیر 12 سال  امکان انتقال وجه شتابی را ندارند .
صدور اولیه و مجدد کارت منوط به ارائه معرفی نامه هیئت مدیره شخص حقوقی به بانک خواهد بود .که معرفی نامه مذکور  باید به تصویب هیئت مدیره شخص حقوقی رسیده باشد همچنین به ازای هر حساب صرفا امکان صدور یک کارت حقوقی میسر می باشد .",سقف انتقال وجه از کارت به کارت طریق اینترنت بانک چقدر است., سقف انتقال وجه از همه درگاه‌های غیر حضوری در هر شبانه‌روز 100 میلیون ریال است,33
"کارمزد کارت به کارت حداقل 6,000 ريال تا مبلغ ده میلیون ريال و به ازای هر ده میلیون ريال مازاد، مبلغ 2,400ريال اضافه شود. سقف انتقال وجه از همه درگاه‌های غیر حضوری در هر شبانه‌روز 100 میلیون ریال و از طریق PINPAD  داخل شعب 150 میلیون ریال است. افراد زیر 12 سال  امکان انتقال وجه شتابی را ندارند .
صدور اولیه و مجدد کارت منوط به ارائه معرفی نامه هیئت مدیره شخص حقوقی به بانک خواهد بود .که معرفی نامه مذکور  باید به تصویب هیئت مدیره شخص حقوقی رسیده باشد همچنین به ازای هر حساب صرفا امکان صدور یک کارت حقوقی میسر می باشد .",سقف انتقال وجه از کارت به کارت طریق همراه بانک چقدر است., سقف انتقال وجه از همه درگاه‌های غیر حضوری در هر شبانه‌روز 100 میلیون ریال است,33
"کارمزد کارت به کارت حداقل 6,000 ريال تا مبلغ ده میلیون ريال و به ازای هر ده میلیون ريال مازاد، مبلغ 2,400ريال اضافه شود. سقف انتقال وجه از همه درگاه‌های غیر حضوری در هر شبانه‌روز 100 میلیون ریال و از طریق PINPAD  داخل شعب 150 میلیون ریال است. افراد زیر 12 سال  امکان انتقال وجه شتابی را ندارند .
صدور اولیه و مجدد کارت منوط به ارائه معرفی نامه هیئت مدیره شخص حقوقی به بانک خواهد بود .که معرفی نامه مذکور  باید به تصویب هیئت مدیره شخص حقوقی رسیده باشد همچنین به ازای هر حساب صرفا امکان صدور یک کارت حقوقی میسر می باشد .",سقف انتقال وجه از کارت به کارت طریق خودپرداز بانک چقدر است., سقف انتقال وجه از همه درگاه‌های غیر حضوری در هر شبانه‌روز 100 میلیون ریال است,33
"کارمزد کارت به کارت حداقل 6,000 ريال تا مبلغ ده میلیون ريال و به ازای هر ده میلیون ريال مازاد، مبلغ 2,400ريال اضافه شود. سقف انتقال وجه از همه درگاه‌های غیر حضوری در هر شبانه‌روز 100 میلیون ریال و از طریق PINPAD  داخل شعب 150 میلیون ریال است. افراد زیر 12 سال  امکان انتقال وجه شتابی را ندارند .
صدور اولیه و مجدد کارت منوط به ارائه معرفی نامه هیئت مدیره شخص حقوقی به بانک خواهد بود .که معرفی نامه مذکور  باید به تصویب هیئت مدیره شخص حقوقی رسیده باشد همچنین به ازای هر حساب صرفا امکان صدور یک کارت حقوقی میسر می باشد .",سقف انتقال وجه از کارت به کارتداخل شعب بانک بانک چقدر است., سقف انتقال وجه از طریق PINPAD  داخل شعب 150 میلیون ریال است. ,33
"کارمزد کارت به کارت حداقل 6,000 ريال تا مبلغ ده میلیون ريال و به ازای هر ده میلیون ريال مازاد، مبلغ 2,400ريال اضافه شود. سقف انتقال وجه از همه درگاه‌های غیر حضوری در هر شبانه‌روز 100 میلیون ریال و از طریق PINPAD  داخل شعب 150 میلیون ریال است. افراد زیر 12 سال  امکان انتقال وجه شتابی را ندارند .
صدور اولیه و مجدد کارت منوط به ارائه معرفی نامه هیئت مدیره شخص حقوقی به بانک خواهد بود .که معرفی نامه مذکور  باید به تصویب هیئت مدیره شخص حقوقی رسیده باشد همچنین به ازای هر حساب صرفا امکان صدور یک کارت حقوقی میسر می باشد .",سقف مجاز برداشت افراد زیر12سال از طریق خودپرداز چقدر است,افراد زیر 12 سال  امکان انتقال وجه شتابی را ندارند .,65
"کارمزد کارت به کارت حداقل 6,000 ريال تا مبلغ ده میلیون ريال و به ازای هر ده میلیون ريال مازاد، مبلغ 2,400ريال اضافه شود. سقف انتقال وجه از همه درگاه‌های غیر حضوری در هر شبانه‌روز 100 میلیون ریال و از طریق PINPAD  داخل شعب 150 میلیون ریال است. افراد زیر 12 سال  امکان انتقال وجه شتابی را ندارند .
صدور اولیه و مجدد کارت منوط به ارائه معرفی نامه هیئت مدیره شخص حقوقی به بانک خواهد بود .که معرفی نامه مذکور  باید به تصویب هیئت مدیره شخص حقوقی رسیده باشد همچنین به ازای هر حساب صرفا امکان صدور یک کارت حقوقی میسر می باشد .",سقف مجاز برداشت افراد18-12 سال  از طریق خودپرداز چقدر است,سقف برای افراد 12 سال تمام تا 18 سال 200 هزار تومان روزانه  می باشد .,76
"کارمزد کارت به کارت حداقل 6,000 ريال تا مبلغ ده میلیون ريال و به ازای هر ده میلیون ريال مازاد، مبلغ 2,400ريال اضافه شود. سقف انتقال وجه از همه درگاه‌های غیر حضوری در هر شبانه‌روز 100 میلیون ریال و از طریق PINPAD  داخل شعب 150 میلیون ریال است. افراد زیر 12 سال  امکان انتقال وجه شتابی را ندارند .
صدور اولیه و مجدد کارت منوط به ارائه معرفی نامه هیئت مدیره شخص حقوقی به بانک خواهد بود .که معرفی نامه مذکور  باید به تصویب هیئت مدیره شخص حقوقی رسیده باشد همچنین به ازای هر حساب صرفا امکان صدور یک کارت حقوقی میسر می باشد .",سقف انتقال وجه تجارت به تجارت از تلفنبانک,سقف انتقال وجه تجارت به تجارت از تلفنبانک سی میلیون ریال است,33
"اشخاص حقیقی می‌توانند با ارائه اصل شناسنامه، کارت ملی و دو قطعه عکس به شعبه مراجعه و پس از تکمیل فرم درخواست، سپردن ودیعه و پرداخت اجاره بها از خدمات صندوق اجاره‌ای استفاده کنند.
اشخاص حقوقی باید اساسنامه، یک نسخه از روزنامه رسمی کشور که در آن آگهی ثبت شرکت یا موسسه درج شده باشد و همچنین روزنامه رسمی مربوط به معرفی مدیر یا مدیران و آخرین تغییرات شرکت به بانک تسلیم و در ذیل فرم درخواست، شرایط استفاده از صندوق توسط مشتری قید شود.
مشتریان می‌توانند در صندوق خود هرگونه اشیا و اسنادی را قرار دهند که شامل اشیا ممنوعه نباشد یا در نتیجه فساد یا علل  دیگر، آسیبی به صندوق و خزانه بانک نرساند.
فقط اجاره کننده صندوق یا وکیل قانونی وی می‌تواند از آن استفاده کند و صندوق قابل انتقال به غیر نیست.
حداقل سن  استفاده کنندگان از صندوق های اجاره ای 18 سال تمام است
مشتریان می‌توانند در ساعات اداری به دفعات برای استفاده از صندوق اجاره‌ای به بانک مراجعه کنند و هزینه ی هر بار استفاده از صندوق(ورود) 60.000ریال میباشد
حداقل مبلغ ودیعه اجاره صندوق امانات ۸ برابر مبلغ اجاره بهاء می باشد . 
اجاره صندوق امانات  به صورت سالیانه و در همان ابتدای قرارداد برای مدت یکسال اخذ می گردد. 
مبلغ اجاره بهای صندوق های اجاره ای طبق تعرفه های اعلامی بانک در حال حاضر ( هر سانتي متر مکعب حجم 144 ريال (حداقل 720,000ريال )  همچنین وديعه اجاره بهاء 8 برابر مبلغ اجاره بها،حداقل مبلغ 5,760,000 ريال ) برای یکسال تمام محاسبه و در ابتدای قرارداد اخذ می گردد. و برای مدت كمتر از یکسال اجاره بهای یکسال دریافت خواهد گردید.",حداقل سن  استفاده کنندگان از صندوق های اجاره ای چند سال است,حداقل سن  استفاده کنندگان از صندوق های اجاره ای 18 سال تمام است,161
"اشخاص حقیقی می‌توانند با ارائه اصل شناسنامه، کارت ملی و دو قطعه عکس به شعبه مراجعه و پس از تکمیل فرم درخواست، سپردن ودیعه و پرداخت اجاره بها از خدمات صندوق اجاره‌ای استفاده کنند.
اشخاص حقوقی باید اساسنامه، یک نسخه از روزنامه رسمی کشور که در آن آگهی ثبت شرکت یا موسسه درج شده باشد و همچنین روزنامه رسمی مربوط به معرفی مدیر یا مدیران و آخرین تغییرات شرکت به بانک تسلیم و در ذیل فرم درخواست، شرایط استفاده از صندوق توسط مشتری قید شود.
مشتریان می‌توانند در صندوق خود هرگونه اشیا و اسنادی را قرار دهند که شامل اشیا ممنوعه نباشد یا در نتیجه فساد یا علل  دیگر، آسیبی به صندوق و خزانه بانک نرساند.
فقط اجاره کننده صندوق یا وکیل قانونی وی می‌تواند از آن استفاده کند و صندوق قابل انتقال به غیر نیست.
حداقل سن  استفاده کنندگان از صندوق های اجاره ای 18 سال تمام است
مشتریان می‌توانند در ساعات اداری به دفعات برای استفاده از صندوق اجاره‌ای به بانک مراجعه کنند و هزینه ی هر بار استفاده از صندوق(ورود) 60.000ریال میباشد
حداقل مبلغ ودیعه اجاره صندوق امانات ۸ برابر مبلغ اجاره بهاء می باشد . 
اجاره صندوق امانات  به صورت سالیانه و در همان ابتدای قرارداد برای مدت یکسال اخذ می گردد. 
مبلغ اجاره بهای صندوق های اجاره ای طبق تعرفه های اعلامی بانک در حال حاضر ( هر سانتي متر مکعب حجم 144 ريال (حداقل 720,000ريال )  همچنین وديعه اجاره بهاء 8 برابر مبلغ اجاره بها،حداقل مبلغ 5,760,000 ريال ) برای یکسال تمام محاسبه و در ابتدای قرارداد اخذ می گردد. و برای مدت كمتر از یکسال اجاره بهای یکسال دریافت خواهد گردید.",شرایط عمومی استفاده از صندوق امانات ( اجاره ای )برای اشخاص حقوقی  چگونه است.,"اشخاص حقوقی باید اساسنامه، یک نسخه از روزنامه رسمی کشور که در آن آگهی ثبت شرکت یا موسسه درج شده باشد و همچنین روزنامه رسمی مربوط به معرفی مدیر یا مدیران و آخرین تغییرات شرکت به بانک تسلیم و در ذیل فرم درخواست، شرایط استفاده از صندوق توسط مشتری قید شود.",1
"اشخاص حقیقی می‌توانند با ارائه اصل شناسنامه، کارت ملی و دو قطعه عکس به شعبه مراجعه و پس از تکمیل فرم درخواست، سپردن ودیعه و پرداخت اجاره بها از خدمات صندوق اجاره‌ای استفاده کنند.
اشخاص حقوقی باید اساسنامه، یک نسخه از روزنامه رسمی کشور که در آن آگهی ثبت شرکت یا موسسه درج شده باشد و همچنین روزنامه رسمی مربوط به معرفی مدیر یا مدیران و آخرین تغییرات شرکت به بانک تسلیم و در ذیل فرم درخواست، شرایط استفاده از صندوق توسط مشتری قید شود.
مشتریان می‌توانند در صندوق خود هرگونه اشیا و اسنادی را قرار دهند که شامل اشیا ممنوعه نباشد یا در نتیجه فساد یا علل  دیگر، آسیبی به صندوق و خزانه بانک نرساند.
فقط اجاره کننده صندوق یا وکیل قانونی وی می‌تواند از آن استفاده کند و صندوق قابل انتقال به غیر نیست.
حداقل سن  استفاده کنندگان از صندوق های اجاره ای 18 سال تمام است
مشتریان می‌توانند در ساعات اداری به دفعات برای استفاده از صندوق اجاره‌ای به بانک مراجعه کنند و هزینه ی هر بار استفاده از صندوق(ورود) 60.000ریال میباشد
حداقل مبلغ ودیعه اجاره صندوق امانات ۸ برابر مبلغ اجاره بهاء می باشد . 
اجاره صندوق امانات  به صورت سالیانه و در همان ابتدای قرارداد برای مدت یکسال اخذ می گردد. 
مبلغ اجاره بهای صندوق های اجاره ای طبق تعرفه های اعلامی بانک در حال حاضر ( هر سانتي متر مکعب حجم 144 ريال (حداقل 720,000ريال )  همچنین وديعه اجاره بهاء 8 برابر مبلغ اجاره بها،حداقل مبلغ 5,760,000 ريال ) برای یکسال تمام محاسبه و در ابتدای قرارداد اخذ می گردد. و برای مدت كمتر از یکسال اجاره بهای یکسال دریافت خواهد گردید.",شرایط عمومی استفاده از صندوق امانات ( اجاره ای )برای اشخاص حقیقی  چگونه است؟,"اشخاص حقیقی می‌توانند با ارائه اصل شناسنامه، کارت ملی و دو قطعه عکس به شعبه مراجعه و پس از تکمیل فرم درخواست، سپردن ودیعه و پرداخت اجاره بها از خدمات صندوق اجاره‌ای استفاده کنند.",42
"اشخاص حقیقی می‌توانند با ارائه اصل شناسنامه، کارت ملی و دو قطعه عکس به شعبه مراجعه و پس از تکمیل فرم درخواست، سپردن ودیعه و پرداخت اجاره بها از خدمات صندوق اجاره‌ای استفاده کنند.
اشخاص حقوقی باید اساسنامه، یک نسخه از روزنامه رسمی کشور که در آن آگهی ثبت شرکت یا موسسه درج شده باشد و همچنین روزنامه رسمی مربوط به معرفی مدیر یا مدیران و آخرین تغییرات شرکت به بانک تسلیم و در ذیل فرم درخواست، شرایط استفاده از صندوق توسط مشتری قید شود.
مشتریان می‌توانند در صندوق خود هرگونه اشیا و اسنادی را قرار دهند که شامل اشیا ممنوعه نباشد یا در نتیجه فساد یا علل  دیگر، آسیبی به صندوق و خزانه بانک نرساند.
فقط اجاره کننده صندوق یا وکیل قانونی وی می‌تواند از آن استفاده کند و صندوق قابل انتقال به غیر نیست.
حداقل سن  استفاده کنندگان از صندوق های اجاره ای 18 سال تمام است
مشتریان می‌توانند در ساعات اداری به دفعات برای استفاده از صندوق اجاره‌ای به بانک مراجعه کنند و هزینه ی هر بار استفاده از صندوق(ورود) 60.000ریال میباشد
حداقل مبلغ ودیعه اجاره صندوق امانات ۸ برابر مبلغ اجاره بهاء می باشد . 
اجاره صندوق امانات  به صورت سالیانه و در همان ابتدای قرارداد برای مدت یکسال اخذ می گردد. 
مبلغ اجاره بهای صندوق های اجاره ای طبق تعرفه های اعلامی بانک در حال حاضر ( هر سانتي متر مکعب حجم 144 ريال (حداقل 720,000ريال )  همچنین وديعه اجاره بهاء 8 برابر مبلغ اجاره بها،حداقل مبلغ 5,760,000 ريال ) برای یکسال تمام محاسبه و در ابتدای قرارداد اخذ می گردد. و برای مدت كمتر از یکسال اجاره بهای یکسال دریافت خواهد گردید.",مشتری چه اشیایی را میتواند در صندوق امانات قرار دهد ؟ ,"مشتریان می‌توانند در صندوق خود هرگونه اشیا و اسنادی را قرار دهند که شامل اشیا ممنوعه نباشد یا در نتیجه فساد یا علل  دیگر، آسیبی به صندوق و خزانه بانک نرساند.",100
"اشخاص حقیقی می‌توانند با ارائه اصل شناسنامه، کارت ملی و دو قطعه عکس به شعبه مراجعه و پس از تکمیل فرم درخواست، سپردن ودیعه و پرداخت اجاره بها از خدمات صندوق اجاره‌ای استفاده کنند.
اشخاص حقوقی باید اساسنامه، یک نسخه از روزنامه رسمی کشور که در آن آگهی ثبت شرکت یا موسسه درج شده باشد و همچنین روزنامه رسمی مربوط به معرفی مدیر یا مدیران و آخرین تغییرات شرکت به بانک تسلیم و در ذیل فرم درخواست، شرایط استفاده از صندوق توسط مشتری قید شود.
مشتریان می‌توانند در صندوق خود هرگونه اشیا و اسنادی را قرار دهند که شامل اشیا ممنوعه نباشد یا در نتیجه فساد یا علل  دیگر، آسیبی به صندوق و خزانه بانک نرساند.
فقط اجاره کننده صندوق یا وکیل قانونی وی می‌تواند از آن استفاده کند و صندوق قابل انتقال به غیر نیست.
حداقل سن  استفاده کنندگان از صندوق های اجاره ای 18 سال تمام است
مشتریان می‌توانند در ساعات اداری به دفعات برای استفاده از صندوق اجاره‌ای به بانک مراجعه کنند و هزینه ی هر بار استفاده از صندوق(ورود) 60.000ریال میباشد
حداقل مبلغ ودیعه اجاره صندوق امانات ۸ برابر مبلغ اجاره بهاء می باشد . 
اجاره صندوق امانات  به صورت سالیانه و در همان ابتدای قرارداد برای مدت یکسال اخذ می گردد. 
مبلغ اجاره بهای صندوق های اجاره ای طبق تعرفه های اعلامی بانک در حال حاضر ( هر سانتي متر مکعب حجم 144 ريال (حداقل 720,000ريال )  همچنین وديعه اجاره بهاء 8 برابر مبلغ اجاره بها،حداقل مبلغ 5,760,000 ريال ) برای یکسال تمام محاسبه و در ابتدای قرارداد اخذ می گردد. و برای مدت كمتر از یکسال اجاره بهای یکسال دریافت خواهد گردید.",نحوه بازدید صندوق توسط دارنده صندوق چگونه است ؟ ,مشتریان می‌توانند در ساعات اداری به دفعات برای استفاده از صندوق اجاره‌ای به بانک مراجعه کنند.,174
"اشخاص حقیقی می‌توانند با ارائه اصل شناسنامه، کارت ملی و دو قطعه عکس به شعبه مراجعه و پس از تکمیل فرم درخواست، سپردن ودیعه و پرداخت اجاره بها از خدمات صندوق اجاره‌ای استفاده کنند.
اشخاص حقوقی باید اساسنامه، یک نسخه از روزنامه رسمی کشور که در آن آگهی ثبت شرکت یا موسسه درج شده باشد و همچنین روزنامه رسمی مربوط به معرفی مدیر یا مدیران و آخرین تغییرات شرکت به بانک تسلیم و در ذیل فرم درخواست، شرایط استفاده از صندوق توسط مشتری قید شود.
مشتریان می‌توانند در صندوق خود هرگونه اشیا و اسنادی را قرار دهند که شامل اشیا ممنوعه نباشد یا در نتیجه فساد یا علل  دیگر، آسیبی به صندوق و خزانه بانک نرساند.
فقط اجاره کننده صندوق یا وکیل قانونی وی می‌تواند از آن استفاده کند و صندوق قابل انتقال به غیر نیست.
حداقل سن  استفاده کنندگان از صندوق های اجاره ای 18 سال تمام است
مشتریان می‌توانند در ساعات اداری به دفعات برای استفاده از صندوق اجاره‌ای به بانک مراجعه کنند و هزینه ی هر بار استفاده از صندوق(ورود) 60.000ریال میباشد
حداقل مبلغ ودیعه اجاره صندوق امانات ۸ برابر مبلغ اجاره بهاء می باشد . 
اجاره صندوق امانات  به صورت سالیانه و در همان ابتدای قرارداد برای مدت یکسال اخذ می گردد. 
مبلغ اجاره بهای صندوق های اجاره ای طبق تعرفه های اعلامی بانک در حال حاضر ( هر سانتي متر مکعب حجم 144 ريال (حداقل 720,000ريال )  همچنین وديعه اجاره بهاء 8 برابر مبلغ اجاره بها،حداقل مبلغ 5,760,000 ريال ) برای یکسال تمام محاسبه و در ابتدای قرارداد اخذ می گردد. و برای مدت كمتر از یکسال اجاره بهای یکسال دریافت خواهد گردید.",هزینه  اجاره سالانه صندوق امانات بانک تجارت چقدر است؟,"مبلغ اجاره بهای صندوق های اجاره ای طبق تعرفه های اعلامی بانک در حال حاضر ( هر سانتي متر مکعب حجم 144 ريال (حداقل 720,000ريال )  همچنین وديعه اجاره بهاء 8 برابر مبلغ اجاره بها،حداقل مبلغ 5,760,000 ريال ) برای یکسال تمام محاسبه و در ابتدای قرارداد اخذ می گردد. و برای مدت كمتر از یکسال اجاره بهای یکسال دریافت خواهد گردید.",218
"اشخاص حقیقی می‌توانند با ارائه اصل شناسنامه، کارت ملی و دو قطعه عکس به شعبه مراجعه و پس از تکمیل فرم درخواست، سپردن ودیعه و پرداخت اجاره بها از خدمات صندوق اجاره‌ای استفاده کنند.
اشخاص حقوقی باید اساسنامه، یک نسخه از روزنامه رسمی کشور که در آن آگهی ثبت شرکت یا موسسه درج شده باشد و همچنین روزنامه رسمی مربوط به معرفی مدیر یا مدیران و آخرین تغییرات شرکت به بانک تسلیم و در ذیل فرم درخواست، شرایط استفاده از صندوق توسط مشتری قید شود.
مشتریان می‌توانند در صندوق خود هرگونه اشیا و اسنادی را قرار دهند که شامل اشیا ممنوعه نباشد یا در نتیجه فساد یا علل  دیگر، آسیبی به صندوق و خزانه بانک نرساند.
فقط اجاره کننده صندوق یا وکیل قانونی وی می‌تواند از آن استفاده کند و صندوق قابل انتقال به غیر نیست.
حداقل سن  استفاده کنندگان از صندوق های اجاره ای 18 سال تمام است
مشتریان می‌توانند در ساعات اداری به دفعات برای استفاده از صندوق اجاره‌ای به بانک مراجعه کنند و هزینه ی هر بار استفاده از صندوق(ورود) 60.000ریال میباشد
حداقل مبلغ ودیعه اجاره صندوق امانات ۸ برابر مبلغ اجاره بهاء می باشد . 
اجاره صندوق امانات  به صورت سالیانه و در همان ابتدای قرارداد برای مدت یکسال اخذ می گردد. 
مبلغ اجاره بهای صندوق های اجاره ای طبق تعرفه های اعلامی بانک در حال حاضر ( هر سانتي متر مکعب حجم 144 ريال (حداقل 720,000ريال )  همچنین وديعه اجاره بهاء 8 برابر مبلغ اجاره بها،حداقل مبلغ 5,760,000 ريال ) برای یکسال تمام محاسبه و در ابتدای قرارداد اخذ می گردد. و برای مدت كمتر از یکسال اجاره بهای یکسال دریافت خواهد گردید.",اجاره صندوق امانات  به چه صورت دریافت میشود؟ ,اجاره صندوق امانات  به صورت سالیانه و در همان ابتدای قرارداد برای مدت یکسال اخذ می گردد. ,243
"اشخاص حقیقی می‌توانند با ارائه اصل شناسنامه، کارت ملی و دو قطعه عکس به شعبه مراجعه و پس از تکمیل فرم درخواست، سپردن ودیعه و پرداخت اجاره بها از خدمات صندوق اجاره‌ای استفاده کنند.
اشخاص حقوقی باید اساسنامه، یک نسخه از روزنامه رسمی کشور که در آن آگهی ثبت شرکت یا موسسه درج شده باشد و همچنین روزنامه رسمی مربوط به معرفی مدیر یا مدیران و آخرین تغییرات شرکت به بانک تسلیم و در ذیل فرم درخواست، شرایط استفاده از صندوق توسط مشتری قید شود.
مشتریان می‌توانند در صندوق خود هرگونه اشیا و اسنادی را قرار دهند که شامل اشیا ممنوعه نباشد یا در نتیجه فساد یا علل  دیگر، آسیبی به صندوق و خزانه بانک نرساند.
فقط اجاره کننده صندوق یا وکیل قانونی وی می‌تواند از آن استفاده کند و صندوق قابل انتقال به غیر نیست.
حداقل سن  استفاده کنندگان از صندوق های اجاره ای 18 سال تمام است
مشتریان می‌توانند در ساعات اداری به دفعات برای استفاده از صندوق اجاره‌ای به بانک مراجعه کنند و هزینه ی هر بار استفاده از صندوق(ورود) 60.000ریال میباشد
حداقل مبلغ ودیعه اجاره صندوق امانات ۸ برابر مبلغ اجاره بهاء می باشد . 
اجاره صندوق امانات  به صورت سالیانه و در همان ابتدای قرارداد برای مدت یکسال اخذ می گردد. 
مبلغ اجاره بهای صندوق های اجاره ای طبق تعرفه های اعلامی بانک در حال حاضر ( هر سانتي متر مکعب حجم 144 ريال (حداقل 720,000ريال )  همچنین وديعه اجاره بهاء 8 برابر مبلغ اجاره بها،حداقل مبلغ 5,760,000 ريال ) برای یکسال تمام محاسبه و در ابتدای قرارداد اخذ می گردد. و برای مدت كمتر از یکسال اجاره بهای یکسال دریافت خواهد گردید.",مبلغ ودیعه صندوق امانات چند ریال می باشد ؟,حداقل مبلغ ودیعه ۸ برابر مبلغ اجاره بهاء می باشد . ,210
"اشخاص حقیقی می‌توانند با ارائه اصل شناسنامه، کارت ملی و دو قطعه عکس به شعبه مراجعه و پس از تکمیل فرم درخواست، سپردن ودیعه و پرداخت اجاره بها از خدمات صندوق اجاره‌ای استفاده کنند.
اشخاص حقوقی باید اساسنامه، یک نسخه از روزنامه رسمی کشور که در آن آگهی ثبت شرکت یا موسسه درج شده باشد و همچنین روزنامه رسمی مربوط به معرفی مدیر یا مدیران و آخرین تغییرات شرکت به بانک تسلیم و در ذیل فرم درخواست، شرایط استفاده از صندوق توسط مشتری قید شود.
مشتریان می‌توانند در صندوق خود هرگونه اشیا و اسنادی را قرار دهند که شامل اشیا ممنوعه نباشد یا در نتیجه فساد یا علل  دیگر، آسیبی به صندوق و خزانه بانک نرساند.
فقط اجاره کننده صندوق یا وکیل قانونی وی می‌تواند از آن استفاده کند و صندوق قابل انتقال به غیر نیست.
حداقل سن  استفاده کنندگان از صندوق های اجاره ای 18 سال تمام است
مشتریان می‌توانند در ساعات اداری به دفعات برای استفاده از صندوق اجاره‌ای به بانک مراجعه کنند و هزینه ی هر بار استفاده از صندوق(ورود) 60.000ریال میباشد
حداقل مبلغ ودیعه اجاره صندوق امانات ۸ برابر مبلغ اجاره بهاء می باشد . 
اجاره صندوق امانات  به صورت سالیانه و در همان ابتدای قرارداد برای مدت یکسال اخذ می گردد. 
مبلغ اجاره بهای صندوق های اجاره ای طبق تعرفه های اعلامی بانک در حال حاضر ( هر سانتي متر مکعب حجم 144 ريال (حداقل 720,000ريال )  همچنین وديعه اجاره بهاء 8 برابر مبلغ اجاره بها،حداقل مبلغ 5,760,000 ريال ) برای یکسال تمام محاسبه و در ابتدای قرارداد اخذ می گردد. و برای مدت كمتر از یکسال اجاره بهای یکسال دریافت خواهد گردید.",آیا  صندوق امانات بانک قابل انتقال به غیرمی باشد ؟ ,صندوق امانات قابل انتقال به غیر نیست.,154
"اشخاص حقیقی می‌توانند با ارائه اصل شناسنامه، کارت ملی و دو قطعه عکس به شعبه مراجعه و پس از تکمیل فرم درخواست، سپردن ودیعه و پرداخت اجاره بها از خدمات صندوق اجاره‌ای استفاده کنند.
اشخاص حقوقی باید اساسنامه، یک نسخه از روزنامه رسمی کشور که در آن آگهی ثبت شرکت یا موسسه درج شده باشد و همچنین روزنامه رسمی مربوط به معرفی مدیر یا مدیران و آخرین تغییرات شرکت به بانک تسلیم و در ذیل فرم درخواست، شرایط استفاده از صندوق توسط مشتری قید شود.
مشتریان می‌توانند در صندوق خود هرگونه اشیا و اسنادی را قرار دهند که شامل اشیا ممنوعه نباشد یا در نتیجه فساد یا علل  دیگر، آسیبی به صندوق و خزانه بانک نرساند.
فقط اجاره کننده صندوق یا وکیل قانونی وی می‌تواند از آن استفاده کند و صندوق قابل انتقال به غیر نیست.
حداقل سن  استفاده کنندگان از صندوق های اجاره ای 18 سال تمام است
مشتریان می‌توانند در ساعات اداری به دفعات برای استفاده از صندوق اجاره‌ای به بانک مراجعه کنند و هزینه ی هر بار استفاده از صندوق(ورود) 60.000ریال میباشد
حداقل مبلغ ودیعه اجاره صندوق امانات ۸ برابر مبلغ اجاره بهاء می باشد . 
اجاره صندوق امانات  به صورت سالیانه و در همان ابتدای قرارداد برای مدت یکسال اخذ می گردد. 
مبلغ اجاره بهای صندوق های اجاره ای طبق تعرفه های اعلامی بانک در حال حاضر ( هر سانتي متر مکعب حجم 144 ريال (حداقل 720,000ريال )  همچنین وديعه اجاره بهاء 8 برابر مبلغ اجاره بها،حداقل مبلغ 5,760,000 ريال ) برای یکسال تمام محاسبه و در ابتدای قرارداد اخذ می گردد. و برای مدت كمتر از یکسال اجاره بهای یکسال دریافت خواهد گردید.",هزینه ی هر بار استفاده از صندوق چقدر است.,هزینه ی هر بار استفاده از صندوق(ورود) 60.000ریال میباشد,195
"اشخاص حقیقی می‌توانند با ارائه اصل شناسنامه، کارت ملی و دو قطعه عکس به شعبه مراجعه و پس از تکمیل فرم درخواست، سپردن ودیعه و پرداخت اجاره بها از خدمات صندوق اجاره‌ای استفاده کنند.
اشخاص حقوقی باید اساسنامه، یک نسخه از روزنامه رسمی کشور که در آن آگهی ثبت شرکت یا موسسه درج شده باشد و همچنین روزنامه رسمی مربوط به معرفی مدیر یا مدیران و آخرین تغییرات شرکت به بانک تسلیم و در ذیل فرم درخواست، شرایط استفاده از صندوق توسط مشتری قید شود.
مشتریان می‌توانند در صندوق خود هرگونه اشیا و اسنادی را قرار دهند که شامل اشیا ممنوعه نباشد یا در نتیجه فساد یا علل  دیگر، آسیبی به صندوق و خزانه بانک نرساند.
فقط اجاره کننده صندوق یا وکیل قانونی وی می‌تواند از آن استفاده کند و صندوق قابل انتقال به غیر نیست.
حداقل سن  استفاده کنندگان از صندوق های اجاره ای 18 سال تمام است
مشتریان می‌توانند در ساعات اداری به دفعات برای استفاده از صندوق اجاره‌ای به بانک مراجعه کنند و هزینه ی هر بار استفاده از صندوق(ورود) 60.000ریال میباشد
حداقل مبلغ ودیعه اجاره صندوق امانات ۸ برابر مبلغ اجاره بهاء می باشد . 
اجاره صندوق امانات  به صورت سالیانه و در همان ابتدای قرارداد برای مدت یکسال اخذ می گردد. 
مبلغ اجاره بهای صندوق های اجاره ای طبق تعرفه های اعلامی بانک در حال حاضر ( هر سانتي متر مکعب حجم 144 ريال (حداقل 720,000ريال )  همچنین وديعه اجاره بهاء 8 برابر مبلغ اجاره بها،حداقل مبلغ 5,760,000 ريال ) برای یکسال تمام محاسبه و در ابتدای قرارداد اخذ می گردد. و برای مدت كمتر از یکسال اجاره بهای یکسال دریافت خواهد گردید.",چه کسی میتواند از صندوق امانات استفاده کند؟,فقط اجاره کننده صندوق یا وکیل قانونی وی می‌تواند از آن استفاده کند و صندوق قابل انتقال به غیر نیست.,137
"چک دیجیتال نوع جدیدی از چک است که سرعت، دقت و امنیت بیشتری در عملکرد و نقد شوندگی نسبت به چک‌های کاغذی دارد و تمام قوانین چک کاغذی برای آن قابل اجراست و با امضای الکترونیکی اعتبار پیدا می‌‌کند. به همین منظور، سامانه چک دیجیتال با هدف ایجاد بستری برای ارائه چک امن دیجیتال و رفع مخاطرات احتمالی چک‌های کاغذی راه‌اندازی شده است که امکان مدیریت و نظارت آنلاین مبادله چک را برای شبکه بانکی و بانک مرکزی فراهم می‌کند.  دسته چک های دیجیتال  ده برگی است.
در زمان اختصاص دسته چک دیجیتال، کلیه کنترل های مربوط به عدم سابقه چک برگشتی، بدهی غیر جاری، تعیین تکلیف % 80 از برگه های آخرین دسته چک مشابه فرایند صدور چک کاغذی، توسط سامانه صیاد صورت می پذیرد", سامانه چک دیجیتال چیست؟, سامانه چک دیجیتال با هدف ایجاد بستری برای ارائه چک امن دیجیتال و رفع مخاطرات احتمالی چک‌های کاغذی راه‌اندازی شده است که امکان مدیریت و نظارت آنلاین مبادله چک را برای شبکه بانکی و بانک مرکزی فراهم می‌کند.,52
"چک دیجیتال نوع جدیدی از چک است که سرعت، دقت و امنیت بیشتری در عملکرد و نقد شوندگی نسبت به چک‌های کاغذی دارد و تمام قوانین چک کاغذی برای آن قابل اجراست و با امضای الکترونیکی اعتبار پیدا می‌‌کند. به همین منظور، سامانه چک دیجیتال با هدف ایجاد بستری برای ارائه چک امن دیجیتال و رفع مخاطرات احتمالی چک‌های کاغذی راه‌اندازی شده است که امکان مدیریت و نظارت آنلاین مبادله چک را برای شبکه بانکی و بانک مرکزی فراهم می‌کند.  دسته چک های دیجیتال  ده برگی است.
در زمان اختصاص دسته چک دیجیتال، کلیه کنترل های مربوط به عدم سابقه چک برگشتی، بدهی غیر جاری، تعیین تکلیف % 80 از برگه های آخرین دسته چک مشابه فرایند صدور چک کاغذی، توسط سامانه صیاد صورت می پذیرد",قوانین صدور دسته چک دیجیتال چیست؟,"در زمان اختصاص دسته چک دیجیتال، کلیه کنترل های مربوط به عدم سابقه چک برگشتی، بدهی غیر جاری، تعیین تکلیف % 80 از برگه های آخرین دسته چک مشابه فرایند صدور چک کاغذی، توسط سامانه صیاد صورت می پذیرد",108
"چک دیجیتال نوع جدیدی از چک است که سرعت، دقت و امنیت بیشتری در عملکرد و نقد شوندگی نسبت به چک‌های کاغذی دارد و تمام قوانین چک کاغذی برای آن قابل اجراست و با امضای الکترونیکی اعتبار پیدا می‌‌کند. به همین منظور، سامانه چک دیجیتال با هدف ایجاد بستری برای ارائه چک امن دیجیتال و رفع مخاطرات احتمالی چک‌های کاغذی راه‌اندازی شده است که امکان مدیریت و نظارت آنلاین مبادله چک را برای شبکه بانکی و بانک مرکزی فراهم می‌کند.  دسته چک های دیجیتال  ده برگی است.
در زمان اختصاص دسته چک دیجیتال، کلیه کنترل های مربوط به عدم سابقه چک برگشتی، بدهی غیر جاری، تعیین تکلیف % 80 از برگه های آخرین دسته چک مشابه فرایند صدور چک کاغذی، توسط سامانه صیاد صورت می پذیرد", دسته چک های دیجیتال  چند برگی است ؟ , دسته چک های دیجیتال  ده برگی است ,100
"اینترنت بانک یکی از شاخه‌های بانکداری الکترونیک است که به مشتریان امکان می‌دهد تا بدون نیاز به حضور در شعبه بانک و بدون زمانبندی از طریق اینترنت به حساب‌های خود دسترسی داشته باشند و تراکنش‌های بانکی مختلفی را انجام دهند.   
لینک سایت بانک تجارت https://www.tejaratbank.ir است 
در بانکداری اینترنتی تا 18 ماه اخیر و 300 گردش تراکنش می توانیم صورتحساب دریافت کنیم و در صورت درخواست بیش از 300 گردش حساب باید به شعبه مراجعه شود. 
 سقف انتقال وجه در بانکداری اینترنتی در هر شبانه روز 10 میلیون تومان است
سقف انتقال وجه حساب به کارت در بانکداری اینترنتی صد ( 100 ) میلیون تومان
سامانه حواله اینترنتی جهت ارسال وجه برای افراد بالای 18 سال فاقد شماره حساب‏‏‏/کارت در بانک  طراحی شده است. کاربران می توانند پس از ورود به سامانه بانک‌داری اینترنتی در بخش حواله اینترنتی، مشخصات گیرنده حواله را مشخص کرده و مبلغ مورد نظر را واریز کنند.
 مشتریان می توانند پرداخت های ثابت ماهانه ، روزانه ، هفتگی ، فصلی و یا سالانه خود را از قبیل انجام پس انداز برای خانواده ، واریز شارژ ساختمان ، پرداخت اقساط، پرداخت حوالجات مستمر و ... را از طریق این منو در زمان مربوطه برنامه ریزی کنند، بدین صورت عملیات انتقال وجه به صورت خودکار در تاریخ مشخص انجام می‌شود.", سقف انتقال وجه در بانکداری اینترنتی چقدر است؟, سقف انتقال وجه در بانکداری اینترنتی در هر شبانه روز 10 میلیون تومان است,102
"اینترنت بانک یکی از شاخه‌های بانکداری الکترونیک است که به مشتریان امکان می‌دهد تا بدون نیاز به حضور در شعبه بانک و بدون زمانبندی از طریق اینترنت به حساب‌های خود دسترسی داشته باشند و تراکنش‌های بانکی مختلفی را انجام دهند.   
لینک سایت بانک تجارت https://www.tejaratbank.ir است 
در بانکداری اینترنتی تا 18 ماه اخیر و 300 گردش تراکنش می توانیم صورتحساب دریافت کنیم و در صورت درخواست بیش از 300 گردش حساب باید به شعبه مراجعه شود. 
 سقف انتقال وجه در بانکداری اینترنتی در هر شبانه روز 10 میلیون تومان است
سقف انتقال وجه حساب به کارت در بانکداری اینترنتی صد ( 100 ) میلیون تومان
سامانه حواله اینترنتی جهت ارسال وجه برای افراد بالای 18 سال فاقد شماره حساب‏‏‏/کارت در بانک  طراحی شده است. کاربران می توانند پس از ورود به سامانه بانک‌داری اینترنتی در بخش حواله اینترنتی، مشخصات گیرنده حواله را مشخص کرده و مبلغ مورد نظر را واریز کنند.
 مشتریان می توانند پرداخت های ثابت ماهانه ، روزانه ، هفتگی ، فصلی و یا سالانه خود را از قبیل انجام پس انداز برای خانواده ، واریز شارژ ساختمان ، پرداخت اقساط، پرداخت حوالجات مستمر و ... را از طریق این منو در زمان مربوطه برنامه ریزی کنند، بدین صورت عملیات انتقال وجه به صورت خودکار در تاریخ مشخص انجام می‌شود.",سقف انتقال وجه حساب به کارت در بانکداری اینترنتی چقدر است؟,سقف انتقال وجه حساب به کارت در بانکداری اینترنتی صد ( 100 ) میلیون تومان,116
"اینترنت بانک یکی از شاخه‌های بانکداری الکترونیک است که به مشتریان امکان می‌دهد تا بدون نیاز به حضور در شعبه بانک و بدون زمانبندی از طریق اینترنت به حساب‌های خود دسترسی داشته باشند و تراکنش‌های بانکی مختلفی را انجام دهند.   
لینک سایت بانک تجارت https://www.tejaratbank.ir است 
در بانکداری اینترنتی تا 18 ماه اخیر و 300 گردش تراکنش می توانیم صورتحساب دریافت کنیم و در صورت درخواست بیش از 300 گردش حساب باید به شعبه مراجعه شود. 
 سقف انتقال وجه در بانکداری اینترنتی در هر شبانه روز 10 میلیون تومان است
سقف انتقال وجه حساب به کارت در بانکداری اینترنتی صد ( 100 ) میلیون تومان
سامانه حواله اینترنتی جهت ارسال وجه برای افراد بالای 18 سال فاقد شماره حساب‏‏‏/کارت در بانک  طراحی شده است. کاربران می توانند پس از ورود به سامانه بانک‌داری اینترنتی در بخش حواله اینترنتی، مشخصات گیرنده حواله را مشخص کرده و مبلغ مورد نظر را واریز کنند.
 مشتریان می توانند پرداخت های ثابت ماهانه ، روزانه ، هفتگی ، فصلی و یا سالانه خود را از قبیل انجام پس انداز برای خانواده ، واریز شارژ ساختمان ، پرداخت اقساط، پرداخت حوالجات مستمر و ... را از طریق این منو در زمان مربوطه برنامه ریزی کنند، بدین صورت عملیات انتقال وجه به صورت خودکار در تاریخ مشخص انجام می‌شود.",  تا چه بازه زمانی در بانکداری اینترنتی و چه تعدادی تراکنش می توانیم صورتحساب دریافت کنیم ,در بانکداری اینترنتی تا 18 ماه اخیر و 300 گردش تراکنش می توانیم صورتحساب دریافت کنیم,122
"اینترنت بانک یکی از شاخه‌های بانکداری الکترونیک است که به مشتریان امکان می‌دهد تا بدون نیاز به حضور در شعبه بانک و بدون زمانبندی از طریق اینترنت به حساب‌های خود دسترسی داشته باشند و تراکنش‌های بانکی مختلفی را انجام دهند.   
لینک سایت بانک تجارت https://www.tejaratbank.ir است 
در بانکداری اینترنتی تا 18 ماه اخیر و 300 گردش تراکنش می توانیم صورتحساب دریافت کنیم و در صورت درخواست بیش از 300 گردش حساب باید به شعبه مراجعه شود. 
 سقف انتقال وجه در بانکداری اینترنتی در هر شبانه روز 10 میلیون تومان است
سقف انتقال وجه حساب به کارت در بانکداری اینترنتی صد ( 100 ) میلیون تومان
سامانه حواله اینترنتی جهت ارسال وجه برای افراد بالای 18 سال فاقد شماره حساب‏‏‏/کارت در بانک  طراحی شده است. کاربران می توانند پس از ورود به سامانه بانک‌داری اینترنتی در بخش حواله اینترنتی، مشخصات گیرنده حواله را مشخص کرده و مبلغ مورد نظر را واریز کنند.
 مشتریان می توانند پرداخت های ثابت ماهانه ، روزانه ، هفتگی ، فصلی و یا سالانه خود را از قبیل انجام پس انداز برای خانواده ، واریز شارژ ساختمان ، پرداخت اقساط، پرداخت حوالجات مستمر و ... را از طریق این منو در زمان مربوطه برنامه ریزی کنند، بدین صورت عملیات انتقال وجه به صورت خودکار در تاریخ مشخص انجام می‌شود.",در صورت درخواست بیش از 300 گردش حساب باید به کجا مراجعه کنم؟,در صورت درخواست بیش از 300 گردش حساب باید به شعبه مراجعه شود. ,88
"اینترنت بانک یکی از شاخه‌های بانکداری الکترونیک است که به مشتریان امکان می‌دهد تا بدون نیاز به حضور در شعبه بانک و بدون زمانبندی از طریق اینترنت به حساب‌های خود دسترسی داشته باشند و تراکنش‌های بانکی مختلفی را انجام دهند.   
لینک سایت بانک تجارت https://www.tejaratbank.ir است 
در بانکداری اینترنتی تا 18 ماه اخیر و 300 گردش تراکنش می توانیم صورتحساب دریافت کنیم و در صورت درخواست بیش از 300 گردش حساب باید به شعبه مراجعه شود. 
 سقف انتقال وجه در بانکداری اینترنتی در هر شبانه روز 10 میلیون تومان است
سقف انتقال وجه حساب به کارت در بانکداری اینترنتی صد ( 100 ) میلیون تومان
سامانه حواله اینترنتی جهت ارسال وجه برای افراد بالای 18 سال فاقد شماره حساب‏‏‏/کارت در بانک  طراحی شده است. کاربران می توانند پس از ورود به سامانه بانک‌داری اینترنتی در بخش حواله اینترنتی، مشخصات گیرنده حواله را مشخص کرده و مبلغ مورد نظر را واریز کنند.
 مشتریان می توانند پرداخت های ثابت ماهانه ، روزانه ، هفتگی ، فصلی و یا سالانه خود را از قبیل انجام پس انداز برای خانواده ، واریز شارژ ساختمان ، پرداخت اقساط، پرداخت حوالجات مستمر و ... را از طریق این منو در زمان مربوطه برنامه ریزی کنند، بدین صورت عملیات انتقال وجه به صورت خودکار در تاریخ مشخص انجام می‌شود.",لینک سایت بانک تجارت چیست؟,لینک سایت بانک تجارت https://www.tejaratbank.ir است ,50
"اینترنت بانک یکی از شاخه‌های بانکداری الکترونیک است که به مشتریان امکان می‌دهد تا بدون نیاز به حضور در شعبه بانک و بدون زمانبندی از طریق اینترنت به حساب‌های خود دسترسی داشته باشند و تراکنش‌های بانکی مختلفی را انجام دهند.   
لینک سایت بانک تجارت https://www.tejaratbank.ir است 
در بانکداری اینترنتی تا 18 ماه اخیر و 300 گردش تراکنش می توانیم صورتحساب دریافت کنیم و در صورت درخواست بیش از 300 گردش حساب باید به شعبه مراجعه شود. 
 سقف انتقال وجه در بانکداری اینترنتی در هر شبانه روز 10 میلیون تومان است
سقف انتقال وجه حساب به کارت در بانکداری اینترنتی صد ( 100 ) میلیون تومان
سامانه حواله اینترنتی جهت ارسال وجه برای افراد بالای 18 سال فاقد شماره حساب‏‏‏/کارت در بانک  طراحی شده است. کاربران می توانند پس از ورود به سامانه بانک‌داری اینترنتی در بخش حواله اینترنتی، مشخصات گیرنده حواله را مشخص کرده و مبلغ مورد نظر را واریز کنند.
 مشتریان می توانند پرداخت های ثابت ماهانه ، روزانه ، هفتگی ، فصلی و یا سالانه خود را از قبیل انجام پس انداز برای خانواده ، واریز شارژ ساختمان ، پرداخت اقساط، پرداخت حوالجات مستمر و ... را از طریق این منو در زمان مربوطه برنامه ریزی کنند، بدین صورت عملیات انتقال وجه به صورت خودکار در تاریخ مشخص انجام می‌شود.",حواله اینترنتی چیست؟,"سامانه حواله اینترنتی جهت ارسال وجه برای افراد بالای 18 سال فاقد شماره حساب‏‏‏/کارت در بانک  طراحی شده است. کاربران می توانند پس از ورود به سامانه بانک‌داری اینترنتی در بخش حواله اینترنتی، مشخصات گیرنده حواله را مشخص کرده و مبلغ مورد نظر را واریز کنند.",131
"اینترنت بانک یکی از شاخه‌های بانکداری الکترونیک است که به مشتریان امکان می‌دهد تا بدون نیاز به حضور در شعبه بانک و بدون زمانبندی از طریق اینترنت به حساب‌های خود دسترسی داشته باشند و تراکنش‌های بانکی مختلفی را انجام دهند.   
لینک سایت بانک تجارت https://www.tejaratbank.ir است 
در بانکداری اینترنتی تا 18 ماه اخیر و 300 گردش تراکنش می توانیم صورتحساب دریافت کنیم و در صورت درخواست بیش از 300 گردش حساب باید به شعبه مراجعه شود. 
 سقف انتقال وجه در بانکداری اینترنتی در هر شبانه روز 10 میلیون تومان است
سقف انتقال وجه حساب به کارت در بانکداری اینترنتی صد ( 100 ) میلیون تومان
سامانه حواله اینترنتی جهت ارسال وجه برای افراد بالای 18 سال فاقد شماره حساب‏‏‏/کارت در بانک  طراحی شده است. کاربران می توانند پس از ورود به سامانه بانک‌داری اینترنتی در بخش حواله اینترنتی، مشخصات گیرنده حواله را مشخص کرده و مبلغ مورد نظر را واریز کنند.
 مشتریان می توانند پرداخت های ثابت ماهانه ، روزانه ، هفتگی ، فصلی و یا سالانه خود را از قبیل انجام پس انداز برای خانواده ، واریز شارژ ساختمان ، پرداخت اقساط، پرداخت حوالجات مستمر و ... را از طریق این منو در زمان مربوطه برنامه ریزی کنند، بدین صورت عملیات انتقال وجه به صورت خودکار در تاریخ مشخص انجام می‌شود.",دستور پرداخت دوره ای: چیست؟," مشتریان می توانند پرداخت های ثابت ماهانه ، روزانه ، هفتگی ، فصلی و یا سالانه خود را از قبیل انجام پس انداز برای خانواده ، واریز شارژ ساختمان ، پرداخت اقساط، پرداخت حوالجات مستمر و ... را از طریق این منو در زمان مربوطه برنامه ریزی کنند، بدین صورت عملیات انتقال وجه به صورت خودکار در تاریخ مشخص انجام می‌شود.",184
"سامانه تلفن بانک یکی از خدمات بانکداری الکترونیک است که مشتری می‌تواند از طریق تلفن ثابت و همراه در هر ساعت از شبانه روز (24 ساعته) بخشی از عملیات بانکی را به صورت غیرحضوری انجام دهد.
با معرفی شماره حساب های فعال در بانک  امکان انجام عملیات انتقال وجه میسر است. سقف انتقال وجه روزانه حساب به حساب تجارت 000‏/000‏/30 ریال است
 با استفاده از تلفن بانک از سه گردش آخر حساب اطلاع  پیدا می کنیم
توکن سخت افزاری برای مشتریان حقوقی در تلفن بانک استفاده می شود",سقف انتقال وجه روزانه حساب به حساب تجارت چقدر است؟, سقف انتقال وجه روزانه حساب به حساب تجارت 000‏/000‏/30 ریال است,58
"سامانه تلفن بانک یکی از خدمات بانکداری الکترونیک است که مشتری می‌تواند از طریق تلفن ثابت و همراه در هر ساعت از شبانه روز (24 ساعته) بخشی از عملیات بانکی را به صورت غیرحضوری انجام دهد.
با معرفی شماره حساب های فعال در بانک  امکان انجام عملیات انتقال وجه میسر است. سقف انتقال وجه روزانه حساب به حساب تجارت 000‏/000‏/30 ریال است
 با استفاده از تلفن بانک از سه گردش آخر حساب اطلاع  پیدا می کنیم
توکن سخت افزاری برای مشتریان حقوقی در تلفن بانک استفاده می شود",در تلفن بانک چند گردش بانکی میتوانیم بگیریم؟, با استفاده از تلفن بانک از سه گردش آخر حساب اطلاع  پیدا می کنیم,73
"سامانه تلفن بانک یکی از خدمات بانکداری الکترونیک است که مشتری می‌تواند از طریق تلفن ثابت و همراه در هر ساعت از شبانه روز (24 ساعته) بخشی از عملیات بانکی را به صورت غیرحضوری انجام دهد.
با معرفی شماره حساب های فعال در بانک  امکان انجام عملیات انتقال وجه میسر است. سقف انتقال وجه روزانه حساب به حساب تجارت 000‏/000‏/30 ریال است
 با استفاده از تلفن بانک از سه گردش آخر حساب اطلاع  پیدا می کنیم
توکن سخت افزاری برای مشتریان حقوقی در تلفن بانک استفاده می شود",توکن سخت افزاری برای کدام دسته از مشتریان است ,"
توکن سخت افزاری برای مشتریان حقوقی در تلفن بانک استفاده می شود",88
"باشگاه مشتریان بانک تجارت، پلتفرم اختصاصی بانک تجارت جهت تعامل بیشتر با مشتریان وفادار است لینک سایت باشگاه مشتریان  https://club.tejaratbank.ir/ است
امتیازات کسب شده بعد از 72 ساعت و با استعلام موفقیت تراکنش از بانک در حساب کاربری باشگاه لحاظ می شود.
 شماره واتس آپ باشگاه مشتریان بانک تجارت 09397784697  است.
ID اینستاگرام باشگاه مشتریان بانک تجارت  tejarat_Club است
مؤلفه‌های امتیاز‌دهی در باشگاه مشتریان به صورت زیر است:
دعوت از دوستان50 امتیاز -لاگین ماهانه10 امتیاز- تکمیل پروفایل 3 امتیاز و نصب همراه بانک تجارت50 امتیاز دارد", سایت باشگاه مشتریان بانک تجارت چیست؟,لینک سایت باشگاه مشتریان  https://club.tejaratbank.ir/ است,17
"باشگاه مشتریان بانک تجارت، پلتفرم اختصاصی بانک تجارت جهت تعامل بیشتر با مشتریان وفادار است لینک سایت باشگاه مشتریان  https://club.tejaratbank.ir/ است
امتیازات کسب شده بعد از 72 ساعت و با استعلام موفقیت تراکنش از بانک در حساب کاربری باشگاه لحاظ می شود.
 شماره واتس آپ باشگاه مشتریان بانک تجارت 09397784697  است.
ID اینستاگرام باشگاه مشتریان بانک تجارت  tejarat_Club است
مؤلفه‌های امتیاز‌دهی در باشگاه مشتریان به صورت زیر است:
دعوت از دوستان50 امتیاز -لاگین ماهانه10 امتیاز- تکمیل پروفایل 3 امتیاز و نصب همراه بانک تجارت50 امتیاز دارد",مدت زمان ثبت امتیاز تراکنش های انجام شده در سایت باشگاه مشتریان بانک تجارت چقدر است,امتیازات کسب شده بعد از 72 ساعت و با استعلام موفقیت تراکنش از بانک در حساب کاربری باشگاه لحاظ می شود.,39
"باشگاه مشتریان بانک تجارت، پلتفرم اختصاصی بانک تجارت جهت تعامل بیشتر با مشتریان وفادار است لینک سایت باشگاه مشتریان  https://club.tejaratbank.ir/ است
امتیازات کسب شده بعد از 72 ساعت و با استعلام موفقیت تراکنش از بانک در حساب کاربری باشگاه لحاظ می شود.
 شماره واتس آپ باشگاه مشتریان بانک تجارت 09397784697  است.
ID اینستاگرام باشگاه مشتریان بانک تجارت  tejarat_Club است
مؤلفه‌های امتیاز‌دهی در باشگاه مشتریان به صورت زیر است:
دعوت از دوستان50 امتیاز -لاگین ماهانه10 امتیاز- تکمیل پروفایل 3 امتیاز و نصب همراه بانک تجارت50 امتیاز دارد",شماره واتس آپ باشگاه مشتریان بانک تجارت چند است؟, شماره واتس آپ باشگاه مشتریان بانک تجارت 09397784697  است.,61
"باشگاه مشتریان بانک تجارت، پلتفرم اختصاصی بانک تجارت جهت تعامل بیشتر با مشتریان وفادار است لینک سایت باشگاه مشتریان  https://club.tejaratbank.ir/ است
امتیازات کسب شده بعد از 72 ساعت و با استعلام موفقیت تراکنش از بانک در حساب کاربری باشگاه لحاظ می شود.
 شماره واتس آپ باشگاه مشتریان بانک تجارت 09397784697  است.
ID اینستاگرام باشگاه مشتریان بانک تجارت  tejarat_Club است
مؤلفه‌های امتیاز‌دهی در باشگاه مشتریان به صورت زیر است:
دعوت از دوستان50 امتیاز -لاگین ماهانه10 امتیاز- تکمیل پروفایل 3 امتیاز و نصب همراه بانک تجارت50 امتیاز دارد",اینستاگرام باشگاه مشتریان بانک تجارت  چیست؟,ID اینستاگرام باشگاه مشتریان بانک تجارت  tejarat_Club است,77
"باشگاه مشتریان بانک تجارت، پلتفرم اختصاصی بانک تجارت جهت تعامل بیشتر با مشتریان وفادار است لینک سایت باشگاه مشتریان  https://club.tejaratbank.ir/ است
امتیازات کسب شده بعد از 72 ساعت و با استعلام موفقیت تراکنش از بانک در حساب کاربری باشگاه لحاظ می شود.
 شماره واتس آپ باشگاه مشتریان بانک تجارت 09397784697  است.
ID اینستاگرام باشگاه مشتریان بانک تجارت  tejarat_Club است
مؤلفه‌های امتیاز‌دهی در باشگاه مشتریان به صورت زیر است:
دعوت از دوستان50 امتیاز -لاگین ماهانه10 امتیاز- تکمیل پروفایل 3 امتیاز و نصب همراه بانک تجارت50 امتیاز دارد",مؤلفه‌های امتیاز‌دهی در باشگاه مشتریان چگونه است؟,دعوت از دوستان50 امتیاز -لاگین ماهانه10 امتیاز- تکمیل پروفایل 3 امتیاز و نصب همراه بانک تجارت50 امتیاز دارد,104
"همراه بانک  نرم افزاری است  که خدمات بانکی از قبیل دریافت موجودی حساب، انتقال وجه و پرداخت قبوض و سایر موارد را از طریق تلفن همراه و بدون مراجعه حضوری مشتری به بانک ، در هر ساعتی از شبانه روز ارائه می نماید .  
افراد زیر 12 سال مجاز به استفاده از خدمات الکترونیکی نمی باشند
همچنین اتباع خارجی  نیز حتما می بایست با گذرنامه و پروانه اقامت معتبر، مجاز به استفاده از خدمات همراه بانک می باشند.در صورتیکه مشتری رمز همراه بانک خود را فراموش کند باید برای گرفتن رمز جدید به شعبه مراجعه کند. از طریق همراه بانک تا  می توان حداقل 1 گردش حساب  و حداکثر 30 گردش حساب دریافت کرد درصورتیکه مشتری بیش از 30 گردش را خواستار باشد باید ایمیل خود را وارد کند و گردش حساب برای مشتری ایمیل می شود.
دریافت موجودی درهمراه بانک  هر پنج ثانیه یکبار میسر می باشد .
سقف انتقال وجه پایا در همراه بانک روزانه تا 50 میلیون تومان و حداکثر دو تراکنش تا سقف 100 میلیون تومان می باشد .  
سقف انتقال وجه ساتنا در همراه بانک در طول یک شبانه روز 100 میلیون تومان  است",آیا همه افراد می توانند از خدمات همراه بانک استفاده کنند ؟,"افراد زیر 12 سال مجاز به استفاده از خدمات الکترونیکی نمی باشند
همچنین اتباع خارجی  نیز حتما می بایست با گذرنامه و پروانه اقامت معتبر، مجاز به استفاده از خدمات همراه بانک می باشند",46
"همراه بانک  نرم افزاری است  که خدمات بانکی از قبیل دریافت موجودی حساب، انتقال وجه و پرداخت قبوض و سایر موارد را از طریق تلفن همراه و بدون مراجعه حضوری مشتری به بانک ، در هر ساعتی از شبانه روز ارائه می نماید .  
افراد زیر 12 سال مجاز به استفاده از خدمات الکترونیکی نمی باشند
همچنین اتباع خارجی  نیز حتما می بایست با گذرنامه و پروانه اقامت معتبر، مجاز به استفاده از خدمات همراه بانک می باشند.در صورتیکه مشتری رمز همراه بانک خود را فراموش کند باید برای گرفتن رمز جدید به شعبه مراجعه کند. از طریق همراه بانک تا  می توان حداقل 1 گردش حساب  و حداکثر 30 گردش حساب دریافت کرد درصورتیکه مشتری بیش از 30 گردش را خواستار باشد باید ایمیل خود را وارد کند و گردش حساب برای مشتری ایمیل می شود.
دریافت موجودی درهمراه بانک  هر پنج ثانیه یکبار میسر می باشد .
سقف انتقال وجه پایا در همراه بانک روزانه تا 50 میلیون تومان و حداکثر دو تراکنش تا سقف 100 میلیون تومان می باشد .  
سقف انتقال وجه ساتنا در همراه بانک در طول یک شبانه روز 100 میلیون تومان  است","در صورتیکه مشتری رمز همراه بانک خود را فراموش کند , راه حل چیست ؟",در صورتیکه مشتری رمز همراه بانک خود را فراموش کند باید برای گرفتن رمز جدید به شعبه مراجعه کند,82
"همراه بانک  نرم افزاری است  که خدمات بانکی از قبیل دریافت موجودی حساب، انتقال وجه و پرداخت قبوض و سایر موارد را از طریق تلفن همراه و بدون مراجعه حضوری مشتری به بانک ، در هر ساعتی از شبانه روز ارائه می نماید .  
افراد زیر 12 سال مجاز به استفاده از خدمات الکترونیکی نمی باشند
همچنین اتباع خارجی  نیز حتما می بایست با گذرنامه و پروانه اقامت معتبر، مجاز به استفاده از خدمات همراه بانک می باشند.در صورتیکه مشتری رمز همراه بانک خود را فراموش کند باید برای گرفتن رمز جدید به شعبه مراجعه کند. از طریق همراه بانک تا  می توان حداقل 1 گردش حساب  و حداکثر 30 گردش حساب دریافت کرد درصورتیکه مشتری بیش از 30 گردش را خواستار باشد باید ایمیل خود را وارد کند و گردش حساب برای مشتری ایمیل می شود.
دریافت موجودی درهمراه بانک  هر پنج ثانیه یکبار میسر می باشد .
سقف انتقال وجه پایا در همراه بانک روزانه تا 50 میلیون تومان و حداکثر دو تراکنش تا سقف 100 میلیون تومان می باشد .  
سقف انتقال وجه ساتنا در همراه بانک در طول یک شبانه روز 100 میلیون تومان  است",از همراه بانک تا چه بازه ای  را می توان گردش حساب اخذ نمود؟,از طریق همراه بانک تا  می توان حداقل 1 گردش حساب  و حداکثر 30 گردش حساب دریافت کرد درصورتیکه مشتری بیش از 30 گردش را خواستار باشد باید ایمیل خود را وارد کند و گردش حساب برای مشتری ایمیل می شود.,102
"همراه بانک  نرم افزاری است  که خدمات بانکی از قبیل دریافت موجودی حساب، انتقال وجه و پرداخت قبوض و سایر موارد را از طریق تلفن همراه و بدون مراجعه حضوری مشتری به بانک ، در هر ساعتی از شبانه روز ارائه می نماید .  
افراد زیر 12 سال مجاز به استفاده از خدمات الکترونیکی نمی باشند
همچنین اتباع خارجی  نیز حتما می بایست با گذرنامه و پروانه اقامت معتبر، مجاز به استفاده از خدمات همراه بانک می باشند.در صورتیکه مشتری رمز همراه بانک خود را فراموش کند باید برای گرفتن رمز جدید به شعبه مراجعه کند. از طریق همراه بانک تا  می توان حداقل 1 گردش حساب  و حداکثر 30 گردش حساب دریافت کرد درصورتیکه مشتری بیش از 30 گردش را خواستار باشد باید ایمیل خود را وارد کند و گردش حساب برای مشتری ایمیل می شود.
دریافت موجودی درهمراه بانک  هر پنج ثانیه یکبار میسر می باشد .
سقف انتقال وجه پایا در همراه بانک روزانه تا 50 میلیون تومان و حداکثر دو تراکنش تا سقف 100 میلیون تومان می باشد .  
سقف انتقال وجه ساتنا در همراه بانک در طول یک شبانه روز 100 میلیون تومان  است",ارائه سرویس  دریافت موجودی درهمراه بانک چند ثانیه می باشد ؟,دریافت موجودی درهمراه بانک  هر پنج ثانیه یکبار میسر می باشد .,144
"سرویس پیامکی بانک یکی از خدمات الکترونیکی است که بانک‌ها به مشتریان خود ارائه می‌دهند. با فعال کردن این سرویس، مشتریان می‌توانند از تراکنش‌ها و موجودی حساب خود از طریق پیامک مطلع شوند. همچنین می‌توانند برخی از خدمات بانکی را با ارسال پیامک انجام دهند.
جهت فعالسازی سرویس پیامک لحظه ای، از طریق برنامه همراه بانک یا مراجعه به حضوری به شعبه میتوانید اقدام کنید.
هزینه سالیانه فعالسازی پیامک بانک تجارت دویست هزار ریال است.",نحوه فعالسازی سرویس پیامک لحظه ای چگونه است؟,"جهت فعالسازی سرویس پیامک لحظه ای، از طریق برنامه همراه بانک یا مراجعه به حضوری به شعبه میتوانید اقدام کنید.",60
"سرویس پیامکی بانک یکی از خدمات الکترونیکی است که بانک‌ها به مشتریان خود ارائه می‌دهند. با فعال کردن این سرویس، مشتریان می‌توانند از تراکنش‌ها و موجودی حساب خود از طریق پیامک مطلع شوند. همچنین می‌توانند برخی از خدمات بانکی را با ارسال پیامک انجام دهند.
جهت فعالسازی سرویس پیامک لحظه ای، از طریق برنامه همراه بانک یا مراجعه به حضوری به شعبه میتوانید اقدام کنید.
هزینه سالیانه فعالسازی پیامک بانک تجارت دویست هزار ریال است.",هزینه سالیانه فعالسازی پیامک بانک تجارت چقدر است؟,هزینه سالیانه فعالسازی پیامک بانک تجارت دویست هزار ریال است.,82
"کارت بانکی نوعی کارت است که برای انجام عملیات بانکی مانند دریافت پول، پرداخت پول، انتقال پول و … به صورت آسان به‌کار گرفته می‌شود. کارت بانکی با نام کارت عابر بانک شناخته می‌شود . انواع کارت بانکی شامل  کارت اشخاص حقوقی ، طلبه کارت، کارتهای یارانه برنامه جهانی غذا، کارت دو منظوره، کارت خرید،کارت اعتباری،کارت مجازی، توریست کارت، کارت هدیه، تجارت کارت گروهی ، کارت فرزند، کارت عابر بانک تجارت است.
صدور کارت بانکی برای زیر 7 سال غیر مجاز است
تاریخ انقضا تجارت کارت پنج سال است.
سقف مجاز برداشت افراد18-12 سال  از طریق خودپرداز روزانه دو میلیون ريال است.",کارت بانکی چیست؟,"کارت بانکی نوعی کارت است که برای انجام عملیات بانکی مانند دریافت پول، پرداخت پول، انتقال پول و … به صورت آسان به‌کار گرفته می‌شود. ",1
"کارت بانکی نوعی کارت است که برای انجام عملیات بانکی مانند دریافت پول، پرداخت پول، انتقال پول و … به صورت آسان به‌کار گرفته می‌شود. کارت بانکی با نام کارت عابر بانک شناخته می‌شود . انواع کارت بانکی شامل  کارت اشخاص حقوقی ، طلبه کارت، کارتهای یارانه برنامه جهانی غذا، کارت دو منظوره، کارت خرید،کارت اعتباری،کارت مجازی، توریست کارت، کارت هدیه، تجارت کارت گروهی ، کارت فرزند، کارت عابر بانک تجارت است.",محدودیت سن جهت صدور کارت وجود دارد؟,صدور کارت بانکی برای زیر 7 سال غیر مجاز می باشد.,95
صدور کارت بانکی برای زیر 7 سال غیر مجاز است,تاریخ انقضا تجارت کارت چند سال است؟,تاریخ انقضا تجارت کارت پنج سال است.,105
تاریخ انقضا تجارت کارت پنج سال است.,سقف مجاز برداشت افراد18-12 سال چقدر است؟,سقف مجاز برداشت افراد18-12 سال  از طریق خودپرداز روزانه دو میلیون ريال است,113
سقف مجاز برداشت افراد18-12 سال  از طریق خودپرداز روزانه دو میلیون ريال است.,انواع کارت بانکی تجارت کدامند؟," انواع کارت بانکی شامل عابر بانک تجارت،کارت اشخاص حقوقی ،طلبه کارت،کارتهای یارانه برنامه جهانی غذا،کارت دو منظوره، کارت خرید،کارت اعتباری،کارت مجازی، توریست کارت، کارت هدیه، تجارت کارت گروهی ، کارت فرزند،کارت عابر بانک تجارت است.",46
