question,answer
"سامانه نماد چیست؟","بانک مرکزی ج.ا.ا به منظور تضمین امنیت، محرمانگی، صحت، دقت و انکارناپذیری داده ها در نظام بانکی اقدام به ایجاد سامانه نماد نموده است. این سامانه همچنین دارای قابلیت ایجاد هویت دیجیتال امن برای اشخاص در استفاده از خدمات بانکداری مجازی و بستر پیاده سازی گواهی امضاء دیجیتال می باشد. این سامانه به مشتریان بانک ها این امکان را می دهد که صرف نظر از بانک ارائه دهنده خدمت، از یک گواهی امضاء دیجیتال استفاده نمایند."
"توکن امضای دیجیتال همراه ( توکن همراه ) چیست؟","توکن همراه (توکن امضای دیجیتال همراه) یک ماژول رمزنگاری است که از امکانات گوشی تلفن همراه جهت تولید و نگهداری زوج کلید خصوصی و عمومی و انجام عملیات امضای دیجیتال و رمزگشایی استفاده می نماید. با استفاده از این محصول نیاز به حمل و نگهداری ماژول سخت افزاری مازاد نیست. تنها با گوشی تلفن همراه قادر خواهید بود عملیات امضای دیجیتال و رمزگشایی را به منظور حفظ محرمانگی، جامعیت داده و انکار ناپذیری در تعاملات الکترونیکی و با اطمینان از محفوظ ماندن کلید خصوصی خود انجام دهید"
"نرم افزار امضاء الکترونیک تجارت چیست؟","نرم افزاری جهت امضاء برای دریافت گواهی امضاء الکترونیک ( از طریق احراز هویت ) مشتریان بانک تجارت می باشد. امضای الکترونیک همانند امضای کاغذی نبوده و صرفا از طریق اختصاص کد( رمز کاربری ) صورت می گیرد ."
"مزایای امضاء الکترونیک تجارت چیست؟","1) صرفه جویی در زمان 2) عدم لزوم مراجعه حضوری به شعب بانک"
"نرم افزار امضاء الکترونیک از کجا دانلود نمایم؟","https://mybajet.ir"
"در صورتیکه مشتری بخواهد رمز کاربری خود را تغییر دهد چه کاری باید انجام دهد؟","در صورت تعریف امضای دیجیتال وارد برنامه امضای تجارت میشود و مراحل زیر را طی می کند: عملیات رمز -> -> تغییر رمز کاربری"
"در صورتیکه مشتری فقط رمز کاربری خود را فراموش کرده باشد اما رمز مدیریتی را به خاطر داشته باشد باید چه کاری انجام دهد؟( فراموشی یک رمز )",",ورود به برنامه امضای تجارت: عملیات رمز -> رفع انسداد رمز کاربری"
"در صورتیکه مشتری هم رمز کاربری را فراموش کرده باشد و هم رمز مدیریتی را فراموش کرده باشد باید چه کاری انجام دهد؟( فراموشی هر دو رمز )","ورود به برنامه امضای تجارت: انتخاب بازنشانی اولیه رمز"
"کاربرد رمز مدیریتی در برنامه امضای تجارت چیست؟","در صورت فراموشی رمز کاربری ، تعیین رمز کاربری جدید را مهیا می سازد ."
"کاربرد راه اندازی توکن امضای دیجیتال همراه برروی گوشی موبایل چیست؟","برنامه امضای تجارت این امکان را فراهم مینماید تا بتوان بدون نیاز به اتصال توکن به سیستم و تنها از طریق گوشی موبایل، فرآیندهای امضای دیجیتال و رمزنگاری را در سامانه های تحت وب انجام داد."
"طریقه نصب برنامه امضا تجارت برروی گوشی موبایل چگونه می باشد؟","پس از دریافت فایل نصبی از برنامه،(mybajet.ir) مراحل زیر را طی کنید: 1.فایل نصبی برنامه را در گوشی موبایل اجرا نموده و در صورت نیاز، مجوز نصب آن را صادر نمایید 2.در پنجره نمایش داده شده برروی گزینه Install کلیک کنید و منتظر بمانید تا فرآیند نصب پایان پذیرد. 3.پس از اتمام موفقیت آمیز فرآیند نصب، با انتخاب گزینه Open برنامه را اجرا نمایید."
"  نحوه فعال سازی برنامه امضای تجارت چگونه می باشد؟","پس از اولین بار اجرا نمودن برنامه امضای تجارت مراحل زیر راطی کنید: 1.در پیام نمایان شده با انتخاب گزینه بازکردن تنظیمات، مجوز لازم جهت اجرا شدن برنامه در پیش زمینه را صادر نمایید . از برقراری ارتباط با اینترنت اطمینان حاصل نمایید، سپس کدملی و شماره تلفن همراه خود را وارد نموده و دکمه ی مرحله بعد را انتخاب نمایید. 2.پس از دریافت کد احراز هویت، کد را در قسمت کد احراز هویت وارد نمایید و دکمه ی فعال سازی را انتخاب کنید. در صورتی که به هر دلیلی پس از مدت زمان تعیین شده، کد احرازهویت برایتان ارسال نگردید، می توانید با انتخاب دکمه ی درخواست مجدد کد فعالسازی، فرآیند ارسال مجدد کد احرازهویت به تلفن همراه خود را داشته باشید 3. با اتمام موفقیت آمیز فرایند فعال سازی، می توانید جهت مدیریت توکن اقدام نمایید."
"مراحل صدور امضاء الکترونیک تجارت کدامند؟","1) راه اندازی توکن امضای دیجیتال همراه برروی گوشی موبایل 2)نصب برنامه امضا تجارت برروی گوشی موبایل 3 )فعال سازی برنامه امضای تجارت 4)بازنشانی توکن همراه 5)تایید و ثبت مشخصات 6) پرداخت هزینه 7) احراز هویت متقاضی 8) صدور گواهینامه الکترونیکی 9) فعالسازی گواهینامه الکترونیکی"
"  مراحل بازنشانی توکن همراه چگونه می باشد؟","تعیین رمز کاربر : رمز کاربر تنها باید شامل حداقل 4 عدد و حداکثر 16 عدد باشد. در قسمت رمز مدیریتی، رمز مدیر مدنظر خود را وارد نمایید و آن را در قسمت تایید رمز مدیریتی نیز تکرار کنید. رمز مدیر حداقل باید شامل 4 کاراکتر و حداکثر 24 کاراکتر باشد و می¬تواند به صورت ترکیبی از اعداد انگلیسی و حروف تعریف شود که بزرگ و کوچک بودن حروف انتخابی تاثیر گذار می¬باشد. پس از تعیین رمز کاربری و رمز مدیریتی موردنظر، برروی گزینه بازنشانی کلیک نمایید تا فرآیند بازنشانی آغاز شود درصورتی که فرآیند بازنشانی با موفقیت پایان پذیرد، می¬توانید در پیام نمایش داده شده، با انتخاب گزینه تایید مستقیما از امکان صدور گواهینامه الکترونیکی برنامه امضای تجارت، برای دریافت گواهینامه از مرکز میانی، مطابق با توضیحات بند 2، بهره¬مند شوید."
"گواهی ( برنز ) امضای تجارت چیست؟","برای انجام تراکنش­هایی که نیاز به احراز هویت، انکار ناپذیری و یا محرمانگی دارند،استفاده میشود. برای دریافت این سطح از گواهینامه نیاز به احراز هویت غیر حضوری می باشد."
"گواهی ( نقره ای ) امضای تجارت چیست؟","برای انجام تراکنش­هایی که نیاز به احراز هویت، انکار ناپذیری و یا محرمانگی دارند،استفاده میشود. برای دریافت این سطح از گواهینامه نیاز به احراز هویت حضوری می باشد."
"نرم افزار امضاء الکترونیک بر روی چه مدل گوشی هایی قابل نصب می باشد؟","در حال حاضر فقط گوشی های اندروید"
"حداقل ورژن مورد نیاز گوشی برای نصب نرم افزار امضاء الکترونیک چیست؟","اندروید 6"
"مدت زمان اعتبار گواهی امضاء از طریق نرم افزار امضای تجارت چند سال است؟","2سال"
"در صورت تغییر گوشی همراه و یا حذف برنامه امضای تجارت چگونه مجددا آنرا نصب نماییم؟","مجدداً می بایست نسبت به انجام فرآیند ثبت گواهی امضاء دیجیتال اقدام نمایید."
"آیا در صورت حذف برنامه امضای تجارت نصب مجدد آن مشمول پرداخت هزینه می باشد؟","خیر"
"در فرآیند ثبت نام امضای دیجیتال آیا نیاز به سریال کارت ملی می باشد؟","بله سریال کارت ملی , پشت کارت ملی می باشد و ترکیبی از اعداد و یک حرف می باشد"
"آیا با کارت ملی قدیمی میتوان فرآیند احرازهویت غیرحضوری ثبت گواهی امضاءرا انجام داد؟","در صورت نداشتن کارت ملی جدید ، داشتن کارت ملی قدیم به همراه کد رهگیری مشتری الزامی می باشد. نکته: در زمان استفاده کد رهگیری به جای سریال کارت ملی درج گردد ."
"در صورتی که خط تلفن همراه بنام مشتری نباشد آیا میتوان فرآیند احرازهویت غیرحضوری ثبت گواهی امضاء را انجام داد؟","خیر"
"در زمان نصب برنامه هزینه امضاء پرداخت شده ولی مجددا به درگاه پرداخت برگشت داده شده؟","باتوجه به اینکه پس از پرداخت هزینه نصب کد شناسه یکتا برای مشتری پیامک می گردد لذا در صورت بروز مشکل پرداخت ، مجددا از همان شناسه قبلی استفاده گردد . این شناسه برای مشتری پیامک شده و می تواند از پیامک خود بازیابی کند. در صورتی که با شناسه یکتا مشکل برطرف نشد و از حساب مشتری نیز مبلغ کسر شده باشد به لایه 2 ارجاع می شود .اما در صورتی که وجهی از مشتری کسر نشده باشد مشتری می بایست مجددا نسبت به پرداخت هزینه اقدام کند ."
"زمان پرداخت هزینه امضای تجارت مشتری از درگاه مربوطه رمز دوم پویا یا ثابت می بایست وارد کند؟","بله"
"علت مشاهده پیغام ID=6915 این موبایل در مالکیت شما نمی باشد چیست؟","سند شماره همراه باید متعلق به متقاضی باشد ."
"در حین انجام عملیات صدور گواهی در صورتیکه به هر علت فرآیند فعالسازی متوقف شد, جهت ورود مجدد چه اقدامی انجام دهیم؟","از منوی مدیریت گواهینامه -> صدور گواهی جدید نسبت به ادامه عملیات فعالسازی انتخاب شود."
"آیا با داشتن ماسک ، کلاه و عینک غیر طبی تطبیق چهره در زمان نصب امضائ الکترونیک میسر می باشد؟","خیر"
"کارمزد گواهی امضا در اپلیکیشن امضاء تجارت چند ریال می باشد؟","در حال حاضر مبلغ 239800 ریال می باشد ."
"علت مشاهده خطای خطا در دریافت اطلاعات درخواست چیست؟","تصویر عکس سلفی با عکس مرجع مطابقت ندارد."
"علت مشاهده خطای خطا در فرآیند کد خطای 1 در زمان صدور گواهی نامه الکترونیکی چیست؟","قطعی شبکه راهبر"
"علت مشاهده خطای مرکز صدور گواهی انتخاب شده در زمان دانلود گواهی امضای الکترونیک چیست؟","ارجاع به لایه دوم پشتیبانی"
"در صورت داشتن شناسه پرداخت و قطعی برنامه به هر علت و عدم امکان در ادامه عملیات چه اقدامی گردد؟","ارجاع به لایه دوم پشتیبانی"
"علت مشاهده خطای تراکنش مشکوک به تقلب بوده و سیستم بانکی از پرداخت با خطا مواجه شده است در زمان پرداخت هزینه امضای الکترونیک چیست؟","موجودی حساب مشتری کافی می باشد ."
"ساعات واریز ساتنا به چه صورت است؟","از طریق درگاه های غیر حضوری از 7:30 صبح تا 14:15 (بخشنامه 2101 مورخ 1401/03/01) برای شعب 13:45 (شنبه لغايت چهارشنبه روزهاي کاري) روزهای پنجشنبه 12:15 می باشد"
"کارمزد ساتنا چقدر است؟","دو صدم درصد وجه انتقالی تا سقف 25 هزار تومان می باشد ."
"انتقال وجه ساتنا از همراه بانک چقدر است؟","ساتنا تراکنش های بالاتر از 50 میلیون و تا سقف 100 میلیون تومان"
"انتقال وجه ساتنا از طریق اینترنت بانک چقدر است؟","ساتنا تراکنش های بالاتر از 50 میلیون و تا سقف 100 میلیون تومان"
"انتقال وجه ساتنا از طریق شعب چقدر است؟","شعب بانک صرفا مجاز به ارسال دستور پرداخت ساتنا برای مبالغ معادل و یا بیشتر از پانصد میلیون ریال می باشند."
"آیا مشتریان سایر بانک ها می توانند از خدمات ساتنا در شعب بانک تجارت استفاده نمایند؟","خیر/ علی رغم ممنوعیت انجام حواله های انتقال وجه بین بانکی ساتنا و پایا بدون وجود حساب مشتری متقاضی صدورحواله نزد بانک مبدأ دستورپرداخت، بعضاً مشاهده گردیده است برخی از شعب در صورت مراجعه دارنده چک عهده بانک تجارت، پس از وصول چک مربوطه در صورتیکه آورنده چک، فاقد حساب نزد بانک تجارت باشد نسبت به پذیرش و ارسال دستور پرداخت از مبدأ حسابی غیر از حساب شخص متقاضی صدور حواله اقدام می نمایند که این موضوع مغایر با مفاد ماده ) 96 آیین نامه اجرایی ماده 14 ( الحاقی قانون مبارزه با پولشویی مصوب 1398/07/21 هیأت محترم وزیران می باشد .)"
"آیا اتباع می توانند تراکنش ساتنا ( از هر درگاهی ) انجام دهند؟","خیر"
"آیا دستور پرداخت ساتنا را می توان کنسل کرد؟","خیر دستور پرداخت صادرشده پس از پذيرش آن توسط بانك قطعي و غیرقابل برگشت بوده و بانك متعهد است در تاريخ درخواست شده توسط مشتري تاريخ موثر وجه را به بانك ذينفع ارسال نمايد."
"آیا می توان از خودپرداز یا تلفنبانک انتقال وجه ساتنا انجام داد؟","خیر در حال حاضر سرویس ساتنا در خدمات خودپرداز و تلفنبانک وجود ندارد ."
"ساعت 6 بعد ازظهر می خواهم از همراه بانک انتقال وجه دهم ولی ساتنا قطع شده است؟","از 7:30 صبح تا 14:15 بخشنامه 2101 مورخ 1401/03/01 پس از ساعت مذکور امکان ساتنا وجود ندارد"
"از همراه بانک ساتنا انجام می دهم اما اعلام می کند ساتنا قطع است؟","ساتنا در روزهای جمعه و تعطیلات رسمی و در روزهای کاری بعد از ساعت کاری ( در حال حاضر 14:15 ) غیر فعال است ."
"ساعت 7:45 صبح مبلغی به حسابم از طریق ساتنا انتقال یافته ولی به حسابم واریز نشده است؟","اگر حساب مقصد تجارت ( صاحب حساب ) است ابتدا باید از پنل فرانگر تراکنش های مشتری( تجارت ) بررسی شود در صورتی که به حساب ایشان واریز نشده باشد و در صورتیکه مشتری( سایر بانک ها ) باشد و از تجارت برای ایشان ساتنا انجام شده باشد با داشتن شماره ارجاع تراکنش انتقال ساتنا , می توانیم شماره دایره ساتنا را به مشتری اعلام کنیم."
"از همراه بانک انتقال وجه ساتنا انجام می دهم اعلام می کند امکان انتقال ساتنا به حساب های تجارت مقدور نمیباشد؟","انتقال وجه ساتنا یک انتقال وجه بین بانکی است لذا مقصد شما باید شماره شبا 24 رقمی باشد .شما شماره حساب مقصد را شماره حساب تجارت وارد کرده اید به همین دلیل این پیغام را دریافت می کنید."
"در صورت عدم انجام تراکنش ساتنا در همراه بانک چه اقدامی انجام میگیرد؟","1)بررسی کد شهاب ( از فرانگر ) 2) بررسی رمز پویای حساب ( پنل پویا ) 3) بررسی مبلغ ( فرانگر ) 4) به مشتری اعلام شود حتما از منوی حساب /گزینه پایا و ساتنا انتخاب شود 5) به مشتری اعلام شود حتما شماره 24 رقمی شبا وارد گردد .حتما از پنل همراه بانک در قسمت EVENTLOG خطای ایجاد شده بررسی شود ."
"ساعات واریز پایا به چه صورت است؟","وجه انتقالی از ساعت 3:45 صبح تا 10:45 ساعت تا 11:15 -11 واریز میشود وجه انتقالی از ساعت 10:45 صبح تا 13:45ساعت 14-14:15 به بعد واریز میشود وجه انتقالی از ساعت 13:45 تا 18:45ساعت-19:15- 19واریز میشود وجه انتقالی از ساعت 18:45 تا 3:45 ساعت-4:30- 4 واریز میشود چرخه های انتقال در سامانه پایا بدون تغییر و کماکان دارای چهار چرخه 3:45 بامداد، 10:45 صبح ، 13:45 و 18:45 می باشد.بخشنامه 2101 مورخ 1401/03/01"
"کارمزد پایا چقدر است؟","یک صدم درصد وجه انتقالی و حداکثر 15 هزار تومان می باشد ."
"انتقال وجه پایا از همراه بانک چقدر است؟","حداکثر یک میلیارد ریال با رعایت سقف 500 میلیون ریال در هر تراکنش"
"انتقال وجه پایا از طریق اینترنت بانک چقدر است؟","حداکثر یک میلیارد ریال با رعایت سقف 500 میلیون ریال در هر تراکنش"
"انتقال وجه پایا از طریق شعب چقدر است؟","صرفا مجاز به ارسال دستور پرداخت پايا براي مبالغ معادل و يا كمتر از 1 ميليارد ريال مي باشند. توجه: از آنجائیكه در صورت ارسال مبلغ بیش از مبلغ مذكور از طريق سیستم پايا بانك مشمول جريمه اي معاادل 34 درصد مبلغ دستور پرداخت ) برای یک روز لذا کاربران شعب می بایست پرداخت های دستور پرداخت هاي با مبلغ بیش از 1 ميليارد ريال را از طريق سیستم ساتنا ارسال نمايند."
"آیا صادر کننده پایا از شعب حتما می بایست در بانک تجارت حساب داشته باشد؟","بله كلیه حسابهای تجارت قابل پذيرش مي باشد."
"آیا انتقال وجه پایا را می توان کنسل کرد؟","دستور پرداخت صادرشده پس از پذيرش آن توسط بانك قطعي و غیرقابال برگشت بوده و بانك متعهد است در تاريخ درخواست شده توسط مشتري تاريخ موثر وجه را به بانك ذينفع ارسال نمايد."
"آیا اتباع می توانند انتقال وجه پایا ( همراه بانک /اینترنتی بانک /شعب ) انجام دهند؟","بله /فقط 10 میلیون تومان"
"از همراه بانک پایا انجام داده ام اما نمی دانم برای چه کسی انتقال داده ام؟","پس از ورود به همراه بانک از قسمت خدمات ، گزینه سوابق تراکنش /تراکنش مورد نظر را جستجو و پس از باز کردن تراکنش , نام شخص مقصد مشخص است ."
"مبلغی طی پایا به حساب شخص دیگری واریز کردم امکان انتقال زودتر مقدور هست؟","خیر .تراکنش های پایا مطابق زمانبندی دستور العمل ابلاغی ( سطور بالا ) انجام می گردد ."
"رمز پویای خود را فعال کردم اما زمان انتقال وجه پایا از همراه بانک پیغام اطلاعات درگاه خود را اضافه کنید، مشاهده می گردد؟","مشتری برای این حساب رمز پویای حسابی ندارد لذا می بایست از گزینه خدمات /خدمات رمز پویا /پویا حسابی خود را فعال نماید ."
"تراکنش پایا از همراه بانک انجام داده ام اما همچنان وضعیت تراکنش را در حال انجام نشان می دهد آیا تراکنش انجام نشده است؟","از قسمت خدمات , سوابق تراکنش را انتخاب کنید و پس از انتخاب تراکنش مورد نظر , گزینه استعلام وضعیت را بزنید تا وضعیت جدید را به شما نشان دهد . در صورتی که موفق نشان دهد بدین معنی است که انتقال انجام شده است و می بایست از پایا بانک مقصد پیگیری شود و در صورتی که با استعلام وضعیت ناموفق نشان دهد می بایست از دایره پایا بانک تجارت پیگیری شود ."
"هنگام انجام تراکنش پایا از همراه بانک با پیغام شماره حساب مبدا نا معتبر است مواجه می شوم؟","شماره حساب را از پنل فرانگر چک می کنیم که نک حساب مشکلی نداشته باشد و نیز شخص فاقد کد شهاب نباشد و در صورت وجود اشکال در نک یا عدم وجود کد شهاب مشتری می بایست به شعبه خودش مراجعه نماید."
"پایا از طریق شعبه انجام شده ولی پس از 3 روز هنوز به حساب مقصد واریز نشده است؟","از دایره پایا توسط کارشناس پیگیری شود ."
"ساعات واریز حساب به حساب تجارت از ( درگاه های غیر حضوری ) به چه صورت است؟","زمانبندی خاصی ندارد و از طریق درگاه های غیر حضوری در هر ساعت از شبانه روز به صورت لحظه ای انجام می شود ."
"کارمزد انتقال حساب به حساب تجارت ( درگاه های غیر حضوری ) چقدر است؟","سیصد ریال"
"کارکرد انتقال وجه حساب به حساب تجارت از داخل شعب چقدر است؟","کارمزدی ندارد .دقت کنید از مشتری کارمزد برداشت از حساب مبدآ ( در صورتی که غیر از شعبه صاحب حساب باشد ) مبلغ 1200 تومان دریافت می شود .( بخشنامه تجمیعی 515 )"
"انتقال وجه تجارت به تجارت از همراه بانک چقدر است؟","تا سقف صد ( 100 ) میلیون تومان"
"انتقال وجه تجارت به تجارت از طریق اینترنت بانک چقدر است؟","تا سقف صد ( 100 ) میلیون تومان شایان ذکر است انتقال های داخلی برای حقوقی ها نامحدود است ."
"انتقال وجه تجارت به تجارت از خودپرداز چقدر است؟","تا سقف ده ( 10 ) میلیون تومان"
"انتقال وجه تجارت به تجارت از تلفنبانک چقدر است؟","تا سقف سه ( 3) میلیون تومان"
"آیا در حال حاضر انتقال وجه به حساب های تعریف شده ( از درگاه های غیر حضوری ) وجود دارد؟","خیر /سابقا هر مشتری می توانست برای خدمات بانکداری اینترنتی , همراه بانک و تلفنبانک از داخل شعبه به ازای هر حساب مبدأ , 5 تا حساب مقصد تجارت معرفی کند و به صورت نامحدود انتقال دهد اما در حال حاضر چنین امکانی وجود ندارد . شایان ذکر است گزینه انتقال به حساب های تعریف شده در بانکداری اینترنتی"
"آیا از شماره حساب می توان به شماره کارت ( از درگاه های غیر حضوری ) انتقال انجام داد؟","از طریق بانکداری اینترنتی ( فقط به شماره کارت تجارت و مبلغ 100 میلیون تومان ) بله اما از طریق همراه بانک و تلفنبانک خیر"
"آیا انتقال وجه حساب به حساب از همراه بانک و بانکداری اینترنتی در صورتی که حساب مبدآ و مقصد برای همان شخص باشد؟","طی استعلام از همراه بانک , انتقال وجه نامحدود حساب به حساب ( برای همان شخص ) وجود دارد اما طی استعلام از بانکداری اینترنتی این موضوع برای حساب های حقیقی خیر اما برای حساب های حقوقی صدق می کند . شایان ذکر است در این خصوص تا این لحظه بخشنامه ای در دست نیست ."
"امکان انتقال وجه از حسابم وجود ندارد؟","ممکن است حساب مبلغ مسدودی داشته باشد که باید از پنل سیمین از قسمت گزارش گیری /گزینه ردیف مسدودی را زده و بعد از ورود شماره حساب واحد مسدود کننده به مشتری را اعلام نماییم تا واحد مربوطه جهت رفع مسدودی اقدام نماید /ممکن است حساب کاملا مسدود باشد که باز هم باید از سیمین از قسمت گزارش گیری /گزارش تاریخچه تغییر وضعیت حساب /شماره حساب را وارد کرده و واحد مسدود کننده رار به مشتری اعلام نماییم تا از واحد ذیربط پیگیری کند ./ممکن است حساب خدمات الکترونیکی مسدود داشته باشد که باید مشتری به یکی از شعب راهنمایی شود تا خدمات نوین مشتری از طریق منوی 67 گزینه 5 رفع مسدودی مشود /ممکن است حساب مسدود الکترونیکی باشد در این صورت باید مشتری به شعبه مراجعه نماید و از منوی 55 رفع مسدودی شود / ممکن است کارت مشتری توسط 1554 مسدود شده باشد که در پنل سکان وضعیت کارت را مفقود شده اعلام می کند در اینصورت مشتری با مراجعه به شعبه و صدور مجدد کارت می تواند از حساب خود استفاده نماید /ممکن است وضعیت کارت در سکان مسدود شده باشد که در اینصورت اداره کارت و خدمات و نوین , کارت را مسدود کرده است که می بایست از این اداره پیگیری شود . شایان ذکر است می بایست موجودی حساب مشتری و سقف انتقال مجاز مشتری از طریق فرانگر بررسی شود."
"فرآیند مغایرت لوکال ( انتقال وجه بین حسابهای تجارت ) چگونه می باشد؟","در صورتی که 48 ساعت از تراکنش مشتری گذشته است و به حساب مشتری وجه عودت داده نشده است ( بررسی از طریق فرانگر ) و مشتری از همراه بانک و بانکداری اینترنتی باشد تراکنش را انجام داده است می بایست مشتری به کارشناسان مربوطه ارجاع دهیم .و در صورتی که از تلفنبانک باشد می بایست تیکت تراکنش را از طریق TBS به واحد تلفنبانک ارجاع دهیم .در صورتی که از خودپرداز انتقال انجام شده باشد می بایست از واحد مغایرت های لوکال پیگیری شود .(توجه **سابقا تیکت تهیه می شد اما در طول زمان واحد مربوطه پاسخگویی تیکت را انجام نمی دهد لذا فآیند پیگیری به صورت تلفنی می باشد)"
"انتقال حساب به حساب از همراه بانک /اینترنت بانک /تلفنبانک /خودپرداز انجام نمی شود؟","در صورتیکه مشتری از همراه بانک استفاده می کند پس از بررسی حساب(مبدأو مقصد ) طبق موارد بالا( در پنل فرانگر ) در صورتی که حساب مشکلی نداشت و نیز با بررسی تراکنش های مشتری سقف مجاز( 100 میلیون تومان ) برای انتقال ایشان تکمیل نشده بود , سپس ثبت نام همراه بانک مشتری را بررسی کرده و در صورتی که ثبت نام مشتری نیز مشکلی نداشت به مشتری یادآوری می کنیم حتما از منوی حساب ها و گزینه تجارت استفاده نماید ,ضمن اینکه باید پویای حساب مشتری فعال باشد .برای اطمینان از فعال بودن پویای حساب بدلیل نداشتن پنل پویا می توانیم مشتری را به کارشناسان همراه بانک ارجاع دهیم .در صورتی که مشتری از بانکداری اینترنتی انتقال انجام می دهد موارد همراه بانک برای اینترنت بانک نیز صدق می کند(سقف مجاز انتقال وجه حساب به حساب 100 میلیون تومان می باشد ) با این تفاوت که با توجه به اینکه به پنل بانکداری اینترنتی دسترسی نداریم بررسی ثبت نام در بانکداری اینترنتی به عهده کارشناسان بانکداری اینترنتی می باشد .در صورتی که مشتری از تلفنبانک انتقال را انجام می دهد ضمن بررسی حساب طبق توضیحات بالا و بررسی سقف ( در حال حاضر3 میلیون تومان می باشد ) با توجه به عدم دسترسی به پنل تلفنبانک باید تیکت عدم انتقال وجه را در TBS در قسمت خدمات نوین و انتخاب گزینه تلفنبانک ثبت نماییم .در صورتی که مشتری از خودپرداز تراکنش انجام می دهد .در صورتیکه مشتری از خودپرداز انتقال وجه انجام می دهد ضمن بررسی حساب ( مبدأ و مقصد ) و بررسی سقف مجاز انتقال از خودپرداز ( در حال حاضر 10 میلیون تومان ) می باشد .احتمالا مشکل از سامانه های داخلی بانک است ( به عنوان مثال ممکن است HOST بانک ) قطعی داشته باشد .لذا با پیگیری از واحدهای مربوطه , عدم انتقال وجه را بررسی می کنیم."
"رمز پویای خود را فعال کردم اما زمان انتقال وجه حساب به حساب تجارت از همراه بانک پیغام اطلاعات درگاه خود را اضافه کنید، مشاهده می گردد؟","مشتری برای این حساب رمز پویای حسابی ندارد لذا می بایست از گزینه خدمات /خدمات رمز پویا /پویا حسابی خود را فعال نماید ."
"در همراه بانک انتقال وجه از حسابم انجام می دهم اما اعلام می کند طول شماره حساب مقصد نامعتبر است؟","شما باید مقصد خود را حساب بانک تجارت قرار دهید و احتمالا شماره مقصد را کارت وارد می کنید"
"هنگام انجام تراکنش حساب به حساب تجارت از همراه بانک خطای رمز صحیح نمی باشد مشاهده می شود؟","در صورتی که رمز را از هریم دریافت می کند به مشتری یادآوری کنید حتما باید رمز 8 رقمی وارد کنید در صورتی که فونت گوشی بزرگ است و رمز را 6 رقم یا کمتر نشان می دهد حتما می بایست فونت گوشی اصلاح شود .در صورتی که رمز را از همراز دریافت می کند ابتدا باید ساعت گوشی مشتری چک شود که با ساعت جهانی یکسان باشد در صورتیکه ساعت درست بود ابتدا درگاه مربوطه ( منظور کد ملی مشتری ) از همراز حذف شود و یکبار دیگر مشتری از گزینه خدمات /خدمات رمز پویا /پویا حسابی اقدام به فعالسازی رمز پویا نماید."
"کارمزد انتقال کارت به کارت ( درگاه های غیر حضوری ) چقدر است؟","حداقل 6,000 ريال تا مبلغ ده میلیون ريال و به ازای هر ده میلیون ريال مازاد، مبلغ 2,400ريال اضافه شود."
"انتقال وجه کارت به کارت از همراه بانک چقدر است؟","در هر شبانه روز 10 میلیون تومان"
"آیا انتقال وجه شتابی در همراه بانک از مبدآ کارت سایر بانک ها امکان پذیر است؟","سابقا این خدمت در همراه بانک فعال بود اما در حال حاضر فعال نمی باشد ."
"انتقال وجه کارت به کارت از طریق اینترنت بانک چقدر است؟","در طول یک شبانه روز 10 میلیون تومان"
"انتقال وجه کارت به کارت از خودپرداز چقدر است؟","در هر شبانه روز 10 میلیون تومان"
"انتقال وجه کارت به کارت از تلفنبانک چقدر است؟","این سرویس فعلا در خدمات تلفنبانک نمی باشد ."
"انتقال وجه کارت به کارت ازPINPAD داخل شعب چقدر است؟","پانزده ( 15 ) میلیون تومان"
"آیا انتقال سه وجهی از PINPAD داخل شعب امکان پذیر است؟","با برقراري امكان انتقال وجه سه وجهي بین بانکي از طريق پايانه شعب، هريك از دارندگان كارت هاي خودپرداز بانك هاي عضو شتاب، مي توانند از طريق مراجعه به كليه شعب بانك نسبت به جابجايي وجه به كارت بانك بالا براساس ضوابط اقدام نمايند، بر اين اساس در انتقال سه وجهي، كارت بانك مبدأ و مقصد مي تواند يكي از كارت هاي شتابي فعال درطرح باشد )انتقال از تجارت كارت به كارت هاي شتابي / كارت هاي شتابي به تجارت كارت / كارت شتابي به كارت شتابي بخشنامه 412 متمم118 مورخ 1397/04/30"
"انتقال وجه کارت به کارت ازبرنامه های موبایل ( آپ و تاپ) چقدر است؟","سه میلیون تومان تبصره: در صورت پیوستن بانک ها و پرداخت سازها به هاب فناوران مالی این مبلغ تا 5 میلیون تومان افزایش می باشد."
"آیا همه اشخاص دارنده کارت می توانند انتقال وجه شتابی انجام دهند؟","خیر /افراد زیر 12 سال امکان انتقال وجه شتابی را ندارند ."
"در صورت عدم انتقال وجه کارت از مبدا تجارت چه کاری باید انجام داد؟","در صورتی که از خودپرداز باشد با چک کردن پنل فرانگر و اطمینان از عدم بازگشت وجه پس از 72 ساعت می بایست تیکت کدینگ 103 در TBSتوسط کارشناس تهیه شود. در صورتی که از همراه بانک باشد ابتدا پنل را چک کرده در صورتی که موفق باشد به مشتری اعلام می کنیم از شتاب بانک مقصد پیگیری کند اما در صورت ناموفق بودن و اطمینان از عدم برگشت وجه تیکت آن را برای همراه بانک ارسال می کنیم.در صورتی که از بانکداری اینترنتی باشد نیز فرآیند همراه بانک صادق می باشد."
"در صورتی که کارت سایر بانک ها باشد , اما خودپرداز تجارت باشد و انتقال وجه شتابی انجام نشده باشد راه حل چیست؟","در صورتیکه صرفا خودپرداز تجارت باشد و کارت مبدا و مقصد سایر بانک ها باشد , بانک تجارت هیچ مسئولیتی در قبال عدم انتقال وجه شتابی ندارد و مشتری مبدا می بایست با شتاب بانک خود تماس بگیرد."
"زمان انتقال وجه با کارت در همراه بانک پیغام اطلاعات مربوط به کارت صحیح نمیباشد مواجه میشوم؟","با انتخالب گزینه جزئیات / ویرایش نسبت به تغییر و اصلاح اطلاعات قبلی اقدام و cvv2 و تاریخ انقضا کارت خود را در همراه بانک تغییر می دهیم ."
"انتقال وجه شتابی انجام می دهم ( از هر درگاهی )ولی اعلام می کند, تعداد دفعات رمز وارد شده بیش از حد مجاز است؟","این خطا بدین معنی است که مشتری(رمز دوم ثابت یا رمز پویا )خود را بیش از سه بار اشتباه وارد کرده است .لذا در صورتی که رمز دوم ثابت را غلط وارد کرده باشد می بایست به خودپرداز مراجعه کند و گزینه تعیین رمز دوم اینترنتی در منوی سایر خدمات را انتخاب کند و یک رمز امنیتی تعریف نماید و در صورتی که پویا را اشتباه وارد کرده باشد باید از طریق ( خودپرداز/همراه بانک ) رمز پویا کارت خود را مجددا فعالسازی نماید . شایان ذکر است رمز دوم ثابت فقط برای تراکنش های کمتر از 100 هزار تومان می باشد .همچنین کارشناسان برای چک کردن کارت مشتری , وارد سامانه سکان شوید و ازمنوی مدیریت کارت , شماره کارت را وارد نمایید سپس از تب اطلاعات رمز , وضعیت رمز پویا مشتری را بررسی کنید در صورتی که عدد 5 روبروی رمز دوم باشد یعنی کارت مشتری قفل شده است."
"لینک آدرس ورود به اینترنتی چیست؟","ib.tejaratbank.ir"
"اینک آدرس درگاه پرداخت چیست؟","PG.tejaratbank.ir"
"آیا خدمات Ib و PG یکسان است؟","خیر بانکداری اینترنتی خدمات بر پایه حساب است اما درگاه پرداخت اینترتی مبتنی بر کارت است . ضمن اینکه در درگاه پرداخت چون مبتنی بر کارت می باشد امکان انتقال وجه پایا/ساتنا /حساب به حساب تجارت /ثبت و تآیید چک / دستور پرداخت دوره ای وجود ندارد ."
"برای انجام عملیات در PG به چه رمز هایی نیاز داریم؟","به رمز پویای کارت نیاز است .فقط در مورد انتقال کارت به کارت علاوه بر پویا می بایست رمز PIN1 را حتما مشتری داشته باشد ."
"آیا برای دریافت خدمات درگاه پرداخت به ثبت نام نیاز داریم؟","چون خدمات درگاه پرداخت اینترنتی مبتنی بر کارت و رمز دوم کارت ( ثابت /پویا ) می باشد لذا نیازی به ثبت نام خاصی نیست فقط در یک مورد ( انتقال وجه کارت به کارت ) مشتری می بایست رمز ثابت بانکداری اینترنتی را داشته باشد ."
"از کجا متوجه شویم مشتری از بانکداری اینترنتی استفاده کرده است است یا از درگاه پرداخت؟","در پنل فرانگر کد شعبه صادر کننده بانکداری اینترنتی (99995) می باشد و برای درگاه پرداخت ( 99996 ) می باشد ."
"ثبت نام حضوری بانکداری اینترنتی چگونه است؟","مشتری (حقیقی) می تواند به یکی از شعب بانک تجارت مراجعه نماید و درخواست رمز ثابت نماید یا در خواست رمز یک بار مصرف ( گوشی های اندروید** مهم ) نماید. در اینصورت شعبه با صدور شماره سریال و ارسال کلید فعالسازی بصورت پیامکی به شماره همراه مشتری , ثبت نام اینترنتی مشتری را انجام می دهد و مشتری باید برنامه همراز را بر روی گوشی خود نصب نموده و پس از ورود به برنامه همراز، گزینه + را زده و درگاه خود را بر روی بانکداری اینترنتی قرار دهد و سپس یک عنوان دلخواه /کد ملی /شماره سریال و کلید فعالسازی را وارد نماید تا بانکداری اینترنتی فعال شود.شایان ذکر است دارندگان گوشی های آیفون فقط باید رمز ثابت از شعب درخواست نمایند . شایان ذکر است مشتریان حقوقی که سابقا فقط توسط همراز رمز بانکداری اینترنتی را دریافت می کرده اند در صورتی که گوشی اندروید داشته باشند می توانند از همراز استفاده کنند اما در صورتی که گوشی ایشان آیفون باشد باید به شعبه مراجعه نموده و رمز ثابت درخواست نمایند ."
"توکن سخت افزاری برای کدام دسته از مشتریان است؟","مشتریان حقوقی"
"آیا توکن سخت افزاری در حال حاضر قابل استفاده است؟","در صورتیکه مشتریان حقوقی از قبل توکن سخت افزاری داشته باشند بله همچنان می توانند از آن استفاده کنند .اما مشتریان جدید بدلیل کمبود توکن سخت افزاری(بدلیل تحریم ها) و وجود توکن نرم افزاری(همراز) لذا برای ایشان توکن نرم افزاری ایجاد می شود."
"در صورت خرابی توکن سخت افزاری چه کاری باید انجام داد؟","در صورت خرابی قبل از یکسال از زمان تحویل ، مسئولین شعب می بایست بدون دریافت هیچ گونه هزینه ای از مشتری نسبت به غیر فعال نمودن شماره سریال دستگاه مذکور در سیستم ویندوزی شعبه اقدام و سپس یک دستگاه دیگر از سخت افزار مذکور را با ثبت شماره سریال جدید به مشتری تحویل نمایند. بدیهی است در صورت خرابی دستگاه پس از یکسال از زمان تحویل هزینه مربوطه می باید از مشتری اخذ گردد. شایان ذکر است مسئولین شعب می بایست شماره سریال دستگاه های معیوب را به همراه خود دستگاه به اداره کارت و خدمات نوین جهت بررسی و در صورت امکان تعمیر ارسال نمایند."
"توکن میان افزار چست و چه کارکردی دارد؟","این نوع توکن مختص مشتریان حقوقی دارای وب سرویس بانک تجارت می باشد که از این طریق نسبت به انجام تراکنش های مالی اقدام که در قالب لوح فشرده می باشد بر روی سامانه (توکن میان افزار) می نمایند. این گروه از مشتریان می توانند با نصب محصولی تحت عنوان های خود نسبت به درخواست لحظه ای تولید رمز یکبار مصرف اقدام و از مقادیر آن بعنوان رمز در انجام تراکنش های خود استفاده نمایند در خواست مشتریان پس از بررسی و هزینه / فایده اولیه توسط شعبه به بازاریابی مدیریت مربوطه اعلام و مدیریت شعب ذیربط مطابق جدول پیوست )پیوست شماره 5 ( مراتب را به بانکداری تجاری ارسال نمایند.بخشنامه تجمیعی 1006 ص 12"
"نحوه ثبت نام مشتریانی که حساب مشترک دارند چگونه است؟","از طریق مراجعه به شعبه و دریافت رمز ثابت ( به هر یک از طرفین رمز جداگانه اختصاص داده می شود ) و یا درخواست رمز یکبار مصرف ( در صورتی که گوشی اندروید داشته باشند ) و ورود به همراز و انتخاب گزینه بانکداری اینترنتی و ثبت کد ملی و یک عنوان دلخواه / سپس ثبت شماره سریال دریافتی از شعبه و در آخر کلید فعالسازی ( به صورت پیامکی برای مشتری ارسال شده است ) را ثبت نمایند تا بانکداری اینترنتی ایشان فعال شود."
"ثبت نام غیر حضوری بانکداری اینترنتی چگونه است؟","مشتریان حقیقی می توانند ابتدا وارد لینک my.tejaratbank.ir شده و با کلیک بر روی ثبت نام در سامانه بانکداری اینترنتی و ورود اطلاعات مربوط به کارت و در نهایت تعیین یک رمز 8-12 کارکتر ( حداقل یک حرف بزرگ , یک حرف کوچک , یک کارکتر و بقیه اعداد ) نسبت به ثبت نام خود در بانکداری اینترنتی اقدام نماید . دقت شود مشتری می بایست جهت ثبت نام در این سامانه حتما رمز پویا داشته باشد."
"شرط ثبت نام غیرحضوری بانکداری اینترنتی چیست؟","داشتن رمز پویا کارت"
"آیا مشتریان حقوقی می توانند به صورت غیر حضوری ثبت نام نمایند؟","خیر فقط با مراجعه به شعب"
"آیا مشتریانی که حساب مشترک دارند می توانند به صورت غیرحضوری ثبت نام نمایند؟","خیر فقط با مراجعه به شعب"
"در صورت مشاهده خطای اطلاعات وارد شده و اطلاعات ثبت شده یکی نمی باشد در ثبت نام بانکداری اینترنتی بصورت غیر حضوری چه اقدامی نمایم؟","یا شماره موبایل مشتری در ORM ( سیستم ثبت نام خدمات نوین در شعبه ) اشتباها ثبت شده است که باید مشتری به شعبه مراجعه نماید و شماره موبایل ایشان تصحیح شود برای مشاهده این موضوع باید تماس را به کارشناسان بانکداری اینترنتی ارجاع دهید و یا نک حساب مشتری مشکل دارد بصورتی که حساب مشتری بروزرسانی نشده است این موضوع را می توان از پنل فرانگر در قسمت تاریخ آخرین اطلاعات نک مشاهده نمود .در این قسمت با توجه به تاریخ می توان تشخیص داد که اطلاعات نک مشتری بروزرسانی نشده است و مشتری باید به شعبه مراجعه نموده و اصلاح نک برای ایشان انجام شود."
"مشتری بابت بانکداری اینترنتی به شعبه مراجعه کرده و رسیدی را از شعبه اخذ نموده که روی آن رسید شناسه ورود و سریال 10 رقمی ذکر شده است ولی زمان ثبت نام در همراز اعلام می کند اطلاعات وارد شده صحیح نمی باشد؟","ابتدا باید از مشتری سوال شود رسید دریافتی از شعبه مربوط به بانکداری اینترنتی است یا همراه بانک و در صورتیکه مربوط به همراه بانک است شعبه اشتباها صادر کرده است و مشتری باید مجددا به شعبه مراجعه نماید و ثبت نام بانکداری اینترنتی را انجام دهد و درصورتی که رمز بانکداری اینترنتی صادر شده است بایستی در همراز درگاه , بانکداری اینترنتی انتخاب شود .همچنین به مشتری تأکید شود کلید فعالسازی ارسال شده را به صورت دستی وارد نکنند بلکه آن را کپی کرده و سپس جاگذاری نمایند."
"چرا بعضی از حسابها در اینترنت بانک دیده نمی شوند؟","حساب هایی که در بانکداری اینترنتی مشاهده نمی شوند جهت ثبت نام می بایست یا به شعب مراجعه نمایند و یا به صورت غیر حضوری نسبت به ثبت نام بانکداری اینترنتی اقدام نمایند."
"چگونه وارد اینترنت بانک شرکت شوم؟","ابتدا وارد از طریق آدرس ib.tejaratbank.ir وارد سامانه بانکداری می شویم و سپس با ورود کد ملی و رمز عبور ثابت ( حقیقی /حقوقی) و سپس دریافت رمز پیامکی و ورود آ ن وارد بانکداری اینترنتی شوید و در صورتی که مشتری ( حقیقی /حقوقی ) همراز داشته باشد , رمز دریافتی از همراز ( برای مشتریانی که گوشی اندروید دارند و رمز عبور یک بار مصرف دریافت می کنند ) وارد محیط بانکداری اینترنتی می شویم . شایان ذکر است ممکن است برخی از مشتریان هنوز توکن سخت افزاری داشته باشند( بدین ترتیب رمز را باید از توکن سخت افزاری خود دریافت کنند ) ."
"آیا می توان از سایت بانک تجارت هم وارد بانکداری شویم؟","بله"
"در صورتی که مشتری با رمز ثابت وارد بانکداری اینترنتی می شو د چه ملاحظاتی را باید رعایت کند؟","چون رمز ثابت شامل عدد و حروف می باشد و حروف هم شامل حروف بزرگ است و کوچک , لذا مشتری باید کوچک و بزرگ حروف را رعایت کند .صفحه کیبورد مشتری حتما باید انگلیسی باشد .هنگام ورود حروف کوچک , د دقت کنید کلید CAPSLOCL حتما باید خاموش باشد."
"آیا برای ورود به بانکداری اینترنتی فقط رمز ثابت کافیست؟","خیر در ورود به بانکداری اینترنتی دو مرحله رمز باید وارد نمود , ابتدا رمز عبور ( PIN1 ) و سپس رمز پیامکی .شایان ذکر است با ثبت نام حضوری و غیر حضوری بصورت رمز ثابت , رمز پیامکی به صورت خودکار برای مشتری ایجاد می شود و مشتری با درخواست رمز ییامکی آن را بصورت پیامکی بر روی گوشی همراه خود دریافت می کند."
"در صورتی که مشتری گوشی خود را عوض کند چطور می تواند مجددا رمز را از همراز دریافت کند؟","از آن جایی که هر توکن همراز تنها بر روی یک دستگاه تلفن همراه فعال است، لذا به منظور تعریف توکن همراز بر روی یک دستگاه بانکداری اینترنتی در اپلیکیشن همراز را انتخاب و توکن مربوطه را از » حذف درگاه « تلفن همراه دیگر، مشتریان می باید ابتدا گزینه دستگاه تلفن همراه قبلی حذف و سپس با همان شماره سریال و کدفعال سازی که در اختیار دارند، نسبت به تعریف توکن نرم افزاری بانکداری اینترنتی خود بر روی دستگاه دیگر اقدام نمایند."
"در صورتی که مشتری پس از تعویض گوشی , دسترسی به کلیدفعالسازی و شماره سریال قبلی برای فعالسازی همراز نداشته باشد چه کاری باید انجام دهد؟","مشتریانی که به هر دلیل به گوشی تلفن همراه خود که توکن همراز بر روی آن فعال بوده دسترسی نداشته و نمی توانند نسبت به حذف اقدام نمایند، لازم است به منظور تعریف توکن همراز در گوشی تلفن همراه جدید، به یکی از شعب بانک تجارت مراجعه نموده و درخواست توکن همراز را اعلام و شماره سریال جدید را دریافت و کد فعال سازی جدید را که از طریق پیامک ارسال میگردد مورد استفاده قرار دهند. شایان ذکر است در این حالت شماره سریال و کد فعال سازی قبلی باطل می گردد.با اختصاص توکن نرم افزاری جدید (شماره سریال جدید) توکن قبلی قابل استفاده نبوده و حساب مشتری ایمن خواهد بود"
"بعد از وارد کردن رمز و نام کاربری اینترنت بانک{ خطای رمز یا نام کاربری اشتباه }است؟","در صورتی که رمز را مشتری از همراز دریافت می کند باید ساعت گوشی چک شود که با ساعت جهانی یکسان باشد .علاوه بر این دقت شود در صورتیکه فونت گوشی مشتری بزرگ است و رمز را کمتر از 8 کارکتر نشان می دهد بفرمایید فونت گوشی را کوچک کنند ( فونت موضوع مهمی است لطفا به این موضوع دقت شود ) در صورتی که ساعت گوشی صحیح می باشد و فونت هم درست است , مشتری می بایست درگاه بانکداری اینترنتی را از همراز خود حذف کرده و مجددا با مراجعه به شعبه و دریافت شماره سریال و کلید فعالسازی مجددا فعالسازی نماید .در صورتی که رمز ثابت است ایتدا از مشتری سوال شود رمز را چند کارکتر وارد می کند در صورتیکه رمز مشتری بیشتر یا کمتر از 12-8 کارکتر باشد رمز اشتباه ثبت می شود و همچنین به مشتری یادآوری شود حروف بزرگ و کوچک را رعایت نماید و صفحه کیبورد حتما باید انگلیسی باشد و احیانا اگر هنکام ورود حروف کوچک کلید caps lock روشن باشد , حروف بزرگ وارد می شود و رمز به غلط ثبت می شود . در صورتیکه همه موارد بالا برای رمز ثابت صحیح بود بفرمایید مشتری مجددا به صورت غیر حضوری یا با مراجعه به شعبه رمز مجدد دریافت نماید . ممکن است در مواردی برای شعبه برای مشتری رمز بانکداری اینترنتی مجدد صادر کرده است اما رمز را به مشتری ارائه نکرده است لذا مشتری با ورود رمز قبلی , خطای رمز دریافت می کند برای مشخص شدن این موضوع مشتری را به کارشناسان بانکداری اینترنتی ارجاع دهید ."
"مشاهده خطای آواکس در زمان ورود به بانکداری اینترنتی چیست؟","ممکن است همزمان که رمز ثابت دارد , رمز توکنی هم برای ایشان صادر شده باشد در اینصورت مشتری می بایست به شعبه مراجعه نماید و رمز جدید دریافت کند و یا می توان مشتری را به کارشناسان بانکداری اینترنتی ارجاع داد تا صحت قضیه مشخص شود /یا توکن همرازی که مشتری استفاده می کند NULL شده باشد و یا به عبارتی غیر فعال شده باشد برای همین موضوع باید مشتری به شعبه مراجعه نموده تا مجددا شماره سریال و کلید فعالسازی دریافت نماید ."
"در هنگام ورود به بانکداری اینترنتی , رمز پیامکی ارسال نمی شود؟چرا؟","شماره تلفن همراه ثبت شده در سیستم ORM ( سامانه ثبت نام خدمات نوین در شعب ) ملاک ارسال رمز پیامکی است. از آن جایی که شماره تلفن همراه برخی مشتریان در سیستم مذکور صحیح ثبت نشده است و امکان ارسال رمز پیامکی برای آنان وجود ندارد لذا به منظور اصلاح شماره تلفن همراه لازم است مشتریان مربوطه به شعب بانک مراجعه نمایند."
"از چه طریقی می توانم صورتحساب دریافت نمایم؟","با ورود به بانکداری اینترنتی و انتخاب گزینه صورتحساب و انتخاب گردش یا صورتحساب و انتخاب شماره حساب و فیلتر بازه زمانی نسبت به دریافت صورتحساب خود اقدام نمایید ."
"در بانکداری اینترنتی تا چه بازه ای و چه تعدادی تراکنش می توانیم صورتحساب دریافت کنیم؟","تا 18 ماه اخیر و 300 گردش"
"در صورتی که مشتری بیش از 300 گردش را درخواست کند راه حل چیست؟","مراجعه حضوری به شعب"
"از طریق اینترنت بانک برای دریافت صورتحساب اقدام میکنم اما فقط تراکنشهای یک ماه را نمایش میدهد,شما گزینه گردش حساب را انتخاب میکنید برای بررسی تراکنشهای بیشتر از گزینه صورتحساب استفاده کنید"
"سقف انتقال وجه حساب به کارت در بانکداری اینترنتی چقدر است؟","صد ( 100 ) میلیون تومان نکته :چون مبتنی بر حساب است می توان 100 میلیون انتقال داد. شایان ذکر است مقصد می بایست فقط کارت تجارت باشد."
"در بانکداری اینترنتی انتقال وجه به حساب دیگران به چه معناست؟","منظور از انتقال وجه به حساب دیگران همان انتقال وجه داخلی بین حساب های تجارت است"
"انتقال وجه به حساب های خودم در بانکداری به چه معناست؟","منظور انتقال وجه مابین حساب های همان شخص است که 100 میلیون تومان است ولی این گزینه برای حقوقی ها نامحدود است"
"آیا انتقال وجه به حساب های تعریف شده در حال حاضر امکان پذیر است؟","در حال حاضر خیر"
"در صورت مغایرت در انتقال وجه حساب به حساب در بانکداری اینترنتی چیست؟","ابتدا در پنل فرانگر بررسی شود که آیا از حساب مشتری کسر شده است یا خیر و اگر کسر شده , آیا عودت داده شده است یا خیر /درصورتی که در پنل فرانگر کسر شده باشد و مشتری ادعا کند به مقصد نرسیده است به بانکداری اینترنتی ارجاع می دهیم . همچنین می توان با استفاده از پنل فرانگر حساب مقصد را پیدا کرد و همان جا نیز حساب مقصد را بررسی کرد /در صورتی که به مقصد واریز شده باشد به مشتری اعلام شود و در صورت عدم انتقالبه کارشناسان سبا پردازش تماس را ارجاع می دهیم"
"آیا در بانکداری اینترنتی انتقال وجه کارت به کارت می توان انجام داد؟","بله"
"در بانکداری اینترنتی چقدر می توان انتقال وجه داد؟","در هر شبانه روز 10 میلیون تومان"
"در صورتی که انتقال وجه کارت به کارت از بانکداری اینترنتی انجام نشده باشد راه حل چیست؟","ابتدا از پنل فرانگر(پس از 72 ساعت ) می بایست چک شود آیا به حساب مشتری عودت داده شده است یا خیر اگر عودت اتفاق نیافتاده باشد از TBS تیکت کدینگ 103 تکمیل و برای اداره حسابداری خدمات نوین ارسال می شود ."
"سقف انتقال وجه ساتنا چقدر است؟","در طول یک شبانه روز 100 میلیون تومان البته تراکنش های بالای 50 میلیون تومان تا سقف 100 میلیون تومان"
"زمانبندی انتقال وجه ساتنا از بانکداری اینترنتی چگونه است؟","از طریق درگاه های غیر حضوری از 7:30 صبح تا 14:15 (بخشنامه 2101 مورخ 1401/03/01) در صورتی که انتقال وجه ساتنا در محدوده زمانی مذکور انجام شود , انتقال وجه ساتنا به صورت لحظه ای انجام می شود .شایان ذکر است پس از ساعت مذکور امکان انتقال ساتنا وجود نداردر .همچنین در روزهای تعطیل رسمی و جمعه انتقال وجه ساتنا امکان پذیر نمی باشد ."
"آیا انتقال وجه ساتنا برای اتباع امکان پذیر است؟","خیر /( طی استعلام از اداره مبارزه با پولشویی , که این موضوع به دستور امنیت ملی به مدیرعامل بانک ها به صورت شفاهی بوده است لذا بخشنامه ای در این خصوص در دست نیست )"
"در صورت مغایرت انتقال وجه ساتنا در بانکداری اینترنتی چه کاری باید انجام داد؟","ابتدا در پنل فرانگر بررسی شود که آی از حساب مشتری کسر شده است یا خیر و اگر کسر شده , آیا عودت داده شده است یا خیر /درصورتی که در پنل فرانگر کسر شده باشد و مشتری ادعا کند به مقصد نرسیده است به بانکداری اینترنتی ارجاع می دهیم."
"سقف انتقال وجه پایا چقدر است؟","حداکثر یک میلیارد ریال با رعایت سقف 500 میلیون ریال در هر تراکنش"
"زمانبندی انتقال وجه پایا؟","وجه انتقالی از ساعت 3:45 صبح تا 10:45 ساعت تا 11:15 -11 واریز میشود وجه انتقالی از ساعت 10:45 صبح تا 13:45ساعت 14-14:15 به بعد واریز میشود وجه انتقالی از ساعت 13:45 تا 18:45ساعت-19:15- 19واریز میشود وجه انتقالی از ساعت 18:45 تا 3:45 ساعت-4:30- 4 واریز میشود چرخه های انتقال در سامانه پایا بدون تغییر و کماکان دارای چهار چرخه 3:45 بامداد، 10:45 صبح ، 13:45 و 18:45 می باشد.بخشنامه 2101 مورخ 1401/03/01"
"آیا انتقال وجه پایااز حساب اتباع امکان پذیر است؟","بله فقط 10 مییلیون تومان"
"انتقال وجه از بانکداری اینترنتی با چه رمزی امکان پذیر است؟","رمز پیامکی ( ارسال به شماره همراه یا رمز توکنی ( همراز )"
"آیا انتقال وجه گروهی در بانکداری اینترنتی امکان پذیر است؟","بله انتقال وجه داخلی ( حساب به حساب ) و انتقال وجه پایا گروهی"
"در صورت مغایرت انتقال وجه پایا در بانکداری اینترنتی چه کاری باید انجام داد؟","ابتدا در پنل فرانگر بررسی شود که آی از حساب مشتری کسر شده است یا خیر و اگر کسر شده , آیا عودت داده شده است یا خیر /درصورتی که در پنل فرانگر کسر شده باشد و مشتری ادعا کند به مقصد نرسیده است به بانکداری اینترنتی ارجاع می دهیم."
"آیا در بانکداری اینترنتی امکان ثبت چک برای مشتریان حقیقی وجود دارد؟","بله"
"نحوه ثبت چک برای مشتریان حقیقی در بانکداری اینترنتی چگونه است؟","از منوی سمت راست گزینه عملیات صیادی /چک های صادره /ثبت و صدور چک جدید را زده /شماره صیادی چک را وارد کرده /پس از استعلام گیری از سامانه پیچک مبلغ و تاریخ سررسید و سپس اطلاعات ذینفع را وارد می نماید و در صورتی که مشتری حقیقی باشد. پس ثبت همه اقلام ستاره دار و درج رمز پیامکی یا توکنی , گزینه تایید و ثبت را می زندو چک ثبت می شود."
"آیا برای ثبت چک در بانکداری اینترنتی نیاز به مز پیامکی بانکداری اینترنتی می باشد؟بله باید رمز پیامکی بانکداری اینترنتی داشته باشند .,بله"
"آیا در بانکداری اینترنتی امکان ثبت برای مشتریان حقوقی وجود دارد؟","بله"
"آیا برای ثبت چک برای حساب های حقوقی امضا داران می بایست این کار را انجام دهند؟","حسب درخواست شخص حقوقی،عملیات صیادی با تفویض اختیار به کاربر ( کاربر امین ) نیزتوسط کاربران صورت می پذیرد."
"چطور امضا داران می توانند به کاربران امین تفویض اختیار نمایند؟","این موضوع در سامانه ORM از داخل شعب انجام می شود متعاقب تفویض مذکور، کاربران معرفی شده می توانند عملیات ثبت صدور، تایید و انتقال هر برگ چک را در اینترنت بانک حقوقی انجام دهند."
"نحوه ثبت چک در بانکداری اینترنتی برای مشتریان حقوقی چگونه است؟","برای مشتریان حقوقی پس از ثبت مشخصات ذینفع , یا کاربر امضادار و یا کاربر ی که به آن تفویض اختیار شده است( کاربر امین ) گزینه انتخاب امضا داران را می زند و اسامی همه امضا داران را به کاربر نمایش می دهد و کاربرامین باید تمامی اسامی امضاداران را از مدیرعامل ( مهر و امضا ) و بقیه اعضای هیئت مدیره امضا را انجام دهد و سپس ادامه و در نهایت مجددا استعلام گیری از سامانه پیچک انجام می شود, و سپس بعد از ورود رمز پیامکی /توکنی , چک ثبت می شود .توجه کنید ممکن است در همه این مراحل گاهی خطای سامانه پیچک را مشتری دریافت نماید که ممکن است پیچک از بانک مرکزی و یا پیچک بانک تجارت قطع باشد ( این موضوع را لطفا از کارشناسان بانکداری اینترنتی استعلام بگیرید )"
"گزینه چک های وارده به چه منظوری است؟","این گزینه برای تأیید چک می باشد در واقع این گزینه برایم مشتریانی است است که ذینفع چک می باشند . در این قسمت نیازی به ورود شماره سریال /سری چک نیست تنها با شماره صیادی می توان چک را استعلام گرقت و در نهایت با رمز پیامکی ( بانکداری اینترنتی ) یا رمز توکنی چک را رد یا تأیید کرد . شایان ذکر است برای مشتریان حقوقی مراتب تأیید چک همانند صدور آن است . صادقی پری"
"گزینه انتقال چک های وارده چه کارکردی دارد؟","پس از اینکه ذینع چک , چک را تایید کرد جهت انتقال به شخص دیگری می بایست از این گزینه استفاده کند .در این جا نیز جهت انتقال نیاز به رمز پیامکی یا رمز توکنی بانکداری اینترنتی است . صادقی پری"
"گزینه استعلام چک های صیاد در بانکداری اینترنتی برای چیست؟","طی پیگیری از کارشناسان بانکداری اینترنتی اعلام کردند در حال حاضر این خدمت در بانکداری اینترنتی فعال نمی باشد."
"پرداخت قبض از بانکداری اینترنتی از چه طریقی امکان پذیر است؟","با شناسه قبض و شناسه پرداخت"
"آیا پرداخت قبوض گروهی در بانکداری اینترنتی امکان پذیر است؟","بله"
"خرید شارژ در بانکداری اینترنتی به چند روش امکان پذیر است؟","کد شارژ /شارژ مستقیم"
"آیا مشاهده سوابق خرید شارژ از بانکداری اینترنتی مکان پذیر است؟","بله"
"آیا انتقال وجه شناسه دار در بانکداری اینترنتی امکان پذیر است؟","بله به سایر حساب های بانک تجارت امکان پذیر است"
"پرداخت دو شناسه ای در بانکداری اینترنتی برای چیست؟","جهت انتقال به برخی سازمان ها و ارگان ها"
"آیای مشتری می تواند تراکنش انجام شده در بانکداری اینترنتی را بازیابی کند؟","بله از گزینه مدیریت /کارتابل تراکنش ها /تراکنش های خاتمه یافثته و در جریان قابلیت بازیابی دارد ."
"سرویس بانک پرداخت در بانکداری اینترنتی برای چه خدماتی است؟","بانک پرداخت سرويسي است که امکان پرداخت قبوض شرکت های خدماتي را به صورت خودکار فراهم مي سازد. مشتری مي تواند در اين خدمت به بانک، مجوز برداشت از حساب بانک تجارت خود را جهت پرداخت انواع قبوض شرکتهای خدماتي )آب، برق، گاز، تلفن، تلفن همراه(، بيمه و ... را از طريق سرويس بانک پرداخت، صادر مي نمايد.شرکتها و موسسات صادر کننده قبض و فاکتور با استفاده از اين سرويس مي توانند پرداخت صورتحساب ها را برای مشتريان خود تسهيل نمايند.در حال حاضر در سرويس بانک پرداخت امکان پرداخت قبوض تلفن همراه اول، در قالب يک دستور پرداخت فراهم شده به نحوی که با فعالسازی سرويس از سوی مشتری، بانک نسبت به برداشت مبلغ قبض صادر شده توسط شرکت همراه اول، از حساب تجارت مورد نظر مشتری اقدام مي نمايد. مشتريان ميتوانندمطابق فرآيندذيل اقدام نمايند : 1- ورود به درگاه اينترنت بانک تجارت و انتخاب گزينه بانک پرداخت از منوی مديريت قبوض - 2 انتخاب شماره حساب از نوع آنلاين . - 3 انتخاب حساب مقصد و يا انتخاب شرکت / سازمان )فعلأ همراه اول( و درج شماره تلفن همراه . در صورتیکه در تعریف قبوض و یا اعمال آن مشکلی بوجود بیید تماس می بایست به کارشناسان بانکداری اینترنتی ارجاع شود"
"سرویس دستور پرداخت دوره ای در بانکداری اینترنتی چه خدماتی ارائه می کند؟","برای مشتریانی است که می خواهند در یک تاریخ مشخص , مبلغ مشخصی را به شماره حساب مشخصی واریز شود در اینصورت با تعریف همه موارد گفته شده و ذخیره آن بدون اینکه مشتری بخواهد در تاریخ موردنظر عملیاتی انجام دهد , مبلغ مورد نظر به صورت خودکار از حساب وی کسرو به حساب مقصد واریز می شود . در صورت بروز مشکل در تعریف یا اعمال دستور پرداخت می توانیم تماس را به بانکداری اینترنتی ارجاع دهیم"
"خدمات بدون کارت در بانکداری اینترنی چه سرویسی است؟","مشتریان به منظور دریافت وجه نقد از خودپرداز بدون نیاز به کارت، می توانند درخواست خود را در سامانه بانکداری اینترنتی ثبت و روزانه تا سقف دو میلیون ریال بدون کارت از خودپرداز وجه نقد دریافت نمایند.شایان ذکر است اطی پیگیری انجام شده از کارشناسان بانکداری اینترنتی این خدمت فعلا فعال نمی باشد."
"خدمات PG شامل چه سرویس هایی می شود؟","انتقال وجه کارت به کارت /پرداخت قبوض /مانده حساب کارت /مسدود نمودن کارت /مدیریت ارسال پیامک لحظه ای /خرید شارژ ( همراه اول و ایرانسل ) خدمات بدون کارت ( در حال حاضر فعال نمی باشد ) پرداخت های شناسه دار / پرداخت های دو شناسه ای /کمک های مردمی دریافت شماره حساب از کارت /غیر فعالسازی رمز دوم"
"کارت والد گرفتم چطور از بانکداری اینترنتی می توان ا ستفاده کنم؟","کارت والد می تواند از خدمات بانکداری اینترنتی استفاده نماید اما کارت های زیر گروه باید از خدمات درگاه پرداخت اینترنتی استفاده نمایند ..بخشنامه شماره 6105 مورخ 1401/11//3"
"آیا کارت های فرزند (زیر مجموعه کارت های گروهی ) می توانند از خدمات بانکداری اینترنتی استفاده کنند؟","خیراین دسته از مشتریان می بایست از خدمات PG استفاده کنند ."
"کارت های فرزند چطور می توانند از خدمات PG استفاده کنند؟","مراجعه شخص دارنده کارت و یا شخص والد و درخواست رمز مدیریت كارت زیرمجموعه"
"خدمات PG برای کارت های فرزند چیست؟","اعلام مانده قابل برداشت كارت - تاریخچه تغییرات سیاست های شارژ - مشاهده سوابق شارژ: در این بخش کاربر امکان مشاهده شارژ و شارژهای انجام شده بر روی کارت خود راخواهد داشت. - صورتحساب - گزارش شارژ و تراكنش: با انتخاب این گزینه کاربر سرجمع تراکنش های شارژ، دشارژ، بستانکاری و بدهکاری کارت، در بازه تعیین شده را خواهد داشت. - ارسال ایمیل: با انتخاب این گزینه کاربر می تواند صورت حساب کارت خود را از طریق پست الکترونیکی ایمیل در بازه زمانی تعیین شده در قالب فایل اکسل دریافت نماید."
"نحوه ثبت نام تلفن بانک به چه صورت است؟","از طریق مراجعه حضوری به شعب بانک تجارت با کارت شناسایی متقاضی انجام می گردد ."
"آیا می توان خدمات تلفنبانک را بصورت غیر حضوری فعال کرد؟","خیر در حال حاضر این امکان وجود ندارد."
"آیا می توان برای ثبت نام تلفنبانک به همه شعب بانک تجارت مراجعه نمود؟","بله"
"آیا همه افراد می توانند از خدمات تلفنبانک استفاده نمایند؟","خیر افراد زیر 12 سال نمی توانند از خدمات الکترونیکی استفاده نمایند."
"برای ارتباط با تفنبانک چه شماره ای باید گرفته شود؟","شماره تلفنبانک تجارت 81277 و 1554 ( شماره 1 ) است ."
"آیا از شهرستان ها هم باید مشتریان با همین شماره تماس بگیرند؟","سایر استان ها به غیر از تهران نیز شماره تلفنبانک متمرکز دارند که مشتری با شماره گیری آنها به صورت اتوماتیک به شماره تلفنبانک 1554 متصل می شود ."
"شعب بعد از ثبت نام تلفنبانک چه رمزهایی را به مشتری ارائه می کند؟","( خدمات ویژه ) PIN2 وPIN1شایان ذکر است این رمزها مبتنی بر حساب است و هنگام ورود به تلفنبانک ابتدا باید شماره حساب راوارد کرد و سپس رمز اول و پس از با انتخاب کلید شماره 5 و ورود به خدمات غیر حضوری پین 2 رار وارد نمود ."
"در صورت فراموشی رمز عبور تلفن بانک چه اقدامی انجام شود؟","در صورت فراموشی رمز ، مشتری باید به یکی از شعب مراجعه نماید ."
"نحوه ورود به تلفن بانک به چه صورت است؟","با استفاده از شماره حساب و PIN1 یا شماره کارت وپویا کارت"
"آیا برای ورود به تلفنبانک فقط باید شماره حساب وارد کرد؟","برای استفاده از خدمات مبتنی بر حساب باید حتما اشماره حساب و پین 1 را وارد نمود اما خدمات مبتنی بر کارت نیاز به رمز ورود ندارد ."
"خدمات تلفنبانک مبتنی بر حساب کدامند؟","با پین 1 ( سرویس های عادی ) : تغییر رمز /اعلام موجودی /اطلاع از سه گردش آخر /فاکس /فعالسازی پیامک لحظه ای / دریافت شماره شبا /دریافت کارت متصل به حساب /ورود به سامانه خرید شارژ / با پین 2 (سرویس ویژه ) : مشتری با انتخاب کلید شماره 5 از منوی اصلی وارد خدمات غیرحضوری شده و می تواند خدمات ذیل را دریافت نماید : پرداخت قبوض /پرداخت اقساط / انتقال شناسه دار سازمانی /پیگیری وضعیت چک /پیگیری پرداخت های غیر حضوری /مسدودی خدمات غیر حضوری/تغییر رمز خدمات غیر حضوری"
"انتقال وجه در خدمات تلفنبانک چگونه است؟","فقط بین حساب های تجارت امکان پذیر است لذا انتقال وجه شتابی و پایا و ساتنا از تلفنبانک امکان پذیر نمی باشد ."
"سقف انتقال وجه بین حساب های تجارت چقدر است؟","سه میلیون تومان"
"آیا در حال حاضر انتقال وجه به حساب های تعریف شده در تلفنبانک امکان پذیر است؟","خیر"
"پرداخت اقساط در تلفنبانک چگونه است؟","مشتری می بایست برای پرداخت اقساط در تلفنبانک توسط شناسه قبض و شناسه پرداختی که در شعبه برای هر قسط اختصاص داده شده است اقدام نماید ."
"آیا حساب های ارزی می توانند از خدمات مبتنی بر حساب استفاده کنند؟","بله /خدمات قابل ارائه توسط سیستم تلفنبانک ارزی شامل سرویسهای اعلام موجودی، سه گردش آخر حساب ودریافت صورتحساب از طریق دورنگار می باشد ."
"مشتری ارزی برای دریافت خدمات تلفنبانک باید به کجا مراجعه کند؟","واحد ارزی که در آن حساب دارد ."
"آیا خدمات سرویس های ویژه تلفن بانک به اشخاص حقوقی ارایه می گردد؟","خیر - مشتریان حقوقی فقط می توانند از سرویس های عادی ( صورتحساب و موجودی ) استفاده نمایند."
"مشتریان با حساب مشترک از کدام سرویس های تلفنبانک می توانند استفاده نمایند؟","سرویس های عادی ( موجودی و دریافت صورتحساب )"
"خدمات تلفنبانک مبتنی بر کارت کدامند؟","اعلام موجودی - پرداخت قبوض - پیگیری قبوض - اعلام مفقودی کارت - دریافت شماره حساب اصلی متصل به کارت - غیر فعال سازی رمز دوم کارت - انتقال شناسه دار به حساب سازمان ها"
"برای استفاده از خدمات مبتنی بر کارت چه رمزی باید وارد کنیم؟","موجودی (پویا ) انتقال وجه شناسه دار و پرداخت قبوض در صورتی که بالاتر از 100 هزار تومان باشد پویا و متر از آن می توان از رمز دوم ثابت استفاده کرد ./اعلام مفقودی کارت و غیر فعالسازی رمز دوم کارت ( رمز دوم ثابت /پویا ) /دریافت شماره حساب از کارت ( پویا )"
"آیا دارندگان کارت های عضو شتاب می توانند از حدمات مبتنی بر کارت استفاده نمایند؟","در بخشنامه 6201 اشاره شده است به غیر از مفقودی کارت و دریافت شماره حساب از کارت، بقیه خدمات قابل ارائه است .اما با پیگیری از کارشناسان تلفنبانک اعلام کردند فقط پرداخت قبوض برای ایشان فعال می باشد ."
"در صورتی که انتقال وجه ( داخلی /شناسه دار ), پرداخت اقساط و پرداخت قبوض از تلفنبانک ناموفق باشد چه کاری باید انجام دهیم؟","ابتدا از پنل فرانگر چک می کنیم که حتما از تلفنبانک تجارت باشد شایان ذکر است کد شعبه صادر کننده تلفنبانک ( 99991 ) می باشد و در صورتی وجه مورد نظر کسر شده باشد اما عودت داده نشده باشد و طی ادعای مشتری نیز عملیات انجا م نشده باشد می بایست تیکت تراکنش را برای تلفنبانک ارسال کنیم ."
"هنگام استفاده از خدمات با مشکل مواجه میشوم چرا؟","ابتدا باید پیغام خطای مشتری را بررسی کرد در صورتی که همه موارد با شرایط تلفنبانک ( نوع انتقال ( حتما باید داخلی باشد ) , سقف انتقال ( بیش از 3 میلیون نمی تواند باشد ) , ورود رمز ( حساب با پین شعبه و کارت با رمز دوم یا پویا ) و ....) مطابقت داشت , برای بررسی مشکل تیکت خطای مربوطه را تهیه کرده و برای تلفنبانک از طریقTBS ارسال می کنیم ."
"امکان ورود ( مبتنی بر حساب ) به تلفن بانک را ندارم چرا؟","ممکن است تلفنبانک دچار اختلال کلی شده باشد که مشتری را راهنمایی می کنیم در بازه دیگری امتحان نمایند . همچنین رمز ورود به تلفنبانک را با مشتری چک می کنیم که حتما از شعبه دریافت کرده باشد و اشتباها رمز خدمات دیگر را وارد نکند همچنین رمز ورود را با رمز خدمات غیر حضوری ( پین 2 ) جابجا وارد نکند در صورتی که همه موارد درست بود , تیکت مربوطه را برای تلفنبانک تهیه و ارسال می کنیم ."
"آدرس سایت باشگاه مشتریان بانک تجارت چیست؟","آدرس اینترنتی باشگاه مشتریان بانک تجارت club.tejaratbank.ir می باشد ."
"چگونه می توانم عضو باشگاه مشتریان بانک تجارت شوم؟","مراحل ثبت نام در باشگاه مشتریان طی 4 مرحله انجام میشود. مرحله اول: وارد نمودن کد ملی مرحله دوم: ثبت شماره تلفن همراه و وارد نمودن کد فعال سازی مرحله سوم: تعیین رمز ورود مرحله چهارم: احراز هویت حساب بانکی مشتری"
"چگونه می توانم وارد حساب کاربری خود در باشگاه مشتریان بانک تجارت شوم؟","عضو محترم باشگاه مشتریان بانک تجارت شما می توانید بر روی گزینه ورود/ عضویت در صفحه اصلی سایت کلیک و با وارد کردن کد ملی و رمز عبور وارد حساب کاربری خود شده و از امتیازات، خدمات باشگاه و ... مطلع گردید."
"رمز عبور خود را برای ورود به حساب کاربری باشگاه مشتریان فراموش نموده ام ، چگونه می توانم رمز جدید دریافت کنم؟","چنانچه رمز عبور خود را برای ورود به حساب کاربری باشگاه فراموش کرده اید برروی گزینه ورود/ عضویت کلیک و گزینه فراموشی رمز عبور را انتخاب نمائید. بازیابی رمزعبور از طریق پیامک : در این قسمت با وارد کردن کد ملی و شماره تماس، کد تائید دریافت می کنید و با وارد کردن کد تائید امکان تعریف رمز عبور با ویژگی های خاص برای شما میسر می گردد."
"آیا برای ورود به هر یک حساب ها جهت عضویت در باشگاه مشتریان ، نیاز به اخذ رمز مجزا می باشد؟","خیر! در قسمت حساب کاربری من حساب بانکی می توانید هر تعداد حساب های قابل عضویت خود را به باشگاه مشتریان اضافه نمایید."
"چگونه می توانم پروفایل کاربری ام را تغییر دهم؟","شما در قسمت حساب کاربری من امکان ثبت و ویرایش اطلاعات شخصی و پروفایل خود را در زمینه های زیر دارید : اطلاعات شخصی: در این قسمت امکان درج اطلاعات شخصی و پایه ای عضو می باشد مثل جنسیت، تاریخ تولد، وضعیت تاهل، تاریخ ازدواج و ... حساب بانکی: در این قسمت می توانید حساب های بانکی عضو در باشگاه مشتریان را مشاهده و یا دیگر حساب های مورد تائید خود را به پروفایلتان اضافه کنید. تماس: در این قسمت اطلاعات ارتباطی مثل: شماره تلفن همراه، پست الکترونیک و آدرس و اطلاعات محل سکونت را ثبت و یا اصلاح نمائید. تخصص: در این قسمت میزان تحصیلات و اطلاعات شغلی خود را ثبت و یا اصلاح نمایید. علایق: در این قسمت می توانید فعالیت های مورد علاقه خود را در زمینه های مختلف ورزشی، فرهنگی و هنری، اقتصادی و ... انتخاب نمایید. رمز عبور: در این بخش می توانید رمز عبور جدید برای خود انتخاب نمائید."
"در صورت مسدودی حساب کاربری چه اقدامی انجام شود؟","زمانی که کاربر چندین بار رمز عبور خود را به اشتباه وارد کند حساب کاربری به مدت 15 دقیقه مسدود می شود و می بایستی پس از زمان مذکور مجددا اقدام به بازیابی رمز جدید و یا درج رمز فعلی نماید. اگر برای بار دوم نیز حساب کاربری مسدود شود، زمان رفع مسدودی به صورت تصاعدی افزایش یافته و 30 دقیقه می شو"
" آیا امتیاز تراکنش هایی که قبل از عضویت در باشگاه انجام داده ام،جزء امتیازات من لحاظ می شود؟","خیر، امتیازات از تاریخ عضویت به بعد در باشگاه برای شما محاسبه می گردد."
"محاسبه و صرف امتیازات برای کدام دسته از مشتریان انجام می گیرد؟","محاسبه و صرف امتیازات فقط برای مشتریان حقیقی و دارندگان حسابهای انفرادی انجام می گیرد."
"آیا امتیاز تراکنش های انجام شده همان لحظه در سایت نمایش داده می شود؟","امتیازات بعد از 72 ساعت و با استعلام موفقیت تراکنش از بانک در حساب کاربری باشگاه لحاظ می شود."
"چگونه می توانم در زیر گروه عضو شوم؟","این فرایند توسط کاربر انجام نمی گیرد، بلکه با رایزنی مدیران مؤسسات، سازمان و یا نهادها با باشگاه مشتریان و معرفی لیستی از پرسنل امکان پذیر می باشد."
"تفاوت امتیازات باشگاهی و امتیازات جشنواره در چیست؟","امتیازات جشنواره ها در دوران فعالیت جشنواره محاسبه شده و محدود به همان جشنواره است. این امتیازات پس از قرعه کشی و اهدای جوایز از بین خواهد رفت ولی امتیازات باشگاه در حساب کاربری باقی مانده و باعث تغییرات نشان امتیازی خواهد شد."
"چگونه میتوانم امتیازات حاصل از تراکنش های خود را دریافت کنم؟","پس از هربار انجام تراکنش های بانکی تا پایان ماه فرصت دارید با مراجعه به بخش دریافت امتیازات این ماه مقدار امتیاز خود را دریافت کنید."
"چگونه می توانم در زیر گروه عضو شوم؟","این فرایند توسط کاربر انجام نمی گیرد، بلکه با رایزنی مدیران مؤسسات، سازمان و یا نهادها با باشگاه مشتریان و معرفی لیستی از پرسنل امکان پذیر می باشد."
"چگونه میتوانم کوپن های دریافت شده از تخفیف ها را مشاهده کنم؟","پس از ورود به حساب کاربری خود، از منوی سمت راست روی گزینه کوپن و امتیازات من کلیک نموده و وارد قسمت کوپن ها شوید. در این قسمت می توانید اطلاعات تمامی کوپن های دریافتی از لیست تخفیفات را مشاهده نمائید."
"با چه شماره واتس آپ می توانم با باشگاه مشتریان بانک تجارت ارتباط برقرار نمایم؟","شماره اختصاصی واتس اپ : 09397784697 می باشد ."
"آدرس اینستاگرام باشگاه مشتریان بانک تجارت چیست؟","از آدرس مقابل : tejarat_Club"
"تخفیفات و پاداش های باشگاه مشتریان بانک تجارت شامل چند گروه می باشد؟","آنلاین - استانی - سازمانی - بسته های پاداش - سبد جایزه"
"جشنواره‌های باشگاه مشتریان بانک تجارت را چگونه مشاهده نماییم؟","از سایت باشگاه مشتریان بانک تجارت به آدرس اینرنتی club.tejaratbank.ir و منوی جشنواره ها قابل مشاهده می باشد ."
"نحوه فعال سازی رمز پویا از طرق مختلف چگونه است؟","فعال سازی به روش ذیل صورت میگیرد :1) با داشتن رمز دوم ثابت اینترنتی و شماره گیری کد دستوری و انتخاب گزینه ثبت نام 2)همراه بانک تجارت: از گزینه خدمات , خدمات رمز پویا , رمز پویای کارت , فعالسازی رمز پویا , تایید شماره موبایل و نمایش شماره سریال و سپس کپی شماره سریال و پس از آن ورود به همراز و انتخاب درگاه کارت و جاگذاری شماره سریال در همراز و ثبت شماره 16 رقمی کارت در قسمت مربوطه و ثبت عنوان دلخواه و در نهایت مشاهده کلید فعالسازی و در نهایت زدن گزینه ثبت و تأیید 3)خودپرداز:انتخاب گزینه ی فعال سازی رمز پویا (همراز )،دریافت رسید تراکنش ،ارسال شماره سریال ثبت شده در رسید به سرشماره 20007300"
"همراز چگونه نرم افزاری می باشد؟","اپلیکیشن تولید رمزهای یکبار مصــرف یا پویا (OTP)برای استفاده در رمز دوم کارت، رمز درگاه‌های بانکداری اینترنتی و همراه بانک تجارت همراز نام دارد ."
"برنامه همراز را ازچه سایتی دانلود کنم؟","مراجعه به سایت اصلی بانک تجارت به نشانی اینترنتی tejaratbank.ir"
"چگونه رمز پویای کارت را در همراز فعال نماییم؟","در صورتی که رمز پویا را از خودپرداز فعال کرده اید می بایست شماره سریال و کلید فعالسازی را در همراز مستقیما وارد نمایید و در صورتی که می خواهید از همراه بانک فعالسازی انجام دهید , گزینه خدمات /خدمات رمز پویا /پویای کارتی /تایید شماره موبایل /نمایش شماره سریال /کپی شماره سریال / انتخاب درگاه کارت /ورود عنوان دلخواه /ورود شماره 16 رقمی کارت /ورود شماره سریال و پس از نمایش کلید فعالسازی /گزینه ثبت و تأیید"
"تلفن همراه خود را تعویض کردم ایا نیاز به راه اندازی مجدد همراز می باشد؟","بله برای راه اندازی مجدد باید ابتدا غیرفعالسازی آن و سپس فعالسازی انجام شود و اطلاعات مجدد در سامانه ثبت گردد."
"در صورت دریافت پیغام رمز صحیح نمی باشد در زمان دریافت رمز از همراز باید چه اقدامی نماییم؟","باید ساعت گوشی مشتری کنترل و در حالت خودکار بصورت 24 ساعته تنظیم شود و اگر ساعت درست بود مجددا این پیام مشاهده شد مشتری یکبار رمز را غیرفعال و مجددا فعالسازی کند .."
"رمز پویا را از همراز گرفتم ولی در درگاه همراه بانک پیغام رمز وارد شده بیش ازحد مجاز اشتباه است را دریافت میکنم؟","ازطریق همراه بانک بتدا درگاه کارت مورد نظر را پاک کرده و سپس نسبت به فعالسازی پویا از طریق همراه بانک و یا خودپرداز مجددا اقدام کنید. صادقی پری"
"فعالسازی رمز پویا انجام میدهم و پیغام [ توکن شما رو دستگاه دیگری نصب شده است] دریافت می نمایم علت چیست؟","ابتدا نسبت به غیرفعال سازی رمز پویا و مجدد فعال سازی پویا اقدام می کنیم"
"از نسخه تحت وب استفاده می کنم همرازم از کار افتاده در زمان تراکنش خطا می دهد؟","با توجه به عدم همخوانی همراز در گوشی های IOS و عدم استفاده از آن برای این دسته از گوشی ها در زمان انجام تراکنش ها رمز پویا راذ بصورت پیامکی ( از طریق سامانه هریم ) درخواست دهید ."
"چرا همراز ios همراز اندروید بر روی گوشی های روت شده و جلبریک شده اجرا نمی شود؟","به دلیل الزمات اداره امنیت اطلاعات بانک تجارت"
"در برنامه همراز هم کد فعالسازی و شماره سریال را وارد نمودم و همه اطلاعات تکمیل است اما موقع عملیات اعلام می کند اطلاعات در گاه خود را وارد نمایید؟","شما از کارت و یا حسابی استفاده می کنید که پویای آن فعال نمی باشد و برای فعال شدن پویای آن می بایست اقدام نمایید ."
"آیا مشتریان حقوقی میتوانند از همراز استفاده نمایند؟","خیر"
"آیا مشتریان خارج از کشور می توانند رمز پویا را فعال نمایند؟","بله - از طریق همراز و بصورت آفلاین امکان پذیر می باشد . در صورتیکه IP سیستم ها از طریق کشورهای خارجی بسته نشده باشد .(صادقی پری )"
"مدت اعتبار رمز یکبار مصرف اخذ شده از طریق همراز چند دقیقه می باشد ؟","2 دقیقه"
"نحوه رمز پویا کارت از همراه بانک چگونه است؟","از گزینه خدمات , خدمات رمز پویا , رمز پویای کارت , فعالسازی رمز پویا , تایید شماره موبایل و نمایش شماره سریال و سپس کپی شماره سریال و پس از آن ورود به همراز و انتخاب درگاه کارت و جاگذاری شماره سریال در همراز و ثبت شماره 16 رقمی کارت در قسمت مربوطه و ثبت عنوان دلخواه و در نهایت مشاهده کلید فعالسازی و در نهایت زدن گزینه ثبت و تأیید"
"در صورتی که مشتری تمایلی به نصب همراز نداشته باشد اما همراه بانک را برای فعالسازی پویا کارت انتخاب نماید چطور پویا کارت فعال می شود؟","از گزینه خدمات , خدمات رمز پویا , رمز پویای کارت , فعالسازی رمز پویا , تایید شماره موبایل و نمایش شماره سریال/ پس از نمایش شماره سریال پویا کارت مشتری فعال می شود در این حالت مشتری در هنگام دریافت رمز پویا از همراه بانک باید گزینه هریم را استفاده نماید"
"رمز پویای خود را از طریق همراه بانک تجارت فعال میکنم اما کد تایید را دریافت نمیکنم؟","اگر پیامک اعتبارسنجی برای فعالسازی پویا را دریافت نمی کنید ممکن است در موارد ( خیلی کم ) سرشمارهTejaratbank در گوشی مشتری بلاک شده باشد ، لذا برای رفع مسدودی از لیسا سیاه گوشی خود اقدامنماید . یا زمان فعالسازی همراه بانک در شعبه شماره تلفن همراه مشتری در سامانه ORM اشتباه ثبت شده است . راهنمایی : میتوان از پنل همراه بانک شماره مشتری را بررسی نمود ."
"در صورت عدم مشاهده کامل رمز چه اقدامی انجام می کردد؟","با توجه به اینکه رمز 8 رقم می باشد باید فونت گوشی چک شود"
"رمز پویای حساب چیست و چه کارکردی دارد؟","در صورتی که مشتری بخواهد صرفا از شماره حساب خود برای انجام عملیات در همراه بانک استفاده نماید باید رمز پویای حسابی خود را فعال نماید .این رمز در هنگام عملیلات انتقال وجه حساب به حساب /پایا /ساتنا و خرید شارژ و بسته از شماره حساب کاربرد دارد. صادقی پری"
"چگونه رمز پویای حسابی را در همراز فعال نماییم؟","در صورتی که به شعبه مراجعه نمودید و شماره سریال دریافت کرده ید و کلید فعالسازی نیز برای شما پیامک شده است با ورود به همراز و انتخاب درگاه همراه بانک و ورود عنوان دلخواه , کد ملی , شماره سریال و کلید فعالسازی و سپس ثبت و تأیید نسبت به فعالسازی پویای حسابی اقدام نمایید . صادقی پری"
"اگر مشتری قبلا برای یکی از حساب های خود پویا حساب فعال کرده باشد و مجددا حساب جدیدی به همراه بانک خود اضافه کند آیا باید مجددا پویای حساب جدید را فعال کند؟","در صورتی که مشتری ثبت نام همراه بانک حساب جدید را از my.tejaratbank.ir انجام داده باشد خیر اما اگر به شعبه مراجعه کرده باشد و همراه بانک آنجا ثبت نام شده باشد و چون با ثبت نام همراه بانک به صورت خودکار رمز پویا حساب نیز صادر می شود لذا بدلیل صدور شماره سریال و کلید فعالسازی جدید می بایست فرآیند فعالسازی را از همراه بانک انجام دهد ."
"چگونه رمز پویای حسابی را از طریق مراجعه به شعبه در همراز فعال نماییم؟","مراجعه به شعبه , دریافت شماره سریال و دریافت کلید فعالسازی از طریق پیامک و سپس ورود به همراز و انتخاب درگاه همراه بانک , ثبت عنوان دلخواه , ثبت کد ملی , ثبت شماره سریال و ثبت کلید فعالسازی و سپس تایید و ثبت صادقی پری"
"چرا با وجود ورود شماره سریال و کلید فعالسازی که شعبه صادر کرده است در همراز وارد می کنم اما باز هم اعلام می کند اطلاعات وارد شده غلط است؟","ابتدا باید به مشتری راهنمایی کنیم که حتما پاکت دریافتی از شعبه را بررسی نماید که آیا رمز توکنی بانکداری اینترنتی برای مشتری انجام داده است یا پویا حساب ( همراه بانک ) صادر کرده است /سپس به مشتری یادآوری کنیم درگاه مربوطه در همراز را حتما همراه بانک قرار دهند و در نهایت کلید فعالسازی را به صورت دستی وارد نکند , کلید فعالسازی را حتما کپی و سپس PASTE نماید ."
"برای فعالسازی رمز پویای حسابی همراه بانک در گوشیهای آیفون در صورتیکه همراز نداشته باشد چه اقدامی باید انجام گیرد؟","در صورتی که قبلاً از همراز رمز پویای خود را دریافت می نمودند در حال حاضر بصورت خودکار رمز پویا از سامانه هریم برای مشتری پیامک می شود و در صورت عدم فعال سازی قبلی از منوی خدمات / خدمات رمز پویا/ فعالسازی رمز پویا /تأیید شماره موبایل و نمایش شماره سریال ، رمز پویای حسابی بصورت پیامکی فعال می شود . صادثی پری"
"آیا گوشی های اندروید هم می توانند بدون همراز پویای حسابی خود را فعال کنند؟","بله خدمات رمز پویا/ فعالسازی رمز پویا حساب /تأیید شماره موبایل و نمایش شماره سریال ، رمز پویای حسابی بصورت پیامکی فعال می شود . در این حالت مشتری فقط باید جهت دریافت رمز پویا حساب از گزینه هریم استفاده نماید . صاقی پری"
"رمز پویای خود را فعال کردم اما زمان انتقال وجه پایا از طریق همراه بانک پیغام اطلاعات درگاه خود را اضافه کنید مشاهده می گردد؟","شما رمز پویای حسابی ندارید لذا از منوی خدمات همراه بانک نسبت به فعالسازی رمز پویای حسابی اقدام فرمایید. صادقی پری"
"نحوه فعالسازی رمز پویا از خودپرداز چگونه است؟",":انتخاب گزینه سایر خدمات و سپس گزینه فعال سازی رمز پویا (همراز )،دریافت رسید تراکنش ،ارسال شماره سریال ثبت شده در رسید به سرشماره 20007300"
"     رمز پویای خودرا از طریق خودپرداز فعال کردم اما پیامک پویا دریافت نمیکنم؟","مشتری گرامی پس از فعالسازی از طریق دستگاه خودپرداز باید شماره سریال ده رقمی روی رسید را به سرشماره 20007300 پیامک کنیدو دقت نمایید شماره سریال به شماره موبایلی ارسال شود که بر روی رسید ثبت شده است و این شماره موبایل حتما می بایست در سامانه های مربوطه داخل شعب ثبت شود . صادقی پری"
"مشتری جهت فعالسازی رمز پویا شماره سریال دریافتی از خودپرداز را به سرشماره مربوطه ارسال ولی رمز پویا فعال نشده است؟","اولا باید شماره سریال ده رقمی باشد , ثانیا نباید به جای شماره سریال , کلید فعالسازی ارسال شود ثالثا شماره سریال را به شماره موبایلی که در رسید ثبت شده است ارسال نمایید و در صورت مغایرت شماره موبایل مشتری با شماره موبایل ثبت شده بر روی رسید حتما می بایست به یکی از شعب جهت اصلاح شماره موبایل خود اقدام نمایید . صادقی پری"
"نحوه فعالسازی رمز پویای کارت از طریق کد دستوری چگونه است؟","با داشتن رمز دوم ثابت اینترنتی و شماره گیری کد دستوری #88*788* و انتخاب گزینه ثبت نام"
"در صورتی که مشتری از کد دستوری فعالسازی انجام داده باشد و گزینه فعالسازی به جای ثبت نام را انتخاب کند چه مشکلی پیش می آید؟","مشتری در این حالت می بایست حتما برای دریافت رمز پویا هر بار وارد سامانه شود و رمز پویا دریافت کند لذا پویا به صورت پیامکی برای ایشان ارسال نمی شود ."
"شرط فعالسازی رمز پویا کارت با کد دستوری چیست؟","داشتن رمز دوم ثابت که به صورت امنیتی از خودپرداز بانک تجارت تعریف می شود ."
"از طریق کد دستوری برای فعالسازی رمز پویا اقدام کردم اعلام کرد رمز ورود اشتباه است و پس از تایید گزینه فراموشی رمز با پیغام (با انجام این کار تمام کارت ها غیرفعال میگردد) مواجه میشوم؟","از گزینه فراموشی رمز اقدام به تعیین رمز جدید نمایید ، و پیغامی که می دهد مبتنی بر آنست که در صورتیکه از کد دستوری , پویا کارت را فعال کرده اید , اطلاعات مربوط به پویا کارت حذف می شود و این ارتباطی به کارت های شما ندارد ."
"از طریق کد ستاره دار پویا را فعالسازی کردم اما کدی برایم ارسال نگردیده است؟","مشتری می بایست گزینه ثبت نام را در سامانه USSD انتخاب می کردید با انتخاب گزینه فعالسازی باید هر بار به سامانه مراجعه و رمز پویا دریافت نمایید ."
"مشتری جهت فعال سازی رمز پویای کارت به شعبه مراجعه نموده ولی پویای کارت فعال نشده است؟","شعبه پویا کارت را فعال نمی کند اگر احیانا شماره سریال صادر شده است و کلید فعال سازی برای شما پیامک شده است مربوط به پویا حساب است لذا رمزپویای کارت را باید از خودپرداز تجارت یا همراه بانک فعال نمایید . صادقی پری"
"مشتری شماره موبایل خود را تغییر داده ولی رمز پویا به شماره کارت قبلی ارسال می شود؟","باید به شعبه مراجعه نمایید تا در در برنامه سکان شماره موبایل شما تغییر کند ."
"ایا می توان برای تغییر شماره موبایل جهت ارسال رمز پویا غیر حضوری اقدام کرد؟","خیر برای این موضع حتما باید به یکی از شعب بانک تجارت مراجعه نمایید ."
"فرق بین رمزپویای کارت و حساب چیست؟","رمز پویای کارت جهت انجام عملیات با شماره کارت است در حالی که رمزپویای حساب جهت انجام عملیات با شماره حساب است ."
"از همراز رمز گرفته ام ولي زمانيکه در همراه بانک يا اينترنت بانکPaste ميکنم خطاي رمز اشتباه است مي دهد؟","قالب ساعت چک شود که هماهنگ با ساعت رسمي باشد و به جاي past دستي وارد کند یک بار رمز همراه بانک را غیر فعالسازی و یک بار فعالسازی کنید ."
"آیا زمانی که کارت منقضی می شود و با کارت تعویض می شود , پویا کارت نیز غیر فعال می شود؟","خیر با تعویض کارت یا منقضی شدن کارت , برای پویا کارت اتفاق خاصی نمی افتد و فعال است"
"افتتاح حساب در زمرد چگونه می باشد؟","از سایت بانک تجارت ( تأکید می گردد برنامه از سایت اصلی بانک دانلود شود ) نسبت به دانلود اپلیکشن زمرد اقدام و پس از نصب با احراز هویت اولیه وارد صفحه اصلی زمرد می شود"
"پس از احراز هویت ازطریق زمرد به چه صورت باید افتتاح حساب نمود؟","باید به صفحه اصلی مراجعه و داخل شعبه مجازی زمرد شده و از قسمت پیشخوان بخش افتتاح حساب را انتخاب نماید"
"حساب قرض الحسنه در زمردافتتاح نموده ام آیا امکان ویرایش دارد؟","امکان ویرایش حساب به هیچ وجه وجود ندارد در صورت افتتاح حساب دیگر نمی توان حساب را به نوع دیگر تبدیل کرد . (صادقی پری )"
"آیا امکان افتتاح حساب جاری در زمرد وجود دارد؟","خیر .فقط حساب کوتاه مدت و حساب قرض الحسنه پس انداز"
"در صورتی که مشتری حساب قرض الحسنه یا کوتاه مدت داشته باشد آیا از زمرد مجددا می توان افتتاح نمود؟","خیر -امکان افتتاح حساب ماراد در کل بانک وجود ندارد از هر نوعی حسابی مشتری قانونا باید فقط یه شماره حساب داشته باشد"
"کارت بانکی افتتاح حساب زمرد تا چند روز به مشتری تحویل می گردد .؟","حداکثر ظرف 14روز کاری از طریق پست به درب نشانی ثبت شده در برنامه ارسال می گردد ."
"مشتری در زمرد افتتاح حساب نموده کارت به دستش نرسیده است؟","در صورتی که تا 14 روز کاری به دست مشتری نرسد و مشتری تماس بگیرد باید تیکت ثبت گردد."
"کارمز د صدور کارت زمرد در هنگام افتتاح حساب چقدر است؟","سه هزار تومان"
"در صورتی که مشتری زودتر از موعد به شعبه مراجعه کند هزینه صدور کارت برای ایشان چقدر است؟","پانزده هزار تومان"
"مشتری زمرد درخواست کارت زودتر از موعد دارد . امکانپذیر می باشد؟","مراجعه به نزدیکترین شعبه جهت صدور کارت مجدد باپرداخت مبلغ کارمزد صدور کارت ( در حال حاضر امکان صدور کارت زمرد برای همه شعب امکان پذیر است )"
"در صورتی که کارت ارسالی برای مشتری متعلق به ایشان نباشد و اشتباها صادر شده باشد، راه حل چیست؟","باید به شرکت ایران کیش تیکت زده شود تا در اسرع وقت کارت با مشخصات صحیح برای مشتری ارسال شود ."
"فعالسازی کارت در زمرد ازکدام قسمت انجام میگردد؟","بعد از دریافت کارت توسط مشتری برای فعالسازی حتما باید به شعبه مراجعه کند."
"پس از افتتاح حساب و دریافت کارت زمرد شعبه چه مدارکی از مشتری جهت رمز کارت میگیرد؟","فقط با کارت ملی"
"مشتری در زمرد افتتاح حساب انجام داده و کارت دریافت کرده است ولی امضای مشتری ثبت نشده است چه اقدامی باید انجام دهد؟","می بایست به یکی از شعب بانک تجارت مراجعه نمود .بخشنامه 2104 مورخ 1401/11/11"
"در صورت ارسال کارت به خانه مشتری اگر منزل نبود چکار باید کرد؟","مشتری به اداره پست منطقه مراجعه کند"
"در صورتی که هنگام افتتاح حساب زمرد تیک کارت ثبت نشده باشد باید مشتری چه اقدامی انجام دهد؟","در این حالت مشتری کارت نخواهد داشت و اگر نیاز به کارت دارد باید به یکی از شعب مراجعه نماید تا صدور اولیه کارت انجام شود ."
"مشتری از طریق زمرد افتتاح حساب نموده و دارای شماره کارت و شماره حساب می باشد ولی فاقد cvv2 می باشد . چه اقدامی نماید؟","تا زمان دریافت فیزیک کارت امکان پذیر نمی باشد"
"مشتری در هنگام افتتاح حساب زمرد خود اطلاعات را به درستی ثبت نموده است اما تاریخ تولد برای ایشان اشتباه نمایش داده می شود چه اقدامی انجام دهد؟","اگر در قسمتی است که خودش تاریخ تولد را وارد می کند اشتباه کاربری مشتری است ولی در صورتی که سیستم به مشتری اشتباه اعلام می کند باید تیکت تهیه شود ."
"مشتری در زمرد نمی تواند عملیات بانکی انجام دهد و پیغام از محل دیگری وارد شدید مشاهده می گردد. علت چیست؟","این سوال کلی است و باید دقیقا مشخص شود در چه مرحله ای پیغام خطا می گیرد و لذا نسبت به زدن تیکت اقدام شود"
"زمان افتتاح حساب در مرحله احراز هویت از برنامه خارج و ادامه عملیات میسر نمی باشد؟علت چیست؟","این مشکل هم اکنون برطرف شده است در صورتی که مشتری این مشکل را دارد حتما باید تیکت زده شود"
"زمان ثبت شماره از طرق زمرد پیغام عملیات با موفقیت انجام شده است ولی ادامه عملیات در صفحه بعدی میسر نمی باشد؟مشکل چیست؟","ممکن است مشتری اپلیکشن زمرد را غیر از سایت بانک تجارت دانلود کرده و یا خطای سیستمی است که در بازه زمانی دیگری امتحان کند"
"افتتاح حساب غیرحضوری و احراز هویت انجام و مبلغ اولیه را پرداخت کردم ولی پیغام با موفقیت انجام نشده است مشاهده می گردد . علت چیست؟","خطای سیستمی است و وجه کسر شده تا 72 ساعت به حساب عودت میگردد."
"زمان افتتاح حساب مشتری در زمرد پیغام تسهیلات مشاهده می گردد؟علت چیست؟","چون بدهی معوق دارد امکان افتتاح حساب وجود ندارد"
"در زمرد ثبت ایمیل میسر نمی باشد علت چیست؟","ایمیل باید به درستی وارد شود و بنام صاحب حساب باشد"
"برای بستن حساب زمرد که تازه افتتاح کردم چکار کنم؟","باید به یکی از شعبات بانک تجارت مراجعه کند"
"حساب زمرد را چگونه میتوان وکالتی کرد؟","از سایت بانک تجارت به نشانی اینترنتی tejaratbank.ir"
"ایا وکالتی کردن حساب ازبرنامه زمرد امکان پذیر است؟","خیر"
"برای وکالتی کردن حساب زمرد وارد سایت بانک شدم ولی خطای مغایرت شماره تماس چرا میدهد؟","به شعبه مراجعه کند و اعلام کند که شماره تماس را در سامانه های بانک تغییر دهند"
"با اپلیکیشن زمرد حساب قرض الحسنه افتتاح نموده ام و حسابم رو وکالتی کردم ایا میتوانم در قرعه کشی شرکت کنم؟","حساب وکالتی شده در قرعه کشی شرکت داده می شود"
"چگونه می توانم برای سهام عدالت از طریق زمرد ثبت نام کنم؟","وارد سامانه زمرد از قسمت پیشخوان ، سهام عدالت را انتخاب می نماییم ( درحال حاضر امکان ثبت نام وجود ندارد )"
"ایا فعال سازی همراه بانک را می توان از زمرد گزینه همراه بانک انجام داد؟","آیکون همراه بانک وجود دارد ولی هنوز فعالسازی صورت نگرفته است"
"چگونه می توانم سرویس پیامک لحظه ای را فعال نمایم؟","یک ) از طریق برنامه همراه بانک ابتدا می بایست پویای حساب فعال شود و سپس از منوی حسابها->جزییات-> فعالسازی پبامک و در اینترنت بانک منوی تنظیمات - > فعال سازی پیامک یا مراجعه به شعبه بانک تجارت فعالسازی پیامک لحظه ای انجام مشود. ."
"چگونه دریافت پیامک های بانک تجارت را تمدید نمایم؟","از طریق پیامک ارسالی از سوی بانک / در صورتی که مشتری متوجه پیامک نشود , می تواند با پرداخت کارمزد از طریق همراه بانک /بانکداری اینترنتی و یا مراجعه به شعبه نسبت به تمدید سرویس پیامکی خود اقدام کند .صادقی پری"
"هزینه فعالسازی پیامک بانک تجارت سالیانه چند ریال است؟","در حال حاضر کارمزد فعال سازی پیامک سالیانه 20 هزار تومان می باشد ."
"هزینه فعال سازی ارسال پیامک برای خارج از ایران چند ریال می باشد؟","هزینه پیامک ارسالی برای خارج از ایران (در صورت ROOMING) خط مشتری بر اساس تعرفه اپراتور مشتری ( همراه اول - ایرانسل و...)می باشد ."
"قبلاٌ پیامک های ارسالی بانک برایم فعال بوده ولی در حال حاضر غیر فعال شده است .چه اقدامی انجام دهم؟","ابتدا با شماره حساب یا کد ملی مشتری در پنل رهیاب پیامک مشتری را بررسی می کنیم ,و شماره موبایل را با مشتری چک می کنیم که شماره موبایل ثبتی در سیستم های بانک با شماره موبایل اعلام شده توسط مشتری یکسان باشد در غیر ایصورت به ایشان اعلام می کنیم به شعبه مراجعه نموده و شماره را تغییر دهد /همچنین تاریخ انقضا کارمزد پیامک باید چک شود که تاریخ انقضا نگذشته باشد .در صورتی که موارد بالا مشکلی نداشت ارسال های مشتری را چک می کنیم در صورتیکه تراکنش های ارسالی از سوی بانک سبز رنگ بود یعنی تراکنش از سوی بانک به مخابرات ارسال و مخابرات با موفقیت به دست مشتری رسانیده است در این حالت به مشتری اعلام می کنیم اگر گوشی دو سیم کارته دارد شماره موبایل ثبت شده در بانک حتما در سیم کارت اول باشد و بعد از جابجایی سیم کارت حتما گوشی را خاموش و روشن کند /اگر تراکنش زرد رنگ بود یعنی مخابرات نتوانسته پیامک را به دست مشتری برساند چون یا مشتری آنتن کافی نداشته یا گوشی در حالت پرواز یا گوشی خاموش بوده است / در صورتی که پیامک قرمز رنگ بود مشکل از خط مشتری است و باید گوشی را خاموش و روشن کند و در صورتی که تراکنش مشکی رنگ بود مشکل از اپراتور می باشد و باید با اپراتور خود تماس بگیرد .. در صورتی که پیامکی تولید نشده باشد به تاتا ارجاع می دهیم. (صادقی پری )"
"پیامک های مشتری بانک تجارت برای شخص دیگری ارسال می گردد . چه اقدامی انجام شود؟","ابتدا در پنل رهیاب با درج شماره موبایل , شماره حسابی که پیامک برای آن ارسال می شود را جستجو کرده و در صورتی که شماره حساب به نام شخص دیگری به غیر از شخص تماس گیرنده باشد می بایست با استفاده از پنل فرانگر , شعبه ای که پیامک مشتری را فعال کرده است را پیدا کرده و با شعبه موردنظر تماس حاصل نموده تا شماره موبایل اشتباه را غیر فعال و به صاحب حساب برای اعلام شماره موبایل صحیح اطلاع رسانی شود ."
"صندوق امانات ( اجاره ای ) چیست؟","صندوق امانات یکی از سرویس‌های جانبی بانک‌ها به مشتریان جهت تأمین نیازهای امنیتی آن‌ها برای محافظت از دارایی‌های باارزش آن‌هاست. به عبارت دیگر گاوصندوقی بزرگ که افراد مختلف آن را در قالب صندوق‌های کوچک و بزرگ از بانک اجاره می‌کنند."
"هدف از ایجاد صندوق امانات ( اجاره ای ) چیست؟","نگهداری از اشیاء و اسناد گرانبهای شخصی همواره یکی از دغدغه هایی است که ذهن افراد را به خود مشغول می کند. بانک تجارت به منظور آسودگی خاطر و رفاه حال مشتریان برای نگهداری اسناد ، اوراق و اشیاء گرانبهای آنان در یک محیط امن ، خدمت صندوق های اجاره ای را ارائه می دهد."
"شرایط عمومی استفاده از صندوق امانات ( اجاره ای )برای اشخاص حقیقی چیست؟","تمامی اشخاص حقیقی و حقوقی که نزد بانک تجارت حساب داشته باشند می توانند از خدمات صندوق های اجاره ای استفاده کنند اشخاص حقیقی می‌توانند با ارائه اصل شناسنامه، کارت ملی و دو قطعه عکس به شعبه مراجعه و پس از تکمیل فرم درخواست، سپردن ودیعه و پرداخت اجاره بها از خدمات صندوق اجاره‌ای استفاده کنند."
"هر کد ملی چند فقره درخواست رزو صندوق اجاره ای میتواند داشته باشد؟","محدودیتی ندارد ( طی استعلام از کارشناسان امور سازمان )"
"سن استفاده کنندگان از صندوق های اجاره ای حداقل چند سال می باشد؟","حداقل سن استفاده کنندگان از صندوق اجاره ای 18 سال می باشد."
"شرایط عمومی استفاده از صندوق امانات ( اجاره ای )برای اشخاص حقوقی چیست؟","در خصوص اشخاص حقوقی باید اساسنامه، یک نسخه از روزنامه رسمی کشور که در آن آگهی ثبت شرکت یا موسسه درج شده باشد و همچنین روزنامه رسمی مربوط به معرفی مدیر یا مدیران و آخرین تغییرات شرکت به بانک تسلیم و در ذیل فرم درخواست، شرایط استفاده از صندوق توسط مشتری قید شود."
"مشتری چه اشیایی را میتواند در صندوق امانات قرار دهد؟","مشتریان می‌توانند در صندوق خود هرگونه اشیا و اسنادی را قرار دهند؛ به شرط آنکه شامل اشیا ممنوعه نباشد یا در نتیجه فساد یا علل دیگر، آسیبی به صندوق و خزانه بانک نرساند."
"شرایط اختصاصی اجاره صندوق امانات ( اجاره ای) چیست؟","1 ) مشتری می باید نسبت به امضاء دفترچه صندوق اجاره ای ، قرارداد اجاره و اقرارنامه پس از مطالعه كامل اقدام نماید. 2 ) مستأجر تحت هيچ یک از عناوین حقوقی، حق انتقال مورد اجاره به دیگری را ندارد و تنها خود مستأجر یا وكيل وی حق بازگشایی صندوق را دارند.3 ) در خصوص مشتریان بی سواد لازم است فرد مورد اعتماد مشتری )اصلح است وكيل وی(، مفاد قرارداد و شرایط استفاده از صندوق اجاره ای را برای وی قرائت نماید. سپس اوراق مربوطه را به تایيد و امضای مشتری برساند. درصورتی كه مشتری امضاء نداشته باشد كليه اوراق مربوطه می باید در حضور رئيس یا معاون شعبه ممهور به مهراثر انگشت مشتری گردند.4)بانک به طور متعارف مسئول حفاظت از مورد اجاره و جلوگيری از دسترسی افراد غيرمجاز به آن می باشد درصورتيکه براثر اغتشاشات، آتش سوزی، سرقت و ... موجودی صندوق ربوده یا از بين برود بانک مسئوليتی در این خصوص ندارد 5)مستأجر متعهد می گردید صرفاً اشياء و اسنادی را در صندوق قرار دهد كه ممنوعه نبوده و در نتيجه فساد یا علل دیگر به صندوق و موجر خسارتی وارد نياورد. در صورت تخلف از این بند كليه خسارات وارده و مسئوليت های حاصله بر عهده مستأجر می باشد . 6)هنگام واگذاری صندوق های اجاره ای یک/ دو كليد به اجاره كننده صندوق تحویل داده می شود در مواردی كه دو كليد تحویل می گردد مشتری باید هر دو كليد را نزد خود نگهداری و مخصوصاً نبایستی یکی از آنها را درصندوق های اجاره ای بگذارد 7)مبلغ اجاره بهای صندوق های اجاره ای طبق تعرفه های اعلامی بانک برای یکسال تمام محاسبه و در ابتدای قرارداد اخذ می گردد. 8)براساس ضوابط و بخشنامه های اعلامی بانک مركزی ج.ا.ا ، علاوه بر اجاره بهاء ساليانه مبلغی نيز بعنوان ودیعه ازمشتری اخذ می گردد و مشتری حق هيچگونه اعتراضی به عمل بانک نخواهد داشت. مبلغ مذكور در صورت نداشتن هرگونه بدهی به بانک از ناحيه مشتری، در خاتمه قرارداد عيناً به وی مسترد می گردد 9) به پرسنل شاغل، بازنشسته و از كارافتاده بانک تجارت و پرسنل شركت خدمات تجارت به ميزان - 50 % ازمبلغ اجاره بهاء و ودیعه تخفيف داده می شود و برای استفاده از بيش از یک صندوق می باید اجاره بهاء ساليانه ودیعه بطور كامل به بانک پرداخت گردد"
"نحوه بازدید صندوق توسط دارنده صندوق چگونه است؟","ارائه خدمات مربوط به صندوق های اجاره ای به دارندگان صندوق و وکلای ایشان با ارائه کارت گواهی صندوق اجاره ای، احراز هویت و درج تاریخ و ساعت مراجعه در دفترچه صندوق اجاره ای امکان پذیر می باشد. 2- زمان ورود و خروج مشتری و یا وکیل وی و یا هر دو به انواع صندوق های اجاره ای ( مکانیکي و دیجیتال) می بایست توسط مسئول صندوق اجاره ای در سامانه یکپارچه صندوق های اجاره ای ثبت گردد."
"متقاضيان استفاده از صندوق های اجاره ای در صورت نداشتن حساب در بانک تجارت ملزم به افتتاح چه نوع حسابی می باشند؟","متقاضيان استفاده از صندوق های اجاره ای در صورت نداشتن حساب در بانک ملزم به افتتاح حساب برخط (سپرده های قرض الحسنه پس انداز، قرض الحسنه جاری و سرمایه گذاری كوتاه مدت) می باشند."
"هزینه اجاره سالانه صندوق امانات بانک تجارت چند ریال است؟","مبلغ اجاره بهای صندوق های اجاره ای طبق تعرفه های اعلامی بانک در حال حاضر ( هر سانتي متر مکعب حجم 144 ريال (حداقل 720,000ريال ) همچنین وديعه اجاره بهاء 8 برابر مبلغ اجاره بها،حداقل مبلغ 5,760,000 ريال ) برای یکسال تمام محاسبه و در ابتدای قرارداد اخذ می گردد. و برای مدت كمتر از یکسال اجاره بهای یکسال دریافت خواهد گردید."
"اجاره صندوق امانات به چه صورت دریافت میشود؟","به صورت سالیانه و در همان ابتدای قرارداد برای مدت یکسال اخذ می گردد."
"مبلغ ودیعه صندوق امانات چند ریال می باشد؟","حداقل مبلغ ودیعه ۸ برابر مبلغ اجاره بهاء می باشد ."
"برای استفاده از صندوق امانات بانک تجارت به همکاران از کار افتاده ، بازنشته و شاغل تخفیف ارایه می گردد؟","بله - به همکاران از کار افتاده ، بازنشته و شاغل 50% تخیف داده میشود."
"آیا پرسنل شرکت خدمات نیز جهت دریافت صندوق مشمول تخفیف می شوند؟","به پرسنل شاغل شرکت خدمات تجارت همانند پرسنل بانک، به میزان 50 % از مبلغ اجاره بهاء و ودیعه صندوق اجاره ای تخفیف داده می شود و برای استفاده بیش از یک صندوق می باید اجاره بهاء سالیانه و ودیعه بطور کامل به بانک پرداخت گردد."
"آیا صندوق امانات بانک تجارت پوشش بیمه ای دارد؟","در حال حاضر خیر"
"آیا بانک در صورت سرقت , آتش سوزی و ... از اموال صندوق مسئولیت جبران خسارت را دارد؟","خیر / بانک به طور متعارف مسئول حفاظت از مورد اجاره و جلوگیری از دسترسی افراد غیر مجاز به آن می باشد و -درصورتیکه براثر اغتشاشات، آتش سوزی، سرقت و ... موجودی صندوق ربوده یا از بین برود بانک مسئولیتی در اینخصوص ندارد. چنانچه در نتیجه حوادث به شرح فوق و یا دیگر حوادث ایجادی بانک ناچار به جابه جایی صندوق گردد، مستأجر اذن و اختیار انجام این کار را به بانک داده و ح هرگونه ادعا و اعتراض را از خود سلب و ساقط می نماید."
"در صورت عدم تمایل به تمدید اجاره صندوق امانات مشتری ظرف چند روز باید به بانک اطلاع رسانی نماید؟","چنانچه ظرف مدت ده روز قبل از انقضای مدت قرارداد حاضر، مستأجر مراتب تمایل خود مبنی بر عدم تمدیدمدت قرارداد اجاره را كتباً به بانک اعلام ننماید، با موافقت بانک، قرارداد اجاره برای یکسال دیگر تمدید شده تلقی می گردد و بانک طبق تعرفه روز وفق ضوابط و مقررات مربوطه نسبت به برداشت مبلغ مال الاجاره از موجودی حساب مستأجر اقدام می نماید."
"ملاک تمدید قرارداد اجاره صندوق امانات کدامیک از طرفین می باشد؟","تمدید قرارداد اجاره صندوق اجاره ای با موافقت بانک امکان پذیر خواهد بود.و در صورتی که بانک با تمدیدی صندوق امانات موافقت نکند , مشتری حق هیچ گونه اعتراضی ندارد ."
"در صورت عدم تسویه حساب و تخلیه صندوق اجاره ای از سوی مشتری ، بانک چه اقدامی انجام می دهد؟","چنانچه ظرف مدت یکسال از انقضای مدت قرارداد اوليه اجاره صندوق اجاره ای )صرف نظر از اینکه تمدید شده یا نشده باشد(، مستاجر جهت تخليه صندوق و تسویه حساب به بانک مراجعه ننماید و موجودی حساب های مستاجر نزد بانک تکافوی هزینه های تمدید قرارداد را ننموده و یا بانک مایل به استفاده مجدد مستاجر از صندوق اجاره ای نباشد.با اعلام و ارسال مراتب از طریق پيامک به مستاجر اعلام می گردد جهت تسویه حساب به بانک مراجعه كرده و اقدام به تخليه صندوق نماید. اگر ظرف مدت یک ماه مشتری نسبت به تسویه اقدام ننماید، بانک می تواند با تامين و اقدام به تخليه صندوق نماید. اگر ظرف مدت یک ماه مشتری نسبت به تسویه اقدام ننماید، بانک می تواند با تامين دليل قانونی نسبت به بازكردن صندوق اجاره ای و فروش اموال و برداشت مطالبات خود اقدام نماید .و مازاد آن را در حساب بستکاران موقت شعبه نگهداری کند . صادقی پری"
"در صورت فوت مستاجر، وارث یا وكيل/ وكلای انتخابی وراث، با داشتن حکم حصر وراثت (:حکم قانونی که سهم هر یک از وراث مشخص میگردد) جهت تخلیه صندوق امانات چگونه اقدام می گردد؟","در صورت فوت مستاجر، وارث یا وكيل/ وكلای انتخابی وراث، با داشتن حکم حصر وراثت (:حکم قانونی که سهم هر یک از وراث مشخص میگردد) با رعایت قوانين موضوعه با حضور نمایندگان مدیریت های امور بازرسی، حراست و حقوقی بانک، مسئول شعبه و نماینده سازمان امور مالياتی پس از تنظيم صورتجلسه محتویات صندوق را تصرف نماید. بدیهی است مطالبات بانک می باید قبل از تحویل محتویات صندوق، از سوی وراث تسویه گردد."
"برای استفاده از صندوق اجاره ای مشتری چگونه می تواند به شخص یا اشخاص دیگری وکالت دهد؟","دو نوع وکالت داخلی و رسمی: وکالت داخلی: وكالت داخلی با تعيين وكيل/ وكلا از طریق حضور همزمان و احراز هویت كامل وكيل/ وكلا و موكل در شعبه مربوطه و ثبت مشخصات وكيل/ وكلا در سيستم و دفتر صندوق های اجاره ای صورت می پذیرد. وکالت رسمی: مستاجر می تواند با تعيين حدود اختيارات و نحوه استفاده وكيل از صندوق اجاره ای، با اعطای وكالتنامه رسمی در دفاتر اسناد رسمی، شخص یا اشخاصی را برای استفاده از صندوق اجاره ای تعيين نماید."
"به غیر از اجاره کننده صندوق امانات چه کسانی اجازه استفاده از آن را دارند؟","فقط اجاره کننده صندوق یا وکیل قانونی وی می‌تواند از آن استفاده کند ."
"آیا صندوق امانات بانک قابل انتقال به غیرمی باشد؟","خیر"
"در صورت مفقودی کلیدهای صندوق امانات از سوی استفاده کننده ( مستاجر ) هزینه شکستن قفل صندوق بر عهده کیست؟","بر عهده مشتری استفاده کننده ( مستاجر ) می باشد . ضمنا در صورتی که مشتری مفقودی کلید ها را به بانک اطلاع ندهد كليه مسئوليت های ناشی از این قصور به عهده مشتری خواهد بود."
"امکان ثبت درخواست غیرحضوری برای متقاضیان صندوق اجاره ای وجود دارد؟","بله"
"ثبت درخواست صندوق اجاره ای به صورت غیر حضوری چگونه می باشد؟","ثبت درخواست غیرحضوری صندوق اجاره ای برای مشتریان حقیقی با مراجعه به سایت بانک تجارت امکان پذیر است. با مراجعه به سایت بانک تجارت و کلیک روی گزینه (درخواست غیر حضوری صندوق اجاره ای) پس از تکمیل فرم های مربوطه، انتخاب ابعاد صندوق و شعبه مورد نظر ، متقاضی باید با ارائه کد رهگیری دریافت شده از سامانه و مدارک لازم در مهلت مقرر به شعبه مربوطه مراجعه کنند. امکان پیگیری مورد ثبت شده در سایت نیز فراهم است به شرط داشتن نام کاربری و رمز ورود"
"مشتری پس از ثبت درخواست صندوق اجاره ای به صورت غیر حضوری چه کاری باید انجام دهد؟","مشتری می بایست پس از دریافت کد رهگیری به همراه مدارک شناسایی مربوطه شامل دو قطعه عکس 4*3 /اصل و کپی شناسنامه و کارت ملی به شعب منتخب طی دو روز کاری مراجعه نماید ."
"محدوده زمانی ثبت درخواست مشتری برای دریافت صندوق اجاره ای به صورت غیر حضوری در طول شبانه روز چگونه است؟","امکان ارسال و ثبت درخواست غیر حضوری (از طریق سایت بانک تجارت) صندوق های اجاره ای از سوی مشتری در محدوده زمانی از ساعت 8 الی 22 همه روزه ( حتی روزهای تعطیل ) امکان پذیر است ."
"لیست شعبی که صندوق امانات دارند چگونه پیدا نماییم؟","از سایت بانک تجارت/ گزینه صندوق های اجاره ای /لیست شعب دارای صندوق اجاره ای قابل مشاهده میباشد"
"نمایش شعب دارای صندوق اجاره ای چگونه می باشد؟","متناسب با منطقه جغرافیایی متقاضی"
"آیا در خواست غیر حضوری صندوق برای اشخاص حقوقی و اتباع امکان پذیر است؟","خیر / فقط اشخاص حقیقی امکان ثبت و پیگیری درخواست بصورت غیرحضوری را دارند"
"در صورت وصول دستورمراجع قضایی مبنی بر بازداشت اموال اشخاص آیا مشتری اجازه باز کردن صندوق امانات را دارد؟","خیر - در صورت وصول دستور از مراجعی كه قانوناً حق بازداشت اموال اشخاص را دارند، بانک از بازكردن صندوق توسط مستاجر تا رفع بازداشت و ابلاغ آن به بانک ممانعت خواهد نمود ."
"هزینه ی تخلیه و تحویل صندوق امانات چقدر است؟","تخلیه و تحویل صندوق بدون کارمزد ، هماهنگی جهت بازدید صندوق های اجاره ای به درخواست مراجع ذی صالح : بدون کارمزد میباشد"
"هزینه ی مفقودی کلیدها چقدر میباشد؟","هزینه ی مربوطه به قفل ها و کلید ها +144.000ریال"
"هزینه ی بار استفاده از صندوق (ورود) چقدر است؟","هزینه ی هر بار استفاده از صندوق(ورود) 60.000ریال میباشد"
"مشتریان در روز چند بار میتوانند برای استفاده از صندوق اجاره‌ای به بانک مراجعه کنند؟","مشتریان می‌توانند در ساعات اداری به تعداد نامحدود برای استفاده از صندوق اجاره‌ای به بانک مراجعه کنند."
"کارت عابر بانک چیست؟","نوعی ابزار پرداخت است که بانک بر اساس مقررات برای مشتریان خود صادر می کند. فی الواقع هر نوع کارت اعم از مغناطیسی یا هوشمند، شناسه های الکترونیکی، بایومتریکی و یا دیگر ابزارهای مشابه، که استفاده از آن بعد از شناسایی و تایید منجر به نقل و انتقال وجه، برداشت و یا بدهکار شدن یک حساب بانکی شده و یا به هر شکل دیگری قدرت خرید و پرداخت را در اختیار دارنده آن قرار می دهد.و شامل کارت نقدی– کارت هدیه – کارت خرید – کارت اعتباری و... می باشد."
"آیا اشخاص حقوقی می توانند تجارت کارت داشته باشند؟","صدور اولیه و مجدد کارت منوط به ارائه معرفی نامه هیئت مدیره شخص حقوقی به بانک خواهد بود .شایان ذکر است معرفی نامه مذکور می باید به تصویب هیئت مدیره شخص حقوقی رسیده باشد همچنین به ازای هر حساب صرفا امکان صدور یک کارت حقوقی میسر می باشد ."
"طلبه کارت چیست؟","طلبه کارت کارتی است با رنگ و طرح متفاوت که مخصوص طلاب حوزه علمیه صادر می شود.ویژگی اصلی طلبه کارت پرداخت های نقدی حوزه های علمیه و آیات عظام به طالاب از طریق این کارت هااست . نوع حساابی که برای طلبه کارت افتتاح می شود، قرض الحسنه است. ضمناً دارندگان طلبه کارتمی توانند با استفاده از کارت های مذکور از تمام خدماتی که از طریق تجارت کارت ارائه می شود، استفاده کنند."
"کارت یارانه غذا چست؟","نوعی تجارت کارت نقدی و به عنوان زیرمجموعه ای از کارت گروهی می باشد و عبارت است از مجموعه کارت های مغناطیسی که به یک حساب اصلی یا سرگروه( متصل وصاحب حساب سرگروه می تواند ضمن تعیین تعداد کارت درخواستی برای اعضای زیرگروه، نسبت به درج مبلغ و دوره شارژ هرکارت زیرگروهاقدام نماید. همچنین به منظور نظارت و کنترل، شماره خانوار برروی کارت های برنامه جهانی غذا درج می گردد."
"کارت دو منظوره (هیبرید) چیست؟","محصولی جدید از کارت نقدی است که علاوه بر قابلیت های تجارت کارت نقدی عادی ، قابلیت های کیف پول ( مترو و بی آر تی ) را جهت پرداخت های خرد دارا می باشد. ( شایان ذکر است برای صدور این نوع کارت , مشتری می بایست به شعبه درخواست کارت دو منظوره را بدهد وهمچنین شارژ کیف پول را می توان از پایانه های مترو و بی آر تی انجام داد . )"
"آیا می توان کارت دو منظوره را تبدیل به کارت نقدی کرد؟","بله /در صورتی که دارندگان کارت های هیبریدی متقاضی صدور مجدد کارت نقدی عادی باشند،کلیه مسؤولین مربوطه در شعب می باید قبل از صدور مجدد تجارت کارت، نسبت به تغییر وضعیت کارت از طریق انتخاب گزینه تبدیل کیف پول به نقدی در منوی کارت نقدی اقدام نمایند."
"کارت خرید چیست؟","نوعی کارت با نام و بدون قابلیت برداشت نقدی است که از قبل مبلغ آن پرداخت شده و توسط صادر کننده کارت شارژ می شود و به نام دارنده کارت صادر می شود. کارت خرید معمولاً توسط سازمان ها و ادارات به مؤسسات صادر کننده سفارش داده شده و جایگزین بن های کاغذی برای ارایه خدمات به کارمندان می باشد.لازم به ذکر است مراحل صدور کارتهای خرید همانند روال صدور کارت نقدی می باشد. ( این کارت ها قابلیت درخواست صدور انفرادی ندارد و فقط امکان صدور آن از سمت سازمان ها می باشد )"
"نحوه استفاده از کارت خرید چگونه است؟","کارت خرید را فقط می تتوان از طریق دستگا های پوز فروشگاهی و نیز خرید از درگاه های اینترنتی استفاده نمود .توجه کنیدبرای کارت های خرید رمز پویا تعریف می شود .امااز کارت های خرید نمی توان وجه نقد از خودپرداز دریافت نمود ."
"آیا می توان برای کارت خرید رمز پویا فعال کرد؟","بله"
"کارت اعتباری چیست؟","نوعی کارت با نام و چرخشی یا غیر چرخشی است و چنانچه از نامش پیداست مقدار معینی اعتبار مالی دراختیار صاحب کارت قرار می دهد. قرار دادن میزان اعتبار از طرف بانک یا مؤسسات صادر کننده با توجه به سابقه حساب دارنده کارت، میزان گردش مالی حساب در طول یک دوره زمانی خاص و میزان درآمد یا توانایی مالی دارنده کارت صورت می گیرد. دارنده کارت نیز پس از مصرف اعتبار کارت خود در پایان ماه و بر اساس صورتحساب ارسالی اقدام به تأمین سقف اعتباری خود می نماید. (این کارت همان کارت مرابحه مربوط به تسهیلات است . )"
"نحوه استفاده از کارت اعتباری چگونه است؟","کارت اعتباری را فقط می تتوان از طریق دستگا های پوز فروشگاهی و نیز خرید از درگاه های اینترنتی استفاده نمود .توجه کنیدبرای کارت های اعتباری رمز پویا تعریف می شود .از کارت های اعتباری نمی توان وجه نقد از خودپرداز دریافت نمود ."
"آیا می توان برای کارت اعتباری رمز پویا فعال کرد؟","بله"
"کارت مجازی چیست؟","مشتریانی که بنا به دلایل قانونی (مشتریان حقوقی و حقیقی و دارای حساب مشترک) امکان دریافت هرگونه کارتی از آنها سلب (شامل مشتریان حقوقی و یا دارای حساب مشترک) و تاکنون برای حساب آنها کارت صادر نگردیده ، جهت واریز وجه از طریق کارت های صادره بانک های عضو شبکه شتاب می توانند نسبت به دریافت شماره کارت مجازی اقدام نمایند، لذا شماره کارت مذکور صرفاً قابلیت واریز به حساب را دارا می باشد."
"توریست کارت چیست؟","محصول توریست کارت برای گردشگران خارجی که قصد استفاده از خدمات بانکی در زمان حضور در کشور ایران را داشته باشند ایجاد گردیده و برای گردشگرانی که توسط شرکت های طرف قرارداد با شرکت سیمرغ تجارت )تحت عنوان بازاریاب( جذب شده اند به مدت یکسال صادر می شود )در طول مدت مذکور مطابق زمان روادید فعال می گردد و در صورت تمدید روادید، با ارائه گذرنامه و ویزای معتبر، امکان فعالسازی مجدد توریست کارت وجود دارد( و به درخواست گردشگر حداکثر به معادل ریالي 10.000 دلار شارژ می شود. ا"
"قابلیت های توریست کارت چیست؟","الف : انتقال وجه کارت به کارت را دارا می باشد. ب : قابلیت شارژ مجدد را دارا بوده که از طریق انتقال وجه کارت به کارت یا ارسال درخواست شارژ از طریق بازاریاب به شرکت سیمرغ تجارت میسر است. ج : امکان دشارژ توریست کارت از طریق مراجعه حضوری و غیرحضوری به بازاریاب و شرکت سیمرغ تجارت وجود دارد. د : امکان دریافت گزارش کامل تراکنش ها با مراجعه به بازاریاب از طریق دسترسی بازاریاب به سامانه توریست کارت مهیا می باشد."
"برای دریافت توریست کارت مشتری چه کاری باید انجام دهد؟","گردشگرانی که متقاضی اخذ توریست کارت از شعب می باشند، می بایست ضمن همراه داشتن گذرنامه به یکی از شعب بانک مراجعه و نسبت به تکمیل فرم توریست کارت اقدام کنند."
"فعالسازی توریست کارت چگونه است؟","از آنجائیکه توریست کارت ها در ابتدا به صورت غیرفعال صادر می گردد لذا فعالسازی آن صرفاً از طریق پایانه های شعب و مطابق مراحل ذیل و بعد از تغییر رمز کارت انجام می گردد: مراجعه به پایانه های شعب ← انتخاب گزینه منو ← انتخاب گزینه تغییر رمز اول ← کشیدن توریست کارتدر پایانه ← وارد کردن رمز اولیه کارت 1234 ← وارد کردن رمز جدیدتوسط گردشگر← تکرار رمز جدید← تحویل کارت به گردشگر"
"صدور اولیه و صدور مجدد توریست کارتر چقدر کارمزد دارد؟","صدور اولیه توریست کارت بدون کارمزد انجام می گردد. لازم به ذکر است به هنگام صدور مجدد توریست کارت، کارمزد 200.000 ریال بصورت نقدی از گردشگر اخذ و به شماره حساب 1845144 به نام کارمزد دریافتی از صدور کارت واریز می گردد."
"کارت هدیه چیست؟","کارت هدیه، کارتی است بی نام که با مبالغ معین صادر می شود و دارنده آن می تواند به دفعات دلخواه تا سقف موجودی کارت، اقدام به خرید کالا و خدمات از پایانه های فروشگاهی یا درگاه های اینترنتی و یا دریافت وجه از خودپرداز بانک صادرکننده اقدام نماید.کارت های هدیه به صورت غیر قابل شارژ بوده و با مدت اعتبار دو سال در اختیار متقاضیان دارای حساب نزد بانک و صرفاً در قبال برداشت از حساب مشتری صادر می گردد."
"مبلغ مجاز برای درخواست کارت هدیه چقدر است؟","حداقل مبلغ هر کارت هدیه فوری مورد درخواست می باید 1،000،000 ریال و حداکثر مبلغ آن 20،000،000 ریال باشد."
"سقف صدور کارت هدیه برای هر شخص ( حقیقی/حقوقی ) چقدر است؟","سقف صدور کارت هدیه برای هر مشتری (حقیقی /حقوقی) در مجموع , روزانه مطابق با سقف پرداخت وجه نقد ریالي درحال حاضر 150،000،000 ریال می باشد."
"آیا مشتری برای صدور کارت هدیه می بایست در بانک تجارت حساب داشته باشد؟","صدور کارت هدیه صرفاً برای مشتری دارای حساب )نزد بانک( و در قبال برداشت از حساب مجاز می باشد. 6105 مورخ 1400/08/01"
"تاریخ انقضا کارت هدیه چند سال است؟","دو سال"
"آیا صدور کارت هدیه گروهی امکان پذیر است؟","بله در صورت درخواست صدور کارت هدیه به تعداد بالاتر از 100 فقره و حداکثر تا سقف 20،000،000 ریال به ازای هر کارت هدیه ضمن رعایت سقف روزانه مقرر برای پرداخت وجه نقد به ارباب رجوع با درج متن دلخواه فراهم گردیده است،"
"آیا امکان صدور مجدد کارت هدیه مفقودی وجود دارد؟","1-قبل از تاریخ انقضاء و درصورت ارایه فیزیک کارت توسط خریدار اولیه کارت پس از احراز هویت وی، نسبت به پذیرش درخواست صدور مجدد، تعویض، تولید مجدد رمز و رفع مسدودی کارت اقدام نماید. 2-قبل از تاریخ انقضاء و درصورت عدم ارایه فیزیک کارت به دلایلی نظیر مفقودی، صدور مجدد کارت هدیه )باسریال جدید و ابطال کارت هدیه قبلی( و یا دریافت مانده مصرف نشده کارت هدیه صرفاً با درخواست خریداراولیه کارت هدیه و پس از محقق شدن تمامی شرایط ذیل امکان پذیر می باشد: 1-سپری شدن حداقل دو ماه از تاریخ اعلام مفقودی؛  2-عدم انجام هرگونه تراکنش اعم از موفق یا ناموفق طی مدت یاد شده )دو ماه از تاریخ اعلام مفقودی 3-عدم ادعای مالکیت توسط شخص ثالث با عنوان دارنده کارت هدیه طی مدت مذکور. دقت کنید صدور مجدد کارت هدیه فقط توسط خریدار اولیه کارت انجام پذیر است ."
"صدور کارت هدیه برای چه افرادی ممنوع می باشد؟","اشخاصی که از ارائه اطلاعات یا اسناد مورد نیاز خودداری کنند؛ دارندگان سابقه چک برگشتي رفع سوء اثر نشده؛ اشخاصی که به حکم مراجع قضایی، حق دریافت خدمات بانکی از جمله افتتاح حساب در بانک را ندارند؛ اشخاصی که به حکم مراجع قضایی، حساب آنها در بانک مسدود شده است و یا به هر دلیل دیگری حقبرداشت از حساب را ندارند؛ اشخاص حقیقی ایرانی فاقد کد ملی، اشخاص حقوقی ایرانی فاقد شناسه ملی، اشخاص خارجی )حقیقی وحقوقی( فاقد شماره فراگیر اشخاص خارجی؛"
"آیا برای کارت هدیه می توان رمز پویای تعریف کرد؟","خیر"
"آیای برای کارت هدیه می توان رمز دوم ثابت تعریف کرد؟","بله"
"آیا می توان برای برداشت از کارت هدیه به شعب سایر بانک ها مراجعه نمود؟","خیر , فقط خودپرداز تجارت"
"آیا می توان از کارت تجارت به یکی از شماره حساب های تجارت یا سایر بانک ها انتقال داد؟","خیر /توضیح اینکه سابقا این امر امکان پذیر بود اما در حال حاضر خیر"
"تجارت کارت گروهی چیست؟","تجارت کارت گروهي: عبارت است از مجموعه کارت های مغناطیسی که به یک حساب اصلی/والد( متصل و صاحب حساب (والد) می تواند ضمن تعیین تعداد کارت درخواستی برای اعضای زیرگروه، نسبت به تعیین مبلغ ودوره شارژ هرکارت(فرزند) اقدام نماید."
"تجارت کارت گروهی برای کدام گروه ها از حساب ها امکان پذیر است؟","تجارت کارت گروهی از نوع 1-حساب های قرض الحسنه جاری گروه حساب 512 2- قرض الحسنه پس انداز گروه حساب های 22 و 511 3- (سپرده سرمایه گذاری کوتاه مدت گروه حساب های 45 و 561 ) بوده که درشعب افتتاح می گردد. توجه: زیرگروه انتخابي از گروه 22 و 45 مي بایست قابلیت صدور کارت را دارا باشند"
"شارژ کارت فرزند چگونه است؟","مبلغی است که در زمان های انتخابی، صاحب حساب( والد)، از محل حساب اصلی به کارت اعضای زیرگروه (فرزند) واریز، تا امکان استفاده از کارت جهت اعضا از طریق درگاه های حضوری /غیرحضوری مقدور گردد.امکان ایجاد تغییرات در مبالغ، تعیین دوره های شارژ ، نحوه تجمیع وجوه اعتبار و حذف شارژ از طریق سامانه جامع مدیریت کارت در کلیه شعب و یا سرویس مدیریت کارت گروهی در درگاه خدمات اینترنتی کارت امکان پذیر می باشد ."
"کارت فرزند از چه زمانی قابلیت استفاده دارد؟","کارت های فرزند در زمان صدور کارت با مانده صفر تولید گردیده و در پایان روز کاری به میزان مبلغ تعریف شده در سیاست شارژ توسط والد شارژ خواهند گردید، لذا دارنده کارت فرزند یک روز پس از صدور کارت قادر به استفاده از موجودی کارت خواهد بود."
"کارت فرزند دارای چه قابلیت هایی می باشد؟","کارت اعضاء زیر گروه دارای قابلیت های کارت نقدی است که بر اساس درخواست سرگروه صاحب اصلی حساب می تواند برداشت نقدی از (خودپرداز /پایانه های شعب)/، انتقال وجه (شتابي /داخلي)/ خرید از (پایانه های فروشگاهي /درگاه های اینترنتي)، مشاهده موجودی كارت، پرداخت قبض، خرید شارژ تلفن همراه، مشاهده 10 گردش آخر کارت را انجام دهد ."
"کارت فرزند چطور می توانند از خدمات اینترنتی کارت استفاده کنند؟","پس از مراجعه شخص دارنده کارت و یا شخص والد و درخواست رمز ورود به درگاه پرداخت اینترنتی اقدام نمایند .مشتریان دارنده کارت( زیرمجموعه) به منظور دریافت خدمات اشاره شده، می بایست به بخش مدیریت کارت گروهی در درگاه خدمات اینترنتی کارت ( PG) و انتخاب گزینه (ورود دارنده کارت گروهی) و درج شماره کارت و رمز دریافت شده از شعب بانک اقدام نماید."
"مدیریت کارت گروهی به کارت های فرزند چه خدماتی ارائه می کند؟","اعلام مانده قابل برداشت كارت تاریخچه تغییرات سیاست های شارژ مشاهده سوابق شارژ: در این بخش کاربر امکان مشاهده شارژ و دشارژهای انجام شده بر روی کارت خود را خواهد داشت. صورتحساب گزارش شارژ و تراكنش: با انتخاب این گزینه کاربر سرجمع تراکنش های شارژ، دشارژ، بستانکاری و بدهکاریکارت، در بازه تعیین شده را خواهد داشت. ارسال ایمیل: با انتخاب این گزینه کاربر می تواند صورت حساب کارت خود را از طریق پست الکترونیکیایمیل در بازه زمانی تعیین شده در قالب فایل اکسل Excel دریافت نماید."
"آیا کارت فرزند می تواند رمز پویا داشته باشد؟","بله"
"انواع حساب های متصل به تجارت کارت نقدی کدامند؟","حساب قرض الحسنه جاری , قرض الحسنه پس انداز و سپرده کوتاه مدت"
"مسدودی تجارت کارت از چه طرقی امکان پذیر است؟","درصورت مفقودی، سرقت و یا جعل کارت زیر گروه، درخواست مسدودی توسط صاحب حسااب اصلی و یادارنگان کارت زیرگروهاز طریق مرکز ارتباط با مشتریان 1554 و سامانه جامع مدیریت کارت کلیه شعب بامکان پذیر می باشد. همچنین می توان از طریق همراه بانک /تلفنبانک ( منوی کارت /گزینه 4 ) /و از درگاه پرداخت اینترنتی ( PG)"
"سایر محصولات تجارت کارت کدامند؟","سایرمحصولات کارت نقدي شامل مهررضا، شهریه طلاب، سهامداري، نانوا، نخبه، نفت، شمس ایرانیان ،پزشك ، حامي و وکیل مي باشد. شایان ذکر است کارت نابینایان که بصورت برجسته صادر می شود نیز موجود می باشد . بخشنامه 6105 مورخ 1401/09/08"
"شماره سریال یا BIN کارت های تجارت در حال حاضر چه شماره ای است؟","5858983 می باشد . توضیح اینکه قبل از سال 92 پیش شماره یا سریال کارت های تجارت 627353 بود ."
"برای دریافت کارت عابر بانک چگونه اقدام گردد؟","مراجعه حضوری مشتری به شعب بانک تجارت در صورتی که مشتری افتتاح حساب نکرده باشد همراه داشتن شناسنامه و اصل کارت کلی الزامی است ودر صورتی که فقط جهت تمدید یای صدور مجدد کارت به شعب مراجعه نماید دارا بودن کارت ملی کفایت می کند .در صورت مفقود شدن کارت ملی , رسید پستی مبنی بر درخواست المثنی کارت ملی و اصل شناسنامه الزامی است ."
"آیا برای دریافت کارت شرایط سنی خاصی لازم است؟","بله در حال حاضر صدور کارت برای زیر 7 سال غیر مجاز می باشد ."
"برای صدور مجدد آیا می توان به همه شعب مراجعه نمود؟","بله همه شعب صدور مجدد کارت را انجام می دهند ."
"در چه صورتی اتباع خارجی می توانند تجارت کارت داشته باشند؟","اتباع خارجی : مقیم الف اشخاص حقیقی خارجی که دارای گذرنامه با پروانه اقامت معتبر هستند؛ - ب اشخاص حقیقی خارجی که دارای یکی از مدارک شناسایی معتبر؛ دفترچه اقامت ویژه، دفترچه اقامت، -دفترچه پناهندگی یا مدرک آمایش می باشند)بخشنامه شماره 541:245 اتباع خارجی غیر مقیم : الف اشخاص حقیقی دارای روادید با تاریخ اعتبار صادره توسط وزارت امورخارجه و درج شده در گذرنامه؛ ب :اشخاص حقیقی خارجی دارای گذرنامه معتبر با تابعیت کشورهای لغو روادید با ایران و دارای مهر ورود -به کشور که مدت اعتبار آن از زمان ورود به کشور تاکنون منقضی نشده باشد )اطلاعیه شماره 10745 ؛)ج اشخاص حقیقی خارجی دارای روادید تمدید شده توسط نیروی انتظامی و درج شده در گذرنامه، می باشند. بخشنامه تجمیعی 6105 ص 85"
"صدو ر کارت برای چه افرادی ممنوع است؟","ماده 5 مکرر قانون صدور چک، اشخاص دارای سابقه چک برگشتی رفع سوء اثر نشده امکان دریافت هر گونه کارت بانکی را نخواهند داشت، که این امر به صورتسیستمی پیاده سازی گردیده است. مهم *** شایان ذکر است این محدودیت صرفاً بابت صدور کارت بانکی میباشد و شامل تمدید تاریخ انقضاء کارت وصدور مجدد رمز کارت نمی گردد."
"رمز اول کارت بانکی را چگونه فعال نماییم؟","پس از دریافت کارت و دریافت رمز پیش فرض از شعبه ( 4 رقم آخر کد ملی ) و مراجعه به خودپرداز و انتخاب گزینه تغییر رمز و وارد کردن یک عدد چهار رقمی (غیر تکراری ؛ غیر متوالی , عدد نباید شماره شناسنامه یا تاریخ تولد باشد ) نسبت به تغییر رمز اول کارت اقدام نمایید .("
"رمز دوم کارت بانکی را چگونه فعال نماییم؟","با مراجعه به خودپرداز بانک تجارت و انتخاب دو باز گزینه سایر خدمات و انتخاب گزینه تعیین رمز دوم اینترنتی , با وارد کردن یک عدد بین 5-12 رقم که بصورت امنیتی باشد یعنی : ( اعداد متوالی , اعداد تکراری , شماره شناسنامه , تاریخ تولد و قسمتی از کد ملی شخص نباشد ) نسبت به تعیین رمز دوم ثابت اقدام نمایید .(صادقی پری )"
"تاریخ انقضا تجارت کارت چند ساله است؟","پنج ساله"
"تاریخ انقضا تجارت کارت برای اتباع خارجی چند ساله است؟","مدت اعتبار کارت اشخاص حقیقی خارجی برابر با تاریخ انقضاء روادید اتباع خارجی ( غیر مقیم ) و یا تاریخ انقضاء مدرک شناسایی ( اتباع خارجی مقیم ) می باشد .در خصوص اشخاص حقیقی دارای تابعیتی کشورهای لغو روادید با ایران مدت اعتبار کارت نباید بیش از سه ماه از زمان ورود شخص به کشور باشد . بخشنامه تجمیعی :6105 ص 85"
"سقف مجاز برداشت افراد زیر7سال از طریق خودپرداز چه مبلغی می باشد؟","افراد زیر 7 سال اجازه داشتن صدور کارت را ندارند . آخرین بخشنامه تأکیدی شماره 1000 مورخ 1401/12/24 ( )"
"سقف مجاز برداشت افراد زیر12سال از طریق خودپرداز چه مبلغی می باشد؟","عدم امکان انجام تراکنش های غیر از خرید به مشتریان زیر ١٢ سال این بدین معنی است که افراد زیر 12 سال امکان برداشت نقدی از خودپرداز را ندارند (نامه شماره 18/01/1752424 / مورخ 1401/10/12 / اداره سامانه های متمرکز و سوئیچ کارت )"
"سقف مجاز برداشت افراد18-12 سال از طریق خودپرداز چه مبلغی می باشد؟","دقت کنید برای افراد 12 سال تمام تا 18 سال 200 هزار تومان روزانه می باشد ."
"سقف مجاز برداشت افراد18سال به بالا از طریق خودپرداز چه مبلغی می باشد؟","روزانه 200 هزار تومان"
"سقف مجاز خرید روزانه/ ماهانه افراد زیر 12 سال از بانک تجارت و در مجموع بانکی کشور چقدر است؟","روزانه حداکثر تا ١٠٠.٠٠٠.٠٠٠ ریال (تجارت ) /روزانه مجموع بانکی کشور حداکثر تا ٣٠٠.٠٠٠.٠٠٠ ریال ماهانه مجموع کل کارتهای مشتریان زیر ١٢ سال حداکثر تا ٥٠٠.٠٠٠.٠٠٠ ریال (نامه شماره 18/01/1752424 / مورخ 1401/10/12 /داره سامانه های متمرکز و سوئیچ کارت )"
"سقف مجاز خرید روزانه/ ماهانه افراد 12-18 سال از بانک تجارت و در مجموع بانکی کشور چقدر است؟","سقف خرید روزانه روی کارت مشتریان زیر ١٨ سال حداکثر تا ١٥٠.٠٠٠.٠٠٠ ریال سقف خرید روزانه مجموع کل کارتهای مشتریان زیر ١٨ سال حداکثر تا ٥٠٠.٠٠٠.٠٠٠ ریال سقف خرید ماهانه مجموع کل کارتهای مشتریان زیر ١٨ سال حداکثر تا ١٠٠.٠٠٠٠.٠٠٠ ریال (نامه شماره 18/01/1752424 / مورخ 1401/10/12 / اداره سامانه های متمرکز و سوئیچ کارت )"
"سقف مجاز خرید روزانه/ ماهانه افراد بالای 18 سال از بانک تجارت و در مجموع بانکی کشور چقدر است؟","سقف خرید روزانه یک میلیارد ریال ( 100 میلیون تومان ) روزانه سقف خرید روزانه مجموع بانکی کشور (100 میلیون تومان ) بخشنامه 6105 مورخ :1401/08/29"
"سقف مجاز غیر خرید روزانه/ ماهانه افراد بالای 18 سال از بانک تجارت و در مجموع بانکی کشور چقدر است؟","سقف روزانه تراکنش های غیر خرید روی هر کارت مشتری زیر ١٨ سال حداکثر تا ١٥٠.٠٠٠.٠٠٠ ریال سقف ماهانه تراکنش های غیر خرید روی هر کارت مشتری زیر ١٨ سال حداکثر تا ٥٠٠.٠٠٠.٠٠٠ ریال"
"حداکثر مبلغ قابل انتقال از طریق کارت بانکی روزانه چند میلیون تومان است می باشد؟","در حال حاضر انتقال وجه برای افراد 12 سال تمام تا بالای 18 سال روزانه از هر درگاهی در شبکه شتاب 10 میلیون تومان می باشد . شایان ذکر است افراد زیر 12 سال امکان انتقال وجه ندارند ضمن اینکه افراد زیر 7 سال امکان صدور کارت برای ایشان فراهم نمی باشد . ( )"
"در صورتی که در پنل فرانگر در قسمت وضعیت حساب در سیستم کارت خطای کارت خدمات الکترونیکی مسدود , مشاهده شد علت چیست؟","این بدان علت است که خدمات نوین مشتری ( تلفنبانک , همراه بانک و بانکداری اینترنتی مشتری مسدود شده است و برای رفع مسدودی مشتری می بایست به شعبه مراجعه کرده و شعبه منوی 67 گزینه 5 را برای مشتری فعالسازی کند ."
"در صورتی که در پنل فرانگر در قسمت وضعیت حساب در سیستم کارت خطای مسدود الکترونیکی , مشاهده شد علت چیست؟","مشتری می بایست به یکی از شعب بانک مراجعه نماید و منوی 55 را برای ایشان انجام شود در این موارد احتمالا مشتری از طریق خدمان نوین مانند همراه بانک , کارت خود را مسدود کرده است ."
"در صورتی که در پنل فرانگر در قسمت وضعیت حساب در سیستم کارت خطای کارت کاملا مسدود است یا غیر فعال و کاملا مسدود استمشاهده شد علت چیست؟","می باست در این مرحله به پنل سیمین رفته و در قسمت گزارش گیری گزینه تاریخچه را کلیک نموده و سپس شماره حساب مشتری را وارد نماییید , آنجا به شما نمایش می دهد که کارت مشتری از کدام مبدا مثلا مدیریت امور حقوقی و یا یکی از مدیریت های مناطق مسدود شده است لذا کانال مسدود کننده را به مشتری اعلام نمایید . دقت بفرمایید به هیچ وجه علت مسدودی را به مشتری اعلام نکنید ( )"
"علت مشاهده خطای حساب در مرکز دارای مانده نمی باشد پس از وارد نمودن حساب یا کارت مشتری در فرانگر چیست؟","نک حساب مشتری مشکل دارد و می بایست به یکی از شعب مراجعه نماید و اصلاح نک انجام شود ."
"در صورتی که شماره حساب یا کارت مشتری را در پنل فرانگر وارد کردید و هیچ حسابی نمایش داده نشد علت آن چیست؟","قطعا حساب مشتری بسته شده است ,صحت این موضوع را می توانید از طریق سامانه سیمین درقسمت اطلاعات مشتری رفته و کد ملی مشتری را وارد کنید , حساب ابطال شده را با رنگ قرمز به شما نشان می دهد ."
"در صورتی که در پنل فرانگر در قسمت وضعیت حساب وضعیت ؛؛ حساب یک ردیف مسدودی دارد , را نشان دهد , علت چیست؟","باید حساب را در قسمت گزارش مسدودی در سامانه سیمین , گزینه ردیف مسدودی را انتخاب کرده و کانال مسدود کننده را به مشتری اعلام نمایید . دقت بفرمایید به هیچ وجه علت مسدودی را به مشتری اعلام نکنید ( )"
"در صورتی که در سامانه سکان قسمت وضعیت کارت عبارت (عبور گذرواژه بیش از حد مجاز است ) نمایش داده شود علت چیست؟","مشتری رمز ورود اولیه کارت خود را غلط وارد کرده است و کارت غیر فعال شده و مشتری می بایست به یکی از شعب بانک مراجعه نموده و رمز جدید دریافت نماید ."
"زمان بررسی کارت در سامانه سکان , علت مشاهده عدد 5 در تب رمز در تب اطلاعات رمز و در قسمت رمز پویای دوم چیست؟","این بدینی معنی است که مشتری رمز پویا خود را را بیش از سه بار غلط وارد کرده است و کارت قفل شده است و برای رفع آن باید مجددا پویا را فعالسازی کند ."
"در صورتی که در زمان استفاده از کارت پیغام رمز جدید به مشتری نمایش داده شد علت چیست؟","بدین معنی است که مشتری هنوز رمز اول کارت دریافت شده از از شعبه را تغییر نداده است و باید آنرا از طریق خودپرداز تغییر دهد ."
"در صورتی که در زمان بررسی کارت در سامانه سکان پیغام کارت مفقود شده است را نمایش دید به چه معناست؟","بدینی معناست که مشتری با مرکز 1554 تماس گرفته و کارت خود را مسدود کرده است"
"در صورتی که در زمان بررسی کارت در سامانه سکان پیغام کارت مسدود شده است را نمایش دید به چه معناست؟","بدین معنی است که کارت مشتری توسط اداره کارت و خدمات نوین مسدود شده است در اینصورت کارشناس باید از اداره کارت موضوع را پیگیر شده و نتیجه را به مشتری اعلام نماید"
"کارت صادر شده ولی فعال نیست . چه اقدامی انجام شود؟","با بررسی کارت در پنل سکان وضعیت کارت در وضعیت رمز جدید می باشد لذا می بایست به مشتری راهنمایی بفرمایید نسبت به تغییر رمز خود از یکی از خودپردازهای تجارت اقدام کنند ."
"همراه بانک چگونه ابزاری می باشد؟","نرم افزاری است که خدمات بانکی از قبیل دریافت موجودی حساب، انتقال وجه و پرداخت قبوض و سایر موارد را از طریق تلفن همراه و بدون مراجعه حضوری مشتری به بانک ، در هر ساعتی از شبانه روز ارائه می نماید ."
"برنامه همراه بانک را چگونه و از چه سایتی می توان دانلود نمود؟","یک ) با استفاده از اینترنت و مراجعه به سایت اصلی بانک تجارت به نشانی اینترنتی tejaratbank.ir جهت دانلود و نصب نسخه همراه بانک دو) مراجعه حضوری مشتری به شعب سراسر کشور بانک تجارت سه ) تماس با مرکز 1554 (نکته ارسال لینک از طریق TBS )"
"آیا همه افراد می توانند از خدمات همراه بانک استفاده کنند؟","خیر /استفاده از خدمات الکترونیکی محدودیت سنی دارد لذا افراد زیر 12 سال مجاز به استفاده از خدمات الکترونیکی نمی باشند و همچنین اتباع خارجی نیز حتما می بایست با گذرنامه و پروانه اقامت معتبر , مجاز به استفاده از خدمات همراه بانک می باشند .(در خصوص امکان استفاده اتباع خارجی از سرویس های بانکداری الکترونیک بخشنامه 675 متمم 138 مورد تاکید می باشد ) این بند در بخشنامه تاکیدی 1000 مورخ 1401/12/17"
"چگونه میتوان همراه بانک را به صورت غیر حضوری و بدون مراجعه به شعبه فعال نمایم؟","1)در صفحه اول همراه بانک گزینه ثبت نام را کلیک و گزینه ثبت نام در سامانه همراه بانک را انتخاب کرده و سپس و مشخصات شخصی و شماره همراه ثبت شده را از طریق آن وارد می نماییم . 3)سپس اطلاعات کارت شامل 16 رقم و cvv2 ,و تاریخ انقضا را ثبت می نماییم . 4)رمز دوم پویا را وارد می نماییم ( مراحل اخذ رمز پویا طبق دستوالعمل رمز پویا می باشد . ) 5)تایید پیامک ارسالی از گوشی 6) انتخاب خدمات و تایید پیش فرض ها 7) انتخاب رمز ورودی ( دقت کنید رمز ورود به همراه بانک 8 عدد می باشد , بیش از 8 رقم و وارد کردن حروف غلط است ) و در نهایت با کد ملی و رمز تعیین شده وارد همراه بانک می شویم . شایان ذکر است این مسیر را می توان مستقلا از آدرسmy.tejaratbank.ir نیز انجام شود ."
"آیا امکان نحوه ثبت نام حضوری برای همراه بانک وجود دارد؟","بله /مشتریان می توانند با مراجعه به هر یک از شعب نسبت به دریافت رمز همراه بانک اقدام نمایند ."
"درصورت مشاهده خطا , هنگام ثبت نام یا فراموشی رمز از سامانه غیر حضوری چه اقدامی باید انجام داد؟","در صورت فعال بودن کارت و رمز پویا موضوع به بانکداری اینترنتی ارجاع می گردد ."
"نحوه ورود به همراه بانک چگونه است؟","با ورود به برنامه و وارد کردن کد ملی و رمز 8 رقمی که بصورت غیر حضوری تعریف شده است و یا به صورت حضوری از شعب دریافت شده است , وارد همراه بانک شوید ."
"نحوه فعال سازی اثر انگشت در همراه بانک به چه صورت است؟","پس از فعال سازی سنسور اثر انگشت در گوشی نسبت به وارد کردن نام کاربری و رمز عبوراقدام و سپس بر روی اثر انگشت کلیک کرده و بعد انگشت را بر روی حسگر اثر انگشت گذاشته و بدین صورت اثر انگشت را تعریف می کنیم"
"گوشی IOS دارم و می خواهم وارد همراه بانک شوم ولی مقدور نمی باشد؟","در حال حاضر به دلیل تحریم ها گوشی های مذکور قابلیت استفاده از برنامه همراه بانک و همراز را ندارند و می بایست از نسخه تحت وب به آدرس hb.tejaratbank.ir استفاده کنند .آدرس مستقیم می توان بصورت لینک از طریق TBS برای مشتری ارسال کرد ."
"تلفن همراه خود را تعویض کردم، برای راه اندازی مجدد همراه بانک چکار کنم؟","اگر رمز ورد به نرم افزار را به خاطر داشته باشید پس از دانلود نسخه مربوطه با همان کدملی و رمز امکان استفاده مجدد وجود دارد و نیازی به ثبت نام و فعال سازی مجدد نیست."
" وارد همراه بانک می شوم اما از برنامه خارج می شود؟","ورژن برنامه قدیمی می باشد . نسبت به دانلود نسخه جدید آن از سایت بانک تجارت اقدام نمایید ."
"علت پیغام خطای [در دسترسی سامانه همراه بانک] در صفحه ورودی همراه بانک چیست؟","علت آن یا روشن بودن فیلتر شکن است یا دسترسی به اینترنت دچار اختلال است ."
"با وجود روشن بودن و پی ان ( فیلتر شکن )خطای عدم ورود همراه بانک را مشاهده می نمایم؟","به دلیل امنیتی . فیلتر شکن باید خاموش گردد ."
"دریافت رمز برای ورود به همراه بانک چگونه است؟","همانطور که در نحوه ورود توضیح داده شد , با رمز دریافتی ( حضوری /غیر حضوری ) و کد ملی مشتریان می توانند وارد همراه بانک شوند"
"از چه طریقی می توان رمز ورود همراه بانک را تغییر داد؟","بعد از ورود به همراه بانک در منوی حساب کاربری ، تنظیمات ، تغییر رمز ورود همراه بانک، میتوان رمز دلخواه تعیین کرد ."
"در صورتیکه مشتری رمز همراه بانک خود را فراموش کند , راه حل چیست؟","می بایست یا بصورت غیر حضوری از گزینه فراموشی رمز در همراه بانک و یا از آدرس my.tejaratbank.ir نسبت به تعرف مجدد رمز خود اقدام نمایند .همچنین با مراجعه به شعب نیز می توان رمز همراه بانک را مجددا دریافت نمود"
"در چه صورتی اتباع می توانند از همراه بانک استفاده نمایند؟","در صورتی که فقط گذرنامه و پروانه اقامت معتبر داشته باشند . در خصوص امکان استفاده اتباع خارجی از سرویس های بانکداری الکترونیک بخشنامه 675 متمم 138 مورد تاکید می باشد ) این بند در بخشنامه تاکیدی 1000 مورخ 1401/12/17"
"آیا اتباع می توانند جهت دریافت رمز به صورت غیر حضوری اقدام کنند؟","خیر /فقط باید به شعب مراجعه کنند ."
"در صورتی که اتباع رمز همراه بانک خود را فراموش کرده باشند , راه حل چیست؟","مراجعه به یکی از شعب"
"علت دریافت پیغام خطای [ نام کاربری و یا رمز ورود شما به مدت یک ساعت مسدود شده است ] در همراه بانک چیست؟","رمز ورود سه مرتبه اشتباه وارد شده است."
"همراه بانک چه امکاناتی دارد؟","مشاهده موجودی کارت ها - مانده و گردش حساب تجارت - امکان ارسال صورتحساب به ایمیل - انتقال وجه کارتی - انتقال وجه حسابی - انتقال وجه بین بانکی پایا و ساتنا - امکان خرید بسته اینترنتی -کد شارژ- شارژ مستقیم موبایل - پرداخت قبوض - پرداخت اقساط - مسدود سازی حساب و کارت های مبدا تجارت- نیکوکاری -عوارض خودرو - پرداخت های سازمانی"
"منوهای اصلی همراه بانک کدامند؟","همراه بانک شامل 4 منوی اصلی می باشد که پس از ورود به صفحه اصلی قابل مشاهده می باشد و به ترتیب شامل : حساب ها - کارت ها - خدمات - حساب کاربری می باشد."
"منوی اصلی کارت ها درهمراه بانک شامل چه خدماتی می باشد؟","به ترتیب عبارتند از :موجودی - انتقال وجه - خدمات بدون کارت - پرداخت قبوض - شارژ سیم کارت - بسته اینترنت - جزییات - نیکوکاری - پرداخت سازمانی"
"منوی اصلی خدمات درهمراه بانک شامل چه خدماتی می باشد؟","به ترتیب عبارتند از: استعاام چک - مدیریت چک - مدیریت مقصد ها - شعب اطراف من - سوابق تراکنش - مدیریت اقساط - خدمات رمز پویا - مدیریت گروه ها - تبدیل ها - خانواده تجارت - چک صیادی - مدیریت قبض ها"
"منوی اصلی حسابها درهمراه بانک شامل چه خدماتی می باشد؟","به ترتیب عبارتند از : موجودی - انتقال وجه - گردش حساب - پرداخت قبوض - شارژ سیم کارت - بسته اینترنت - درخواست وجه - خدمات خودرو - پرداخت سازمانی می باشند"
"چگونه می توان شماره کارت عابر بانک تجارت را در همراه بانک اضافه کرد؟","منوی کارتها کلیک کردن علامت + در بالای صفحه همراه بانک و ثبت کردن اطلاعات کارت گزینه افزودن"
"چگونه می توان شماره حساب بانک تجارت را در همراه بانک اضافه کرد؟","با ثبت نام از طریق همراه بانک یا مراجعه حضوری به شعب و یا از طریق لینک my.tejaratbank.ir انجام می پذیرد ."
"آیا اگر حساب جدیدی در بانک افتتاح شود به طور خودکار شماره حساب در همراه بانک فعال می شود؟","خیر حتما هر مشتری می بایست برای هر حساب ثبت نام جداگانه انجام دهد ."
"حساب خودم را در همراه بانک اضافه نموده ام ولی در قسمت حسابها قابل مشاهده نمی گردد؟","در صورتی که مشتری ثبت نام همراه بانک انجام داده باشد و کاربر در پنل همراه بانک آن را مشاهده کند آنگاه مشتری با ورود به همراه بانک / قسمت تنظیمات / غیر فعال نمودن گزینه عدم نمایش حساب / فعال نمودن گزینه نمایش حساب"
"رمز پویای حساب چیست و چه کارکردی دارد؟","در صورتی که مشتری بخواهد صرفا از شماره حساب خود برای انجام عملیات در همراه بانک استفاده نماید باید رمز پویای حسابی خود را فعال نماید .این رمز در هنگام عملیلات انتقال وجه حساب به حساب /پایا /ساتنا و خرید شارژ و بسته از شماره حساب کاربرد دارد. صادقی پری"
"چگونه رمز پویای حسابی را در همراز فعال نماییم؟","در صورتی که به شعبه مراجعه نمودید و شماره سریال دریافت کرده ید و کلید فعالسازی نیز برای شما پیامک شده است با ورود به همراز و انتخاب درگاه همراه بانک و ورود عنوان دلخواه , کد ملی , شماره سریال و کلید فعالسازی و سپس ثبت و تأیید نسبت به فعالسازی پویای حسابی اقدام نمایید . صادقی پری"
"چگونه رمز پویای حسابی را از طریق مراجعه به شعبه در همراز فعال نماییم؟","مراجعه به شعبه , دریافت شماره سریال و دریافت کلید فعالسازی از طریق پیامک و سپس ورود به همراز و انتخاب درگاه همراه بانک , ثبت عنوان دلخواه , ثبت کد ملی , ثبت شماره سریال و ثبت کلید فعالسازی و سپس تایید و ثبت صادقی پری"
"آیا گوشی های اندروید هم می توانند بدون همراز پویای حسابی خود را فعال کنند .؟","بله خدمات رمز پویا/ فعالسازی رمز پویا حساب /تأیید شماره موبایل و نمایش شماره سریال ، رمز پویای حسابی بصورت پیامکی فعال می شود . در این حالت مشتری فقط باید جهت دریافت رمز پویا حساب از گزینه هریم استفاده نماید . صاقی پری"
"برای فعالسازی رمز پویای حسابی همراه بانک در گوشیهای آیفون در صورتیکه همراز نداشته باشد چه اقدامی باید انجام گیرد؟","در صورتی که قبلاً از همراز رمز پویای خود را دریافت می نمودند در حال حاضر بصورت خودکار رمز پویا از سامانه هریم برای مشتری پیامک می شود و در صورت عدم فعال سازی قبلی از منوی خدمات / خدمات رمز پویا/ فعالسازی رمز پویا حساب /تأیید شماره موبایل و نمایش شماره سریال ، رمز پویای حسابی بصورت پیامکی فعال می شود . صادثی پری"
"رمز پویای خود را فعال کردم اما زمان انتقال وجه پایا از طریق همراه بانک اعلام میشود اطلاعات درگاه خود را اضافه کنید؟","انتقال وجه پایای نیاز به رمز پویای حسابی دارد لذا از منوی خدمات /خدمات رمز پویا /پویای حسابی / نسبت به فعالسازی رمز پویای حسابی اقدام فرمایید."
"کارکرد پویا کارت چیست؟","برای استفاده از کارت در همراه بانک و تراکنش های بیشتر از 100 هزار تومان حتما می بایست از پویا کارت استفاده نمود"
"نحوه فعالسازی رمز پویا کارت از همراه بانک چگونه است؟","از گزینه خدمات , خدمات رمز پویا , رمز پویای کارت , فعالسازی رمز پویا , تایید شماره موبایل و نمایش شماره سریال و سپس کپی شماره سریال و پس از آن ورود به همراز و انتخاب درگاه کارت و جاگذاری شماره سریال در همراز و ثبت شماره 16 رقمی کارت در قسمت مربوطه و ثبت عنوان دلخواه و در نهایت مشاهده کلید فعالسازی و در نهایت زدن گزینه ثبت و تأیید"
"در صورتی که مشتری تمایلی به نصب همراز نداشته باشد اما همراه بانک را برای فعالسازی پویا کارت انتخاب نماید چطور پویا کارت فعال می شود؟","از گزینه خدمات , خدمات رمز پویا , رمز پویای کارت , فعالسازی رمز پویا , تایید شماره موبایل و نمایش شماره سریال/ پس از نمایش شماره سریال پویا کارت مشتری فعال می شود در این حالت مشتری در هنگام دریافت رمز پویا از همراه بانک باید گزینه هریم را استفاده نماید"
"نحوه فعالسازی پویا برای گوشی های آیفون چگونه است؟","از گزینه خدمات , خدمات رمز پویا , رمز پویای کارت , فعالسازی رمز پویا , تایید شماره موبایل و نمایش شماره سریال/ پس از نمایش شماره سریال پویا کارت مشتری فعال می شود در این حالت مشتری در هنگام دریافت رمز پویا از همراه بانک باید گزینه هریم را استفاده نماید"
"از نسخه تحت وب استفاده می کنم همرازم از کار افتاده در زمان تراکنش خطا می دهد؟","با توجه به عدم همخوانی همراز در گوشی های IOS در زمان انجام تراکنش ها رمز پویا بصورت پیامکی ( از طریق سامانه هریم ) ارسال می گردد."
"رمز پویای خود را از طریق همراه بانک تجارت فعال میکنم اما کد تایید را دریافت نمیکنم؟","اگر پیامک اعتبارسنجی برای فعالسازی پویا را دریافت نمی کنید ممکن است در موارد ( خیلی کم ) سرشمارهTejaratbank در گوشی مشتری بلاک شده باشد ، لذا برای رفع مسدودی از لیسا سیاه گوشی خود اقدامنماید . یا زمان فعالسازی همراه بانک در شعبه شماره تلفن همراه مشتری در سامانه ORM اشتباه ثبت شده است . راهنمایی : میتوان از پنل همراه بانک شماره مشتری را بررسی نمود ."
"در صورت عدم مشاهده کامل رمز چه اقدامی انجام می کردد؟","با توجه به اینکه رمز 8 رقم می باشد باید فونت گوشی چک شود"
"در صورت دریافت خطای رمز صحیح نمی باشد در زمان انجام عملیات در همراز باید چه اقدامی نماییم؟","در صورتی که مشتری رمز خود را از هریم دریافت می کند ابتدا باید از ایشان سوال شود رمز راچند رقم وارد می کند چون ممکن است فونت گوشی مشتری بزرگ باشد و به جای رمز پویای 8 رقمی , رمز پویا 6 رقم وارد نمایدو خطای رمز صحیح نیست را دریافت می کند در صورتی که رمز خود را از همراز دریافت می کند ساعت گوشی مشتری چک شود که با ساعت رسمی کشور یکسان باشد و اگر نبود حتما از قسمت تنظیمات ساعت /ساعت گوشی را به حالت خودکار بگذارد ولی در صورتی که ساعت گوشی هم درست بود شماره کارت از همراز حذف , سپس فعالسازی پویا مجددا انجام شود ."
"رمز پویا را از همراز گرفتم ولی در هنگام انجام عملیات , پیغام خطای رمز وارد شده بیش ازحد مجاز اشتباه است را دریافت میکنم؟","از روش مذکور اقدام نمایید: ابتدا از همراز شماره کارت مربوطه را حذف نمایید و سپس از قسمت خدمات /خدمات رمز پویا /رمز پویا کارتی /فعالسازی پویا /نسبت به فعالسازی مجدد رمز پویا اقدام نمایید"
"از همراه بانک تا چه بازه ای را می توان گردش حساب اخذ نمود؟","حداقل 10 و حداکثر 30 گردش را پس از انتخاب گزینه نمایش مشاهده نمود . درصورتیکه مشتری بیش از 30 گردش را خواستار باشد می بایست گزینه گردش حساب را انتخاب کند ، بازه زمانی را مشخص نماید ( 18 ماه اخیر , 300 گردش ) و پس از ثبت آدرس ایمیل صورتحساب به صورت فایل اکسل به آدرس ایمیل وارد شده ارسال خواهد شد ."
"دریافت گردش حساب با چه رمزی در همراه بانک امکان پذیر ست؟","پویای حسابی"
"آیا می توان از شماره کارت صورتحساب دریافت کرد؟","خیر , فقط شماره حساب گردش را نمایش می دهد و از کات فقط می توان موجودی دریافت کرد"
"ارائه سرویس دریافت موجودی درهمراه بانک چند ثانیه می دباشد؟","هر پنج ثانیه یکبار میسر می باشد"
"امکان دریافت صورتحساب شاپركي(ویژه دارندگان پایانه فروشگاهي) از همراه بانک وجود دارد؟","وارد بخش گردش حساب شده و با انتخاب صورتحساب شاپرکی)پایانه فروشگاهی(، بر اساس شماره پایانه، بازه زمانی و حدود مبلغ، صورتحساب مورد نظر را از طریق آدرس ایمیل دریافت نماید."
"آیا در هنگام ثبت نام همراه بانک پیش فرض انتقال وجه را میتوانم تغییر بدم؟","بله - در زمان ثبت نام همراه بانک پیش فرض حداکثری بانک وجود دارد که نمی توان آن را افزایش داد فقط می توان آن را کاهش داد"
"تغییر سقف حساب از پیش فرض [0] به حالت غیر از پیش فرض [1] و عدم نمایش آن در همراه بانک چگونه می باشد؟","به شعب بانک تجارت مراجعه نماید .و یبار ثبت نام همراه بانک راغیر فعال و سپس فعال نماید"
"سقف انتقال وجه پایا در همراه بانک چقدر است؟","مبلغ قابل انتقال همراه بانک در تراکنش های پایا روزانه تا 50 میلیون تومان و حداکثر دو تراکنش تا سقف 100 میلیون تومان می باشد ."
"برای انتقال وجه پایا از کدام منوی همراه بانک باید اقدام نمود؟","منوی حساب , گزینه پایا/ساتنا"
"انتقال وجه پایا از همراه بانک با چه رمزی انجام می شود؟","پویا حساب"
"شماره مقصد برای انتقال وجه پایا باید چه شماره ای باشد؟","شماره شبا بانک مقصد"
"آیا اتباع می توانند انتقال وجه پایا از همراه بانک انجام دهند و چقدر؟","بله /فقط 10 میلیون تومان ( استعلام از اداره مبارزه با پولشویی , که این موضوع به دستور امنیت ملی به مدیرعامل بانک ها به صورت شفاهی بوده است لذا بخشنامه ای در این خصوص در دست نیست )"
"زمانبندی انتقال وجه پایا از همراه بانک چگونه است؟","چرخه های انتقال در سامانه پایا بدون تغییر و کماکان دارای چهار چرخه 3:45 بامداد، 10:45 صبح ، 13:45 و 18:45 می باشد.بخشنامه 2101 مورخ 1401/03/01"
"آیا می توان تراکنش پایا که در همراه بانک انجام شده است را بازیابی کرد؟","بله از قسمت خدمات /سوابق تراکنش/انتقال وجه پایا /ساتنا تراکنش مربوطه را بازیابی کرد و نام صاحب مقصد را نیز همان جا مشاهده نمود"
"تراکنش پایا از همراه بانک انجام داده ام اما همچنان وضعیت تراکنش را در حال انجام نشان می دهد آیا تراکنش انجام نشده است؟","از قسمت خدمات , سوابق تراکنش را انتخاب کنید و پس از انتخاب تراکنش مورد نظر , گزینه استعلام وضعیت را بزنید تا وضعیت جدید را به شما نشان دهد"
"هنگام انجام تراکنش پایا از همراه بانک با پیغام شماره حساب مبدا نا معتبر است مواجه می شوم؟","شماره حساب را از پنل فرانگر چک می کنیم که نک حساب مشکلی نداشته باشد و نیز شخص فاقد کد شهاب نباشد و در صورت وجود اشکال در نک یا عدم وجود کد شهاب مشتری می بایست به شعبه خودش مراجعه نماید"
"از همراه بانک پایا انجام داده ام ، مشخصات صاحب حساب را چگونه پیدا نمایم؟","پس از ورود به همراه بانک از قسمت خدمات ، گزینه سوابق تراکنش را بررسی نمایید."
"مبلغی طی پایا به حساب شخص دیگری واریز کردم امکان انتقال زودتر مقدور هست؟","خیر .تراکنش های پایا مطابق زمانبدی دستور العمل ابلاغی انجام می گردد ."
"برای انتقال وجه پایا از همراه بانک پیغام[اطلاعات درگاه خود را وارد کنید] دریافت می گردد؟ رمز پویا حسابی در برنامه همراز فعال نیست؟","شرط انتقال وجه پایا و ساتنا از همراه بانک داشتن رمز پویای حسابی است"
"از همراه بانک پایا انجام دادم با وجود ناموفق بودن پول به حسابم برنگشته است؟","در صورتی که از همراه بانک ناموفق بودن تراکنش مسلم شد , و پنل فرانگر چک شد و مشخص شد وجه به حساب مشتری عودت داده نشده است شماره دایره ساتنا به مشتری اعلام شود ."
"سقف انتقال وجه ساتنا در همراه بانک چقدر است؟","در طول یک شبانه روز 100 میلیون تومان البته تراکنش های بالای 50 میلسون تومان تا سقف 100 میلیون تومان"
"برای انتقال وجه ساتنا از کدام منوی همراه بانک باید اقدام نمود؟","منوی حساب , گزینه پایا/ساتنا"
"انتقال وجه ساتنا از همراه بانک با چه رمزی انجام می شود؟","پویا حساب"
"شماره مقصد برای انتقال وجه ساتنا باید چه شماره ای باشد؟","شماره شبا بانک مقصد"
"آیا مشتریان اتباع می توانند در همراه بانک ساتنا انجام دهند؟","خیر ( استعلام از اداره مبارزه با پولشویی , که این موضوع به دستور امنیت ملی به مدیرعامل بانک ها به صورت شفاهی بوده است لذا بخشنامه ای در این خصوص در دست نیست )"
"زمان بندی انتقال وجه ساتنا چگونه است؟","از 7:30 صبح تا 14:15 بخشنامه 2101 مورخ 1401/03/01"
"ساعت 6 بعد ازظهر می خواهم از همراه بانک انتقال وجه دهم ولی ساتنا قطع شده است؟","از 7:30 صبح تا 14:15 بخشنامه 2101 مورخ 1401/03/01"
"آیا می توان تراکنش ساتنا که در همراه بانک انجام شده است را بازیابی کرد؟","بله از قسمت خدمات /سوابق تراکنش/انتقال وجه پایا /ساتنا تراکنش مربوطه را بازیابی کرد و نام صاحب مقصد را نیز همان جا مشاهده نمود"
"هنگام انجام تراکنش ساتنا از همراه بانک با پیغام شماره حساب مبدا نا معتبر است مواجه می شوم؟","شماره حساب را از پنل فرانگر چک می کنیم که نک حساب مشکلی نداشته باشد و نیز شخص فاقد کد شهاب نباشد و در صورت وجود اشکال در نک یا عدم وجود کد شهاب مشتری می بایست به شعبه خودش مراجعه نماید."
"ساعت 7:45 صبح مبلغی به حسابم از طریق ساتنا بوسیله همراه بانک انتقال یافته ولی به حساب من واریز نشده است؟","در صورتی که حساب مقصد تجارت باشد می توانیم از فرانگر چک کنیم که آیا وجه واریز شده است یا نه و در صورت عدم واریز می بایست صاحب حساب تجارت با دریافت شماره ارجاع از واریز کننده , از واحد ساتنا پیگیری کند /در صورتی که مقصد غیر از تجارت باشد چون صاحب حساب تجارت نیست ما اجازه بررسی حسابی که از آن برای مشتری ساتنا شده است را نداریم و باید ایشان را راهنمایی کنیم که از شخص واریز کننده , شماره ارجاع ساتنا دریافت و سپس ابتدا با ساتنا تجارت و سپس با ساتنا مقصد تماس بگیرد ."
"برای انتقال وجه ساتنا از همراه بانک پیغام[اطلاعات درگاه خود را وارد کنید] دریافت می گردد؟","رمز پویا حسابی در برنامه همراز فعال نیست . شرط انتقال وجه ساتنا از همراه بانک داشتن رمز پویای حسابی است"
"از همراه بانک ساتنا انجام دادم با وجود ناموفق بودن پول به حسابم برنگشته است؟","در صورتی که از همراه بانک ناموفق بودن تراکنش مسلم شد , و پنل فرانگر چک شد و مشخص شد وجه به حساب مشتری عودت داده نشده است شماره دایره ساتنا به مشتری اعلام شود ."
"سقف انتقال وجه حساب به حساب تجارت در همراه بانک چقدر است؟","100 میلیون تومان در طول یک شبانه روز"
"انتقال وجه حساب به حساب تجارت در چه صورتی نامحدود است؟","در صورتی که حساب مبدأ و مقصد برای همان شخص باشد"
"مشتری در زمان انتقال وجه حساب به حساب تجارت از همراه بانک بیش از 5 میلیون تومان نمی تواند انتقال دهد؟","ادر صورتی که مشتری از حساب خود برای انتقال وجه استفاده می کند ابتدا باید از پنل فرانگر چک کنیم jتا سقف انتقال پر نشده باشد و در صورتی که سقف پر نشده بود , سقف روزانه مشتری را از پنل همراه بانک از قسمت جزئیات /گزینه لیست حساب ها و کارتها بررسی کرده و مجددا گزینه جزئیات را زده و سقف انتقال وجه روزانه مشتری را چک کنیم در حالت عادی باید سقف عدد 0 باشد در صورتی که عدد 1 باشد می بایست به مشتری اعلام کنیم به یکی از شعب مراجعه نموده و مجددا ثبت نام همراه بانک برای ایشان ایجاد گردد .لذاباید به شعبه مراجعه نماید تا سقف محدودیت اصلاح گردد..صادقی پری"
"برای انتقال وجه حساب به حساب تجارت از کدام منوی همراه بانک باید اقدام نمود؟","منوی حساب , گزینه تجارت"
"انتقال وجه حساب به حساب تجارت از همراه بانک با چه رمزی انجام می شود؟","پویا حساب"
"آیا برای انتقال وجه داخلی ( حساب به حساب بانک تجارت ) می توان از رمز ورود به همراه بانک استفاده کرد؟","خیر . رمز انتقال وجه داخلی از گزینه خدمات /خدمات پویا / رمز پویای حسابی قابل اختصاص می باشد ."
"زمانبندی انتقال وجه حساب به حساب تجارت چگونه است؟","در هر لحظه از شبانه روز به صورت آنی انجام می شود ."
"شماره مقصد برای انتقال وجه حساب به حساب تجارت باید چه شماره ای باشد؟","شماره حساب تجارت"
"آیا می توان تراکنش کارت به کارت که در همراه بانک انجام شده است را بازیابی کرد؟","بله از قسمت خدمات /سوابق تراکنش / گزینه انتقال وجه تجارت / تراکنش انتقال وجه شتابی را بازیابی نمود شایان ذکر است نام صاحب حساب مقصد در همان جا قابل مشاهده است .صادقی پری"
"آیا مشتریان اتباع می توانند انتقال وجه حساب به حساب تجارت انجام دهند؟","بله"
"قصد انجام حساب به حساب از قسمت شتابی همراه بانک دارم؟ولی نمیتوانم؟","در حال حاضر از قسمت شتابی تنها امکان کارت به کارت و خرید شارژ و پرداخت قبوض از محل کارت امکانپذیر می باشد"
"سقف انتقال وجه کارت به کارت در همراه بانک چقدر است؟","10 میلیون تومان در هر شبانه روز"
"مشتری در زمان انتقال وجه از همراه بانک بیش از 5 میلیون تومان نمی تواند انتقال دهد؟","در صورتی که مشتری از کارت خود انتقال وجه را انجام می دهد می باییست ابتدا از پنل فرانگر تراکنش های مشتری چک شود که احیانا سقف مجاز ایشان پر نشده باشد و همچنین سقف انتقال وجه شتابی از هر درگاهی ( همراه بانک / اینترنتی بانک /خودپرداز ) 10 میلیون تومان می باشد که در مجموع مشتری 30 میلیون روزانه می تواند از کارت تجارت انتقال انجام دهد .در صورتی که سقف مشتری پر نشده باشد و موجودی مشتری نیز کافی باشد می بایست از اداره کارت و خدمات نوین , کارت مشتری ادر سامانه مانا بررسی .صادقی پری ( استعلام از هر درگاهی , جناب آقای شایگان اداره کارت و خدمات نوین )"
"برای انتقال وجه کارت به کارت از کدام منوی همراه بانک باید اقدام نمود؟","منوی کارت"
"انتقال وجه کارت به کارت از همراه بانک با چه رمزی انجام می شود؟","رمز دوم ثابت برای تراکنش های کمتر از 100 هزار تومان و رمز پویا کارت برای تراکنش های بیشتر از 100 هزار تومان"
"شماره مقصد برای انتقال وجه کارت به کارت باید چه شماره ای باشد؟","شماره 16 رقمی کارت مقصد"
"آیا می توان به تمامی کارت های سایر بانک ها انتقال وجه انجام داد؟","بله در صورتی که کارت مورد نظر در شبکه شتاب باشد مشکلی وجود ندارد ."
"آیا اتباع می توانند انتقال وجه کارت به کارت از همراه بانک انجام دهند و چقدر؟","بله /10 میلیون تومان"
"زمانبندی انتقال وجه کارت به کارت چگونه است؟","به صورت آنی است"
"آیا می توان تراکنش کارت به کارت که در همراه بانک انجام شده است را بازیابی کرد؟","بله از قسمت خدمات /سوابق تراکنش / گزینه انتقال وجه کارت/ تراکنش انتقال وجه شتابی را بازیابی نمود شایان ذکر است نام صاحب کارت مقصد در همان جا قابل مشاهده است .صادقی پری"
"از همراه بانک کارت به کارت انجام دادم با وجود ناموفق بودن پول به حسابم برنگشته است؟","ابتدا از پنل همراه بانک ناموفق بودن تراکنش را بررسی می کنیم و سپس در صورت ناموفق بودن پنل فرانگر ار چک می کنیم , در صورتی که وجه عودت داده نشده بود به مشتری اعلام می شود طی 72 ساعت به حساب مشتری عودت داده می شود , و در صورتی که 72 ساعت سپری شده و وجه عودت داده نشده است , تماس را به تاتا ارجاع می دهیم ."
"موقع انتقال وجه کارت به کارت از همراه بانک خطای اطلاعات درگاه خود را وارد نمایید مشاهده می گردد ، علی رغم فعال سازی قبلی رمز پویا روش حل مشکل چگونه می باشد؟","شما کارتی را به عنوان مبدا انتخاب کرده اید که رمز پویا آن فعال نیست لذا مبدا را شماره کارتی قرار دهید که پویا آن فعال شده است و یا پویا کارت مورد نظر را گزینه خدمات /خدمات رمز پویا /پویا کارت /ففعالسازی نسبت به فعالسازی رمز پویا کارتی اقدام نمایید ."
"انتقال وجه کارت به کارت از همراه بانک انجام می دهم خطای طول شماره حساب مقصد نامعتبر است؟","شما از قسمت کارت استفاده میکنید ولی مقصد را حساب وارد می کنید در صورتی که باید شماره کارت را وارد نمائید"
"زمان انتقال وجه با کارت در همراه بانک پیغام اطلاعات مربوط به کارت صحیح نمیباشد مواجه میشوم","با انتخالب گزینه جزئیات / ویرایش نسبت به تغییر و اصلاح اطلاعات قبلی اقدام و cvv2 و تاریخ انقضا کارت خود را در همراه بانک تغییر می دهیم ."
"چگونه می توانم سرویس پیامک لحظه ای را فعال کنم؟","از طریق برنامه همراه بانک ابتدا می بایست رمز پویای حسابی را فعال نمود سپس منوی حسابها ،جزییات ،فعالسازی پیامک لحظه‌ای انجام شود."
"در صورتی که مشتری ادعا کند پیامک لحظه ای ایشان که از همراه بانک فعال شده است غیر فعال شده است راه حل چیست؟","ابتدا باید در پنل رهیاب با ورود شماره حساب مشتری ، شماره موبایلی را که برای آن حساب تعریف شده است را حتما بررسی نمود ، ممکن است شماره موبایلی که در شعبه تعریف شده با شماره موبایل مشتری یکی نباشد در اینصورت باید مشتری را راهنمایی کنیم یا از شعبه و یا از همراه بانک نسبت به فعالسازی مجدد پیامک خود اقدام نماید و سپس تاریخ انقضا کارمزد مشتری را چک نموده و در صورت منقضی شدن می بایست مشتری را راهنمایی کنیم از قسمت حساب ها , جزئیات و پیامک لحظه ای نسبت به فعال سازی پیامک خود اقدام نماید در صورتیکه همه موارد بالا مشکلی نداشت , در قسمت ارسال های جاری و قدیمی بررسی مینماییم آیا پیامک مورد نظر مشتری تولید و ارسال می شود یا خیر . جهت اطمینان این موضع تراکنش را در سامانه فرانگر بررسی می نماییم در صورت اطمینان مجددا به رهیاب مراجعه و رنگ تراکنش ( سبز - زرد - قرمز ) را بررسی می نماییم . ( تراکنش رنگ سبز به مفهوم اینست که تراکنش از سوی بانک انجام و مخابرات نیز آنرا برای مشتری ارسال نموده است . مفهوم تراکنش رنگ زرد : گوشی مشتری در حالت پرواز یا خاموش بوده یا آنتن آن موجود نبوده و مخابرات نیز نتوانسته آنرا ارسال نماید . در صورت تراکنش قرمز مشکل مربوط به خط مشتری می باشدو حتما باید گوشی خود را خاموش و روشن کند و تراکنش مشکی مربوط به اپراتور خط مربوطه می باشد که می بایست مشتریان با اپراتور خود تماس بگیرند .شایان ذکر است در صورتی که تراکنش ایجاد شده باشد اما پیامک آن تولید نشده باشد می بایست به شرکت تاتا تماس رار ارجاع داد ."
"به چند روش می توان از همراه بانک شارژ خریداری نمود؟","روش کد شارژ و شارژ مستقیم / شارژ خودکار"
"از کدام منوی همراه بانک می توان شارژ و بسته خریداری کرد؟","کارت و حساب"
"ایا می توان از همراه بانک تجارت برای سایر افراد نیز شارژ یا بسته اینترنتی دریافت کرد؟","بله از قسمت خدمات - خرید شارژ بصورت مستقیم با انتخاب شماره تلفن همراه قابل انجام می باشد ."
"در منوی حساب کاربری ، تنظیمات ، گزینه تکانک به چه منظوری می باشد؟","هنگامیکه این گزینه فعالسازی شده باشد به محض ورود می بایست گوشی را تکان دهند و مستقیما به صفحه تهیه شارژ وارد می شود ."
"آیا می توان تراکنش خرید شارژ و بسته را که در همراه بانک انجام شده است را بازیابی کرد؟","بله از قسمت خدمات /سوابق تراکنش/خرید شارژ یا بسته را بازیابی نمود شایان ذکر است شماره موبایل خرید شارژ مستقیم و بسته اینترنتی در سوابق تراکنش درج شده است .همچنین موفق و ناموفق بودن را نیز می توان همان جا مشاهده نمود .صادقی پری"
"از طریق همراه بانک بسته اینترنتی و شارژ خریداری کردم ولی اعمال نشده است؟","ابتدا از پنل همراه بانک تراکنش را بررسی می کنیم در صورت موفق بودن و در صورتیکه شارژ مستقیم و یا بسته اینترنتی باشد ابتدا باید شماره موبایلی که مشتری برای آن شارژ تهیه کرده است چک شود اگر شماره موبایل نادرست بود باید به مشتری اعلام شود که شماره موبایل را اشتباه وارد کرده است اما در برخی موارد تراکنش موفق است ( باگ همراه بانک ) و شماره موبایل هم درست است اما سیم کارت مشتری شارژ نشده است جواب به مشتری اینست که طی 72ساعت آینده به حساب مشتری عودت داده می شود که پیامک واریز وجه هم برای مشتری ارسال نمی شود ایشان با دریافت صورتحساب می تواند نسبت به عودت وجه مطلع شود . اگر بیش از سه روز وجه واریز نشد , مشتری را به شرکت تاتا ارجاع می دهیم .گاهی تراکنش ناموفق است که باز هم طی 72ساعت آینده به حساب ایشان عودت داده می شود .ضمنا حتما باید پنل فرانگر برای عودت وجه چک شود و اگر به حساب عودت داده نشده بود بفرمایید 72 ساعت بعد و اگر بعد از 72نیز وجه واریز نشد تماس به تاتا ارجاع داده می شود ."
"آیا در همراه بانک گزینه پرداخت اقساط وجود دارد؟","خیر / گزینه مدیریت اقساط وجود دارد ."
"گزینه مدیریت اقساط در کدام منوی همراه می باشد؟","منوی خدمات"
"گزینه مدیریت اقساط در همراه بانک چه کارکردی دارد؟","گزینه مدیریت اقساط فقط جهت ثبت یاد آوری اقساط توسط مشتری می باشد"
"با توجه به اینکه در همراه بانک گزینه پرداخت اقساط وجود دندارد چطور می توان اقساط بانک تجارت و سایر بانک ها را پرداخت کرد؟","می توان از یک حساب تعریف شده در همراه بانک به حساب تسهیلات در بانک تجارت انتقال وجه داد یعنی از گزینه انتقال وجه استفاده کرد . و یا حتی اگر اقساط مربوط به بانک های دیگر باشد نیز در صورتیکه مشتری کارت یا حساب تعریف شده در همراه بانک داشته باشد می تواند مبلغ اقساط را کارت به کارت و یا پایا/ساتنا نماید ."
"پرداخت قبض از همراه بانک به چند روش امکان پذیر است؟","با شناسه قبض و شناسه پرداخت /بارکد خوان , قبض پیامکی"
"قبوض همراه بانک را چطور از طریق همراه بانک میتوانم پرداخت نمایم؟","مبلغ قبوض از منوی اصلی حساب ها ( با رمز پویا حساب ) و کارتها ( رمز پویا کارت ) و سپس انتخاب گزینه پرداخت قبوض و اسکن بارکد یا درج شناسه پرداخت و یا قبض پیامکی قابل پرداخت می باشد."
"قبض همراه اول را با همراه بانک واریز نموده ام ،تراکنش موفق بوده ولی عدم پرداخت قبض پیامک شده؟","باید ابتدا پنل همراه بانک , تراکنش چک شود در صورتی که موفق باشد , پرداخت انجام شده است و مشتری می بایست با اپراتور خود تماس بگیرد اما در صورت ناموفق بودن و عدم عودت وجه ( چک کردن از طریق فرانگر ) به مشتری اعلام شود طی 72 ساعت به حساب ایشان عودت داده می شود و در صورت عدم واریز وجه بعد از 72 ساعت ه"
"چگونه میتوانم از طریق همراه بانک کارتم را مسدودکنم؟","از قسمت کارت ها /جزئیات / مسدودی کارت"
"گزینه درخواست وجه در منوی اصلی حساب درهمراه بانک چه خدماتی دارد؟","با استفاده از اين سرويس كاربر مي تواند در هر زمان، براي شخص يا گروهي از اشخاص كه قبلاً در سامانه همراه بانك تجارت از سوي وي تعريف شده باشد، درخواست وجه را براي بازه زماني مشخص ارسال نمايد. گزينه هاي سرويس درخواست وجه شامل موارد ذيل مي باشد: الف - براي ارسال كننده درخواست: ايجاد درخواست وجه حذف درخواست وجه ب - براي دريافت كننده درخواست: پذيرش درخواست وجه رد درخواست توجه: زمان اعتبار هر درخواست به صورت پيش فرض، روزانه مي باشد و تا سقف 30 روز نيز قابل تمديد است."
"گزینه خدمات خودرو در منوی اصلی حساب درهمراه بانک چه خدماتی دارد؟","از طریق این منو استعلام عوارض جاده ای خودرو با استفاده ثبت مشخصات شامل نام و شناسه یکتای خودرو ( vin ) قابل مشاهده می باشد"
"امکانات منوی نیکوکاری درهمراه بانک چیست؟","شخص با استفاده از این منو میتواند سازمان هایی که در این بخش تعریف شده است وجه واریز به حساب انجام دهد ."
"گزینه خدمات چک در کدام منو همراه بانک است؟","منوی خدمات"
"منوی خدمات چک شامل چه گزینه هایی می باشد؟","چک کاغذی /چک دیجیتال"
"گزینه چک کاغذی شامل چه گزینه هایی می باشد؟","ثبت صدور چک /تایید و دریافت /لغو دریافت چک /انتقال چک /عودت چک ب : استعلام چک /سوابق عملیات چک /درخواست غیر حضوری دسته چک /استعلام چک صادر شده از سامانه صیاد /استعلام زنجیره انتقال چک ج : وضعیت چک واگذار شده به حساب /استعلام زنجیره انتقال چک"
"گزینه صدور چک چه کاری انجام می دهد؟","مربوط به صادر کننده چک می باشد و می تواند از این گزینه چکی را به نفع شخص دیگری صادر نماید"
"آیا می توان به نفع اتباع چک صادر کرد؟","بله /با استفاده از شناسه فراگیر اتباع می توان به نفع ایشان چک صادر کرد"
"آآیا برای ثبت چک نیاز به رمز پویای حسابی داریم؟","خیر / رمز 6 رقمی یک بار مصرف برای شماره همراه مشتری ارسال می شود ."
"گزینه تأییید و لغو چک چه کاری انجام می دهد؟","مربوط به ذینع چک می باشد .از این گزینه ذینفع چک می تواند چک را تأیید و یا رد نماید ."
"آآیا برای تأیید چک نیاز به رمز پویای حسابی داریم؟","خیر / رمز 6 رقمی یک بار مصرف برای شماره همراه مشتری ارسال می شود ."
"گزینه عودت چک چه کاری انجام می دهد؟","این گزینه مربوط به زمانی است که چک توسط ذینفع تایید شود و یا به شخص دیگری انتقال یابد در صورتی که کاربر بخواهد چک به ذینفع قبلی انتقال پیدا کند می بایست از این گزینه استفاده نماید."
"گزینه های استعلام چک چه کاری انجام می دهند؟","از این گزینه ها ذینفع و صادر کننده می توانند با شماره 16 رقمی صیادی نسبت به مشاهده جزئیات چک اقدام نمایند ."
"در صورت بروز هر گونه خطا در فرآیند ثبت چک از طریق همراه بانک چه اقدامی صورت می پذیرد؟","مراتب از طریق تاتا پیگیری گردد ."
"چک دیجیتال چیست؟","چک دیجیتال نوع جدیدی از چک است که سرعت، دقت و امنیت بیشتری در عملکرد و نقدشوندگی نسبت به چک‌های کاغذی دارد و تمام قوانین چک کاغذی برای آن قابل اجراست و با یک امضای الکترونیکی اعتبار پیدا می‌کند؛ این سامانه با هدف ایجاد بستری برای ارائه چک امن دیجیتال و رفع مخاطرات احتمالی چک‌های کاغذی راه‌اندازی شده است و امکان مدیریت و نظارت آنلاین مبادله چک را برای شبکه بانکی و بانک مرکزی فراهم می‌کند بخشنامه 6302 1401/12/22"
"آیا چک دیجیتال به صورت کاغذی می باشد؟","خیر - چک دیجیتال بر اساس یک رکورد داده اطلاعاتی بوده و مبتنی بر تصویر چک نمی باشد .بخشنامه 6701 مورخ : 1401/12/22"
"مشخصات چک های دیجیتال چگونه است؟","الف :چک دیجیتال مشابه چک های عادی ، دارای شناسه صیادی منحصر بفرد می باشد که در صورت احرازشرایط صدور دسته چک از سوی سامانه صیاد بانک مرکزی به هر برگه چک اختصاص می یابد. ب : سری و سریال دسته چک دیجیتال در زمان اختصاص دسته چک به مشتری، به صورت مجازی توسط سامانه جامع چک تولید و به هر یک از شناسه های صیادی برگه چکهای دیجیتال اختصاص می یابد6701 مورخ : 1401/12/22"
"مزایای چک دیجیتال جیست؟","از مزایای چک دیجیتال می‌توان به سرعت زیاد در ثبت و پردازش، عدم نیاز به ارسال نسخه فیزیکی چک، امنیت بالا و عدم امکان سرقت یا تحریف چک، عدم امکان تغییر در برگ چک الکترونیکی، صرفه‌جویی در مصرف کاغذ، اطلاع‌رسانی از وضعیت نقل و انتقالات چک و مطلع شدن صاحب چک بعد از پرداخت وجه، حذف مراحل زمان‌گیر مثل جابه‌جایی، دسته‌بندی و حسابداری چک‌ها، هزینه عملیاتی پایین و امکان جایگزینی در تمامی معاملات اشاره کرد"
"سامانه چک دیجیتال چه امکاناتی دارد؟","سرویس های مربوط به سامانه چک دیچیتال شامل فعال سازی و بروزرسانی پروفایل، غیرفعال سازی ، استعلام وضعیت پروفایل مشتری ، درخواست دسته چک دیجیتال، صدور، انتقال، مسدودی /رفع مسدودی ، استعلام، ابطال و عودت چک بوده و در حال حاضر از طریق سامانه همراه بانک قابل انجام می باشد"
"گزینه فعالسازی و بروزرسانی در سامانه چکاد در همراه بانک چه کارکردی دارد؟","فعالسازی /بروزرساني در سامانه چکاد: برای استفاده از سرویس های چک دیجیتال، لازم است مشتریاقدام نماید. متعاقب » فعالسازی /بروزرساني در سامانه چکاد « نسبت به فعال سازی آن با انتخاب گزینه فعال سازی سرویس مذکور در همراه بانک، مشتری می باید با مراجعه به کارتابل امضا ها در اپلیکیشن هامون، نسبت به تأیید)ذیرش آن اقدام نماید"
"گزینه غیر فعالسازی در سامانه چکاد در همراه بانک چه کارکردی دارد؟","غیر فعال سازی: با انتخاب این گزینه، سرویس های سامانه چکاد برای کاربر غیر فعال می گردد."
"گزینه استعلام وضعیت پروفایل مشتری در سامانه چکاد چه کارکردی دارد؟","استعلام وضعیت پروفایل مشتری: با انتخاب این گزینه کاربر می تواند فعال /غیر فعال بودن پروفایل خود را در سامانه مزبور مشاهده نماید."
"گزینه درخواست دسته چک در سامانه چکاد چه کارکردی دارد؟","با انتخاب این گزینه، تعیین شماره حساب، تعداد برگ های دسته چک و ارسال کد تأیید پیامکی، درخواست مشتری جهت صدور دسته چک دیجیتال به شعبه صاحب حساب ارسال می گردد. در خواست های دسته چک دیجیتال از طریق سامانه جامع مدیریت چک در شعب بانک قابل مشاهده می باشد. شعب بانک می باید پس از بررسی و کنترل های لازم، سریال صیاد از بانک مرکزی)درصورتی که 80 % برگه های دسته چک قبلی مشتری در سامانه های بانک مرکزی ثبت و تائیدشده باشد و یا اینکه دسته چک قبلی مشتری از نوع دسته چک های قدیمی بوده و متعلق به قبل از سال 1400 باشد( دریافت و دسته چک مزبور را برای مشتری صادر نمایند"
"برای استفاده از سرویس چک دیجیتال در همراه بانک مشتری چه کاری باید انجام دهد؟","الف یکی از پیش نیازهای اصلی در ثبت چک دیجیتال در سامانه چکاد، اخذ گواهی بانک مرکزی )در حال حاضر اپلیکیشن هامون( » نماد « امضای الکترونیک در سامانه امضای دیجیتالمی باشد. برای اخذ گواهی امضای دیجیتال کاربران می توانند اپلیکیشن مزبور را از طریق پورتال بانک یا مارکت های اندرویدی مانند کافه بازار دریافت نمایند. ب: فعالسازی /بروزرساني در سامانه چکاد: برای استفاده از سرویس های چک دیجیتال، لازم است مشتری اقدام نماید. متعاقب » فعالسازی /بروزرساني در سامانه چکاد « نسبت به فعال سازی آن با انتخاب گزینه فعال سازی سرویس مذکور در همراه بانک، مشتری می باید با مراجعه به کارتابل امضا ها در اپلیکیشن هامون، نسبت به تأییدپذیرشآن اقدام نماید."
"گزینه درخواست دسته چک در سامانه چکاد چه کارکردی دارد؟","با انتخاب این گزینه، تعیین شماره حساب، تعداد برگ های دسته چک و ارسال کد تأیید پیامکی، درخواست مشتری جهت صدور دسته چک دیجیتال به شعبه صاحب حساب ارسال می گردد. در خواست های دسته چک دیجیتال از طریق سامانه جامع مدیریت چک در شعب بانک قابل مشاهده می باشد. شعب بانک می باید پس از بررسی و کنترل های لازم، سریال صیاد از بانک مرکزی)درصورتی که 80 % برگه های دسته چک قبلی مشتری در سامانه های بانک مرکزی ثبت و تائیدشده باشد و یا اینکه دسته چک قبلی مشتری از نوع دسته چک های قدیمی بوده و متعلق به قبل از سال 1400 باشد( دریافت و دسته چک مزبور را برای مشتری صادر نمایند"
"گزینه اانسداد و رفع انسداد در سامانه صیاد چه کارکردی دارد؟","کاربر از طریق این گزینه می تواند نسبت به انسداد /رفع انسداد چک های خود مشابه درخواست حضوری در شعب)حداکثر هفت روز کاری(، اقدام نماید. پس از گذشت زمان مذکور در صورتی که کاربر فاقد دلیل قانونی / قضایی باشد چک مزبور رفع مسدودی می گردد )در حال حاضر این سرویس فعال نمی باشد."
"گزینه ابطال چک در سامانه چکاد چه کارکردی دارد؟","درصورتی که چک صادره درکارتابل چک های کاربر)صاحب حساب(، باشد کاربر با انتخاب گزینه مزبور و ورود شناسه صیاد چک مورد نظر می تواند چک مزبور را ابطال نماید."
"گزینه عملیات ضمانت چک در سامانه چکاد چه کارکردی دارد؟","با استفاده از این سرویس صادر کننده، یا دارنده چک می تواند از مشخصات ضامنین و وضعیت ضمانت نمودن آنها مطلع شود(درحال حاضر این سرویس فعال نمی باشد)"
"گزینه سوابق چک های ثبت شده در سامانه صیاد چه کارکردی دارد؟","با انتخاب بازه زمانی) حداکثرسه ماهه( در گزینه مزبور امکان مشاهده چک های صادره شده وجود دارد"
"گزینه استعلام مشخصات چک دیجیتال در سامانه چکاد چه کارکردی دارد؟","پس از وارد کردن شناسه 16 رقمی چک صیاد مشخصات چک مورد نظر قابل مشاهده می باشد."
"امکان تبادل چکهای دیجیتال طریق سامانه چکاوک با سایر بانکها وجود دارد؟","بله"
"در حال حاضر امکان استفاده از خدمات چک دیجیتال از کدام درگاه بانک تجارت امکان پذیر است؟","درگاه همراه بانک"
"روش صدور چک دیجیتال چگونه می باشد؟"," با نصب همراه بانک تجارت، نصب و فعالسازی برنامه «هامون» جهت ثبت امضای الکترونیکی و همچنین داشتن یک حساب جاری امکان ثبت چک دیجیتال برای مشتری فراهم می شود . لذا مشتری می بایست به برنامه همراه بانک وارد شده و گزینه خدمات /خدمات چک /چک الکترونیک /فعالسازی و بروزرسانی در سامانه چکاد نسبت به فعال سازی این خدمت اقدام نمایدو سپس با انتخاب گزینه صدور چک کلیه برگ های خام چک الکترونیک برای مشتری قابل مشاهده می باشد . برای صدور چک الکترونیک کاربر می باید ابتدا یکی از برگ های صادر نشده خود را انتخاب ونسبت به ورود مشخصات چک مشابه چک های فیزیکی)مبلغ، تاریخ سررسید، تعیین ذینفع و... اقدام نماید.تکمیل فرایند ثبت چک، منوطه مراجعه به کارتابل امضا ها در اپلیکیشن هامون و تأیید پذیرش آن می باشد."
"شرط صدور چک دیجیتال از همراه بانک تجارت چیست؟","دانلود برنامه هامون جهت ثبت امضای الکترونیکی و دریافت امضای الکترونیکی"
"آیا امکان صدور چک دیجیتال در وجه ذینفع حقیقی ، حقوقی وجود دارد.؟","بله"
"آیا امکان صدور چک دیجیتال در وجه ذینفع حسابهای مشترک حقیقی و حقوقی مشترک وجود دارد؟","بله"
"آیا برای صدور دسته چک دیجیتال ، نیاز به رمز پویا حسابی می باشد؟","خیر /یک کد شش رقمی برای شماره همراه مشتری ارسال می شود ."
"آیا قوانین و مقررات حاکم بر چک فیزیکی شامل چک دیجیتال نیز می باشد؟","بله -کلیه قوانین و مقررات حاکم بر چک فیزیکی )بجز موارد مرتبط با فیزیک چک( شامل چک دیجیتال نیزمی گردد. در اینخصوص فرایند های پاس ، صدور برگشتی ، رفع سوء اثر ، مسدودی و .... مشابه فرایندهای چک کاغذی می باشد."
"جهت وصول چک دیجیتال چگونه اقدام می نماییم؟","جهت نقد نمودن چک دیجیتال ذینفع می تواند به یکی از شعب بانک ها ( جهت واگذاری ) و یا شعب تجارت ( وصول نقدی و در صورت داشتن حساب واگذاری ) مراجعه نماید و یا در صورت داشتن حساب در بانک تجارت از طریق موبایل بانک تجارت با انتخاب گزینه نقد کردن و یکی از شماره حساب های خود، می تواند چک دیجیتال دریافت شده را به حساب تعیین شده واریز نماید.)در حال حاضرفقط برای چک های داخلی امکانپذیر می باشد"
"آیا داشتن امضای دیجیتال برای ذینفع چک , جهت نقد کردن الزامی است؟","خیر"
"در صورتی که ذینفع , حسابی غیر از بانک تجارت داشته باشد و به سایر بانک ها برای وصول چک مراجعه کند , آیا نقد کردن چک امکان پذیر است؟","بله طبق اصلاحات صورت پذیرفته توسط بانک مرکزی ، امکان واگذاری چک دیجیتال از طریق سیستم کلرینگ فراهم گردیده است لذا درصورت درخواست مشتری جهت واگذاری چک دیجیتال عهده سایربانکها ، شعب می باید طبق روال واگذاری چکهای کاغذی اقدام به ارسال چک مزبور در سامانه چکاوک نمایند. بخشنامه 2301 مورخ 1401/2/13"
"مشتری که حساب در بانک تجارت ندارد آیا می تواند به یکی از شعب تجارت برای وصول چک دیجیتال تجارت مراجعه کند؟","بله / در حال حاضر بدون حساب هم می توان چک دیجیتال را نقد کرد ."
"آیا , لزومی به تأیید /عدم تأیید چک توسط دریافت کننده (ذینفع) می باشد؟","خیر - بصورت پیش فرض تأیید و پس از صدور در کارتابل گیرنده چک قرار می گیرد."
"پس از صدور چک دیجیتال ، ذینفع چک می تواند از صحت اطلاعات و نهایی شدن صدور چک دیجیتال مطلع شود.؟","با استفاده از سرویس استعلام از صحت اطلاعات و نهایی شدن صدور چک دیجیتال مطلع شود."
"شرایط اخذ /نقد کردن /انتقال و عودت چک دیجیتال چگونه می باشد؟","در این سرویس مشتری می تواند کلیه چک های دیجیتالی دریافتی که به عنوان ذینفع چک می باشد را مشاهده نماید. با انتخاب چک موردنظر امکان نقد کردن، انتقال و عودت چک فراهم می باشد. و با انتخاب گزینه نقد کردن و یکی از شماره حساب های خود، می تواند چک دیجیتال دریافت شده را به حساب تعیین شده واریز نماید.)در حال حاضرفقط برای چک های داخلی امکانپذیر می باشد. توجه 1 : هر یک از سرویس های نقد کردن یا انتقال /عودت چک دیجیتال نیازی به تأیید امضای دیجیتال در اپلیکیشن هامون ندارد. توجه 2 : امکان نقد کردن حضوری با مراجعه به شعب بانک ها ( جهت واگذاری ) و شعب بانک تجارت ( وصول نقدی یا واگذاری ) پیاده سازی شده است"
"آیا داشتن امضای دیجیتال برای ذینفع چک جهت انتقال ، عودت الزامی می باشد؟","خیر"
"قوانین صدور دسته چک دیجیتال چگونه است؟","در زمان اختصاص دسته چک دیجیتال، کلیه کنترل های مربوط به عدم سابقه چک برگشتی، بدهی غیر جاری، تعیین تکلیف % 80 از برگه های آخرین دسته چک )مطابق رویه تعیین شده طی بخشنامه 10مورخ 9 / 6 / 1400 برای دسته چکهای بنفش رنگ( و ... مشابه فرایند صدور چک کاغذی، توسط سامانه صیاد صورت می پذیرد"
"در حال حاضر فرآیند اجرایی صدور دسته چک دیجیتال چگونه است؟","ارائه دسته چک دیجیتال با لحاظ بازگشت 80 درصد از برگه های آخرین دسته چک دیجیتال وی صورت پذیرفته و منفک از وضعیت برگه های دسته چک کاغذی قبلی وی خواهد بود"
"درحال حاضر دسته چک های دیجیتال چند برگی است؟","ده ( 10 ) برگی است"
"قبلا دسته چک کاغذی داشتم آیا در زمان درخواست جدید میتوانم دسته چک دیجیتال بگیرم؟","بله- انتخاب نوع دسته چک بر اساس انتخاب مشتری می باشد ."
"آیا برای صدور دسته چک دیجیتال ، کارمزد از مشتری دریافت می گردد؟","در حال حاضر خیر"
"برای ایجاد امضای دیجیتال چهت ثبت چک دیجیتال چه کاری باید انجام داد؟","برنامه موبایلی هامون به منظور ارائه سرویس امضاء دیجیتال نماد برای اشخاص حقیقی توسط بانک مرکزی ج.ا.اایجاد و ارائه گردیده است.بر این اساس مشتریان به منظور استفاده از چک دیجیتال (چکاد)می بایست پس ازدانلود برنامه هامون از سایت اینترنتی بانک و یا دانلود از بازار های اندرویدی و انجام فرآیندهای احراز هویت غیرحضوری و پرداخت هزینه ثبت نام امضاء دیجیتال نماد نسبت به دریافت امضای الکترونیکی اقدام نمایند ."
"مدت زمان اعتبار گواهی امضاء چقدر است؟","مدت زمان اعتبار گواهی امضاء دو سال می باشد و با توجه به ذخیره شدن کلید خصوصی امضاء دیجیتال در برنامه هامون، در صورت تغییر گوشی همراه و یا حذف برنامه، مشتریان مجدداً می بایست نسبت به انجام فرآیند ثبت گواهی امضاء دیجیتال اقدام نمایند."
"در زمان ایجاد گواهی امضاء آیا شماره موبایل باید در مالکیت شخص باشد؟","با توجه به استعلام از سامانه شاهکار و سامانه ثبت احوال در فرآیند احرازهویت غیرحضوری ثبت گواهی امضاء،می بایست شماره تلفن همراه به نام مشتری و کارت ملی جدید )و یا کد رهگیری کارت ملی ثبت نام شده نیز دراختیار وی باشد."
"سلام,با سلام شما با چت‌بات هوشمند بانک تجارت صحبت می‌کنید"
"سلام خوبین؟","با سلام شما با چت‌بات هوشمند بانک تجارت صحبت می‌کنید"
"خبر جدید چی داری؟","برای خواندن خبرهای جدید می‌توانید به سایت بانک تجارت یا سایت باشگاه مشتریان رجوع کنید."
"گارت خود را گم کرده‌ام، چیکار کنم؟","لطفا با ۱۵۵۴ تماس بگیرید تا همکاران راهنمایی کنند. البته می‌توانید با مراجعه به شعب بانک کرات جدید بگیرید ولی ابتدا از طریق نرم‌افزار همراه بانک کارت خود را غیر فعال کنید."
"در صورتی که تجارت کارت مفقود شود، نحوه ی مسدودی حساب در ساعات اداری چگونه است؟","شخص صاحب حساب همراه با کارت ملی خود به نزدیک ترین شعبه بانک تجارت مراجعه نموده و درخواست مسدود نمودن کارت خود را اعلام می نماید. همچنین مشتریان می توانند در صورت داشتن رمز های خدمات الکترونیکی، از طریق خدمات نوین (بانکداری اینترنتی، تلفنبانک و همراه بانک تجارت ) نیز حساب خود را مسدود نمایند."
"در صورتی که تجارت کارت مفقود شود، نحوه ی مسدودی حساب در ساعات غیر اداری چگونه است؟","برای مسدود نمودن کارت در ساعات غیر اداری مشتریان می توانند با شماره 1554 تماس گرفته و با کارشناسان این مرکز ارتباط برقرار نمایند. همچنین می توانند از طریق خدمات نوین (بانکداری اینترنتی ، تلفنبانک و همراه بانک تجارت ) حساب خود را مسدود نمایند."
"آیا صدور کارت برای حسابهای دفترچه ای امکان پذیر است؟","بله. در حال حاضرمشتریان با مراجعه به شعبه صادر کننده حساب می توانند درخواست صدور کارت بدهند."
"آیا صدور کارت مجدد از طریق همه ی شعب امکان پذیر است؟","بله. مشتریان می توانند با همراه داشتن کارت ملی خود به هر یک از شعب بانک تجارت جهت دریافت کارت جدید مراجعه نمایند."
"دریافت کد امنیتی کارت (CVV2) از چه روشی امکان پذیر است؟","کد CVV2 بر روی تجارت کارت درج شده است. درغیر این صورت مشتریان می بایست ضمن مراجعه به یکی از خودپردازهای بانک تجارت و انتخاب منوی سایرخدمات، گزینه تعیین رمز دوم اینترنتی ثابت، نسبت به تعریف یک رمز بین 5 تا 12 رقم اقدام نموده و سپس در رسید چاپی کد CVV2 و تاریخ انقضای کارت به مشتریان ارائه می شود."
"دریافت رمز دوم اینترنتی کارت از چه روشی امکان پذیر است؟","مشتریان با مراجعه به یکی از خودپردازهای بانک تجارت، با انتخاب منوی سایرخدمات و گزینه تعیین رمز دوم اینترنتی، نسبت به تعریف یک رمز بین 5 تا 12 رقم می توانند اقدام کنند. همچنین به منظور فعالسازی رمز پویا باید به آدرس key.tejaratbank.ir مراجعه کنند."
"درصورت فراموشی رمز کارت چه باید کرد؟","مشتریان جهت دریافت رمز جدید با همراه داشتن کارت ملی خود می توانند به یکی از شعب بانک تجارت مراجعه نمایند."
"آیا با تعویض کارت رمز دوم کارت تغییر می کند؟","رمز دوم ثابت کارت تغییر می کند. در صورت تعویض کارت ضمن مراجعه به یکی از خودپردازهای تجارت، رمز دوم کارت خود را مجدداً تعریف کنید. ولی رمز دوم پویا تغییر نمی کند."
"اقدام لازم جهت رفع مسدودی کارتهایی که در اثر ثبت اشتباه رمز از طریق خودپرداز یا کارتخوان های فروشگاهی مسدود شده اند چیست؟","در چنین شرایطی برای رفع مسدودی کارت مشتریان باید به یکی از شعب بانک تجارت مراجعه نمایند، تا ضمن دریافت رمز جدید، کارت را نیز مجدداً فعال نمایند ."
"اقدام لازم جهت رفع مسدودی کارتهایی که از طریق 1554 مسدود شده اند چیست؟","در چنین شرایطی برای رفع مسدودی کارت مشتریان باید به یکی از شعب بانک تجارت مراجعه نمایند، تا ضمن دریافت رمز جدید، کارت را نیز مجدداً فعال نمایند."
"اعطای ابزار پرداخت فیزیکی (تجارت کارت) به کدام مشتریان امکان پذیر است؟","اعطای ابزار پرداخت فیزیکی (تجارت کارت) فقط برای حساب افراد بالاتر از 7 سال امکان پذیر است."
"برای حساب مجانین و اشخاص غیر رسید بالاتر از 18 سال تمام اختصاص چه ابزار پرداختی امکان پذیر است؟","بانک برای این افراد صرفا مجاز به اعطای کارت پرداخت فیزیکی (تجارت کارت) است."
"آیا کارت هدیه قابل شارژ می باشد؟","خیر. پس از استفاده از مبلغ کارت هدیه امکان شارژ مجدد آن وجود ندارد."
"کارت هدیه با چه مبالغی صادر می گردد؟","کارت هدیه تا سقف 20 میلیون ریال به صورت آنی در تمامی شعب صادر می شود. همچنین کارت های هدیه برای مشتریان گروهی پس از انعقاد تفاهم نامه بین سازمان متبوعه و بانک تجارت در سایر مبالغ نیز صادر می شود."
"آیا رمز دوم اینترنتی برای کارت هدیه صادر می گردد؟","بله. مشتریان با مراجعه به یکی از خودپردازهای بانک تجارت، انتخاب منوی سایرخدمات و گزینه تعیین رمز دوم اینترنتی ثابت، با تعریف یک رمز بین 5 تا 12 رقم می توانند نسبت به دریافت رمز دوم ثابت خود اقدام کنند."
"اقدام لازم در صورت منقضی شدن کارت هدیه چیست؟","مشتریان می بایست به یکی از شعب بانک تجارت مراجعه نموده تا نسبت به دریافت وجه نقد معادل مبلغ کارت هدیه منقضی شده اقدام نمایند."
"چگونه می توانم در طرح آسان خرید به عنوان مشتری (دارنده کارت) ثبت نام کنم؟","پرسنل بانک: با مراجعه به سایت آسان خرید به آدرس asankharid.tejaratbank.ir و ورود به حساب کاربری خود، در قسمت کارت آسان خرید>ثبت نام پرسنل، با تکمیل مشخصات و اطلاعات موردنیاز می توانند حساب کاربری خود را فعال نمایند. مشتریان حقیقی: مشتریان محترم میتوانند طی مراجعه به شعب بانک نسبت به ثبت نام محصول آسان خرید اقدام نمایند. مشتریان سازمانی: سازمان ها و موسسات محترم میتوانند طی مراجعه به شعب بانک نسبت به دریافت محصول آسان خرید برای پرسنل زیر مجموعه ی خود اقدام نمایند."
"چگونه به عنوان پذیرنده عضو شبکه آسان خرید شوم؟","در شبکه آسان خرید، شرکت کارت اعتباری ایران کیش به عنوان شریک تجاری بانک،مسئولیت جذب پذیرندگان،نصب و پشتیبانی پایانه های فروشگاهی و مدیریت سیستم را برعهده دارد.هم چنین متقاضیان می توانند جهت عقد قرارداد پذیرندگی محصول آسان خرید با شماره تلفن 02185944396 تماس حاصل نمایند."
"نام کاربری و رمز عبور من در پنل آسان خرید چیست؟","نام کاربری شامل شماره حسابی است که اعتبار آسان خرید بر روی آن شارژ گردیده که در خصوص پرسنل رسمی و قراردادی بانک همان شماره حساب کارت خرید ایشان است."
"میزان اعتبار تخصیصی به هر فرد چه میزان است؟","پرسنل بانک: اعتبار تخصیص یافته به پرسنل 2 برابر مجموع چهار آیتم اول فیش حقوقی ایشان (حقوق پایه، حق جذب، حق عائله مندی و اولاد) و قابل افزایش تا 500میلیون ریال با توثیق سفته مانند مشتری حقیقی می باشد. حداکثر اعتبار قابل تخصیص به هریک از خریداران عضو شبکه آسان خرید برابر ضوابط تا سقف 2میلیارد ریال می باشد. مشتریان معرفی شده از سوی سازمان: برابر ضوابط تا سقف 500 میلیون ریال که با درخواست منطقه و تایید مدیریت امور قابل افزایش تا سقف 2 میلیارد ریال می باشد."
"چگونه سقف اعتبار آسان خرید خود را افزایش دهم؟","پرسنل: صدور کارت آسان خرید تا سقف پانصد میلیون ریال و در قبال سفته برای کارکنان بانک تجارت (اعم از شاغل و بازنشسته) در شعب امکانپذیر می باشد. لازم به ذکر است اعتبار جدید همکاران برروی کارت خرید آنان شارژ نمی گردد لذا باید نسبت به معرفی شماره تجارت کارت جدیدی اقدام نمایند. مشتریان به صورت انفرادی: مشتریان می توانند طی مراجعه به شعبه با افزایش میزان وثیقه نسبت به افزایش اعتبار خود تا سقف قانونی اقدام نمایند."
"اکانت مشتری منقضی شده است، چگونه اکانت خود را فعال نماید؟","به دلیل اتمام مهلت 12 ماهه استفاده از اعتبار مصرفی و یا در صورت تغییر وضعیت از شاغل به بازنشسته و ابطال از طریق شعبه، اکانت مشتریان منقضی می گردد. در این موارد لازم است ضمن بررسی، بابت تمدید مهلت استفاده 1- مشتریان عادی رابه مراجعه به شعبه ثبت نام کننده 2- پرسنل بانک: ورود خود شخص به پنل کاربری اش و انتخاب گزینه تمدید اعتبار راهنمایی کرد. در مورد پرسنل بازنشسته بانک این احتمال وجود دارد که حساب کارت آسان خرید ایشان به دلیل راکد بودن حساب مسدود و نک حساب بسته شده باشد. در این حالت لازم است شخص با اداره جبران خدمات بانک به شماره 66415031 تماس حاصل نموده و ضمن بررسی وضعیت حساب آسان خرید، نسبت به احیای حساب یا افتتاح حساب جدید از طریق اداره جبران خدمات اقدام نماید.( درصورت افتتاح حساب جدید و صدور کارت جدید، پس از گذشت 48 ساعت اکانت فعال می گردد.)"
"چگونه می توانم مانده اعتبار و وضعیت اقساط خود را مشاهده نمایم؟","از طریق ورود به پنل شخصی آسان خرید و یا با مانده گیری بر روی دستگاه های پوز دارای قابلیت آسان خریدی این امکان وجود دارد."
"شماره کارت آسان خریدم تغییر کرده است، چه اقدامی انجام دهم؟","با تغییر شماره کارت در سیستم صدور کارت شعبه، در پنل آسان خرید نیز اطلاعات از سامانه صدور کارت فراخوانی و به صورت خودکار تغییر شماره کارت در سامانه آسان خرید رخ می دهد. در مواردی که این اتفاق صورت نگرفته لازم است 1- پرسنل بانک: وارد پنل شخصی خود شده و گزینه به روز رسانی را انتخاب نمایند. 2- مشتریان عادی به شعبه ثبت نام کننده جهت انجام بروزسانی در پنل آسان خرید شعبه مراجعه نمایند."
"چرا مشتری نمی تواند از اعتبار خود استفاده کند؟","در این موارد لازم است وضعیت اکانت(فعال بودن یا منقضی شدن)، مهلت استفاده از اعتبار آسان خرید و رعایت سقف اقساط از سوی کاربر بررسی گردد."
"روش استفاده از اعتبار آسان خرید در دیجی پی چیست؟(سفر مشتری)","1- مراجعه به اپلیکیشن یا وب سایت دیجی کالا 2-انتخاب کالا، زمان و مکان تحویل 3-انتخاب گزینه خرید با کارت اعتباری در زیر سیستم شیوه پرداخت 4- گزینه پرداخت 5-انتخاب گزینه تجارت آسان خرید6-مشاهده سهم پرداخت نقدی و اعتباری (امکان ویرایش مبلغ اعتباری وجود دارد) 7- پرداخت 5 درصد مبلغ کالا به صورت نقد از هر کارت شتابی 8- انتقال به درگاه اعتباری ایران کیش پس از 15 ثانیه به منظور پرداخت بخش اعتبار آسان خرید(تفاوت قیمت نقدی و اقساطی (معادل 10 درصد سبد خرید) از اعتبار آسان خرید کسر می گردد بنابراین همواره اعتبار خود را به میزان 10 درصد سبد خرید حفظ کنید) 9- ورود اطلاعات کارت آسان خرید (داشتن رمز پویا الزامی است) 10- پرداخت موفق و کسر اعتبار آسان خرید و شروع اقساط نکته: در سفر جدید مشتری نیازی به مراجعه و فعالسازی کیف پول دیجی پی نیست."
"خرید موفق بوده اما کالا از سمت دیجی کالا تامین نشده و یا انصراف از خرید زدم، چه اقدامی انجام دهم؟","در این حالت مبلغ معادل قیمت کالا در کیف پول مشتری شارژ می گرددکه مشتری می تواند مجدد از کیف پول دیجی پی خود در بستر دیجی کالا خرید نماید. لازم است در دیجی کالا ابتدا در قسمت دیجی کالای من> مدیریت کیف پول، کیف پول خود را فعال نماید و به میزان موجودی شارژ شده در کیف پول مجدد خرید نماید. نکته: در زمان پرداخت گزینه کیف پول انتخاب گردد. در صورت نیاز به راهنمایی بیشتر با شماره تماس 61930400 پشتیبانی دیجی پی تماس حاصل گردد."
"با وجود خرید ناموفق برایم اقساط ایجاد و از اعتبارم کسر شده، چه اقدامی بکنم؟","در این حالت بایستی مشتری درخواست مکتوب خود را (ترجیحا مستندات شامل عکس از صفحه خرید ناموفق و یا پیام خرید ناموفق به همراه مشخصات فردی( نام نام خانوادگی، کدملی، موبایل، شماره حساب آسان خرید) و مبلغ خرید و تاریخ تراکنش ) از طریق شعبه یا منطقه ( در خصوص همکاران به صورت نامه از اداره شاغل در آن به صورت اتوماسیونی ) به اداره بانکداری شخصی ارسال نمایند تا پس از مراحل اداری اقساط و اسناد بازگشت داده شود."
"چرا کارت آسان خرید من کار نمی کنه؟","معمولا با مراجعه به شعبه ثبت نام کننده و انجام به روز رسانی، غیرفعال سازی و فعال سازی مجدد در پنل آسان خرید مشکل مرتفع می گردد. در غیر این صورت اطلاعات به ایران کیش اعلام شود."
"چرا با وجود تامین وجه اقساط از حسابم کسر نمی شود؟","اطلاعات مشتری (نام و نام خانوادگی، کدملی و شماره حساب آسان خرید ) اخذ و به ایران کیش جهت بررسی و اقدام اعلام گردد."
"آیا شماره تلفن همراه باید متعلق به همان کدملی باشد؟","بله، در ضمن ورود به اپلیکیشن یا وب سایت دیجی پی باید با شماره تلفن همراه ثبت نامی صورت پذیرد."
"خریدهای انجام شده از دیجی کالا در چند قسط کسر میشود؟","بازپرداخت تمام خریدها 11 قسط بوده و قابل تغییر نیست."
"آیا نحوه ی استفاده از کارت آسان خرید همانند سایر کارتهای بانکی است؟","خرید با اعتبار آسان خرید فقط در دستگاههای کارتخوان آسان خرید و درگاههای اینترنتی خاص خود قابل انجام است."
"در هنگام خرید، علاوه بر کارت آسان خرید، آیا میتوان از کارتهای بانکی دیگر استفاده کرد؟","بله، شما این امکان را خواهید داشت که بخشی از مبلغ سبد خرید خود را از کارت آسان خرید و بخشی دیگر را به صورت نقدی از سایر کارت ها پرداخت نمایید."
"کارمزد دیجی پی چه زمانی باید پرداخت شود؟","در مرحله ی پرداخت، لازم است کارمزد دیجی پی را از سایر کارتهای بانکی خود بصورت نقدی پرداخت کنید. پس از آن، در صورت موفق بودن پرداخت کارمزد، به درگاه پرداخت مخصوص کارتهای اعتباری تجارت هدایت میشوید و .مبلغ اعتباری را پرداخت خواهید کرد."
"آیا برای استفاده از اعتبار کارت آسان خرید، محدودیت مبلغ وجود دارد؟","بله، حداقل مبلغ قابل پرداخت از طریق اعتبار کارت آسان خرید 250 هزار تومان و حداکثر 300 میلیون تومان است."
"آیا برای استفاده از اعتبار کارت آسان خرید، محدودیت کالایی وجود دارد؟","بله، در حال حاضر امکان خرید کالاهای سوپرمارکتی و کارت هدیه وجود نداشته ولی خرید مابقی کالاها امکانپذیر است."
"پیغام “کارت مسدود یا منقضی است” که هنگام خرید در سایت نمایش داده میشود، به چه معناست و چه اقدامی باید انجام شود؟","به این معنی است که کارت آسان خرید شما از سمت بانک تجارت مسدود شده یا تاریخ استفاده از آن به اتمام رسیده است، شما باید جهت بررسی، با بانک (شعبه ثبت نام کننده) تماس حاصل کنید."
"پس از پرداخت مبلغ نقدی، پرداخت اعتباری با مشکل مواجه شده است، چه کاری باید انجام دهم؟","در این حالت، مبلغ کسر شده از کارت های شتابی، ظرف 72 ساعت به حساب بازگشت داده خواهد شد، شما میتوانید مجدد اقدام به خرید کنید."
"اقساط به چه صورت پرداخت می شود؟","اقساط از طریق واریز به حساب تعریف شده در بانک تجارت در تاریخ های مشخص شده در سررسید خرید شما کسر می شود. در صورتیکه از طریق سازمان خود اقدام به دریافت کارت آسان خرید کرده اید، مبلغ اقساط از حساب حقوقی معرفی شده کسر می شود."
"امکان استفاده از طرح آسان خرید برای کاربرانی که سیستم عامل تلفن همراه آنها iOS است، به چه صورت است می باشد؟","کاربرانی که سیستم عامل گوشی موبایل آنها iOS است میتوانند از طریق نسخه وب اپلیکیشن دیجیپی به آدرس app.mydigipay.com از آسان خرید تجارت استفاده کنند."
"چگونه می توانم از وضعیت اقساط و مانده اعتبار خود مطلع شوم؟","برای مشاهده وضعیت اقساط و مانده اعتبار خود، می توانید به پنل آسان خرید به نشانی asankharid.tejaratbank.ir مراجعه نموده و در بخش گزارشات در قسمت گزارش اقساط مشتری، وضعیت اقساط و مانده اعتبار خود را مشاهده نمایید."
"چگونه می توانم کارت آسان خرید تهیه کنم؟","متقاضیان دریافت کارت آسان خرید میتوانند از طریق افتتاح حساب بلندمدت (سپرده گذاری) یا قرار دادن وثیقه هایی چون سند ملکی، اوراق مشارکت، سهام پذیرفته شده در تالار اصلی بورس، سفته یا ترکیبی از وثیقه ها، نسبت به عضویت در شبکه آسان خرید بانک تجارت و دریافت کارت خرید اقدام کنند. مشتریانی که از طریق سپرده گذاری اقدام به عضویت در شبکه آسان خرید میکنند، سود بانکی به سپرده شان تعلق میگیرد. افتتاح حساب در بانک تجارت برای افرادی که ازطریق وثیقه متقاضی دریافت کارت آسان خرید هستند، الزامی است. سازمانها، ادارات، مؤسسات و شرکتها نیز میتوانند از طریق امضای تفاهمنامه و انعقاد قرارداد با بانک تجارت، کارکنان خود را برای عضویت در شبکه آسان خرید و استفاده از این طرح معرفی کنند."
"شرایط فعالسازی کارت آسان خرید برای پرسنل بانک به چه صورت است؟","اعتبار آسان خرید پس از گذشت یک سال کامل، برای تمامی پرسنل بانک قابل استفاده است. در این حالت پرسنل مشمول باید شخصا به سامانه آسان خرید به آدرس asankharid.tejaratbank.ir مراجعه و در قسمت کارت آسان خرید در بخش ثبت نام پرسنل، نسبت به فعالسازی اکانت آسان خرید خود که به صورت سیستمی به محض تکمیل یک سال از گذشت استخدام برایشان ایجاده شده، اقدام نمایند."
"چگونه به سامانه آسان خرید وارد شوم؟","جهت ورود به سامانه آسان خرید از بخش ورود کاربران وارد شده، در قسمت نام کاربری، شماره حساب آسان خرید خود را درج، سپس گزینه'ارسال کد به شماره همراه' را انتخاب نموده و رمز ورود یکبار مصرف خود را به صورت پیامکی دریافت و وارد نمایند."
"لیست پذیرندگان آسان خرید را از کجا پیدا کنم؟","لیست پذیرندگان در صفحه ی اینترنتی محصول به آدرس asankharid.tejaratbank.ir قابل مشاهده است."
"آیا برداشت از حساب در سایر شعب کارمزد دارد؟","بله. برداشت از حساب، به غیر از شعبه باز کننده حساب مشمول دریافت کارمزد می گردد."
"وصول چک های سحر از سایر بانک ها از چه طریقی امکان پذیر است؟","چک های سحر از طریق سیستم کلر، پس از یک روز کاری از سایر بانک ها قابل وصول است."
"وصول چک های سحر از طریق سایر شعب تجارت به چه صورت است؟","چک های سحر از تمامی شعب بانک تجارت ضمن پرداخت کارمزد، به صورت لحظه ای قابل وصول هستند."
"شرایط و هزینه های اجاره صندوق اجاره ای به چه صورت است؟","اشخاص حقوقی و حقیقی که مطابق قانون اهلیت انجام معامله داشته و دارای هر نوع حساب نزد بانک تجارت باشند میتوانند طبق ضوابط از خدمات صندوقهای اجاره ای بانک استفاده نمایند . متقاضیان استفاده از صندوق اجاره ای در صورت نداشتن حساب در بانک ملزم به افتتاح حساب قرض الحسنه پس انداز هستند . اجاره صندوق ، شخصی و اسمی بوده و قابل انتقال به دیگری نیست و فقط اجاره کننده میتواند از آن استفاده نماید ، اجاره صندوقها ، بصورت نقدی ، برای مدت یکسال دریافت میگردد و برای مدت کمتر از یکسال نیز مدت اجاره یکساله محسوب خواهد شد . مشتری می بایست علاوه بر اجاره بهاء بعنوان وثیقه مبلغی را براساس تعرفه تعیین شده مربوط به بانک بسپارد. مبلغ مذکور در صورتیکه مشتری هیچگونه بدهی ناشی از استفاده از صندوق به بانک نداشته باشد در خاتمه اجاره عیناً پس از فسخ قرارداد به وی مسترد می شود ."
"چک بین بانکی رمزدار قابلیت واگذاری به غیر را دارد؟","خیر. چک رمزدار جهت حساب مشخصی صادر شده و فقط قابلیت واگذاری به همان حساب را دارد."
"رفع سوء اثر چک های برگشتی به چه صورت می باشد؟","رفع سوء اثر چک های برگشتی به 5 روش انجام می شود: 1.تأمین موجودی 2.ارائه لاشه چک 3.ارائه رضایت نامه محضری ذی نفع چک به شعبه 4.واریز مبلغ چک به حساب جاری و مسدود نمودن آن به مدت 2 سال 5.سپری شدن مدت 7 سال از تاریخ صدور گواهی نامه عدم پرداخت چک."
"مدت زمان لازم برای رفع سوء اثر چک های برگشتی که اقدامات لازم در خصوص آنها انجام نگرفته چقدر است؟","سپری شدن مدت 7 سال از تاریخ صدور گواهی نامه عدم پرداخت هر چک، سوابق بصورت خودکار از سامانه اطلاعاتی بانک مرکزی رفع سوء اثر می گردد."
"چه نوع ارزهایی برای افتتاح حساب ارزی مورد قبول است؟","افتتاح حسابهای ارزی به ارزهای یورو، پوند انگلیس، دلار آمریکا، ین ژاپن، فرانک سوئیس، درهم امارات به نام تمامی اشخاص حقیقی و حقوقی ایرانی و خارجی بلامانع است. همچنین افتتاح حساب با استفاده از سایر ارزهای جهان روا منوط به هماهنگی با اداره خزانه داری و روابط با کارگزاران است."
"درصورت واگذاری چک سایر بانکها در بانک تجارت پس از چند روز وصول میگردد؟","مبلغ چکی که موعد آن رسیده است از طریق سیستم چکاوک پس از یک روز کاری، به حساب مشتریان واریز می گردد."
"سقف انتقال وجه ساتنا و پایا از طریق شعب چه مبلغی است؟","انتقال وجه پایا از طریق شعب برای مبالغ معادل یا کمتر از یک میلیارد ریال و انتقال وجه ساتنا از طریق شعب برای مبالغ بیشتر از 500 میلیون ریال انجام می گردد."
"کارمزد انتقال وجه شتابی کارت به کارت به چه میزان است؟","کارمزد انتقال وجه شتابی کارت به کارت تا مبلغ 10میلیون ریال معادل 7000 ریال، بوده و به ازای هر 10 میلیون ریال، مبلغ 2600 ریال اضافه می شود."
"آیا چک های برگشتی مشمول دریافت کارمزد می شوند؟","بله. در صورتیکه دستور عدم پرداخت چکهای بانک تجارت (چک برگشتی) صادر شود کارمزد مربوطه توسط شعبه از صاحب حساب جاری کسر می شود."
"چگونه می توان مبلغ و تعداد تراکنش های اشخاص کمتر از 18 سال را کنترل یا برای آن سقف تعیین کرد؟","امکان کنترل و تعیین سقف برای مبلغ و تعداد تراکنش ها با درخواست نماینده قانونی صاحب حسابی که کمتر از 18 سال سن دارد فراهم است."
"اختیار نماینده قانونی در مورد ابزارهای پرداخت فعال شده برای حساب اشخاص محجور چگونه غیر فعال می شود؟","در صورت رفع حجر صاحب حساب همه ابزارهای پرداختی در اختیار نماینده قانونی صاحب حساب غیر فعال شده و در صورت مراجعه شخص دارنده حساب و احراز هویت وی در شعبه بانک فعال می شود."
"آیا بانکداری اینترنتی برای اشخاص حقوقی راه اندازی شده است؟","بله. سرویس اینترنت بانک این امکان را برای مشتریان حقوقی فراهم می آورد تا بسیاری از امور بانکی خویش ، از جمله دریافت صورتحسابهای بانکی با تعداد گردش تراکنش های بیشتر ، انتقال وجه به حسابهای معرفی شده و سایر حسابها ، پرداخت قبوض و مدیریت دستورهای پرداخت و نیز دسترسی به حساب های زیرمجموعه را از طریق این سیستم و با ورود به سایت اینترنت بانک انجام دهند."
"سقف انتقال وجه به حساب های بانک تجارت از طریق تلفن بانک چه مبلغی می باشد؟","سقف انتقال وجه از طریق تلفن بانک تجارت به حساب های تعریف شده روزانه 150،000،000ریال و برای حساب های تعریف نشده مبلغ 30،000،000ریال می باشد."
"سقف انتقال وجه به حساب های بانک تجارت از طریق موبایل بانک چه مبلغی می باشد؟","سقف انتقال وجه از طریق سرویس موبایل بانک تجارت به حسابهای تعریف شده در فرم ثبت نام روزانه، بدون محدودیت و برای حسابهای تعریف نشده 500.000.000 ریال می باشد."
"سقف انتقال وجه به حساب های بانک تجارت از طریق اینترنت بانک چه مبلغی می باشد؟","سقف انتقال وجه از طریق اینترنت بانک تجارت به حسابهای تعریف شده در فرم ثبت نام ، نامحدود و برای سایرحسابها (حسابهای تعریف نشده) با رمز مبلغ 500.000.000 ریال و با دستگاه تولید رمز (Token) بدون محدودیت در هر روز می باشد."
"امکان خرید شارژایرانسل از چه بسترهایی امکان پذیر است؟","خرید شارژ ایرانسل از طریق نرم افزار موبایل بانک تجارت، خدمات اینترنتی کارت، دستگاه های خودپرداز و دستگاه های POS فروشگاهی امکان پذیر است."
"امکان خرید شارژ همراه اول از چه بستر هایی امکان پذیر است؟","خرید شارژ همراه اول از طریق نرم افزار موبایل بانک تجارت، خدمات اینترنتی کارت، دستگاه های خودپرداز و دستگاه های POS فروشگاهی امکان پذیر است."
"دریافت نرم افزار موبایل بانک تجارت از چه روشی امکان پذیر است؟","مشتریان می توانند با مراجعه به سایت بانک تجارت و ورود به بخش سامانه همراه بانک تجارت، نرم افزار متناسب با مدل گوشی خود را دانلود و نصب نمایند."
"خدمات انتقال وجه انفرادی پایا از طریق اینترنت بانک تا چه ساعتی امکان پذیر است؟","ساعت پذیرش دستور پرداخت توسط سرویس پایا از طریق اینترنت روزهای شنبه لغایت پنجشنبه از ساعت 6 صبح الی 19:30 می باشد."
"خدمات انتقال وجه ساتنا از طریق اینترنت بانک تا چه ساعتی امکان پذیر است؟","ساعت پذیرش دستور پرداخت توسط سرویس ساتنا از طریق اینترنت:مقطع زمانی - شروع خاتمه شنبه تا چهارشنبه 7:30 15:45 پنجشنبه 7:30 12:45"
"نحوه استفاده از دستگاه تولید رمز (Token) به چه صورت می باشد؟","با فشار دادن کلید توکن را روشن کنید. پس از مشاهده نمودن عبارت PIN - - - - رمز پیش فرض 1234 را وارد کنید. سپس توکن عبارت APPLI - را نشان می دهد شما مجاز به وارد کردن عدد 1و یا 2 هستید. کلید 1 را فشار دهید رمز یکبار مصرف بر روی صفحه نمایش نشان داده می شود. توجه داشته باشید که در هر مرحله اگر توکن خاموش شد می توانید دوباره توکن را روشن کنید و رمز جدید دریافت کنید. توسط کلید می توانید کاراکتر اشتباه وارد شده را پاک کنید و یا به مرحله قبل باز گردید. برای خاموش کردن توکن از کلید استفاده کنید در غیر اینصورت توکن پس از 30 ثانیه بطور خودکار خاموش می شود."
"چگونه می توان رمز ورود به توکن را تغییر داد؟","ابتدا توکن را توسط کلید روشن کنید. پس از مشاهده عبارت APPLI - کلید را فشار دهید و 2 ثانیه نگه دارید. سپس عبارت NEW PIN - - - - ظاهر می شود، حال رمز جدید خود را وارد کنید و با مشاهده عبارت PIN CONF - - - - رمز جدید را تکرار کنید. در اینصورت رمز شما تغییر می یابد و از این پس برای روشن کردن توکن از رمز جدیدی که ایجاد کردید به جای رمز پیش فرض 1234 استفاده کنید."
"سیستم مدیریت پرداخت شامل چه نوع پرداختهایی می شود؟","خدماتی که مشتریان می توانند از طریق سیستم « مدیریت پرداخت » به صورت ماهیانه انجام دهند می باید دارای ویژگی های ذیل باشد : 1. پرداخت با مبالغ ثابت باشد . 2. دارای توالی پرداخت ماهیانه باشد . 3. دارای دوره پرداخت مشخص باشد ( دارای تاریخ شروع و تاریخ آخرین پرداخت باشد ) 4. حساب مخاطب نزد بانک تجارت باشد . خدمات دستور پرداخت می تواند شامل یک یا تعدادی از این موارد باشد : انجام پس انداز برای خانواده ، شارژ ساختمان ، پرداخت اقساط ،‌پرداخت مساعده با مبلغ ثابت توسط شرکتها ، کمک به موسسات خیریه ، پرداخت اجاره ساختمانها ،‌پرداخت حوالجات مستمر و . . ."
"آیا انتقال وجه شتابی از بانک سوم امکان پذیر است؟","بله. با برقراری امکان انتقال وجه سه جانبه بین بانکی، هریک از دارندگان کارت های عضو شتاب می توانند به دستگاه های خودپرداز هریک از بانکها مراجعه نموده و پس از انتخاب منوی انتقال وجه شتابی نسبت به جابجایی وجه تا سقف 30،000،000 ریال، به کارت بانک ثالث اقدام نمایند .بر این اساس در انتقال سه وجهی دستگاه خودپرداز صرفاً مربوط به بانک مبدأ و مقصد نبوده و می تواند یکی از دستگاههای خودپرداز سایر بانکهای فعال در این طرح باشد."
"شناسه شبا را از چه روش هایی می توان بدست آورد؟","شناسه شبا روی دفترچه حسابها و دسته چک ها چاپ می شود. همچنین از طریق نرم افزار همراه بانک تجارت، تلفنبانک تجارت، خودپردازهای بانک تجارت و سایت بانک تجارت نیز می توان شناسه مورد نظر را دریافت نمود."
"تغییر زبان موبایل بانک از چه طریقی امکان پذیر است؟","کد های دستوری زیر را جهت تغییر زبان موبایل بانک می توانید به شماره 100080 ارسال نمایید: انتخاب زبان فارسی پیامک لحظه ای برای یک حساب مشخص شماره حساب*61* انتخاب حروف انگلیسی پیامک لحظه ای برای یک حساب مشخص شماره حساب*62* انتخاب زبان فارسی پیامک لحظه ای برای کلیه حسابها 61* انتخاب حروف انگلیسی پیامک لحظه ای برای کلیه حسابها 62*"
"آیا استفاده از خدمات اینترنتی پایا و ساتنا برای تمامی حسابها امکان پذیر است؟","استفاده از خدمات اینترنتی پایا و ساتنا برای کلیه حساب های لحظه ای (Online) بانک تجارت امکان پذیر است."
"نحوه درخواست ایجاد درگاه پرداخت اینترنتی تجارت در سایت ارائه دهندگان خدمات و کالا به چه صورت می باشد؟","متقاضیان (صاحبان فروشگاههای الکترونیکی) می توانند در صورت دارا بودن نماد اعتماد الکترونیکی جهت استفاده از خدمات درگاه پرداخت اینترنتی در سایت خود، به شعب بانک تجارت مراجعه نمایند."
"روش دریافت نماد اعتماد الکترونیکی به چه صورت می باشد؟","دریافت نماد اعتماد الکترونیکی بعنوان یکی از شروط و مدارک مورد نیاز جهت دریافت خدمات درگاه پرداخت اینترنتی بانک برای فروشگاههای الکترونیکی می باشد. نماد اعتماد الکترونیکی مربوط به فروشگاههای اینترنتی بوده و به نهادهای دولتی تسری پیدا نمی نماید. لذا متقاضیان می توانند از طریق آدرس الکترونیکی: www.enamad.ir <http://www.enamad.ir> نماد اعتماد الکترونیکی دریافت نمایند."
"سقف انتقال وجه از طریق خدمات پایا و ساتنای اینترنتی چه مبلغی می باشد؟","سقف انتقال وجه از سامانه پایا در یک شبانه روز در محیط اینترنت بانک مجموعاً مبلغ 600،000،000 ریال (در 4 مرحله 150،000،000 ریالی) و انتقال وجه از سامانه ساتنا در یک شبانه روز در محیط اینترنت بانک با رمز از 150،000،000 تا 500،000،000 ریال و با دستگاه تولید رمز (Token) تا 2 میلیارد ریال می باشد."
"انتقال وجه شتابی از چه بسترهایی امکان پذیر می باشد؟","انتقال وجه شتابی از طریق سایت بانک تجارت قسمت خدمات اینترنتی کارت، دستگاههای خودپرداز، نرم افزار موبایل بانک تجارت (نرم افزار اندروید و IOS) و دستگاههای Pin Pad داخل شعب امکان پذیر می باشد."
"سقف انتقال وجه شتابی چه مبلغی می باشد؟","سقف انتقال وجه شتابی در یک شبانه روز 30،000،000 ریال می باشد."
"جهت استفاده از خدمات اینترنت بانک چه اقداماتی باید انجام گیرد؟","مشتریان می توانند به نزدیک ترین شعبه بانک تجارت در سراسر کشور مراجعه و پس از تکمیل فرم تقاضا نسبت به برقراری سرویس مذکور برای هر یک از حسابهای بانکی خود و دریافت رمزهای مربوطه اقدام نمایند. سپس به منظور ارتباط با این سرویس و انجام امور بانکی می توانند پس از ورود به سایت اینترنتی بانک به نشانی www.tejaratbank.ir و انتخاب گزینه بانکداری الکترونیک، ورود به سامانه اینترنت بانک و انتخاب سامانه جدید اقدام نمایند."
"جهت استفاده از خدمات موبایل بانک چه اقداماتی باید انجام گیرد؟","مشتریان می توانند به نزدیک ترین شعبه بانک تجارت در سراسر کشور مراجعه و پس از تکمیل فرم تقاضا نسبت به برقراری سرویس مذکور برای هر یک از حسابهای بانکی خود و دریافت رمزهای مربوطه اقدام نمایند. سپس جهت دریافت نرم افزار همراه بانک به سایت بانک تجارت مراجعه نموده و نرم افزار متناسب با مدل گوشی را دریافت و روی گوشی همراه خود نصب نمایند."
"جهت استفاده از خدمات تلفنبانک چه اقداماتی باید انجام گیرد؟","مشتریان می توانند به شعبه مراجعه و پس از تکمیل فرم تقاضا نسبت به برقراری سرویس مذکور برای هر یک از حسابهای بانکی خود و دریافت رمزهای مربوطه اقدام نمایند. جهت ارتباط با سیستم تلفنبانک در تهران با شماره 81277 و در شهرستان ها علاوه بر امکان ارتباط از طریق شماره تلفنبانک متمرکز استان مربوطه از طریق شماره 81277-021 نیز امکانپذیر خواهد بود."
"دریافت صورتحساب از بانکداری اینترنتی برای چه دوره هایی امکان پذیر است؟","در بانکداری اینترنتی امکان دریافت صورتحساب تا 18 ماه اخیر و حداکثر تا 300 گردش آخر وجود دارد."
"نحوه بازیابی رمز شارژ تلفن همراه خریداری شده از طریق موبایل بانک به چه صورت است؟","ابتدا وارد نرم افزار موبایل بانک تجارت شده پس از انتخاب منوی شارژ سیم کارت، دفترچه سیاه رنگ را انتخاب و در آخر با زدن گزینه به روز رسانی می توانید نسبت به بازیابی شارژ اقدام نمایید."
"آیا دریافت دستگاه تولید رمز (Token (هزینه دارد؟","بله. هزینه دستگاه تولید رمز ( Token) 200هزار ریال می باشد."
"سقف برداشت وجه نقد ازدستگاه خودپرداز چه مبلغی می باشد؟","در حال حاضر سقف برداشت وجه نقد از دستگاه های خودپرداز تجارت 2 میلیون ریال می باشد."
"تغییر رمز موبایل بانک از چه روشی امکان پذیر است؟","مشتریان می توانند برای تغییر رمز موبایل بانک ابتدا منوی حساب ها و کارت ها را انتخاب، از لیست بازشونده همه حسابها را انتخاب نموده و روی شماره حساب مورد نظر کلیک نمایید تا پنجره مربوط به تغییر رمز باز شده و رمز موبایل بانک را به دلخواه تغییر دهند ."
"تغییر رمز تلفنبانک از چه روشی امکان پذیر است؟","مشتریان برای تغییر رمز تلفن بانک پس از ارتباط با شماره تلفن 02181277 و یا تلفن بانک متمرکز استان خود می بایست شماره حساب و رمز اول تلفن بانک را وارد نمایند. سپس با انتخاب کلید شماره 3 می توانند رمز اول تلفن بانک خود را تغییر دهند. جهت تغییر رمز دوم تلفن بانک می بایست بعد از انتخاب کلید شماره 5 ، کلید شماره 3 را انتخاب نموده و نسبت به تغییر رمز اقدام نمایند."
"تغییر رمز اینترنت بانک از چه روشی امکان پذیر است؟","- مشتریان جهت تغییر رمز بانکداری اینترنتی می بایست ابتدا از آدرس www.ib.tejaratbank.net وارد بانکداری اینترنتی شده، منوی تنظیمات و سپس گزینه تغییر رمز بانکداری اینترنتی را انتخاب نمایند. نهایتاً رمز عبور فعلی و جدیدرا وارد و تایید نمایند."
"تغییر رمز دوم اینترنتی از چه روشی امکان پذیر است؟","مشتریان می بایست به دستگاههای خودپرداز بانک تجارت مراجعه نمایند، از منوی سایر خدمات تعیین رمز دوم اینترنتی را انتخاب کرده، رمز دلخواه خود را بین 5 تا 12 رقم وارد نموده و سپس تأیید نمایند. دستگاه خودپرداز برگه ای حاوی تاریخ انقضای کارت و CVV2 به مشتریان ارائه میکند. قابل ذکر است این عملیات می تواند چندین بار توسط مشتری بدون داشتن رمز قبلی انجام شود."
"روش معرفی شماره کارت مبدأ تجارت در نرم افزار موبایل بانک چیست؟","مشتریان می بایست پس از دریافت آخرین نسخه موبایل بانک ، از منوی حساب ها و کارت ها در نرم افزار موبایل بانک گزینه (+ کارت) را انتخاب و اطلاعات درخواستی شامل شماره کارت ، عنوان، cvv2 و تاریخ انقضای کارت را وارد نمایند. (نکته قابل توجه اینکه قبلاً جهت ثبت نام و دریافت رمز موبایل بانک به شعبه مراجعه شود.)"
"روش انتقال وجه شتابی از طریق موبایل بانک چیست؟","بعد از اینکه شماره کارت به عنوان حساب مبدا به نرم افزار موبایل بانک اضافه شد (به طریق ذیل از منوی حساب ها و کارت ها در نرم افزار موبایل بانک گزینه (+ کارت) را انتخاب و اطلاعات درخواستی شامل شماره کارت ، عنوان، cvv2 و تاریخ انقضای کارت را وارد نمایند. نکته قابل توجه اینکه قبلاً جهت ثبت نام و دریافت رمز موبایل بانک به شعبه مراجعه شود.)، ابتدا روش اتصال نرم افزار به مرکز را به صورت اینترنتی تنظیم نموده، سپس از منوی انتقال وجه قسمت حساب مبدأ، شماره کارت تجارت که قبلا تعریف شده است را انتخاب کرده، در قسمت بعد با رعایت حداکثر سقف انتقال وجه که در این قسمت 30 میلیون ریال می باشد، مبلغ مورد نظر را وارد نموده، در مرحله آخر شماره کارت مقصد را ثبت و عملیات انتقال وجه را انجام دهید."
"آیا امکان ارسال پیامک تراکنشها برای حسابهای حقوقی و مشترک وجود دارد؟","بله. حساب های حقوقی،‌ امکان دریافت پیامک مانده صبحگاهی برای حداکثر سه نفر از مدیران شرکت (صاحبان امضاء) را دارند و برای حساب های مشترک حقیقی نیز امکان دریافت پیامک لحظه ای، حداکثر برای دونفر از صاحبان حساب ایجاد گردیده است."
"نحوه فعال سازی پیامک ارسال تراکنش ها به چه صورت است؟","مشتریان می توانند با مراجعه به یکی از روش های ذیل اقدام نمایند: 1- با مراجعه به یکی از شعب بانک تجارت و تکمیل فرم ثبت نام خدمات نوین جهت فعالسازی پیامک لحظه ای اقدام نمایند.2- در صورت داشتن رمز تلفنبانک تجارت و شماره گیری 81277 021و یا تلفنبانک استان خود پس از وارد نمودن شماره حساب و رمز خود ، از طریق منوی شماره 4 نسبت به فعال سازی ارسال تراکنش های لحظه ای اقدام نمایند. 3- همچنین مشتریان در صورتیکه دارای حساب کارت باشند می توانند با داشتن رمز دوم اینترنتی و CVV2 ضمن مراجعه به سایت بانک تجارت ، قسمت درگاه خدمات اینترنتی کارت و انتخاب منوی مدیریت ارسال پیامک لحظه ای نسبت به فعال سازی آن اقدام نمایند."
"آیا امکان استفاده از تجارت کارت و سایر ابزارهای پرداخت مانند همراه بانک، اینترنت بانک و تلفنبانک برای همه اشخاص دارای حساب در بانک امکان پذیر است؟","خیر. فعال سازی این ابزارها برای حساب های اشخاص کمتر از 7 سال ممنوع است."
"اعطای ابزار پرداخت برای (عملیات دریافت و پرداخت و انتقال وجه) از سوی بانک به چه اشخاصی ممنوع است؟","اشخاص محجور"
"آیا امکان انتقال وجه پایا از طریق موبایل بانک تجارت وجود دارد؟","بله. مشتریان می توانند از طریق موبایل بانک (نرم افزار اندورید و IOS) با انتخاب منوی انتقال وجه پایا و داشتن شناسه شبای حساب مقصد، وجه مورد نظر خود را تا سقف 150.000.000 ریال، روزانه به سایر بانکها انتقال دهند."
"شرایط دریافت وام ازدواج به چه صورت است؟","متقاضیان دریافت وام ازدواج می توانند در سامانه تسهیلات ازدواج بانک مرکزی به آدرس ve.cbi.ir ثبت نام کنند. تمامی متقاضیان معرفی شده توسط این سامانه براساس آدرس عقدنامه به نزدیکترین شعبه تحت پوشش معرفی شده و پس از تعیین شعبه توسط مدیریتهای شعب، اطلاعات به صورت لحظه ای به بانک مرکزی ارسال می شود تا متقاضیان ضمن مراجعه مجدد به سایت و با مشخص شدن نام و آدرس شعبه مورد نظر جهت اخذ تسهیلات با مدارک مورد نیاز به شعبه مراجعه کنند. متقاضی طبق مدارک اعلام شده در سامانه می بایست ظرف مدت زمانی که از طرف سایت اعلام می شود به شعبه تعیین شده مراجعه کند در غیر اینصورت اطلاعات مربوطه از سایت حذف و متقاضی باید نسبت به ثبت نام مجدد اقدام کند."
"شرایط افتتاح حساب جاری چیست؟","متقاضی 18 سال شمسی تمام داشته باشد، دارای سواد خواندن و نوشتن باشد، حداقل یک نفر از مشتریان که نزد بانک تجارت حساب سپرده قرض الحسنه جاری دارد معرف متقاضی جهت افتتاح حساب باشد، نداشتن سابقه چک برگشتی، تکمیل کارت حساب سپرده قرض الحسنه جاری توسط مشتری در حضور متصدی افتتاح حساب مزبور با درج کامل مشخصات کدملی، شناسنامه و درج نشانی کامل محل سکونت و محل کار متقاضی همراه با کدپستی و شماره تلفن برای تماس، مشتری در حضور متصدی ، کارت نمونه امضاء را امضاء نماید. پس از تکمیل کارت حساب سپرده قرض الحسنه جاری لازم است کارت توسط رئیس و یا معاون شعبه بررسی و درصورت تأیید امضاء گردد و کارت مزبور بدون خط خوردگی تنظیم شود."
"شرایط افتتاح حساب کارت چیست؟","کسب اطمینان از اعتبار مشتری (ارائه اصل و کپی شناسنامه و کارت ملی)، تکمیل و امضا تعهد نامه و فرم تقاضای صدور کارت توسط مشتریان."
"نرخ سود سپرده های کوتاه مدت ویژه و سپرده های بلند مدت چقدر است؟","کوتاه مدت 10% یکساله 16% دو ساله 18%"
"در صورت فراموشی رمز ورود به همراه بانک تجارت چه باید کرد؟","به منظور تعیین رمز جدید، در صفحه ورود همراه بانک، با لمس گزینه ثبت نام/فراموشی رمز وارد سامانه خدمات غیرحضوری بانک تجارت به آدرس my.tejaratbank.ir نمایش داده می‌شود که گزینه فراموشی رمز خدمات نوین در این قسمت موجود است. همچنین می‌توان به یکی از شعب بانک تجارت در سراسر کشور مراجعه و با تکمیل فرم درخواست رمز، رمز جدید دریافت نمود."
"از چه طریقی می توان رمز ورود و رمز همراه بانک را تغییر داد؟","از 3 طریق: 1- پس از ورود به همراه بانک، در بخش حساب کاربری، منوی تنظیمات، تغییر رمز ورود، با وارد کردن رمز فعلی، می‌توانید رمز ورود را به رمز دلخواه تغییر دهید. 2- از طریق مراجعه به سامانه خدمات غیرحضوری بانک تجارت به آدرس my.tejaratbank.ir و انتخاب گزینه فراموشی رمز همراه بانک تجارت. 3- از طریق مراجعه به شعب بانک تجارت و تکمیل فرم درخواست رمز"
"آیا امکان حذف حساب ها وجود دارد؟","در همراه بانک تجارت امکان حذف حساب وجود ندارد و به منظور غیرفعالسازی آن باید به یکی از شعب بانک تجارت مراجعه نمود. در صورت تمایل برای عدم نمایش حساب مورد نظر، در منوی جزییات، گزینه عدم نمایش را انتخاب کنید. به منظور بازگرداندن حساب مورد نظر، در بخش حساب کاربری، در منوی تنظیمات، مدیریت حساب و کارت برای نمایش حساب یا کارت پنهان شده کاربرد دارد."
"آیا امکان اضافه کردن حساب های سایر افراد خانواده وجود دارد؟","با توجه به فرآیند شناسایی حساب‌ها بر اساس کد ملی، امکان افزودن حساب سایر افراد با کد ملی دیگر برای یک شخص وجود ندارد."
"علت دریافت پیغام نام کاربری یا رمز ورود شما به مدت یک ساعت مسدود شده است چیست؟","کاربر، رمز ورود را سه مرتبه اشتباه وارد کرده است"
"آیا در صورت عدم دسترسی به اینترنت، می‌توان از همراه بانک تجارت استفاده کرد؟","در سیستم عامل اندروید، امکان برقراری ارتباط با پیامک نیز وجود دارد که در این صورت، صرفا خدمات زیر در همراه بانک قابل ارائه است: دریافت موجودی حساب و کارت، انتقال وجه حساب به حساب، پرداخت قبض از حساب و کارت"
"آیا امکان افزودن کارت شتابی به همراه بانک تجارت وجود دارد؟","بله، این امکان برای کاربران همراه بانک تجارت فراهم شده است"
"امکاناتی که در بخش ورود شتابی وجود دارد چیست؟","این امکان برای ورود کاربران میهمان (کاربرانی که در همراه بانک تجارت ثبت نام نکرده باشند) فراهم شده است. در این بخش، خدمات مربوط به حساب غیرفعال بوده و صرفا خدمات کارت در دسترس کاربران خواهد بود"
"آیا اطلاعاتی که در مدیریت مقصد ثبت شده است با پاک کردن نسخه همراه بانک از بین می رود؟","خیر، با توجه به امکان بهره برداری همراه بانک تجارت از فضای ابری، این اطلاعات پاک نخواهد شد"
"اگر بانک عامل اپلیکشین یا نرم‌افزار نداشته باشد، مشتری که دارای چک جدید صیاد است چکار باید انجام دهد؟","می تواند حضوری به شعبه مراجعه کند."
"آیا چک صیاد طرح قدیم طبق روال قبل قابل داد و ستد است؟","بله تا زمان پایان برگ‌های دسته چک های قدیمی و دریافت دسته چک های با ظاهر و مندرجات جدید، صدور و نقل و انتقال چک‌ها به شکل سابق انجام می شود."
"هیات مدیره یک شرکت یا افرادی که حق امضا دارند، کدام یک اگر چک برگشتی داشته باشند، مشکل‌زا است؟‌","در اصلاحیه جدید سال 1397 قانون صدور چک علاوه بر شخص صاحب حساب، وکیل یا کننده (اعم از مدیر یا سایر کنندگان شرکت) که اقدام به صدور (امضاء) چک به نیابت از شخص صاحب حساب می کنند، مسؤلیت داشته و مشمول محرومیت های قانونی می شوند."
"استفاده از چک‌های جدید برای افرادی که به اینترنت دسترسی ندارند چگونه است؟","می توانند حضوری به شعبه مراجعه کنند."
"چکی که از کسی گرفته می‌شود و چند دست چرخیده به چه صورت است؟","نقل و انتقال چک ها با ظاهر و مندرجات جدید در صورت ثبت مراتب انتقال در سامانه صیاد بلامانع است و در مورد چک های صادره از دسته چک های قدیم، نقل و انتقال عادی چک همانند گذشته بلامانع است."
"اگر چک برای ضمانت بوده و تاریخ نداشته باشد به چه صورت است؟","صدور چک با ظاهر و مندرجات جدید در هر صورت مستلزم ثبت در سامانه صیاد است. صدور چک برای ضمانت بلامانع است اما چک بدون تاریخ اساساً قابل وصول نیست. وصول چنین چکی منوط به درج تاریخ است و بانک برای پرداخت وجه به ضمانی بودن آن ترتیب اثر نخواهد داد."
"آیا می توان چک‌های قدیمی را تا برگ آخر در وجه حامل صادر کرد؟","چک‌های قدیمی به شکل سابق می‌تواند کارسازی شده و در وجه حامل نیز صادر شوند."
"ظهر نویسی چک به چه روالی می شود؟","از تاریخ اعلام بانک مرکزی، ظهرنویسی چک های کاغذی ممنوع بوده و انتقال چک مستلزم ثبت مراتب در سامانه صیاد خواهد بود."
"عضو هیئت مدیره یک شرکت که دارای چک برگشتی است آیا در چک شخصی خود نیز به مشکل بر می‌خورد؟","در صورتیکه عضو هیات مدیره جزو امضاداران چک برگشتی نباشد در چک شخصی خود به مشکل برخورد نمی کند."
"اگر مندرجات برگه چک با اطلاعات سامانه صیاد مغایر باشد تکلیف چیست؟","ملاک اعتبار و محوریت با اطلاعات سامانه صیاد است و در صورت مغایرت، بانک از پرداخت وجه چک خودداری می‌کند. در ادامه درصورت درخواست دارنده چک، بانک نسبت به صدور گواهی عدم پرداخت اقدام می‌کند."
"آیا کسانی که دارای بدهی غیرجاری هستند نیز طبق قانون جدید می توانند دسته چک دریافت کنند؟","خیر این اشخاص مطابق ضوابط ابلاغی بانک مرکزی اساساً امکان افتتاح حساب جاری و یا دریافت دسته چک جدید را نخواهند داشت."
"آیا با ابلاغ قانون جدید صدور چک هنوز هم صدور چک برای ضمانت امکان‌پذیر است؟","بله ولی مستلزم ثبت مراتب صدور در سامانه صیاد است. (در مورد چک های با ظاهر و مندرجات جدید)"
"اگر چک در سامانه صیاد ثبت نشود چه می شود؟","مشمول الزامات و سازوکارهای مقرر در قانون صدور چک نخواهد بود و صرفاً به عنوان یک سند مدنی مؤید طلب است."
"وظیفه ثبت چک در سامانه صیاد با چه شخصی است؟","حسب مورد بر عهده صادرکننده (در مقام صدور) یا دارنده (در مقام انتقال) است."
"ممنوعیت صدور چک در وجه حامل شامل کدام چک‌هاست؟","شامل تمامی چک ها با ظاهر و مندرجات جدید که زمان توزیع آن توسط بانک مرکزی اعلام می‌شود."
"آیا محرومیت‌های ناظر بر صدور کارت‌های جدید بانکی شامل کارت‌های المثنی و یا تمدید کارت‌های قبلی مشتریان هم می شود؟","بله. با توجه به اطلاق قانون تمامی عملیات کارت ها را شامل می شود"
"کسانی که دریافت کننده چک هستند از کجا بدانند صادرکننده در سامانه صیاد صدور آن را ثبت کرده است؟","دریافت چک‌های صادره از دسته چک‌های جدید مستلزم ورود به سامانه صیاد و ثبت تأییدیه (تأیید دریافت) توسط گیرنده است."
"سلام","با سلام شما با چت‌بات هوشمند بانک تجارت صحبت می‌کنید"
"سلام خوبین؟","با سلام شما با چت‌بات هوشمند بانک تجارت صحبت می‌کنید"
"خبر جدید چی داری؟","برای خواندن خبرهای جدید می‌توانید به سایت بانک تجارت یا سایت باشگاه مشتریان رجوع کنید."
"کارت خود را گم کرده‌ام، چیکار کنم؟","لطفا با ۱۵۵۴ تماس بگیرید تا همکاران راهنمایی کنند. البته می‌توانید با مراجعه به شعب بانک کرات جدید بگیرید ولی ابتدا از طریق نرم‌افزار همراه بانک کارت خود را غیر فعال کنید."
"خداحافظ مرسی ممنون روز خوبی داشته باشید","اوقات خوشی را برایتان آرزومندیم."
"مدارک مورد نیاز در مراجعه به شعبه عامل بابت طرح کسبنو، از سوی متقاضی شامل چه مواردی است؟","• مدارک احراز هویت کامل: شناسنامه/ کارت ملی • مدارک کسبی : پروانه کسب/ اجاره نامه/کارت مباشرت/ استشهادنامه مبنی بر تایید فعالیت متقاضی در فروشگاه مربوطه • تکمیل فرم های افتتاح حساب جاری با دسته چک و ... ارائه شده از سوی بانک لازم به ذکر می باشد تکمیل فرم ها رأساً توسط شخص متقاضی صورت می پذیرد."
"آیا شماره تلفن همراه اعلام شده از سوی متقاضی به بانک در طرح کسبنو، لزوما بایست به نام شخص وی ثبت شده باشد؟","بله، تطابق شماره تلفن همراه اعلامی از سوی متقاضی به بانک با کد ملی وی از طریق سامانه شاهکار استعلام و تایید می گردد."
"در صورتی که پروانه کسب به نام متقاضی نباشد، امکان ارائه طرح کسبنو به وی وجود دارد؟","بله، در صورتی که متقاضی، اجاره نامه فروشگاه، یا کارت مباشرت و یا استشهادنامه ارائه نماید، امکان ارائه طرح کسبنو به وی وجود دارد، به نحوی که صاحب کسب و کار بودن وی در آن فروشگاه برای شعبه محرز گردد."
"آیا امکان انتخاب شعبه ای غیر از شعب عامل منتخب در فاز اول طرح کسبنو برای متقاضی وجود دارد؟","خیر، در فاز اول متقاضیان صرفا می توانند از بین شعب منتخب بانک بر اساس موقعیت جغرافیایی خود و سهولت دسترسی، یکی از آن شعب را به عنوان شعبه عامل خود انتخاب نمایند. در غیر اینصورت برخورداری از مزایای طرح کسبنو در فاز دوم برای ایشان امکان پذیر می باشد."
"قبل از تخصیص اعتبار در طرح کسبنو، افتتاح چند حساب برای مشتری مورد نیاز می باشد؟","2حساب، شامل حساب قرض الحسنه جاری با دسته چک از گروه 21 و حساب بدهکاران تی‌بی‌پلاس از گروه 419"
"آیا در صورتی که مشتری در بانک تجارت دارای حساب باشد، نیاز به افتتاح حساب جدید در طرح کسبنو می‌باشد؟","در صورتی که مشتری در شعبه دیگری از بانک تجارت غیر از شعبه عامل دارای حساب قرض‌الحسنه جاری با دسته چک باشد، ترجیحاً افتتاح حساب جاری کارت در شعبه عامل کفایت می‌نماید."
"سقف فردی تخصیص اعتبار برای هر متقاضی در طرح کسبنو به چه میزان است؟","سقف فردی اعتبار تخصیصی در فاز اول پنج میلیارد ریال و در فاز دوم تا 50 میلیارد ریال قابل افزایش می باشد. مبلغ اعتبار تخصیصی بر اساس ظرفیت سنجی صورت گرفته از سوی شعبه و متناسب با حجم فعالیت فروشگاه تعیین می گردد."
"مدت مجاز استفاده از اعتبار تخصیصی در طرح کسبنو چند ماه/سال می باشد؟","مدت اعتبار تخصیصی 12 ماه و با قابلیت شارژ مجدد می باشد، به نحوی که پس از بازپرداخت اعتبار مصرفی در سررسید، اعتبار به همان میزان شارژ می گردد."
"آیا مشتری امکان استفاده از اعتبار تخصیص یافته در طرح کسبنو ، برای خرید از چند تأمین کننده معرفی شده در سامانه تی‌بی‌پلاس را دارد؟","بله، خرید از چند تأمین کننده که در طرح کسبنو حضور دارند تاسقف اعتبار تخصیصی امکان پذیر است."
"مدت بازپرداخت اعتبار مصرفی در طرح کسبنو چقدر می باشد؟","مدت بازپرداخت اعتبار مصرفی از یک تا شش ماه بصورت دفعتاً واحده و بر اساس شرایط تعیین شده توسط تأمین کننده متغیر می باشد، لذا کارمزد طرح نیز متناسب با سررسید اعتبار تعیین می گردد."
"آیا از کارت اعتباری کسبنو می توان برای سایر تراکنش های بانکی استفاده نمود؟","خیر، از این کارت تنها در طرح کسبنو و جهت خرید اعتباری از تأمین کنندگان حاضر در این طرح مورد استفاده قرار می گیرد."
"آیا در مرحله تخصیص اعتبار در طرح کسبنو، نیاز به اخذ گواهی تبصره یک ماده 186 قانون مالیات های مستقیم می باشد؟","خیر، مطابق روال جاری اخذ گواهی مذکور در ایجاد تعهدات ضروری نمی‌باشد."
"در فرایند تخصیص اعتبار طرح کسبنو، آیا نیاز به ایجاد قرارداد در منوی تسهیلات می باشد؟خیر نیازی نیست. بعد از ثبت وثائق در سیستم شعبه مراحل تخصیص اعتبار ازطریق پورتال سازمانی در سامانه تی‌بی‌پلاس انجام می شود.,"
"در هنگام تعریف وثایق در منوی مربوطه مربوط به طرح کسبنو ، نوع پوشش وثیقه چه چیز انتخاب گردد؟","پوشش کلی عمومی"
"حداقل مبلغ وثیقه قابل قبول در طرح کسبنو به چه میزان است؟","حداقل وثیقه مورد نیاز به میزان 125% مبلغ اعتبار تخصیصی می باشد."
"در صورت عدم بازپرداخت اعتبار استفاده شده توسط مشتری در موعد مقرر در طرح کسبنو، لازم است شعب چه اقدامی انجام دهند؟","در صورت عدم تأمین موجودی در حساب توسط مشتری برای پرداخت اقساط، حساب بدهکاران تی‌بی‌پلاس گروه 419 بدهکار خواهد شد. همچنین شعبه همواره نسبت به پیگیری وصول قسط سررسید شده اقدام و در صورت عدم تسویه اقساط مذکور لازم است در اسرع وقت نسبت به اقدام بر روی چک های دریافتی از مشتری اقدام نماید."
"تاریخ سررسید چک دریافتی بابت تامین کافی در طرح کسبنو، چه تاریخی است؟","تاریخ سررسید چک برابر با تاریخ انعقاد قرارداد می باشد."
"آیا دریافت چک غیر صیادی از متقاضی در طرح کسبنو مجاز می باشد؟","خیر. صرفا چک دریافتی بابت تامین کافی از نوع صیادی قابل قبول است."
"لازم است چک دریافتی بابت تامین کافی در طرح کسبنو، عهده کدام بانک باشد؟","چک متقاضی دریافت اعتبار الزاماً باید از چک صیادی بانک تجارت باشد."
"در قسمت در وجه چک توضیحات و درج عنوان در طرح کسبنو به چه صورت باید باشد؟","لازم است چک ها در وجه بانک تجارت و شناسه ملی بانک صادر و بدون درج هرگونه توضیحات،کلمات و عبارات اضافی باشد. همچنین صرفاً برگه چک های متقاضی تعهدات قابل اخذ بوده و پذیرش ضمانت از طریق ظهر نویسی چک های اشخاص ثالث ممنوع باشد."
"آیا ثبت چک ها توسط متقاضی تعهدات در طرح کسبنو ضرورت دارد؟","بله، ضمن اخذ چک صیادی، لازم است چک توسط متقاضی تعهدات ثبت گردد. همچنین در فیلد بابت، 'پرداخت قرض و تادیه دیون (قرض الحسنه، بدهی و.....)' انتخاب و ثبت گردد."
"آیا نیازی به تایید چکهای ثبت شده متقاضی در طرح کسبنو توسط شعبه می باشد؟","بله، لازم است شعب در سامانه پیچک نسبت به تأیید چک های صیادی دریافتی اقدام نمایند."
"آیا امکان تسویه اقساط در طرح کسبنو زودتر از تاریخ سررسید وجود دارد؟","خیر، اقساط در تاریخ سررسید به صورت خودکار از حساب مشتری کسر می گردد. لذا تامین موجودی کافی در حساب وی ضروری است."
"در صورت بروز مشکل، نیاز به راهنمایی و یا کسب اطلاعات بیشتر در مورد طرح کسبنو با چه شماره پشتیبانی تماس بگیرم؟","جهت کسب اطلاعات بیشتر و یا دریافت راهنمایی در خصوص طرح کسبنو میتوانید با شماره پشتیبانی این طرح تماس برقرار کنید. 02166400844"
"طرح زنجیره موبایل بانک تجارت چیست؟","در طرح زنجیره موبایل بانک تجارت به فروشگاه های تلفن همراه اعتبار تخصیص داده می شود که از تامین کنندگان و وارد کنندگان تلفن همراه که عضو این طرح می باشند، می توانند خرید اعتباری انجام دهند."
"مبلغ اعتبار تخصیصی به فروشگاه‌ها تلفن همراه در طرح زنجیره موبایل بانک تجارت چقدر می‌باشد؟","سقف مبلغ اعتبار تخصیص در طرح زنجیره موبایل بانک تجارت 5 میلیارد ریال می باشد"
"مدت زمان اعتبار تخصیص یافته به فروشگاه‌های تلفن همراه در طرح زنجیره تلفن همراه بانک تجارت چه میزان می باشد؟","مدت زمان اعتبار تخصیص داده شده به فروشگاه‌های تلفن همراه در طرح زنجیره موبایل بانک تجارت 1 ساله می باشد"
"مدت باز پرداخت اعتبار مصرف شده توسط فروشگاه تلفن همراه در طرح زنجیره چند وقته می‌باشد؟","14 روزه"
"قیمت خرید موبایل و لوازم جانبی از سامانه تی بی پلاس (TB+) چگونه می‌باشد؟","101 درصد قیمت خرید نقدی موبایل و لوازم جانبی می‌باشد"
"باز پرداخت اعتبار مصرفی در طرح زنجیره طی چند قسط می‌باشد؟","1 قسط بصورت دفعتا واحده"
"حق عضویت در طرح زنجیره موبایل بانک تجارت چقدر می باشد؟","حق عضویت در طرح زنجیره موبایل بانک تجارت 1 میلیون ریال می باشد"
"از اعتبار تخصیص داده شده در طرح زنجیره چند بار در سال می توان استفاده کرد؟","با هر بار تسویه اعتبار مصرف شده دوباره شارژ اعتبار جهت مصرف مجدد صورت می گیرد."
"مخاطبان سامانه تی بی پلاس (TB+) چه اقشاری می باشند؟","مخاطبان سامانه تی بی پلاس فروشگاه های موبایل و تامین کنندگان موبایل می باشند"
"اعتبار سنجی مشتریان در سامانه تی بی پلاس (TB+) چگونه صورت می گیرد؟","اعتبار سنجی مشتریان در سامانه تی بی پلاس از طریق سامانه بومی رتبه بندی اعتباری ایرانیان"
"در طرح زنجیره اعتبار بالای 3 میلیارد ریال به کدام رتبه‌های اعتباری تخصیص داده می شود؟","فقط رتبه های اعتباری A و B"
"چه وثایقی جهت تخصیص اعتبار بالای 3 میلیارد ریال در سامانه تی بی پلاس (TB+) از مشتریان A و B دریافت می شود؟","دو نفر ضامن معتبر، اخذ سفته یا چک از متقاضی و قرارداد"
"در سامانه تی بی پلاس (TB+) به مشتریان با کدام رتبه اعتباری، اعتبار تخصیص داده می شود؟","به مشتریان با رتبه اعتباری A ، B و C"
"تی بی پلاس (TB+) بانک تجارت چیست؟","تی بی پلاس (TB+) بانک تجارت، اولین سامانه B2B BNPL کشور می باشد که داد و ستد اعتباری اصناف و کسب و کارها را فراهم نموده است"
"در صورت فراموشی رمز عبور سامانه تی بی پلاس(TB+) چه اقدامی مورد نیاز است؟","'شماره همراه و کد امنیتی را وارد کنید 'کد پیامک شده به شماره همراه خود را وارد کنید 'رمز یکبارمصرف جدید به شماره همراه شما ارسال میشود.'پس از ورود به سامانه، باید نسبت به اعلام رمز جدید اقدام نمایند."
"پروتکل تغییر رمز عبور سامانه تی بی پلاس (TB+) شامل چه مواردی است؟","استفاده از 8 کاراکتر، حداقل یک حرف کوچک و یک حرف بزرگ، یک نماد(مانند#، *، @ و ...) و عدد در انتخاب رمز عبور ضروری است. همچنین رمز عبور به حروف کوچک و بزرگ حساس می باشد"
"در هنگام ورود شعبه به سامانه تی بی پلاس (TB+)، مواجه شدن با پیام 'کاربری یافت نشد' به چه معناست؟","بدین معناست که برای رییس شعبه نام کاربری و رمز عبور برای ورود به سامانه تی بی پلاس تعریف نگردیده و لازم است در این خصوص با اداره بانکداری اصناف تماس حاصل نمایند."
"آیا مشتریان فاقد رتبه اعتباری امکان دریافت اعتبار را دارند؟","بله، مشتریان فاقد رتبه اعتباری همانند مشتریان دارای رتبه A و B می توانند از اعتبار تی بی پلاس استفاده نمایند."
"برای استفاده از سامانه تی بی پلاس (TB+) در صورتی که مشتری در بانک تجارت دارای حساب باشد، نیاز به افتتاح حساب جدید می باشد؟","در صورتی که حساب وی از نوع قرض الحسنه جاری با دسته چک باشد، نیاز به افتتاح حساب جدید نیست ."
"مبلغ وثیقه در تی بی پلاس (TB+) بانک تجارت به چه میزان می­باشد؟","حداقل به میزان 125% مبلغ اعتبار تخصیص یافته وثیقه در نظر گرفته می­شود."
"آیا مشتری امکان استفاده از اعتبار تخصیص یافته، برای خرید از چند تامین کننده معرفی شده در سامانه تی بی پلاس (TB+) را دارد؟","بله، خرید از چند تامین کننده گوناگون که در یک زنجیره (به عنوان مثال زنجیره تلفن همراه) قرار دارند امکان پذیر است."
"در صورت عدم بازپرداخت اعتبار استفاده شده توسط مشتری طرح زنجیره تلفن همراه در موعد مقرر، چه پیامدهایی برای مشتری خواهد داشت؟","در صورت عدم تأمین موجودی در حساب مشتری برای پرداخت اقساط پیگیری وصول قسط سررسید شده توسط شعب انجام می گیرد و در صورت عدم تسویه اقساط مذکور لازم است حداکثر ظرف مدت 10 روز نسبت به اقدام بر روی سفته/چک های دریافتی از مشتری و ضامنین وی اقدام نماید."
"برای استفاده از طرح زنجیره تلفن همراه، چه تاریخ سررسیدی بر روی چک وثیقه، درج گردد؟","تاریخ سررسید چک برابر با تاریخ انعقاد قرارداد می باشد."
"آیا برای استفاده از طرح زنجیره تلفن همراه، دریافت چک غیر صیادی از متقاضی و ضامن مجاز می باشد؟","خیر. صرفا چک وثیقه از نوع صیادی قابل قبول است."
"برای استفاده از طرح زنجیره تلفن همراه، لازم است چک های وثیقه عهده کدام بانک باشد؟","چک متقاضی دریافت اعتبار الزاماً از چک صیادی بانک تجارت و چک دریافتی از ضامنین، می تواند از نوع چکهای صیادی سایر بانک ها نیز باشد."
"در طرح زنجیره تلفن همراه برای دریافت چک وثیقه، در قسمت در وجه چک توضیحات و درج عنوان به چه صورت باید باشد؟","لازم است چک ها در وجه بانک تجارت و شناسه ملی بانک صادر و بدون درج هرگونه توضیحات،کلمات و عبارات اضافی باشد. همچنین صرفاً برگه چک های متقاضی تعهدات و ضامنین، قابل اخذ بوده و پذیرش ضمانت از طریق ظهر نویسی چک های اشخاص ثالث ممنوع باشد."
"آیا در طرح زنجیره تلفن همراه، ثبت چکها توسط متقاضی تعهدات و ضامنین ضرورت دارد؟","بله، ضمن اخذ چک صیادی، لازم است چکها توسط متقاضی تعهدات و ضامنین ثبت گردد. همچنین در فیلد بابت، 'پرداخت قرض و تادیه دیون (قرض الحسنه، بدهی و.....)' انتخاب و ثبت گردد."
"آیا در طرح زنجیره تلفن همراه نیازی به تایید چکهای ثبت شده متقاضی و ضامنین توسط شعبه می باشد؟","بله، لازم است شعب در سامانه پیچک نسبت به تأیید چک های صیادی دریافتی اقدام نمایند."
"در صورت بروز مشکل، نیاز به راهنمایی و یا کسب اطلاعات بیشتر در مورد طرح زنجیره ویا سامانه تی بی پلاس (TB+) با چه شماره پشتیبانی تماس بگیرم؟","جهت کسب اطلاعات بیشتر و یا دریافت راهنمایی در خصوص طرح زنجیره و یا سامانه (TB+) می‌توانید با شماره پشتیبانی این طرح تماس برقرار کنید. 02166400844"
"طرح ضمین بانک تجارت چیست؟","در این طرح به منظور مدیریت پرداخت های مدت دار خریداران عمده به فروشندگان (مثال : کشاورز، دامدار، باغدارو...) طراحی و پیاده سازی گردیده است و با تعداد زیادی فروشنده خرد و تعداد محدودی خریدار عمده روبرو هستیم. زمانی که مدل تسویه خریدار با فروشنده به صورت اعتباری باشد، بانک به عنوان طرف سوم، تعهد خریدار به فروشنده را تضمین می نماید."
"خریدار عمده برای دریافت خدمات طرح ضمین بانک تجارت ابتدا چه مراحلی را باید طی کند؟","در این طرح ابتدا، خریدار با مراجعه به شعبه عامل، پس از افتتاح حساب و تامین وثیقه مورد نیاز، اقدام به دریافت حد اعتباری یک ساله می نماید. به میزان ده درصد اعتبار تخصیص یافته، در قالب پیش پرداخت از سوی خریدار پرداخت خواهد شد و بانک طی آن، تعهد خریدار را تضمین می نماید."
"طرح ضمین بانک تجارت چه منافعی را برای خریداران فراهم آورده است؟","'ساماندهی روابط مالی حلقه های زنجیره توانمندسازی زنجیره های تامین، حذف چک از مراودات مالی حفظ کیفیت محصولات کشاورزی (کشاورزان، باغداران و ... انبارهای استاندارد جهت نگهداری محصولات خود را ندارند( 'افزایش توان خرید بواسطه هم تضمین بانک و هم تامین مالی از طرف بانک"
"طرح ضمین بانک تجارت چه منافعی را برای فروشندگان فراهم آورده است؟","اطمینان از دریافت به موقع مبلغ فاکتور تامین مالی فروشندگان (دریافت بخشی از مبلغ فاکتور به صورت نقدی) عدم پرداخت سود و کارمزد بابت شرکت در طرح مذکور ( سود تسهیلات و کارمزد برای فروشندگان، صفر می باشد.("
"اولین مرحله برای شرکت های خریدار جهت دریافت خدمات طرح ضمین چیست؟","مراجعه به شعب عامل، افتتاح حساب ( درصورت عدم وجود حساب تجارت) و تامین وثایق متناسب با اعتبار تخصیص یافته در طرح ضمین برای خرید از مشتریان در زنجیره تامین بر اساس ظرفیت سنجی، اعتبار سنجی و نظر ارکان اعتباری به صورت حد اعتباری سالانه صورت می پذیرد."
"مزیت های استفاده از طرح ضمین بانک تجارت برای خریداران چیست؟","ساماندهی روابط مالی حلقه های زنجیره توانمندسازی زنجیره های تامین حذف چک از مراودات مالی حفظ کیفیت محصولات کشاورزان و باغدارانی که انبارهای استاندارد برای نگهداری محصولات خودرا ندارند 'افزایش توان خرید به واسطه هم تضمین بانک و هم تامین مالی از طرف بانک"
"نحوه ثبت نام کسب و کارها در طرح ضمین بانک تجارت چگونه است؟","خریداران عمده که با مشتریان متعددی در ارتباط هستند و نیازمند تامین مالی در زنجیره می باشند، می­توانند با مراجعه به شعب منتخب خود و اعلام درخواست از بانک تجارت، مدارک مورد نیاز اعلام شده توسط شعبه را تحویل نموده و از مزایای این طرح بهره مند گردد."
"آیا برای اجرای طرح ضمین بانک تجارت شعب خاصی برای ارائه خدمات مشخص شده است؟","بله. در فاز اول اجرای طرح ضمین بانک تجارت شعب منتخب طرح ضمین مشخص گردیده است، که برای دریافت اطلاعات بیشتر می توانید به نزدیک ترین شعبه بانک تجارت مراجعه فرمایید."
"در صورتی که مشتری در بانک تجارت دارای حساب باشد، آیا نیاز به افتتاح حساب جدید در طرح ضمین بانک تجارت می باشد؟","خیر. در صورت وجود حساب در بانک تجارت، در فاز اول اجرای طرح، نیازمند به ایجاد حساب جدید نمی باشد."
"قبل از تخصیص اعتبار در طرح ضمین، افتتاح چند حساب برای مشتری مورد نیاز می باشد؟","در فاز اول اجرای طرح، یک حساب در بانک تجارت برای مشتریان مورد نیاز می باشد."
"مبلغ وثیقه برای مشتریان از نوع خریدار در طرح ضمین بانک تجارت، به چه میزان باید لحاظ گردد؟","وثیقه مورد نیاز برای مشتریان از نوع خریدار متناسب با میزان اعتبار و براساس اعتبارسنجی انجام شده و در قالب بخشنامه 4400 تعیین می گردد."
"آیا مشتری امکان استفاده از اعتبار تخصیص یافته، برای خرید از چند فروشنده حاضر در طرح ضمین بانک تجارت را دارد؟","بله. خریدار می تواند با ارائه فهرستی از مشتریان فروشنده، امکان استفاده از اعتبار را فراهم آورد."
"سقف فردی تخصیص اعتبار برای فروشندگان به ازای هر کد ملی در طرح ضمین بانک تجارت به چه میزان است؟","20 میلیارد ریال"
"مدت مجاز استفاده از اعتبار تخصیصی به خریدران در طرح ضمین بانک تجارت چه میزان می باشد؟","در قالب این طرح، حد اعتباری سالیانه برای شرکت های خریدار ایجاد می گردد."
"آیا از اعتبار طرح ضمین (زراعت کارت، شیلات کارت،...) می توان برای فروشندگان حاضر در سایر بخش­های صنعت استفاده نمود؟","خیر. در طرح ضمین، امکان استفاده از اعتبار تخصیص یافته صرفا برای فروشندگان حاضر در همان بخش وجود دارد ."
"آیا در طرح ضمین بانک تجارت، امکان عدم پرداخت مبلغ فاکتور به فروشنده از طرف خریدار وجود دارد؟","خیر. بانک متعهد می گردد مبلغ فاکتور را در سر رسید معین شده به حساب فروشنده واریز نماید."
"فقط کسب و کارهای حقوقی امکان استفاده از طرح ضمین بانک تجارت را دارند؟","کلیه ی مشتریان حقوقی به عنوان خریدار، می­توانند درخواست استفاده از اعتبار در طرح ضمین را به شعب منتخب بانک تجارت اعلام نمایند. پس از بررسی صورتهای مالی مشتری متقاضی، سقف استفاده از اعتبار نیز مشخص می گردد. همچنین کلیه مشتریان حقیقی که محصول خود را به شرکت های خریدار حاضر در طرح فروخته اند امکان تنزیل تعهد خریدار را در بانک تجارت تا سقف 30% دارا می باشند."
"سررسید دستور پرداخت در طرح ضمین بانک تجارت در چه بازه ای می باشد؟","بازه زمانی دستور پرداخت ها در طرح ضمین بین 1 ماه الی 6 ماه متغیر می باشد."
"طرح ضمین بانک تجارت در چه صنایع و مشاغلی قابل پیاده سازی و در حال اجراست؟","این طرح رشته های مختلفی از صنعت از جمله کشاورزی، دامداری، شیلات و ... و براساس نوع رشته در حال اجرا می باشد، زیرگروه های مربوط به آن از قبیل زراعت کارت ضمین، دامدار کارت ضمین وشیلات کارت ضمین نیز برنامه ریزی شده است. به طور مثال در طرح ضمین در حوزه رشته صنعتی شیلات، از شیلات کارت ضمین استفاده می گردد و یا در حوزه کشاورزی از زراعت کارت ضمین استفاده می گردد."
"زراعت کارت ضمین شامل چه محصولات کشاورزی می باشد؟","بخش زراعت کارت شامل محصولاتی از قبیل زعفران، پسته، چغندر قند، خشکبار، برنج و ... می باشد."
"شیلات کارت ضمین شامل چه محصولات کشاورزی می باشد؟","بخش شیلات کارت ضمین شامل ماهی، میگو و ... می باشد."
"دامدارکارت ضمین شامل چه محصولاتی می باشد؟","بخش دامدارکارت ضمین شامل شیر، محصولات لبنی و ... می باشد."
"اعتبار تخصیص یافته به متعهد(خریدار) در طرح ضمین بانک تجارت بر چه اساس و مبنایی تعیین میگردد؟","سقف اعتبار متعهد بر اساس ظرفیت سنجی، اعتبار سنجی و نظر ارکان اعتباری به صورت حد اعتباری سالانه تعیین می گردد."
"مدت زمان سررسید تعهدات در طرح ضمین بانک تجارت برای فروشندگان چه میزان است؟","مدت زمان سر رسید دستور پرداخت از 1 ماه تا حداکثر 6 ماه قابل اجرا می باشد."
"در صورت عدم ایفای تعهدات توسط خریدار،در طرح ضمین بانک تجارت، بانک چه اقدامی صورت می­دهد؟","در صورت عدم تامین موجودی توسط خریدار در سررسید مقرر (عدم ایفای تعهدات)، مبلغ مورد نظر از حساب بدهکاران دستور پرداخت برداشت و مشمول جرایم تاخیر متناسب با ضوابط و مقررات جاری بانک می گردد (درحال حاضر 6 + 23 ) و پس از گذشت 2 ماه نیز به سرفصل مطالبات مشکوک الوصول انتقال می یابد."
"سود تسهیلات زراعت کارت ضمین برای فروشندگان چند درصد است؟","این محصول بانک تجارت با پرداخت تسهیلات بدون سود و کارمزد به فروشندگان و تنظیم مراودات مالی شرکت ها و کشاورزان با هدف تقویت زنجیره تامین مالی محصولات و رشد کسب و کارهای خرد و بنگاه های تولیدی بنا نهاده شده است."
"مبلغ تسهیلات در طرح ضمین برای ذینفعان(فروشندگان) چه میزان است؟","ذینفعان می توانند تا 30 درصد از مبلغ فاکتور را بصورت نقدی دریافت نمایند."
"ذینفعان ( فروشندگان ) طرح ضمین بانک تجارت برای دریافت مبلغ فاکتور چه مراحلی را باید طی کنند؟","'مرحله اول : مراجعه فروشنده به دفتر خریدار و اخذ معرفی نامه جهت افتتاح حساب مرحله دوم : مراجعه به شعب منتخب بانک تجارت و ارائه معرفی نامه برای افتتاح حساب و صدور کارت مرتبط (زعفران کار، پسته کارت، شیلات کارت،...) مرحله سوم : تحویل کالا به خریدار و صدور فاکتور مرحله چهارم : مراجعه به شعبه و دریافت 30 درصد از مبلغ فاکتور به صورت نقدی"
"در صورت بروز مشکل، نیاز به راهنمایی و یا کسب اطلاعات بیشتر در مورد طرح ضمین با چه شماره پشتیبانی تماس بگیرم؟","جهت کسب اطلاعات بیشتر و یا دریافت راهنمایی در خصوص طرح ضمین میتوانید با شماره پشتیبانی این طرح تماس برقرار کنید.2166483568"
"باجت چیه؟","اپلیکیشن باجت، محصولی از شرکت سیمرغ تجارت بانک تجارت است. از طریق این اپلیکیشن امکان افتتاح حساب و ارائه آسان و سریع تسهیلات ازدواج و استفاده از راهکار ' الان خرید کن بعداً پرداخت کن' (BNPL)، بدون حضور در شعبه، صدور و ضمانت سفته به عنوان وثیقه بدون کاغذبازی و بسیاری خدمات دیگر وجود دارد."
"از کجا می‌تونم باجت رو دانلود کنم؟","اپلیکشن باجت را می‌توانید به راحتی از پلتفرم‌های معتبر همچون بازار، مایکت و وب سایت رسمی باجت به آدرس اینترنتی https://mybajet.ir/ دانلود کنید"
"شرایط لازم برای دریافت وام ازدواج تو اپلیکیشن باجت چیه؟","تاریخ وقوع عقد متقاضی از تاریخ 1/1/1398 به بعد باشد و همچنین تاکنون از وام ازدواج بانک مرکزی استفاده نکرده باشد. متولدین سال 1370 به بعد، امکان دریافت وام ازدواج در باجت را دارند استان محل تولد و محل سکونت متقاضی، تطابق داشته باشد . متقاضی، چک برگشتی و اقساط معوق نداشته باشد."
"چه موقعی امکان ثبت درخواست تسهیلات رو تو باجت دارم؟","پس از ثبت نام در سامانه تسهیلات ازدواج بانک مرکزی، امکان ثبت درخواست در اپلیکیشن باجت فراهم خواهد بود. همچنین متقاضی به مدت 12 روز کاری فرصت درخواست وام ازدواج در اپلیکیشن باجت را دارد."
"کارمزدهای تسهیلات ازدواج تو اپلیکیشن باجت چه قدره؟","کارمزد وام ازدواج باجت 278,500 ریال می‌باشد. کارمزد افتتاح حساب قرض‌الحسنه باجت و هزینه ارسال کارت و موجودی اولیه حساب در مجموع 835,300 ریال می‌باشد."
"اعتبار من چه چیزی رو نشون میده؟","رتبه اعتباری شما، میزان خوش حسابی‌تان در بازپرداخت اقساط تسهیلات را در کلیه بانک‌های زیرمجموعه بانک مرکزی نشان می‌دهد. این رتبه براساس موارد متعدّدی مانند روند بازپرداخت کلیه تسهیلات دریافتی شما در نظام بانکی کشور، وضعیت ضمانت شما برای سایر افراد، اقساط سررسید گذشته، چک برگشتی و بدهی‌های مالیاتی محاسبه می‌شود. شما می‌توانید رتبه اعتباری‌تان را از سامانه اعتبارسنجی ایرانیان دریافت کنید. ما نیز اطلاعات شما را از همین مجموعه دریافت می‌کنیم."
"چه نوع حسابی رو برای دریافت وام ازدواج لازم دارم؟","حساب قرض‌الحسنه بانک تجارت در یکی از شعب مجازی (زمرد یا باجت) در طی فرآیندی که بایستی در برنامه باجت برای دریافت تسهیلات ازدواج طی کنید به افتتاح حساب نیز هدایت می‌شوید. با تکمیل اطلاعات در این مرحله، حساب قرض‌الحسنه در شعبه مجازی باجت برای شما افتتاح خواهد شد."
"برای دریافت کارت چه کاری باید انجام بدم؟","در طی فرآیندی که بایستی در برنامه باجت برای دریافت وام ازدواج طی کنید، کدپستی خود را وارد می‌کنید. آدرس شما بر اساس این کدپستی تشخیص داده می‌شود. به صورت پیش‌فرض، کارت به این آدرس ارسال خواهد شد."
"چند تا ضامن باید تعریف کنم؟","براساس رتبه اعتباری شما، تعداد و شرایط ضامن‌های مورد نیاز برای معرفی متفاوت خواهد بود. توضیحات زیر در این زمینه به شما کمک می کند. می‌توانید رتبه اعتباری ضامن انتخابی خود را از وی بپرسید و یا با اطلاعات هویتی ایشان از طریق سامانه اعتبارسنجی ایرانیان، رتبه اعتباری‌شان را دریافت کنید. در برنامه باجت لازم است نام، نام خانوادگی، کد ملی، شماره تلفن همراه، کدپستی و تاریخ تولد ضامن انتخابی خود را به دقت مطابق با اطلاعات کارت ملّی ایشان وارد کنید تا ما به طور خودکار، رتبه اعتباری ضامن را تشخیص دهیم. همچنین ضامن معرفی شده نباید بیش از 3 بار ضمانت انجام داده باشد. اگر رتبه اعتباری شما A (ریسک خیلی کم) باشد، نیازی به معرفی ضامن ندارید. اگر رتبه اعتباری شما B (ریسک کم) باشد، به یک ضامن با رتبه اعتباری A یا B یا C نیاز دارید. در واقع یک ضامن که دارای یکی از رتبه های اعتباری A یا B یا C باشد، کفایت می‌کند. اگر رتبه اعتباری شما C (ریسک متوسط) باشد، به یک ضامن با رتبه اعتباری A یا B نیاز دارید. همچنین می‌توانید به جای یک ضامن با شرایط ذکرشده، دو ضامن معرفی کنید که هر یک دارای رتبه اعتباری C و یا یکی C و دیگری D باشند. اگر رتبه اعتباری شما D (ریسک زیاد) یا E (ریسک خیلی زیاد) یا F (فاقد رتبه) باشد، به یک ضامن با رتبه اعتباری A یا B نیاز دارید. همچنین می‌توانید به جای یک ضامن با شرایط ذکرشده، دو ضامن معرفی کنید که هر یک دارای رتبه اعتباری C باشند."
"برای معرفی ضامن، چه اطلاعاتی رو باید در اپلیکیشن وارد کنم؟","در برنامه باجت لازم است نام، نام خانوادگی، کد ملی، شماره تلفن همراه، کدپستی و تاریخ تولد ضامن انتخابی خود را به دقت مطابق با اطلاعات کارت ملی ایشان وارد کنید."
"مراحل امضای قرارداد توسط ضامن ها چیه؟","از ضامن‌هایتان درخواست کنید برنامه باجت را نصب و به بخش 'تسهیلات ازدواج' و سپس 'ضمانت‌های من' مراجعه کنند. در این بخش، ضامن اطلاعات هویتی خود را (که توسط شما در مرحله قبلی وارد شده) وارد و قرارداد مرتبط با تسهیلات شما را، امضا می‌کند. بعد از امضا ضامن‌ها، امضا قرارداد برای متقاضی در باجت فعال خواهد شد. پیگیری شما در انجام این مراحل توسط ضامن‌ها قطعا موجب پیشبرد هر چه سریع‌تر فرآیند دریافت تسهیلات ازدواج می‌شود."
"علت عدم امکان درخواست وام ازدواج تو باجت چیه؟","در صورت اتمام اعتبار یک استان و یا افزایش بیش از حد مراجعین در استان مورد نظر، امکان ثبت‌نام برای متقاضی جدید میسر نمی‌باشد. بنابراین متقاضی باید در فرصت‌های بعدی برای ثبت‌نام به باجت مراجعه نماید."
"برای انصراف از وام ازدواج تو باجت چه کاری باید انجام بدم؟","کافی‌ست با پشتیبانی تماس بگیرید و درخواست انصراف از وام ازدواج را اعلام و مدارک مورد نیاز برای انصراف را ارسال نمایید."
"اقساط وام ازدواجم رو چطور باید پرداخت کنم؟","کافی‌ست در تاریخ سررسید موجودی حساب کافی باشد تا به صورت مستقیم از حساب شما برداشت انجام شود. همچنین در قسمت وام ازدواج باجت، با انتخاب بازپرداخت وام، امکان مشاهده و پرداخت اقساط از طریق درگاه بانکی فراهم شده است. برای برداشت مستقیم از حساب، علاوه بر مبلغ قسط باید 100,000 ریال موجودی داشته باشید."
"شماره پشتیبانی باجت چنده؟","2125961300"
"مبلغ وام ازدواج چقدر است؟","مبلغ وام ازدواج در سال ۱۴۰۲ برای آقایان (زوج) زیر ۲۵ سال و خانم‌های (زوجه) زیر ۲۳ سال ۲۲۰ میلیون تومان و برای سایر زوجین ۱۸۰ تومان خواهد بود."
"اگر کارمند دولتی یا بانکی باشم، خودم میتوانم ضامن خودم باشم؟","خیر، هیچ فردی نمی‌تواند ضامن خودش باشد و باید شخص دیگری را مطابق با ضوابط و مفاد دستورالعمل‌های بانکی معرفی نماید."
"آیا کسی که چک برگشتی یا وام و تسهیلات معوق بانکی داشته باشد هم میتواند وام ازدواج بگیرد؟","به دلیل استعلام هایی که بانک در این مورد می‌گیرد و همچنین رتبه اعتباری درخواست کننده وام و ضامن آن، وام ازدواج پس از پاک شدن سوء اثر قابل دریافت خواهد بود."
"آیا ضامنم حتما باید در بانک تجارت حساب داشته باشد؟","شخص در خواست دهنده وام ازدواج باید در بانک تجارت حساب داشته باشند که این امکان در بستر افتتاح حساب غیرحضوری در اپلیکیشن باجت فراهم شده است ولی ضامن ایشان الزامی به داشتن حساب در بانک تجارت ندارد."
"آیا برای بار دوم هم میتوانم درخواست وام ازدواج بدهم؟","خیر، وام ازدواج تنها یکبار پرداخت می‌شود و اگر قبلاً وام ازدواج دریافت کرده باشید، برای ازدواج دوم و سوم قابل دریافت نیست."
"آیا وام ازدواج برای افرادی که صیغه میکنند یا صرفا عقد شرعی میکنند هم تعلق می‌گیرد؟","خیر، تسهیلات ازدواج برای بار اول و ازدواج دایم که ثبت رسمی و محضری شده باشد تعلق میگیرد."
"نحوه ثبت نام وام ازدواج چگونه است؟","ثبت‌نام وام ازدواج صرفا با مراجعه به سامانه قرض‌الحسنه تسهیلات ازدواج بانک مرکزی به آدرس www.ve.cbi.ir امکان‌پذیر است"
"برای ثبت‌نام وام ازدواج هزینه‌ای دریافت می‌شود؟","خیر. ثبت‌نام اولیه در سامانه www.ve.cbi.ir کاملا رایگان است و متقاضیان می‌توانند وارد سایت شده و ثبت‌نام کنند. بدیهی است ادامه فرایند ثبت نام در اپلیکیشن باجت اعم از افتتاح حساب، اعتبار سنجی و ... مشمول کارمزدهای معمول بانکی خواهد شد."
"چگونه می‌توان وضعیت ثبت‌نام‌شده در سامانه ازدواج را پیگیری کرد؟","'متقاضی می‌تواند با مراجعه به آدرس www.ve.cbi.ir در قسمت «مشاهده وضعیت» از آخرین وضعیت وام خود مطلع شود."
"برای دریافت وام ازدواج ارائه مداک نظام وظیفه و پایان خدمت لازم است؟","خیر. درخصوص وام ازدواج، خدمت وظیفه عمومی مستثنی می‌باشد و متقاضیان می‌توانند تسهیلات ازدواج را بدون داشتن کارت پایان خدمت سربازی دریافت کنند"
"اگر متقاضی کد رهگیری خود را فراموش کرده باشد چگونه می‌تواند مجدد کد رهگیری دریافت کند؟","با مراجعه به سامانه وام ازدواج بانک مرکزی به آدرس www.ve.cbi.ir در قسمت «بازیابی و چاپ کد رهگیری» می‌توان نسبت به بازیابی کد رهگیری اقدام کرد."
"آیا برای دریافت تسهیلات قرض الحسنه ازدواج، ثبت نام یکی از زوجین کافی است؟","خیر، از آنجا که زوج و زوجه هر کدام دارای شخصیت حقیقی مستقل می باشند، می باید به طور جداگانه ثبت نام و کد رهگیری دریافت نمایند. کد رهگیری برای شماره تلفن همراهی که به نام شخص ثبت بوده و در سامانه وارد شده پیامک می‌شود."
"آیا برای اخذ تسهیلات ازدواج، داشتن عقد نامه رسمی صادر شده از دفتر خانه‌های ازدواج و طلاق الزامی است؟","بلی. برای دریافت تسهیلات ازدواج در باجت با توجه به انجام آنلاین کلیه استعلامات نیازی به ارئه عقد نامه رسمی نیست ولی در صورت مراجعه به شعبه برای ارائه مدارک، ارائه عقدنامه رسمی الزامی است."
"آیا مابه التفاوت تسهیلات ازدواج به متقاضیانی که در ازدواج اول خود از تسهیلات کمتری نسبت به مبالغ فعلی استفاده کرده‌اند و مجداً ازدواج می نمایند تعلق می‌گیرد؟","تسهیلات قرض الحسنه ازدواج صرفاً یکبار و با رعایت قوانین و مقررات مندرج در دستور العمل بانک مرکزی ج.ا.ا پرداخت می شود. لذا این موع از تسهیلات برای بار دوم و بصورت مجدد امکان پذیر نیست."
"شماره پشتیبانی باجت چنده؟","2125961300"
"جهت کسب اطلاعات بیشتر در مورد وام ازدواج با چه شماره ای تماس بگیرم؟","در صورت نیاز به مشاوره یا دریافت تسهیلات ازدواج در شعب بانک تجارت با شماره تماس مرکز ارتباط با مشتریان به شماره 1554 و یا همکاران پشتیبان ما در اپلیکیشن باجت با شماره 02125961300 تماس حاصل فرمایید."
"نرخ تسهیلات وام ازدواج چند درصد است؟","با توجه به این که وام ازدواج در قالب تسهیلات قرض الحسنه میباشد، نرخ آن با درصد 4 محاسبه و پرداخت می‌گردد."
"حداقل سن جهت دریافت تسهیلات قرض الحسنه ازدواج چند سال می‌باشد؟","حداقل سن برای دختران 13 سال تمام و برای پسران 15 سال تمام شمسی میباشد. و برای دریافت وام ازدواج میبایست به همراه ولی یا قیم قانونی خود به شعب ثبت نامی خود در بانک تجارت مراجعه نمایند. شایان ذکر است برای دریافت وام ازدواج به صورت غیرحضوری از طریق اپلیکیشن 'باجت' بانک تجارت، میباست زوج یا زوجه 18 سال تمام داشته باشند."
"پس از ثبت نام متقاضی و عدم مراجعه به موقع به شعبه تعیین شده، در صورت حذف مشخصات آیا فرد می تواند مجدداً ثبت‌نام کند؟","بله، متقاضیان می توانند با رعایت قوانین و شرایط مندرج در دستورالعمل سامانه ازدواج بانک مرکزی و با مراجعه به قسمت ثبت نام جدید اقدام به انتخاب بانک جدید کنند."
"پس از پذیرش متقاضی از طرف بانک، چه مدت زمانی برای تکمیل مدارک در نظر گرفته شده است؟","متقاضی پس از ثبت نام در سامانه ازدواج بانک مرکزی و پذیرش از طرف بانک عامل، حداکثر ظرف مدت 60 روز کاری فرصت دارد تا نسبت به تکمیل مدارک مورد نیاز بانک اقدام کند. بدیهی است پس از گذشت فرصت مذکور و عدم تکمیل مدارک مربوطه از سوی متقاضی، نام وی از سامانه ازدواج حذف می شود تا امکان بهره مندی سایر متقاضیان در صف از تسهیلات مذکور فراهم شود. براین اساس، متقاضیان مذکور، با رعایت سایر شرایط سامانه ازدواج می توانند در صورت تمایل و واجد شرایط بودن، نسبت به ثبت نام مجدد در سامانه اقدام نمایند."
"مبلغ تسهیلات ازدواج برای ایثارگران چه مقدار است؟","براساس مفاد ماده 50 قانون جامع خدمات رسانی به ایثارگران که طی آن مقرر شده است 'تسهیلات بانکی (وام) بابت مساعدت در امر ازدواج خانواده شاهد، جانبازان، آزادگان و فرزندان آنان برای یک نوبت به میزان دو برابر ضوابط بانکی از سوی شورای پول و اعتبار به صورت قرض‌الحسنه تعیین می‌گردد'. بر این اساس تسهیلات مذکور برای خانم‌های مشمول تسهیلات ایثارگری کمتر از ۲۳ سال و آقایان مشمول تسهیلات ایثارگری کمتر از ۲۵ سال مبلغ 440 میلیون تومان و برای سایر مشمولین مبلغ 360 میلیون تومان می باشد."
"ایثارگری فرد متقاضی چگونه محرز می‌شود؟","حسب استعلام برخط از بنیاد شهید و امور ایثارگران که در سامانه تسهیلات قرض‌الحسنه ازدواج بانک مرکزی تعبیه شده است، وضعیت ایثارگری فرد متقاضی وام ازدواج تعیین می‌شود. لیکن افرادی که مشمول ماده 50 قانون جامع خدمات رسانی به ایثارگران می باشند در زمان ثبت نام می باید نسبت به اعلام موضوع اقدام نمایند."
"بنده مشمول تسهیلات ازدواج ایثارگران می شوم لیکن پس از مراجعه به بانک و استعلام توسط شعب وضعیت سهمیه ایثارگری ندارد، نمایش داده می شود چه کار باید انجام دهم؟","در صورتیکه به شعبه مراجعه نموده و استعلام وضعیت ایثارگری برای شما منفی نمایش داده شد و شما جزو مشمولین قانون خدمات رسانی به ایثارگران (صرفا شامل خود جانبازان، آزادگان و فرزندان آنان و فرزندان شاهد) باشید می باید با مراجعه به یکی از مراکز بنیاد شهید و امور ایثارگران استان و یا شهرستان خود نسبت به ثبت اطلاعات خود در سیستم سجایا بنیاد شهید اقدام کرده و مجدداً به شعبه تعیین شده جهت بهره مندی از تسهیلات موصوف مراجعه نمایید."
"در صورتی که در سامانه ازدواج وضعیت ایثارگری را به اشتباه انتخاب کرده باشیم یا استعلام سامانه وضعیت ایثارگری را ندارد نشان دهد، آیا می توانیم معرفی نامه کتبی از مرکز بنیاد شهید برای بانک تهیه کنم؟","خیر. استعلام وضعیت ایثارگری متقاضیان مشمول صرفاً از طریق گزینه استعلام برخط در سامانه ازدواج امکانپذیر است."
"ابلاغیه ارجاع کار چیست؟","بر اساس مجموعه مقررات ارزی بانک مرکزی ج.ا.ا. ابلاغيه ارجاع كار به معنای نامه كارفرما (در سربرگ كارفرما با درج شماره و تاریخ) به پيمانكار (نام كامل پيمانكار/پيمانكاران) مبنی بر پذیرش قيمت پيشنهادي و ارجاع كار با درج نام، سمت و امضاء كارفرما است كه حاوي شماره و تاریخ برگزاري مناقصه حسب مورد، موضوع كامل قرارداد، مبلغ كل قرارداد، مبلغ/درصد ضمانتنامه حسن انجام كار می باشد."
"آیا با ابلاغیه ارجاع کار امکان صدور ضمانتنامه ارزی وجود دارد؟","بر اساس مجموعه مقررات ارزی بانک مرکزی ج.ا.ا. صدور ضمانتنامه حسن انجام كار با ارائه ابلاغيه ارجاع كار معتبر منضم به اسناد مناقصه، پيش نویس قرارداد و سایر سوابق مرتبط امكانپذیر می باشد."
"برای صدور ضمانتنامه های صدور خدمات فنی و مهندسی چه مدارکی مورد نیاز است؟","بر اساس مجموعه مقررات ارزی بانک مرکزی ج.ا.ا. صدور انواع ضمانتنامه ارزي صادركنندگان خدمات فنی و مهندسی در چارچوب آیين نامه اجرایی حمایت از صادركنندگان خدمات فنی و مهندسی با ارائه مدارک ذیل امكانپذیر است: -ارائه گواهی تأیيد صلاحيت از سازمان برنامه و بودجه كشور. - در مورد ضمانتنامه هاي حسن انجام كار، پيش پرداخت و استرداد كسور وجه الضمان، علاوه بر گواهی تأیيد صلاحيت از سازمان برنامه و بودجه كشور، ارائه گواهی كارگروه ماده (19) مستقر در سازمان توسعه تجارت ایران حاوي سقف مبلغ ضمانتنامه و مبلغ كل قرارداد."
"صدور ضمانتنامه های ارزی برای چه اشخاصی ممنوع است؟","بر اساس مجموعه مقررات ارزی بانک مرکزی ج.ا.ا. صدور ضمانتنامه ارزی برای اشخاص ذیل ممنوع می باشد: -اشخاص دارای تعهد ارزی ایفا نشده -اشخاص داراي سابقه چك برگشتی رفع سوءاثر نشده و یا بدهی غيرجاري تعيين تكليف نشده نزد شبكه بانكی كشور"
"آیا صدور ضمانتنامه تعهد پرداخت ارزی امکانپذیر است؟","بر اساس مجموعه مقررات ارزی بانک مرکزی ج.ا.ا. صدور ضمانتنامه ارزي تعهد پرداخت بابت تأمين و پوشش تعهدات پرداختی مربوط به واردات كالا و خدمات و تضمين بازپرداخت وام و هر نوع تسهيلات ارزي دریافتی از مؤسسات مالی و بانكهاي خارجی، مجاز نمی باشد. لیکن صدور ضمانتنامه تعهد پرداخت ارزی تحت تضمين متقابل بانكهاي خارجی كه بانك مركزي ج.ا.ا، نظر مثبت خود را در خصوص وضعيت مالی - اعتباري آنها اعلام كرده باشد، امکانپذیر است."
"ملاک تعیین شخص حقوقی ایرانی و غیر ایرانی در ضمانتنامه های ارزی چیست؟","بر اساس مجموعه مقررات ارزی بانک مرکزی ج.ا.ا. ملاک تعیین شخص حقوقی ایرانی و غیر ایرانی محل اقامت قانونی ثبت شده شخص مذکور است. شخصیت حقوقی هر شخص، مستقل از رابطه سهامداری با شرکتهای مادر و همگروه اشخاص حقوقی مذکور است."
"شرایط صدور ضمانتنامه ارزی با توثیق 100% وجه نقد چگونه است؟","بر اساس مجموعه مقررات ارزی بانک مرکزی ج.ا.ا.: - صدور ضمانتنامه به تقاضاي اشخاص حقوقی از نوع مسئوليت محدود صرفاً با توثيق 100% عين ارز وجه الضمان و یا معادل ریالی آن به نرخ ارز در روز صدور با پوشش ریسك تغييرات و نوسانات نرخ ارز امكانپذیر است. - مؤسسه اعتباري می تواند نسبت به صدور انواع ضمانتنامه های ارزی، به استثناي ضمانتنامه تعهد پرداخت ارزی، در قبال توثيق صد درصد عين ارز ضمانتنامه یا معادل ریالی آن به نرخ ارز در روز صدور با پوشش ریسك تغييرات و نوسانات نرخ ارز (صرفاً براي اشخاص حقيقی و حقوقی ایرانی) با رعایت سایر ضوابط و مقررات بدون نياز به اخذ مجوز از بانك مركزي ج.ا.ا. اقدام نماید. - صدور انواع ضمانتنامه ارزي به درخواست اشخاص حقيقی و حقوقی غيرایرانی و یا نمایندگان آنها، با توثيق 100% عين مبلغ ضمانتنامه به ارز و بدون نياز به اخذ مجوز از بانك مركزي ج.ا.ا یا با دریافت ضمانتنامه متقابل غيرقابل برگشت و قابل تمدید بانك معتبر خارجی با رعایت مقررات امكانپذیر است."
"کارمزد ضمانتنامه های ارزی چه مقدار می باشد؟","کارمزد ضمانتنامه های ارزی بر اساس مقررات و دستورالعمل ها و بر حسب درصد و نوع وثایق ضمانتنامه محاسبه می شوند که جهت توضیحات تکمیلی می بایست با اداره ضمانتنامه های خارجی (88320849) تماس حاصل فرمایید."
"انواع ضمانتنامه های صادره توسط اداره ضمانتنامه های خارجی چیست؟","-شرکت در مناقصه -گمرکی(تحت تضامین متقابل صادره توسط بانکهای کارگزار خارجی) -حسن انجام کار/تعهد -مالیاتی(تحت تضامین متقابل صادره توسط بانکهای کارگزار خارجی) -پیش پرداخت -تعهد پرداخت(صرفاًتحت تضامین متقابل صادره توسط بانکهای کارگزار خارجی) -استرداد کسور وجه الضمان"
"ضمانتنامه شرکت در مناقصه چیست؟","بابت تضمین تعهدات شرکت کنندگان در مناقصه به برگزار کنندگان مناقصه می باشد. این نوع ضمانتنامه شرکت کنندگان در مناقصه را از دادن قیمت هایی که از عهده اجرای آن برنمی آیند برحذر می دارد و ریسک مناقصه گذارنده را در این خصوص پوشش می دهد و معمولاً برای مبلغی معادل 2 تا 5 درصد ارزش مناقصه صادر می شود."
"ضمانتنامه حسن انجام کار/تعهد چیست؟","بابت تضمین کیفیت و زمان انجام قرارداد می باشد به طوریکه تعهدات طرفی را که انجام وظایف مشروح در قرارداد را بر عهده گرفته پوشش می دهد. این نوع ضمانتنامه را پیمانکار یا فروشنده به منظور حصول اطمینان کارفرما یا خریدار از اجرای صحیح قرارداد صادر می کند و معمولاً 5 تا 10 درصد مبلغ قرارداد پایه است."
"ضمانتنامه پیش پرداخت چیست؟","به منظور تضمین استفاده از مبلغ پیش پرداخت در قالب قرارداد صادر می گردد و برای تضمین مبالغی است که خریدار، به عنوان پیش پرداخت برای خرید کالا، تجهیزات، خدمات یا کار می پردازد تا اگر تحویل کالا یا خدمات مطابق شرایط قرارداد نباشد، بتواند مبلغ پیش پرداخت را به وسیله همین ضمانتنامه پیش پرداخت معادل مبلغ پیش پرداخت اولیه و احتمالاً با احتساب بهره، مسترد کند."
"ضمانتنامه استرداد کسور وجه الضمان چیست؟","بابت تضمین تحویل قطعی پروژه و تسویه حساب نهایی در قبال دریافت کسور وجه الضمان صادر می گردد. بدین ترتیب پیمانکار و فروشنده می توانند کل یا قسمتی از مبلغی که کارفرما یا خریدار برای حصول اطمینان از انجام تعهد یا پس از گذشت مدت زمانی که توافق کرده اند، از مطالبات پیمانکار یا خریدار کسر کرده و نزد خود نگهداشته است دریافت نمایند. مبلغ ضمانتنامه استرداد کسور وجه الضمان معمولاً 5 تا 10 درصد ارزش قرارداد پایه است."
"ضمانتنامه گمرکی چیست؟","بابت تضمین کلیه تعهدات واردکنندگان کالا به گمرکات کشور می باشد که به نفع مقامات گمرکی صادر می شود تا حقوق و عوارض مربوط به کالاهایی که به طور موقت وارد کشور می شود، در صورتی که در زمان توافق شده دوباره صادر نشود، گمرک مربوطه سود و عوارض گمرکی را از محل ضمانتنامه وصول نماید."
"ضمانتنامه مالیاتی چیست؟","بابت تضمین پرداخت مالیات توسط مودیان مالیاتی صادر می گردد. عموماً پیمانکاران خارجی جهت تعویق پرداخت مالیات متعلقه، ضمانتنامه مالیاتی از بانک دریافت و به وزارت امور اقتصادی و دارایی-سازمان امور مالیاتی ارائه می نمایند، لیکن باید در سررسید مشخص، مالیات مذکور را به سازمان مذکور پرداخت نمایند. در غیر این صورت، سازمان مذکور درخواست پرداخت ضمانتنامه را از بانک خواهد نمود. به عبارت دیگر، ذینفع در ضمانتنامه های مالیاتی همیشه سازمان امور مالیاتی است."
"ضمانتنامه تعهد پرداخت چیست؟","بابت تضمین باز پرداخت انواع دیون ارزی اعم از تسهیلات، تعهد پرداخت وجه کالاها یا خدمات ارائه شده و ... صادر می گردد. اینگونه ضمانتنامه ها معمولا بابت پوشش بازپرداخت وام های دریافتی است که در صورت عدم تسویه تسهیلات، از محل ضمانتنامه نسبت به بازپرداخت تسهیلات و سود متعلقه آن اقدام می شود. صدور این ضمانتنامه به صورت ارزی ممنوع می باشد مگر آنکه تحت تضمین متقابل بانکهای خارجی صادر شود."
"مراحل صدور ضمانتنامه ارزی چیست؟","-مراجعه به شعبه ریالی و ارائه درخواست صدور مصوبه اعتباری -مراجعه به اداره ضمانتنامه های خارجی، ارائه مدارک و اطلاعات مورد نیاز ( اطلاعات قرارداد و ...) و اخذ فرم های مربوط به تقاضای صدور ضمانتنامه جهت تکمیل -ارائه فرم های تکمیل شده در سربرگ شرکت به همراه امضاهای تایید شده -اخذ مجوز از بانک مرکزی ج.ا.ا. در صورت لزوم با توجه به شرایط ضمانتنامه -ارائه تاییدیه احراز شرایط مصوبه اعتباری توسط شعبه ریالی -اخذ کارمزد و هزینه های مربوطه -صدور ضمانتنامه توسط اداره ضمانتنامه های خارجی"
"ضمانتنامه ریالی به زبان انگلیسی چیست؟","ضمانتنامه ای است که متقاضی آن با توجه به شرایط قرارداد و درخواست ذینفع، تقاضای صدور ضمانتنامه ریالی به زبان انگلیسی و امضای لاتین را می نماید."
"چنانچه ضمانتنخواه یا دستور دهنده نماینده اشخاص حقیقی یا حقوقی خارجی در ایران باشد شرایط صدور ضمانتنامه ارزی چگونه است؟","بر اساس مجموعه مقررات ارزی بانک مرکزی ج.ا.ا. چنانچه ضمانتخواه یا دستوردهنده، نماینده اشخاص حقيقی یا حقوقی خارجی در ایران باشد علاوه بر رعایت ضوابط و مقررات شناسایی مشتریان، رعایت ملاحظات ذیل نيز درخصوص نماینده ضروري است: - شخص حقيقی: دریافت تصویر و اصل پروانه اقامت و گذرنامه معتبرحسب مورد، مدارک محل سكونت در ایران و مدارک بيانگر شغل در ایران اعم از موقت یا دائم. - شخص حقوقی: مجوز فعاليت، گواهی ثبت شخص حقوقی مورد تأیيد نمایندگی سياسی ج.ا.ا. در موطن اصلی متقاضی حسب مورد، اسناد مبين محل فعاليت، گذرنامه و پروانه هاي اقامت معتبر هيئت مدیره شاغل در ایران حسب مورد. - نمایندگان معرفی شده می بایست حداقل داراي یكی از انواع حساب هاي بانكی فعال در شبكه بانكی باشند. - وكالتنامه و سند اعطاي نمایندگی كه متضمن حدود اختيارات و مسئوليت هاي نماینده و نحوه ي اعمال این اختيارات باشد باید داراي ترجمه رسمی بوده، مورد تصدیق دفتر اسناد رسمی قرار گرفته و از اصالت هویت شخص حقيقی و حقوقی در منشأ خارجی اطمينان حاصل شود. بدیهی است ایجاد تعهد ارزي از حيث ضمانتنامه نيز میبایست جزء اختيارات نماینده پيش بينی شده باشد."
"آیا امکان صدور ضمانتنامه سندیکایی وجود دارد؟","در برخی از موارد ممکن است یک بانک به دلیل مبلغ بالای ضمانتنامه، به تنهایی توانایی قبول تعهدات صدور ضمانتنامه را نداشته باشد بنابراین چندین بانک طی قرارداد سندیکایی و با درصد های توافق شده تعهد و کارمزد ضمانتنامه مذکور را بین یکدیگر تقسیم نموده و بانک عامل (رهبر سندیکا) ضمانتنامه را به نفع ذینفع صادر می کند، که صدور این ضمانتنامه ها توسط بانک تجارت امکانپذیر است."
"بانک ضامن چه کسی است؟","به معنی طرفی است که ضمانتنامه صادر می کند و شامل طرفی که به حساب خود عمل می کند نیز می باشد."
"ذینفع ضمانتنامه کیست؟","شخصی است که ضمانتنامه به نفع او صادر شده است."
"متقاضی/ضمانتخواه ضمانتنامه کیست؟","طرفی است که در ضمانتنامه به عنوان شخصی که تعهداتی را به موجب رابطه پایه که ضمانتنامه برای تامینآن صادر می شود، به عهده می گیرد، که ممکن است همان طرف دستوردهنده باشد یا نباشد."
"طرف دستور دهنده ضمانتنامه کیست؟","به معنی طرفی (غیر از بانک ضامن متقابل) است که دستور صدور ضمانتنامه یا ضمانتنامه متقابل را می دهد و مسئول تامین پرداخت به بانک ضامن یا در صورت صدور ضمانتنامه متقابل، به بانک ضامن متقابل می باشد.طرف دستور دهنده ممکن است متقاضی ضمانتنامه هم باشد یا نباشد."
"بانک ضامن متقابل کیست؟","به معنی طرفی است که ضمانتنامه متقابل به نفع بانک ضامن یا بانک ضامن متقابل دیگری صادر می کند. بانک ضامن متقابل شامل طرفی که به حساب خود تعهد ایجاد می کند نیز می باشد."
"ضمانتنامه های ارزی به چه مدت تمدید می شوند؟","بر اساس مجموعه مقررات ارزی بانک مرکزی ج.ا.ا. تعیین سررسید ضمانتنامه ها (بجز ضمانتنامه های شرکت در مناقصه) حداکثر یکسال از تاریخ صدور و قابل تمدید حداکثر برای دوره های یکساله است. همچنین حداکثر مدت زمان اعتبار ضمانتنامه های شرکت در مناقصه، شش ماه از تاریخ برگزاری مناقصه و قابل تمدید حدکثر برای یک دوره سه ماه می باشد."
"نوع و ترکیب وثایق جهت صدور ضمانتنامه های ارزی چه می باشد؟","بر اساس مجموعه مقررات ارزی بانک مرکزی ج.ا.ا. وثيقه صدور ضمانتنامه حداقل معادل 10% مبلغ ضمانتنامه را به صورت یك یا تركيبی از »وجه نقد«،» طلا«، »اسناد خزانه«، » اوراق قرضه دولتی«،» اوراق خزانه اسلامی«،»اوراق مشاركت منتشره بر اساس مجوز بانک مركزي ج.ا.ا.«،» سپرده سرمایه گذاري مدتدار«، »حسابهاي پس انداز قرض الحسنه نزد این بانک«،» حساب سپرده سرمایه گذاري مدتدار متقاضی نزد سایر مؤسسات اعتباري«،» گواهی هاي سپرده سرمایه گذاري مدت دار ویژه عام و خاص«،» اوراق قرض الحسنه « یا حساب هاي ارزي شامل »حسابهاي سپرده سرمایه گذاري مدتدار ارزی«، »قرض الحسنه جاري ارزی« و »قرض الحسنه پس انداز ارزي نزد مؤسسه اعتباري صادركننده ضمانتنامه «و يا سایر مؤسسات اعتباري می باشد. لازم به توضیح است که ضمانتنامه های شرکت در مناقصه می تواند بدون اخذ سپرده نقدی صادر گردند. همچنین نوع و تركيب الباقی وثایق غيرنقد بر اساس ضوابطی تعيين خواهد شد كه هيئت مدیره مؤسسه اعتباري در چارچوب ضوابط و مقررات تعيين و ابلاغ می نماید."
"ضمانتنامه متقابل (کانتر گارانتی) چیست؟","به معنی تعهد امضاء شده ای است که توسط بانک ضامن متقابل به طرف دیگر داده می شود که آن طرف یا بانک ضامن متقابل دیگری ضمانتنامه ای صادر می کند."
"بانک ضامن متقابل کیست؟","طرفی است كه ضمانتنامه متقابل به نفع بانک ضامن یا بانک ضامن متقابل دیگري صادر می كند."
"شرایط صدور ضمانتنامه ارزی از طریق دریافت ضمانتنامه متقابل از بانک های کارگزار چگونه است؟","بر اساس مجموعه مقررات ارزی بانک مرکزی ج.ا.ا. مؤسسه اعتباري می تواند بابت وثيقه كل ضمانتنامه و یا معادل مابقی مبلغ ضمانتنامه، ضمانتنامه ارزي بانكها یا مؤسسات اعتباري غيربانكی معتبر خارجی اخذ نماید. ضمناً پذیرش ضمانتنامه صادره توسط بانك یا مؤسسه اعتباري غيربانكی خارجی پس از دریافت نظر مثبت بانك مركزي ج.ا.ا. در خصوص وضعيت مالی-اعتباري آنها بلامانع است."
"آیا امکان صدور ضمانتنامه ارزی بدون نیاز به اخذ مجوز بانک مرکزی ج.ا.ا. وجود دارد؟","بله، بر اساس مجموعه مقررات ارزی بانک مرکزی ج.ا.ا. صدور کلیه ضمانتنامه هاي (به غیر از ضمانتنامه های شرکت در مناقصه) حداكثر هركدام تا سقف 'دویست هزار یورو یا معادل آن به سایر ارزها' پس از دریافت و بررسی قرارداد مربوطه با رعایت مندرجات مجموعه مقررات ارزی بانک مرکزی و نيز سایر ضوابط و مقررات بدون نياز به اخذ مجوز از بانك مركزي ج.ا.ا بلامانع است."
"ضمانتنامه ارزی در چه صورتی قابل انتقال است؟","بر اساس مجموعه مقررات ارزی بانک مرکزی ج.ا.ا.، ضمانتنامه ارزي فقط در صورتی قابل انتقال است كه صراحتاً عبارت »قابل انتقال« در متن ضمانتنامه ذكر شده باشد. ضمناً صدور ضمانتنامه قابل انتقال منوط به پيش بينی آن در قرارداد پایه یا اصلاحيه آن با درج نام انتقال گيرنده می باشد."
"شرایط خاتمه اعتبار ضمانتنامه ارزی چیست؟","بر اساس مجموعه مقررات ارزی بانک مرکزی ج.ا.ا. ضمانتنامه با تحقق یكی از شرایط زیر خاتمه می یابد: -اعلام كتبی و امضاء شده ذینفع به بانک ضامن مبنی بر ابراء وي از تعهدات. -انقضاي اعتبار ضمانتنامه (تاریخ انقضا) و یا تحقق رخدادي كه منجر به خاتمه اعتبار شود. اگر خاتمه اعتبار ضمانتنامه منوط به وقوع رخدادي باشد لازم است اسناد و مدارک مربوط به رخداد منجر به خاتمه اعتبار در متن ضمانتنامه مشخص شود. -هنگامی كه مبلغ ضمانتنامه به صفر برسد."
"شماره تلفن، فاکس و ایمیل (راه های ارتباطی) اداره ضمانتنامه های خارجی چیست؟","رییس اداره: 88320849 دایره تمدید و تقلیل: 88895756 معاونین اداره: 8892005'88935592 دایره ابطال و پرداخت: 88825676 واحد کارشناسان: 88936363 دایره آمار و رفع مغایرت ها: 88920049 دایره صدور: 88908615 فاکس:88825040 ایمیل:int-guarantee@tejaratbank.ir کد پستی: 1598617815"
"URDG چیست؟","مقررات متحدالشکل ضمانتنامه های عندالمطالبه (URDG) مجموعه ای از ضوابط قراردادی است که توسط اتاق بازرگانی بین المللی (ICC) تدوین گردیده و برای ضمانتنامه ها و ضمانتنامه های متقابل عندالمطالبه کاربرد دارد. آخرین نسخه از این مقررات، نشریه 758 اتاق بازرگانی بین المللی (URDG 758) در سال 2010 منتشر گردید."
"ISDGP چیست؟","رویه استاندارد بین المللی ضمانتنامه های عندالمطالبه (ISDGP) بهترین روش حاکم بر ضمانتنامه های تابع مقررات URDG 758 را ارائه داده و نحوه تفسیر مقررات متحدالشکل ضمانتنامه های عندالمطالبه (URDG 758) ارائه می دهد. این رویه توسط اتاق بازرگانی بین المللی در سال 2021 منتشر گردید."
"آدرس اداره ضمانتنامه های خارجی بانک تجارت چیست؟","تهران، خیابان آیت اله طالقانی، تقاطع خیابان استاد نجات اللهی، شماره 247، طبقه چهارم"
"ضمانتنامه یا ضمانتنامه عندالمطالبه چیست؟","ضمانتنامه عند المطالبه یا ضمانتنامه بانکی تعهد غیرقابل برگشت بانک بانک ضامن به ذینفع ضمانتنامه می باشد که مستقل از قرارداد پایه بوده و صرفاً در صورت مطالبه وجه الضمان از سوی ذینفع مطابق با متن ضمانتنامه قابل پرداخت است."
"بانک تجارت جهت صدور ضمانتنامه ارزی با کدام بانک های کارگزار دارای روابط کارگزاری می باشد؟","در حال حاضر امکان دریافت و صدور ضمانتنامه ارزی از طریق بانک های ذیل وجود دارد و بابت سایر موارد نیز حسب مورد می بایست از اداره ضمانتنامه های خارجی استعلام صورت پذیرد:-بانک تجارت پاریس، فرانسه -PIB بانک شعب لندن، میلان و دبی-بانک تجارت دوشنبه، تاجیکستان -TC بانک مینسک، بلاروس-شعب سایر بانک های ایرانی در خارج از کشور -میربیزینس و VTB بانک، روسیه -EIH بانک هامبورگ، آلمان"
"خدمات ارائه شده توسط اداره ضمانتنامه های خارجی چیست؟","-انجام کلیه عملیات (شامل: صدور، افزایش، تمدید، تقلیل، کاهش سررسید، ابطال و مطالبه وجه) مربوط به انواع ضمانتنامه های ارزی متداول شامل شرکت در مناقصه (فرآیند ارجاع کار)/ مزایده، حسن انجام کار/ تعهد، پیش پرداخت، استرداد کسور وجه الضمان، گمرکی و مالیاتی-صدور ضمانتنامه های ارزی به نفع خریداران/کارفرمایان ایرانی تحت تضامین متقابل بانک های کارگزار خارجی، جهت واردات کالا یا خدمات از کشورهای خارجی-ارسال تضامین متقابل به بانک های کارگزار خارجی جهت صدور ضمانتنامه به نفع خریداران/ کارفرمایان خارجی، در راستای صدور کالا و خدمات (فنی و مهندسی) توسط صادرکنندگان ایران-صدور ضمانتنامه های ارزی جهت قراردادهای داخلی ارزی با وثایق محلی-صدور ضمانتنامه های ارزی مستقیم به تقاضای پیمانکاران ایرانی و به نفع کارفرمایان خارجی-انجام خدمات مربوط به ابلاغ ضمانتنامه های صادره توسط بانک های کارگزار خارجی به نفع ذینفعان ایرانی-صدور ضمانتنامه های ارزی در اسرع وقت بدون نیاز به اخذ مجوز از بانک مرکزی درمقابل اخذ 100 درصد عین وجه الضمان پس از انجام کنترل های لازم در خصوص مبارزه با پولشویی و تطبیق-بررسی متون ضمانتنامه ها به درخواست مشتریان و ارائه نظرات کارشناسی- استعلام از بانک های کارگزار جهت صدور ضمانتنامه های ارزی تحت تضمین متقابل این بانک-ارائه تأییدیه های انگلیسی در خصوص حد سالیانه ضمانتنامه های ارزی در مصوبات اعتباری-صدور ضمانتنامه های ریالی به زبان انگلیسی"
"ضمانتنامه ارزی وارداتی چیست؟","این ضمانتنامه ها به طور معمول در مورد خرید کالا یا خدمات از شرکت ها و مشتریان خارجی مصداق داشته و بانک تجارت به تضمین متقابل بانک های معتبر خارجی نسبت به صدور ضمانتنامه به نفع ذینفع های ایرانی(خریداران و کارفرمایان) اقدام می کند."
"ضمانتنامه ارزی صادراتی چیست؟","این ضمانتنامه ها به طور معمول در خصوص صادرکنندگان کالای تولیدی، پیمانکاران، مشاوران و سازندگان داخلی که امور خدمات مهندسی مشاور، طراحی، پیمانکاری، ساختمانی، تاسیساتی و تجهیزات در داخل کشور اجرا می کنند و همچنین صادرکنندگان خدمات فنی و مهندسی (بر اساس آیین نامه اجرایی حمایت از صادرکنندگان خدمات فنی و مهندسی هیات محترم وزیران)، مصداق داشته و بانک تجارت با توجه به درخواست متقاضی نسبت به صدور ضمانتنامه ارزی به نفع ذینفعان (ایرانی/خارجی) و یا ارسال تضمین متقابل به بانک های کارگزار جهت صدور ضمانتنامه به نفع ذینفعان (ایرانی/خارجی) مورد نظر اقدام می نماید."
"ماهیت اسنادی ضمانتنامه به چه معناست؟","بدین معناست که به جز درج تاریخ یا قید گذشت زمان معین، ضمانتنامه نباید حاوی شرطی باشد که نتوان برای تحقق آن مدرکی ارائه کرد."
"پذیرش و ابلاغ ضمانتنامه های مستقیم صادره توسط بانک های کارگزار به چه معناست؟","در این مورد بانک تجارت صرفاً نقش ابلاغ کننده ضمانتنامه و یا هرگونه پیام دیگری بین بانک ضامن و ذینفع را بر عهده می گیرد. لازم به توضیح است که ابلاغ ضمانتنامه به منزله صدور ضمانتنامه نبوده و جزء تعهدات بانک تجارت ثبت نمی گردد."
"آیا بانک تجارت ابلاغ ضمانتنامه های ارزی سایر بانکها را پذیرش می کند؟","در صورت وجود رابطه کارگزاری با بانک کارگزار صادرکننده و یا ابلاغ کننده ضمانتنامه، ابلاغ ضمانتنامه توسط بانک تجارت صورت می پذیرد."
"مدارک و فرم های لازم جهت ابلاغ ضمانتنامه های ارزی چیست؟","پس از تکمیل فرم تعهدنامه (ارائه شده توسط اداره ضمانتنامه های خارجی) در سربرگ شرکت به همراه امضاهای مجاز و عندالزوم اخذ مجوز از بانک مرکزی ج.ا.ا.، ابلاغ ضمانتنامه توسط بانک تجارت صورت می پذیرد."
"متن ضمانتنامه های ارزی بر چه اساسی تنظیم می شود؟","متن ضمانتنامه بر اساس رابطه پایه (قرارداد)، درخواست های طرفین ضمانتنامه، مجموعه مقررات ارزی بانک مرکزی ج.ا.ا. و همچنین مقررات متحدالشکل ضمانتنامه های عندالمطالبه (URDG 758) اتاق بازرگانی بین المللی، قابل تنظیم می باشد."
"آیا به صورت غیر حضوری می توان درخواست صدور ضمانتنامه ارزی را ارسال نمود؟","بله جهت بررسی درخواست صدور ضمانتنامه ارسال مدارک مربوطه از طریق ایمیل (INT-GUARANTEE@TEJARATBANK.IR) و یا فاکس (88825040) این اداره امکان پذیر می باشد، لیکن جهت صدور ضمانتنامه اصل مدارک می بایست به اداره ضمانتنامه های خارجی ارسال گردد."
"آیا بانک تجارت به سیستم سوئیفت متصل می باشد؟","خیر، در شرایط فعلی به علت محدودیت ها امکان اتصال به سیستم سوییفت وجود ندارد ، لیکن پیام های این بانک برای بانک های دیگر در خارج از کشور و داخل کشور از سایر سامانه پیام رسانی الکترونیکی مالی مخابره می گردد."
"آیا امکان اخذ گزارش سالیانه صورت های مالی بانک تجارت وجود دارد؟","بله، با مراجعه به سایت اینترنتی بانک تجارت (TEJARATBANK.IR) در قسمت گزارش های سالانه امکان دانلود فایل های PDF فارسی و انگلیسی در خصوص صورت های مالی بانک وجود دارد."
"مصادیق صدور ضمانتنامه ارزی چیست؟","-قراردادهای داخلی ارزی"
"ضمانتنامه ارزی چه چیزی را تعهد می نماید؟","تضمین موضوع رابطه پایه (قرارداد)"
"آیا ضمانتنامه قابلیت توثیق یا معامله یا تنزیل دارد؟","خیر، ضمانتنامه به علت مستقل بودن قابلیت توثیق و تنزیل و معامله ندارد."
"آیا صدور ضمانتنامه بدون رابطه پایه امکان پذیر است؟","خیر، ازآنجاییکه تعهد متقاضی به ذینفع بر اساس رابطه پایه شکل می گیرد، وجود رابطه پایه جهت صدور ضمانتنامه الزامی است."
"منظور از روز کاری در متن ضمانتنامه ارزی چیست؟","روز کاری به روزی که بانک ضامن معمولاً برای امور مرتبط به فعالیت های ضمانتنامه باز است، اطلاق می شود."
"ساعت کاری اداره ضمانتنامه های خارجی در چه بازه ی زمانی است؟","-شنبه تا چهارشنبه ساعت 7:30 الی 16 -پنج شنبه ها ساعت 7:30 تا 12:30"
"آیا صدور ضمانتنامه های ارزی به ارزهای غیر رایج و ارز دلارآمریکا میسر می باشد؟","بله، صدور ضمانتنامه بر اساس مقررات بانک مرکزی ج.ا.ا. امکانپذیر می باشد."
"نرخ ارز مورد استفاده در محاسبه کارمزد و سپرده نقدی ضمانتنامه های ارزی چیست؟","نرخ فروش اسکناس ارز ضمانتنامه سامانه معاملات الکترونیکی ارز (ETS)."
"کارمزد بانک های کارگزار خارجی بابت ضمانتنامه های ارزی به چه صورت از مشتری اخذ می گردد؟","در صورت عدم تامین ارز توسط متقاضی، معادل ریالی مبلغ کارمزد بعلاوه هزینه های مربوطه از حساب مشتری برداشت و این بانک پس از تخصیص ارز توسط بانک مرکزی ج.ا.ا.، اقدام به پرداخت کارمزد درخواستی بانک کارگزار می نماید."
"آیا بانک تجارت با دریافت تضمین متقابل از بانک های کارگزار معتبر خارجی به نفع ذینفع های داخل کشور، ضمانتنامه ارزی صادر می نماید؟","بله، پس از اخذ مجوز از بانک مرکزی جمهوری اسلامی ایران بلامانع است."
"مدارک مورد نیاز بابت صدور ضمانتنامه ارزی چیست؟","- 7 برگ فرم درخواست صدور -اسناد مناقصه بابت ضمانتنامه شرکت در مناقصه یا فرآیند ارجاع کار -ابلاغیه ارجاع کار (برای ضمانتنامه های حسن انجام کار) -صورت وضعیت های کارفرما (برای ضمانتنامه های استرداد کسور وجه الضمان) -مدارک قراردادی بابت انواع ضمانتنامه به جز مناقصه -مصوبه اعتباری و نامه احراز شرایط آن"
"صدور ضمانتنامه ارزی به چه زبان هایی امکانپذیر می باشد؟","صدور ضمانتنامه های ارزی به زبان انگلیسی یا فارسی امکانپذیر می باشد."
"نحوه تکمیل فرم های صدور ضمانتنامه ارزی به چه صورتی است؟","ابتدا می بایست فرم ها در سربرگ شرکت اسکن و پس از تکمیل آن توسط امضا داران مجاز شرکت، امضا و ممهور به مهر شرکت گردیده و نهایتاً امضاها توسط شعبه ریالی مربوطه تأیید می شوند."
"ضمانتنامه به چه شخصی تحویل می گردد؟","نماینده شرکت به همراه اصل کارت ملی به علاوه معرفی نامه کتبی در سربرگ شرکت، امضا شده و ممهور به مهر شرکت"
"آیا صدور ضمانتنامه ارزی به صورت مستقیم به نفع ذینفع خارجی امکانپذیر است؟","صدور ضمانتنامه به نفع ذینفع های خارجی به صورت مستقیم امکان پذیر می باشد."
"شرایط مدارک دریافتی بابت صدور ضمانتنامه ارزی به نفع ذینفع های خارجی به چه صورت می باشد؟","مدارک می بایست ممهور به مهر سفارت ایران در کشور ذینفع و وزارت امور خارجه باشد."
"کانال های ارتباطی بانک تجارت با بانک های کارگزار خارجی با توجه به شرایط تحریم کنونی چگونه است؟","در خصوص اخذ اطلاعات به روز کانال های ارتباطی بانک تجارت با بانک های کارگزار خارجی با اداره ضمانتنامه های خارجی (با شماره 88908615) تماس حاصل فرمائید."
"صدور ضمانتنامه ارزی به تقاضای مشتریان خارجی تحت چه شرایطی صورت می گیرد؟","بر اساس مجموعه مقررات ارزی بانک مرکزی ج.ا.ا. صدور انواع ضمانتنامه ارزي به درخواست اشخاص حقيقی و حقوقی غيرایرانی و یا نمایندگان آنها، با توثيق 100% عين مبلغ ضمانتنامه به ارز و بدون نياز به اخذ مجوز از بانك مركزي ج.ا.ا یا با دریافت ضمانتنامه متقابل غيرقابل برگشت و قابل تمدید بانك معتبر خارجی با رعایت مقررات امكانپذیر است."
"وثایق موردنیاز جهت صدور ضمانتنامه های ارزی در چارچوب آیین نامه اجرایی حمایت از صادر کنندگان خدمات فنی و مهندسی چیست؟","بر اساس مجموعه مقررات ارزی بانک مرکزی ج.ا.ا. صدور ضمانتنامه درمقابل 2 درصد وجه نقد یا سایر وثایق مورد قبول شبكه بانكی و 98 درصد سفته نسبت به ارزش ضمانتنامه و به تشخیص رکن اعتباری قابل انجام است."
"نرخ کارمزد صدور ضمانتنامه های ارزی در چارچوب آیین نامه اجرایی حمایت از صادر کنندگان خدمات فنی و مهندسی به چه میزان است؟","بر اساس مجموعه مقررات ارزی ج.ا.ا. نرخ کارمزد حداکثر 5/0 درصد معادل ریالی ارزش ضمانتنامه در سال به نرخ ارز روز صدور می باشد."
"اخذ وجه نقدی بابت سپرده نقدی و یا کارمزد و هزینه ها بابت صدور ضمانتنامه ارزی به صورت ریالی است یا ارزی؟","می تواند هم به صورت ریالی و هم به صورت ارزی صورت پذیرد."
"آیا کارمزد و هزینه های ضمانتنامه ارزی شامل تخفیف می شود؟","در صورت تشخیص ارکان اعتباری، تخفیف در کارمزد و هزینه ها اعمال می گردد."
"آیا ضمانتنامه ارزی پس از صدور قابل اصلاح می باشد؟","بله، بر اساس شرایط مندرج در متن ضمانتنامه و با تایید ذینفع و متقاضی/ضمانتخواه قابل اصلاح است."
"افزایش مبلغ ضمانتنامه ارزی به چه صورت است؟","افزایش مبلغ ضمانتنامه ارزی در صورت ارائه الحاقیه قرارداد مبنی بر افزایش، اخذ مصوبه اعتباری از شعبه ریالی مربوطه، ارائه سایر مدارک مورد نیاز بابت صدور افزایش نامه و عنداللزوم اخذ مجوز بانک مرکزی ج.ا.ا.، امکان پذیر می باشد."
"آیا امکان اصلاح سررسید پس از صدور ضمانتنامه ارزی وجود دارد؟","بله، پس از اخذ مدارک مورد نیاز، امکان پذیر می باشد."
"آیا ضمانتنامه ارزی می تواند به زبان فارسی تنظیم گردد؟","بله، صدور ضمانتنامه به زبان فارسی امکان پذیر می باشد."
"آیا انواع ضمانتنامه ارزی مطابق با آیین نامه تضمین معاملات دولتی در اداره ضمانتنامه های خارجی صادر می گردد؟","بله، صدور انواع ضمانتنامه بر اساس آیین نامه تضمین معاملات دولتی امکان پذیر می باشد."
"آیا متون ضمانتنامه های ارزی دارای انعطاف است؟","بله، تا جایی که بر خلاف قوانین بانک مرکزی ج.ا.ا. و دستورالعمل های این بانک نباشد، متن ضمانتنامه ارزی قابل انعطاف و ویرایش است به نحوی که منافع طرفین ضمانتنامه و بانک حفظ گردد."
"نحوه اخذ تأیید اصالت ضمانتنامه ارزی چگونه است؟","برای کافرمایان ایرانی از طریق ورود به سایت اینترنتی بانک تجارت (TEJARATBANK.IR) از مسیر استعلام ضمانتنامه ها و سپس استعلام ضمانتنامه ارزی، تأیید اصالت ضمانتنامه ارزی از طریق وارد نمودن شماره ضمانتنامه و کد/شناسه ملی ذینفع امکان پذیر است. همچنین جهت کافرمایان خارجی با صدور نامه کتبی این اداره، اصالت ضمانتنامه ارزی تأیید می گردد."
"آیا امکان اخذ گواهی لاتین در خصوص حد اعتباری مشتریان جهت ارائه به کارفرمای ضمانتنامه ارزی وجود دارد؟","بله، بنا به درخواست مشتری و پس از اخذ استعلام از شعبه ریالی صدور نامه مذکور امکان پذیر است."
"آیا امکان صدور ضمانتنامه ریالی به زبان انگلیسی وجود دارد؟","بله، در صورت درخواست ضمانتنامه ریالی با متن انگلیسی، شرکت متقاضی می بایست مدارک مورد نیاز را از طریق شعبه ریالی مربوطه به این اداره ارسال نماید."
"در ضمانتنامه های ارزی صادره تحت مقررات URDG 758 ، محل قانون حاکم بر ضمانتنامه کجاست؟","قانون حاکم، محل اداره بانک ضامن است که ضمانتنامه را صادر نموده مگر اینکه در ضمانتنامه طور دیگری مقرر شده باشد."
"در ضمانتنامه های ارزی صادره تحت مقررات URDG 758 ، مرجع صلاحیت دار در خصوص بروز اختلافات مابین بانک ضامن و ذینفع کدام است؟","کلیه اختلافات مابین بانک ضامن و ذینفع در مورد ضمانتنامه منحصراً توسط دادگاه صلاحیت دار محل اداره بانک ضامنی که ضمانتنامه را صادر کرده، حل و فصل می شود، مگر اینکه در ضمانتنامه طور دیگری مقرر شده باشد."
"مراحل تمدید ضمانتنامه ریالی به زبان انگلیسی در بانک تجارت به چه صورت است؟","ذینفع قبل از سررسید و با توجه به متن ضمانتنامه اقدام به ارسال درخواست تمدید به شعبه صادر کننده ضمانتنامه نموده و پس از اعلام مراتب توسط شعبه ریالی به اداره ضمانتنامه های خارجی، نسبت به تهیه الحاقیه تمدید ضمانتنامه به زبان انگلیسی اقدام می گردد."
"سررسید ضمانتنامه های ارزی عندالمطالبه بانکی و میزان تمدید آنها چه مدت می باشد؟","بر اساس مجموعه مقررات ارزی بانک مرکزی ج.ا.ا. تعیین سررسید ضمانتنامه ها (بجز ضمانتنامه های شرکت در مناقصه) حداکثر یکسال از تاریخ صدور و قابل تمدید حداکثر برای دوره های یکساله است. همچنین حداکثر مدت زمان اعتبار ضمانتنامه های شرکت در مناقصه، شش ماه از تاریخ برگزاری مناقصه و قابل تمدید حدکثر برای یک دوره سه ماه می باشد."
"آیا امکان پرداخت کارمزد ها به ارز و از حساب ارزی مشتریان وجود دارد؟","بله، مشتریان با معرفی حساب ارزی خود میتوانند مبالغ مورد نیاز را به صورت ارز پرداخت نمایند."
"ضمانتنامه ها از نظر ماهیت حقوقی به چند دسته تقسیم می شوند؟","-ضمانتنامه تبعی -ضمانتنامه مستقل (عندالمطالبه)، که ضمانتنامه های بانکی فقط از نوع اخیر می باشند."
"ضمانتنامه تبعی و ضمانتنامه مستقل (عندالمطالبه) چه تفاوتی با یکدیگر دارند؟","تفاوت این دو نوع ضمانتنامه در رابطه ای است که در تعهد اولیه و تعهد ثانویه (تعهد کل) وجود دارد. بدین معنا که در ضمانتنامه تبعی، تعهدات بانک ضامن تابع تعهد اولیه است اما در ضمانتنامه مستقل تعهد بانک ضامن مستقل از تعهد اولیه صرفاً تابع شرایط مندرج در متن ضمانتنامه است."
"متون ضمانتنامه های صادره توسط بانک تجارت به چه زبان هایی صادر می گردند؟","متن ضمانتنامه های این بانک به دو زبان فارسی و انگلیسی صادر می گردند. شایان ذکر است در صورتیکه مدارک مربوطه ارائه شده به زبان غیر انگلیسی باشد، ارائه ترجمه رسمی الزامی می باشد."
"ضمانتنامه از چه زمانی صادر شده تلقی می گردد؟","هنگامی که ضمانتنامه از از کنترل بانک ضامن (بانک) خارج شود، صادر شده تلقی می گردد."
"وظایف متقاضی ضمانتنامه در قبال بانک بانک ضامن متقابل چیست؟","-تامین و ارائه وثایق مورد نیاز جهت صدور ضمانتنامه متقابل توسط بانک تجارت -تأمین و پرداخت کارمزد، هزینه ها و وجه ضمانتنامه (در صورت مطالبه وجه توسط بانک بانک ضامن)"
"تاریخ انقضا در ضمانتنامه به چه معناست؟","به معنی تاریخی است که در ضمانتنامه مشخص شده و باید در آن تاریخ و یا قبل از آن ارائه مدارک صورت گیرد."
"آیا تمدید ضمانتنامه پس از سررسید امکانپذیر می باشد؟","بر اساس مجموعه مقررات ارزی بانک مرکزی ج.ا.ا. تقاضاي تمدید پس از سررسيد به منزله تقاضاي صدور ضمانتنامه جدید تلقی شده و انجام كليه مراحل مربوط به صدور ضمانتنامه از جمله ارزیابی اعتباري دستوردهنده و ضمانتخواه و اخذ شماره جدید از درگاه خدمات الكترونيك طبق مقررات مذکور الزامی است."
"مبلغ ضمانتنامه در چه شرایطی کاهش می یابد؟","ممکن است در ضمانتنامه شرط کاهش مبلغ در تاریخ های معین و یا وقایعی که در ضمانتنامه ذکر شده و منتج به تغییر مبلغ آن باشد، درج شود. به این منظور واقعه (رویداد) منجر به کاهش باید شرایط زیر را داشته باشد: الف-هنگامی که مدرک مشخص شده در ضمانتنامه ارائه شود که نشان دهنده وقوع آن واقعه (رویداد) باشد، یا ب-اگر مدرکی در ضمانتنامه مشخص نشده باشد، وقوع آن در سوابق بانک ضامن یا شاخصی که در ضمانتنامه مشخص شده قابل احراز باشد."
"آیا امکان کوتاه شدن سررسید ضمانتنامه ارزی پس از تمدید وجود دارد؟","بله، بنا به درخواست کتبی ذینفع اقدامات لازم با اخذ کارمزد مربوطه طبق مقررات و دستورالعمل‌های بانک صورت می‌پذیرد."
"جهت ابطال ضمانتنامه ارزی صادره توسط بانک تجارت چه مدارکی مورد نیاز است؟","مدارک مورد نیاز جهت ارائه درخواست ابطال ضمانتنامه : قبل از تاریخ سررسید ضمانتنامه: اصل نامه ذینفع بر روی سربرگ شرکت با امضای امضادارن مجاز و درج سمت آن ها، ممهور به مهر شرکت با بیان درخواست ابطال ضمانتنامه با ذکر شماره ضمانتنامه و مبلغ آن به همراه اصل لاشه ضمانتنامه. 'پس از تاریخ سررسید ضمانتنامه، جهت ابطال آن صرفاً ارائه اصل لاشه ضمانتنامه به اداره ضمانتنامه های ارزی بانک تجارت کافی می­باشد."
"اگر تاریخ خاتمه اعتبار ضمانتنامه ارزی روزی غیرکاری باشد، مهلت ارائه مطالبه وجه چه تاریخی می باشد؟","اگر تاریخ خاتمه اعتبار ضمانتنامه روزی غیرکاری باشد، خاتمه اعتبار تا روز کاری بعد آن در آن محل تمدید می گردد."
"اقدامات لازم در سررسید ضمانتنامه گمرکی چه می باشد؟","در صورت عدم دریافت درخواست تمدید یا ابطال ضمانتنامه می بایست پرداخت گردد."
"در صورت ابطال قبل از سررسید ضمانتنامه ارزی صادره توسط اداره ضمانتنامه های خارجی بانک تجارت، آیا مابقی کارمزد به حساب متقاضی/ ضمانتخواه عودت می گردد؟","اگر اصل درخواست ابطال ذینفع و لاشه ضمانتنامه بیشتر از یک ماه قبل از سررسید به این اداره واصل گردد، کارمزد مازاد به حساب متقاضی/ضمانتخواه عودت می­گردد."
"مدارک مورد نیاز جهت ابطال ضمانتنامه ارزی به کدام بخش بانک تجارت می­بایست ارائه گردد؟","جهت ابطال ضمانتنامه های ارزی مدارک مورد نیاز می­بایست به اداره ضمانتنامه های خارجی واقع در تهران- خیابان طالقانی- نبش خیابان استاد نجات اللهی- ساختمان مرکزی بانک تجارت- طبقه چهارم-اداره ضمانتنامه­های خارجی (کد پستی 1598617815) ارائه گردد."
"آیا امکان ابطال بخشی از مبلغ ضمانتنامه ارزی صادره توسط اداره ضمانتنامه های خارجی بانک تجارت وجود دارد؟","بله- ابطال بخشی از مبلغ ضمانتنامه به معنای کاهش/ تقلیل ضمانتنامه به میزان مبلغ درخواستی تلقی می گردد و در این خصوص می بایست اصل درخواست ذینفع ضمانتنامه به اداره ضمانتنامه های خارجی ارائه گردد."
"آیا با ابطال ضمانتنامه ارزی صادره بنا به درخواست ذینفع و عودت اصل ضمانتنامه، وثایق ماخوذه/اخذ شده از دستوردهنده/ ضمانتخواه در زمان صدور ضمانتنامه به حساب ایشان عودت می گردد؟","در صورت وصول اصل نامه ابطال و نسخه اصل ضمانتنامه توسط اداره ضمانتنامه های خارجی، نسبت به ابطال ضمانتنامه و عودت سپرده نقدی وفق مقررات اقدام می گردد. لازم به توضیح است که سایر وثایق توسط شعبه ریالی ذیربط عودت می گردد."
"وثایق ماخوذه از دستوردهنده/ ضمانتخواه در زمان ابطال ضمانتنامه چگونه عودت می گردد؟","عین وثایق اخذ شده در زمان صدور ضمانتنامه از دستوردهنده/ ضمانتخواه به ایشان عودت می گردد. در صورتی که در طول مدت اعتبار ضمانتنامه، مبلغ ضمانتنامه کاهش/ تقلیل داشته باشد و با این عملیات بخشی از وثایق ماخوذه آزاد شده باشد، در زمان ابطال عین مانده وثایق به حساب ضمانتخواه عودت می یابد."
"آیا در صورت درخواست ابطال ضمانتنامه و مفقودی/ گم شدن نسخه اصل ضمانتنامه ارزی امکان ابطال ضمانتنامه وجود دارد؟","در صورت درخواست ابطال ضمانتنامه توسط ذینفع، عودت نسخه اصل الزامی می باشد. لیکن در صورت مفقودی/گم شدن نسخه اصل ضمانتنامه با شماره تلفن 02188825676 هماهنگی های لازم صورت پذیرد."
"آیا با ابطال تضمین متقابل ارزی صادره توسط اداره ضمانتنامه های خارجی بانک تجارت بر اساس پیام آزادسازی دریافتی از بانک کارگزار، وثایق ماخوذه/اخذ شده از متقاضی/ ضمانتخواه در زمان صدور تضمین متقابل به حساب ایشان عودت می گردد؟","در صورت پیام آزادسازی تضمین متقابل از سوی بانک کارگزار توسط اداره ضمانتنامه های خارجی نسبت به ابطال تضمین متقابل و عودت سپرده نقدی وفق مقررات اقدام و سایر وثایق نیز توسط شعبه ریالی ذیربط عودت می گردد."
"مراحل آزادسازی وثایق ضمانتنامه های ارزی پس از ابطال آنها چیست؟","پس از دریافت مدارک لازم جهت ابطال ضمانتنامه، وثایق نقدی ریالی ماخوذه از متقاضی/ضمانتخواه وفق مقررات توسط اداره ضمانتنامه های خارجی به حساب ایشان عودت و در صورتی که وثایق نقدی ماخوذه ارزی باشند، از طریق واحد ارزی به حساب ایشان عودت می یابد. سایر وثایق توسط شعبه ریالی ذیربط عودت می گردد."
"اگر در تضمین متقابل متقاضی از شرکت در مناقصه منصرف گردد، چه کاری می بایست انجام دهد؟","در صورت انصراف متقاضی تضمین متقابل از شرکت در مناقصه، اگر: اگر تضمین متقابل هنوز توسط اداره ضمانتنامه های خارجی بانک تجارت صادر نشده باشد، پس از اخذ کارمزد و هزینه های مربوطه، پرونده مختومه اعلام می گردد. اگر تضمین متقابل توسط اداره ضمانتنامه های خارجی بانک تجارت صادر شده باشد، بانک تجارت مراتب را بلافاصله به بانک کارگزار اطلاع خواهد داد."
"ابطال ضمانتنامه­های ریالی به زبان انگلیسی به چه صورت انجام می­پذیرد؟","فرآیند مربوط به ابطال ضمانتنامه­های ریالی به زبان انگلیسی توسط شعب ریالی بانک تجارت صورت می پذیرد."
"درخواست ابطال ضمانتنامه­های ریالی به زبان انگلیسی به کدام بخش بانک تجارت می­بایست ارائه گردد؟","درخواست ابطال ضمانتنامه­های ریالی به زبان انگلیسی می­بایست صرفاً به شعبه ریالی ذیربط ارائه گردد."
"در صورت مفقود شدن اصل لاشه ضمانتنامه­های ریالی صادره با متن انگلیسی، ابطال ضمانتنامه چگونه امکان­پذیر است؟","در صورت مفقودی لاشه ضمانتنامه ریالی به زبان انگلیسی و درخواست ابطال ضمانتنامه مذکور، به شعبه ریالی ذیربط مراجعه نمایید."
"ذینفع ضمانتنامه ارزی در چه صورت می­تواند وجه ضمانتنامه را از بانک بانک ضامن مطالبه کند؟","بله. ذینفع ضمانتنامه می­تواند درخواست مطالبه مطابق کل یا بخشی از وجه ضمانتنامه را بر اساس شرایط موجود در متن ضمانتنامه، را تا قبل از تاریخ سررسید به اداره ضمانتنامه­های خارجی ارائه دهد."
"شرایط مطالبه وجه ضمانتنامه های ارزی به چه صورت است؟","درخواست مطالبه وجه مطابق ذینفع ضمانتنامه می­بایست پیش از انقضای سررسید با شرایط ذیل به اداره ضمانتنامه­های خارجی بانک تجارت واصل گردد: اصل درخواست مطالبه وجه ضمانتنامه بر روی سربرگ شرکت و با حداقل دو امضا‏ی مجاز تایید و ممهور به مهر شرکت ارائه مطالبه مطابق بر اساس شرایط مندرج در متن ضمانتنامه ارائه مدارک و مستندات مربوط به پادار شدن ضمانتنامه اعلام نظر در مورد معتبر ماندن/ ابطال مابقی وجه ضمانتنامه (در صورت مطالبه بخشی از وجه ضمانتنامه) ارائه اصل لاشه ضمانتنامه (در صورت مطالبه کل وجه و یا مطالبه بخشی و ابطال مابقی مبلغ ضمانتنامه)"
"شرایط مطالبه وجه ضمانتنامه ارزی صادره تحت مقررات URDG 758 چیست؟","مطالبه وجه ضمانتنامه، باید همراه اسنادي باشد كه در ضمانتنامه مشخص شده است. ولی در هر حال درخواست مطالبه وجه باید با بيانيه ذینفع كه نشان دهد ضمانتخواه درچه مواردي از تعهدات خود در قرارداد (رابطه پایه) تخلف كرده است، همراه باشد."
"آیا در مطالبه وجه ضمانتنامه ارزی صادره تحت مقررات URDG 758، مورد یا موارد تخلف حتما بایستی به همراه بیانیه مطالبه وجه ذینفع ارائه گردد؟","بله، در مطالبه وجه بیانیه تخلف حتما باید ارائه گردد مگر اینکه صراحتاً در ضمانتنامه استثنا شود."
"مهلت بانک برای تشخیص مطابقت/عدم مطابقت مطالبه وجه ضمانتنامه ارزی صادره تحت URDG 758 چند روز می باشد؟","بانک ظرف پنج روزكاري بعد از ارائه مدارک مطالبه، نبست به اعلام نطابقت/عدم مطابقت مطالبه وجه اعلام نظر می نماید."
"آیا امکان درخواست مطالبه بخشی از وجه ضمانتنامه وجود دارد؟","درخواست مطالبه وجه ضمانتنامه می­تواند جهت کل یا بخشی از وجه ضمانتنامه باشد مگر اینکه در متن ضمانتنامه مطالبه بخشی از وجه ضمانتنامه منع شده باشد. همچنین در صورت مطالبه بخشی از وجه ضمانتنامه، ذینفع حتما می­بایست در درخواست خود در خصوص ابطال/ معتبر ماندن مابقی وجه ضمانتنامه تعیین تکلیف نماید،"
"ایا ذینفع برای مطالبه وجه می بایست مدارک مثبته در خصوص تخلف متقاضی از تعهداتش وفق ضمانتنامه را به بانک ارائه نماید؟","خیر، بانک صرفاً با دریافت مطالبه مطابق ذینفع وفق مفاد مندرج در متن ضمانتنامه، متعهد است وجه ضمانتنامه را به ذینفع پرداخت نماید و در خصوص بررسی صحت و سقم مدارک تخلف وظیفه ای برعهده ندارد."
"ذینفع چه مبلغی از وجه ضمانتنامه را می تواند مطالبه وجه نماید؟","ذینفع هر مبلغی تا سقف مبلغ ضمانتنامه را می تواند مطالبه نماید."
"آیا ذینفع می­تواند مبلغی بیشتر از وجه ضمانتنامه را مطالبه نماید؟","خیر، ذینفع هر مبلغی تا سقف مبلغ ضمانتنامه را می تواند مطالبه نماید."
"آیا ذینفع ضمانتنامه ارزی می تواند مبلغی کمتر از وجه ضمانتنامه را مطالبه نماید؟","بله، مطالبه وجه مبلغی کمتر از مبلغ کل ضمانتنامه توسط ذینفع ضمانتنامه، امکانپذیر می باشد، مگر اینکه این امر در متن ضمانتنامه منع شده باشد."
"آیا در صورت مفقودی/ گم شدن نسخه اصل ضمانتنامه ارزی، امکان مطالبه وجه آن برای ذینفع ضمانتنامه وجود دارد؟","در این مورد ذینفع می بایست با اداره ضمانتنامه های خارجی (با شماره تلفن 88825676) تماس حاصل نماید."
"آیا امکان مطالبه/ ضبط وجه ضمانتنامه ارزی توسط ذینفع در هر زمانی وجود دارد؟","خیر، اصل نامه مطالبه وجه ضمانتنامه (مطابق با شرایط مندرج در متن ضمانتنامه) می بایست صرفاً تا پایان وقت اداری سررسید ضمانتنامه به بانک (بانک ضامن) ارائه گردد."
"در صورت ارائه مدارک ناقص جهت مطالبه وجه، تکمیل مدارک تا چه زمانی می بایست صورت پذیرد؟","تکمیل مدارک جهت مطالبه وجه می بایست قبل از خاتمه اعتبار ضمانتنامه صورت پذیرد."
"در خصوص وجود اختلاف بین متقاضی/ ضمانتخواه و ذینفع ضمانتنامه ارزی، آیا بانک بانک ضامن می بایست نسبت به حل و فصل اختلاف فی مابین وظیفه ای دارد؟","خیر، در صورت بروز اختلاف بین متقاضی و ذینفع ضمانتنامه، بانک بانک ضامن وظیفه ای در جهت بررسی و حل و فصل اختلاف فی مابین نداشته و صرفاً به تعهد خود تحت ضمانتنامه مربوطه می بایست عمل نماید."
"در صورت رد مطالبه وجه ذینفع ضمانتنامه توسط بانک، آیا ذینفع می­تواند مجدداً وجه ضمانتنامه را مطالبه نماید؟","بله. ذینفع می­تواند مجدداً وجه مورد نظر خود را تا سقف مبلغ ضمانتنامه و تا سررسید ضمانتنامه مطالبه نماید."
"پرداخت وجه ضمانتنامه­های ارزی مطالبه شده با چه ارزی صورت می­پذیرد؟","در صورتی­که مطالبه مطابق وجه ضمانتنامه توسط ذینفع ارائه گردد، بانک بانک ضامن می­بایست وجه آن را به ارز تعیین شده در ضمانتنامه بپردازد. لیکن اگر بانک ضامن نتواند وجه مربوطه را به ارز تعیین شده در ضمانتنامه بپردازد یا در محل پرداخت وجه طبق قانون پرداخت به ارز مذکور در ضمانتنامه غیر قانونی باشد، بانک بانک ضامن می­باست وجه مطالبه شده را به ارز محل پرداخت ضمانتنامه انجام دهد حتی اگر در ضمانتنامه صراحتاً قید شده باشد که پرداخت فقط باید به ارز تعیین شده در ضمانتنامه صورت گیرد."
"آیا در صورت مطالبه وجه ضمانتنامه ارزی صادره توسط اداره ضمانتنامه­های خارجی بانک تجارت، امکان معرفی شماره حساب نزد بانک دیگر وجود دارد یا لزوماً می­بایست حساب نزد بانک تجارت باشد؟","پیشنهاد می گردد که تا حد امکان به منظور سهولت در روند پرداخت، شماره حساب معرفی شده نزد بانک تجارت باشد، لیکن معرفی حساب نزد سایر بانک­ها نیز مانعی ندارد."
"از چه زمانی امکان مطالبه وجه ضمانتنامه توسط ذینفع وجود دارد؟","ذینفع می تواند از تاریخ صدور ضمانتنامه یا از هر تاریخ/ واقعه موخر دیگری که در ضمانتنامه پیش بینی شده است درخواست مطالبه وجه ضمانتنامه را بنماید."
"آیا ذینفع ضمانتنامه می­تواند درخواست مطالبه وجه مطابق خود را از طریق ایمیل به اداره ضمانتنامه­های خارجی بانک تجارت ارسال نماید؟","خیر، ذینفع ضمانتنامه می­بایست اصل مدارک و درخواست مطالبه وجه خود را به صورت فیزیکی ارائه دهد مگر اینکه در متن ضمانتنامه شرایط ارائه مدارک به نحو دیگری تعیین شده باشد."
"آیا ذینفع می­تواند پس از انقضای سررسید وجه ضمانتنامه ارزی را مطالبه کند؟","خیر، تعهد بانک به ذینفع تا تاریخ سررسید ضمانتنامه معتبر است و هر گونه درخواست مطالبه وجه ذینفع می­بایست پیش از انقضای سررسید ضمانتنامه به اداره ضمانتنامه­های خارجی واصل گردد."
"اگر شرکت متقاضی/ضمانتخواه ضمانتنامه ارزی شرکتی ورشکسته باشد، آیا تعهد بانک بانک ضامن به ذینفع ضمانتنامه همچنان پابرجا می­ماند؟","تعهد بانک بانک ضامن به ذینفع ضمانتنامه مستقل از هر مسأله و رابطه دیگری بوده و ورشکسته بودن شرکت متقاضی/ ضمانتخواه تعهد بانک بانک ضامن به ذینفع ضمانتنامه را تحت تأثیر قرار نمی­دهد."
"عدم تامین وجه مطالبه شده ضمانتنامه ارزی چه عواقبی برای متقاضی/ ضمانتخواه در پی دارد؟","بر اساس مجموعه مقررات ارزی بانک مرکزی ج.ا.ا. در صورتی که متقاضی/ ضمانتخواه ضمانتنامه پس از اطلاع از مطالبه وجه، نسبت به تعیین تکلیف ضمانتنامه و تسویه حساب با بانک بانک ضامن اقدام ننماید، این ضمانتنامه در سامانه ضمانتنامه ارزی بانک مرکزی وضعیت بلاتکلیف به خود می­گیرد و تا زمانی که با بانک بانک ضامن تسویه نکند امکان اخذ شماره ضمانتنامه از درگاه خدمات الکترونیک و صدور ضمانتنامه جدید برای آنها در شبکه بانکی میسر نخواهد بود."
"نحوه تسویه وجه ضمانتنامه ارزی مطالبه شده با ذینفع بر چه اساسی صورت می­پذیرد؟","بر اساس مجموعه مقررات ارزی بانک مرکزی ج.ا.ا. و دستورالعمل­های داخلی بانک تجارت می­باشد. در صورت لزوم در این خصوص می توانید با اداره ضمانتنامه های خارجی (با شماره تلفن 88825676) تماس حاصل فرمایید."
"بانک ضامن در چه شرایطی می تواند بر اساس درخواست متقاضی/ضمانتخواه، پرداخت وجه مطالبه مطابق را متوقف نماید؟","فقط در صورت دستور مرجع قضائی (حکم دادگاه) فرآیند پرداخت متوقف می گردد."
"در مطالبه وجه ضمانتنامه­های ارزی صادره از طریق بانک­های کارگزار تحت تضمین متقابل بانک تجارت، آیا متقاضی ضمانتنامه می­تواند وجه آن را بصورت ریالی تامین نماید؟","متقاضی موظف است ارز مطالبه شده را تامین نماید. لیکن در صورت عدم امکان تامین ارز مطالبه شده، متقاضی می­تواند معادل ریالی وجه مطالبه شده را نزد بانک تجارت تأمین نموده تا پس از تامین و تخصیص ارز توسط بانک مرکزی ج.ا.ا. مراتب تسویه وجه درخواستی با بانک کارگزار صورت پذیرد. در صورت لزوم در این خصوص می توانید با اداره ضمانتنامه های خارجی (با شماره تلفن 88825676) تماس حاصل فرمایید."
"مطالبه وجه ضمانتنامه ریالی به زبان انگلیسی توسط ذینفع، می بایست به کدام بخش در بانک تجارت ارائه گردد؟","مطالبه وجه ضمانتنامه ریالی به زبان انگلیسی می بایست به شعبه ریالی ذیربط ارائه گردد."
"عودت وثایق ضمانتنامه ای که سررسید آن منقضی گردیده است تحت چه شرایطی امکانپذیر است؟","این امر با ارائه اصل لاشه ضمانتنامه به بانک بانک ضامن یا ارائه تعهدنامه عدم دسترسی به لاشه از سوی متقاضی/ضمانتخواه به بانک بانک ضامن، امکانپذیر می باشد."
"در صورتی که ذینفع قبل از انقضای سررسید درخواست ابطال ضمانتنامه را به بانک تجارت ارائه نموده و همزمان اعلام کند که اصل لاشه را مفقود نموده، عودت وثایق به ضمانتخواه تحت چه شرایطی امکانپذیر خواهد بود؟","این امر با ارائه تعهدنامه مبنی بر مفقودی لاشه از سوی ذینفع ضمانتنامه امکانپذیر می باشد."
"تفاوت ضمانتنامه حسن انجام تعهدات با حسن اجرای کار چیست؟","ضمانتنامه حسن انجام تعهدات بابت تضمین کیفیت و زمان انجام پروژه/ارائه کالا از امضای قرارداد تا تحویل پروژه/کالا می باشد، اما ضمانتنامه حسن اجرای کار (وارانتی) بابت تضمین انجام خدمات پس از فروش از تحویل پروژه/کالا تا پایان دوره وارانتی/خدمات پس از فروش معتبر خواهد بود."
"آیا ارائه مطالبه وجه ضمانتنامه از سوی ذینفع، بانک تجارت را ملزم به پرداخت وجه ضمانتنامه می کند؟","پرداخت وجه ضمانتنامه صرفاً در صورت ارائه مطالبه مطابق امکانپذیر می باشد."
"مطالبه مطابق به چه معنایی است؟","مطالبه ای که اولاً حداکثر تا تاریخ انقضای سررسید ضمانتنامه به بانک بانک ضامن ارائه شود و ثانیاً شامل همان سند یا اسنادی می باشد که در متن ضمانتنامه برای پرداخت وجه آن شرط شده است."
"در صورت انقضای سررسید ضمانتنامه وظیفه بانک تجارت چیست؟","اگر تا تاریخ سررسید ضمانتنامه درخواست تمدید یا مطالبه مطابق به بانک ارائه نشده باشد، بانک موظف به ابطال ضمانتنامه می باشد."
"روش تشخیص انواع ضمانتنامه از یکدیگر چگونه است؟","نوع تعهد متقاضی به ذینفع در رابطه پایه ملاک تشخیص نوع ضمانتنامه می باشد."
"کالانو چیست؟","کالانو محصولی اعتباری است جهت تخصیص به مشتریان حقیقی که فرد دریافت کننده اعتبار می تواند مطابق با رتبه اعتباری خود تا سقف تعیین شده،کالای مورد نظر را به صورت اقساطی از عرضه کنندگان کالا که طرف قرارداد بانک می باشند خریداری نماید. در این محصول مشتریان با توجه به شرایط فروش هریک از شرکت های عرضه کننده، کالای خود را بصورت اقساطی خریداری نموده و نسبت به تامین مبلغ اقساط در حساب خود در سررسیدهای ماهانه اقدام می نمایند سپس بانک در سررسید اقساط توافق شده با هریک از شرکت ها عرضه کننده کالا تسویه می نماید."
"آیا اعتبار کالانو فقط به صورت حضوری تعلق می گیرد؟","خیر، امکان دریافت اعتبار کالانو هم به صورت حضوری در شعب سراسر کشور و هم به صورت غیر حضوری در اپلیکیشن باجت وجود دارد."
"برای دریافت کالانو از طریق شعبه، مشتریان چه مراحلی را باید طی کنند؟","مشتری می‌تواند پس از مراجعه به نزدیکترین شعبه بانک تجارت و افتتاح حساب و احراز هویت، در صورت داشتن رتبه اعتباری مناسب (به شرط نداشتن معوقات و چک برگشتی)، فرم های مربوطه را تکمیل نموده و از اعتبار کالانو بهره مند شود."
"برای دریافت اعتبار کالانو چه فرم هایی باید تکمیل گردد؟","تکمیل فرم افتتاح حساب (درصورت نداشتن حساب) تکمیل فرم درخواست اعتبار کالانو تکمیل فرم قرارداد صدورکارت خرید بر پایه عقد مرابحه تکمیل فرم قرارداد جعاله صدور ضمانتنامه تکمیل فرم درخواست ضمانتنامه تکمیل فرم تعهدنامه 80 تکمیل فرم تعهدنامه متقاضی ضمانتنامه ریالی تکمیل فرم اذن برداشت از حساب"
"برای دریافت اعتبار کالانو چه میزان ضمانتنامه نیاز است؟","مبلغ ضمانتنامه معادل 50% مبلغ کل اعتبار درخواستی مشتری مورد نیاز است که برای صدور این ضمانتنامه مشتری باید صرفا ده درصد مبلغ ضمانتنامه را در حساب خود واریز نماید."
"شرایط دریافت ضمانتنامه تعهد پرداخت در طرح کالانو چیست؟","'مبلغ ضمانتنامه معادل 50% مبلغ کل اعتبار درخواستی مشتری تا سقف فردی سپرده نقدی ضمانتنامه معادل 10 % مبلغ ضمانتنامه مدت ضمانتنامه 12 ماهه و قابل تمدید کارمزد ضمانتنامه معادل 25‏‏/2درصد مبلغ ضمانتنامه پس از کسر سپرده نقدی معرفی و اخذ ضامن بر حسب رتبه اعتباری متقاضی ذینفع ضمانتنامه: شرکت عرضه کننده کالا طبق اعلام مشتری در فرم درخواست کالانو موضوع ضمانتنامه: طرح کالانو"
"باجت چیست؟","اپلیکیشن باجت، محصولی از شرکت سیمرغ تجارت بانک تجارت است. از طریق این اپلیکیشن امکان افتتاح حساب و ارائه آسان و سریع تسهیلات ازدواج و استفاده از راهکار ' الان خرید کن بعداً پرداخت کن' (BNPL)، بدون حضور در شعبه، صدور و ضمانت سفته به عنوان وثیقه بدون کاغذبازی و بسیاری خدمات دیگر وجود دارد. برای دریافت این اپلیکیشن می‌توانید به راحتی از پلتفرم‌های معتبر همچون بازار، مایکت و وب سایت رسمی باجت به آدرس اینترنتی https://mybajet.ir/ آن را دانلود کنید."
"آیا تمام افراد حقیقی می توانند از اعتبار کالانو استفاده کنند؟","بله تمام افراد حقیقی به شرط نداشتن معوقات و چک برگشتی می‌توانند از این اعتبار استفاده نماید."
"اعتبار کالانو برای خرید چه محصولاتی می‌باشد؟","در حال حاضر از این اعتبار می‌توانید برای خرید لوازم خانگی (شرکت‌های پاکشوما، گروه صنعتی انتخاب الکترونیک آرمان (اسنوا،دوو،بست)، شرکت همتا صنعت ویرا (بلانتون)) و شرکت یکتاز سیکلت کویر استفاده نمایید."
"شرکت‌هایی که می‌توان با اعتبار کالانو از آن ها خرید انجام داد چه شرکت‌هایی هستند؟","'شرکت تولیدی صنعتی پاکشوما گروه صنعتی انتخاب الکترونیک آرمان (اسنوا،دوو،بست) شرکت یکتاز سیکلت کویر شرکت همتا صنعت ویرا (بلانتون) در آینده هم شرکت‌های گلدیران، لوازم خانگی مادیران، شرکت صنایع کلور ایرانیان شرق، شرکت ایران دوچرخ، هیمالیا و ... به این شرکت‌ها اضافه می گردند."
"سقف اعتبار کالانو چه قدر است؟","بستگی به نوع محصول دارد. این سقف در حال حاضر برای خرید لوازم خانگی یک میلیارد ریال و برای وسایل نقلیه موتوری 5 میلیارد ریال می‌باشد."
"سقف اعتبار کالانو برای خرید از شرکت گروه صنعتی انتخاب الکترونیک آرمان (اسنوا،دوو،بست) چقدر است؟","این شرکت لوازم خانگی عرضه می‌کند و سقف اعتبار کالانو بانک تجارت در برندهای این شرکت مبلغ 1 میلیارد ریال است."
"سقف اعتبار کالانو برای خرید از شرکت گروه صنعتی پاکشوما چقدر است؟","گروه صنعتی پاکشوما، لوازم خانگی عرضه می‌کند و سقف اعتبار کالانو بانک تجارت در برندهای این شرکت مبلغ 1 میلیارد ریال است."
"سقف اعتبار کالانو برای خرید از شرکت یکتاز سیکلت کویر چقدر است؟","شرکت یکتاز سیکلت کویر، وسایل نقلیه موتوری عرضه می‌کند و سقف اعتبار کالانو بانک تجارت در برندهای این شرکت مبلغ 5 میلیارد ریال است."
"سقف اعتبار کالانو برای خرید از شرکت همتا صنعت ویرا (بلانتون) چقدر است؟","شرکت همتا صنعت ویرا (بلانتون)، لوازم خانگی عرضه می‌کند و سقف اعتبار کالانو بانک تجارت در برندهای این شرکت مبلغ 1 میلیارد ریال است."
"مدت پازپرداخت اقساط اعتبار کالانو چقدر است؟","مدت باز پرداخت برای اعتبار 1 میلیارد ریال 24ماه، برای اعتبار 2 میلیارد ریال 30 ماه و برای اعتبار 5 میلیارد ریال 36 ماه است."
"میزان مبلغ پیش پرداخت مورد نیاز جهت دریافت اعتبار کالانو چقدر است؟","در اعتبار مرتبط با خرید لوارم خانگی نیازی به پیش پرداخت نیست ولی برای استفاده از اعتبار مربوط به وسایل نقلیه موتوری باید 20 درصد مبلغ کل محصول به صورت پیش پرداخت توسط مشتری به حساب شرکت واریز گردد."
"لیست فروشگاه‌هایی که می‌توان با اعتبار کالانو از آن‌ها خرید انجام داد را از کجا می‌توانم ببینم؟","لیست فروشگاه های فعال در طرح کالانو در اپلیکیشن باجت و همچنین وب سایت شرکت‌های طرف قرارداد بارگذاری شده است."
"آیا می توان با اعتبار کالانو بصورت آنلاین خرید انجام داد؟","مشتریان می توانند در صورت وجود امکان ثبت سفارش آنلاین در وب سایت فروشگاه های طرف قرارداد، خرید خود را به صورت آنلاین انجام دهند."
"آیا برای پرداخت اقساط طرح کالانو باید به شعبه مراجعه کنم؟","خیر، با توجه به اینکه مبلغ اقساط ماهیانه از حساب معرفی شده برداشت خواهد شد؛ لازم است مشتریان قبل از سررسید اقساط، نسبت به تکمیل موجودی حساب خود از طریق کلیه درگاههای بانکی اقدام نمایند."
"برای دریافت اعتبار کالانو به صورت غیر حضوری چه مراحلی را باید انجام بدهم؟","در مرحله اول با مراجعه به پلتفرم باجت و احراز هویت، مراحل افتتاح حساب را انجام دهید و محصول کالانو را انتخاب کنید. در گام بعد اعتبارسنجی و استعلامات مورد نیاز انجام شده و بر اساس رتبه اعتباری اختصاص داده به شما، وثایق از شما دریافت می گردد. با طی مراحل نام برده پرونده اعتباری دیجیتال شما تکمیل و اعتبار کالانو به شما تخصیص داده می شود."
"چه وثایق و تضامینی برای دریافت اعتبار کالانو لازم است؟","براساس رتبه اعتباری مشتری و اعتبار در خواستی وثایق/تضامین زیر استفاده می‌شود: قرارداد لازم الاجرا یک نفر ضامن معتبر( برای تامین کافی به میزان 120% کل اعتبار درخواستی ( از متقاضی یا ضامن) ترهین وسیله نقلیه (کویر موتور)"
"مهلت مصرف اعتبار کالانو چقدر است؟","تا یک ماه پس از تخصیص اعتبار، امکان خرید کالا وجود دارد."
"پرداخت اقساط در طرح کالانو چگونه صورت می‌گیرد؟","برداشت اقساط در سررسید، از حساب مشتری انجام می‌شود."
"در صورت عدم استفاده از اعتبار کالانو در موعد مقرر، چه اتفاق می افتد؟","در صورت مصرف بخشی از اعتبار کالانو طی مهلت 30 روزه توسط مشتری، بایستی نسبت به مصرف الباقی اعتبار خود تا قبل از اتمام مهلت 30 روزه اقدام نماید، در غیر اینصورت الباقی اعتبار تخصیصی، سوخت شده و قابل انتقال به ماه آتی نخواهد بود."
"مقدار اعتبار اقساطی طرح کالانو برای محصولات پاکشوما در باجت چقدر است؟","پاکشوما دارای سه طرح اقساطی به میزان 20، 50 و 100 میلیون تومان است. شما می‌توانید بیشتر و یا کمتر از این مقدار خرید کنید. اگر کمتر از اعتبار انتخابی خود خرید کنید، مبلغ اقساط به همان میزان کاهش می‌یابد. اگر بیشتر از اعتبار انتخابی خود خرید کنید، مابه‌تفاوت مبلغ را به صورت نقد در فروشگاه پرداخت می‌کنید."
"اعتبارسنجی در طرح کالانو در اپلبیکشن باجت به چه صورت انجام می گیرد؟","در مرحله اعتبارسنجی، رفتار مالی و بانکی درخواست‌کننده تسهیلات (مشتری) شامل بدهی، اقساط بانکی، چک برگشتی و... بررسی می‌شود. در حال حاضر، خرید اقساطی پاکشوما برای افراد با رتبه اعتباری بالا (A یا B) امکان‌پذیرست. به زودی و در نسخه‌های آتی، این امکان برای سایر افراد نیز فراهم خواهد شد."
"کارمزد مورد نیاز برای دریافت اعتبار اقساطی کالانو برای محصولات پاکشوما چقدر است؟","کارمزد مورد نیاز برای دریافت اعتبار اقساطی کالانو به مبلغ 100 میلیون تومان، اگر افتتاح حساب کوتاه مدت و صدور امضای دیجیتال را انجام داده باشید، 1,254,700 تومان و در صورتی که امضای دیجیتال و افتتاح حساب کوتاه مدت را انجام نداده باشید، 1,331,640 تومان است. کارمزد مورد نیاز برای دریافت اعتبار اقساطی کالانو به مبلغ 50 میلیون تومان، اگر افتتاح حساب کوتاه مدت و صدور امضای دیجیتال را انجام داده باشید، 674,075 تومان و در صورتی که امضای دیجیتال و افتتاح حساب کوتاه مدت انجام نداده باشید، 751,015 تومان است. کارمزد مورد نیاز برای دریافت اعتبار اقساطی کالانو به مبلغ 20 میلیون تومان، اگر افتتاح حساب کوتاه مدت و صدور امضای دیجیتال را انجام داده باشید، 325,700 تومان و در صورتی که امضای دیجیتال و افتتاح حساب کوتاه مدت را انجام نداده باشید، 402,640 تومان است."
"مبلغ سفته الکترونیک جهت وثیقه ضمانت و نیز تضمین اعتبار برای خرید لوازم خانگی در اعتبار کالانو چقدر است؟","برای دریافت اعتبار به مبلغ 100 میلیون تومان، سفته به مبلغ 120 میلیون تومان نیازست برای دریافت اعتبار به مبلغ 50 میلیون تومان، سفته 60 میلیون تومانی نیازست. برای دریافت اعتبار به مبلغ 20 میلیون تومان، سفته 24 میلیون تومانی نیازست."
"آیا برای اعطای اعتبار اقساطی طرح کالانو برای محصولات شرکت پاکشوما، نیاز به سپرده‌گذاری است؟","بله، در مرحله صدور ضمانت‌نامه، نیاز به سپرده‌گذاری نقدی معادل 5 درصد مبلغ کل اعتبار است. مقدار سپرده نقدی برای اعتبار 100 میلیون تومان، 5,000,000 تومان و برای اعتبار 50 میلیون تومان، 2,500,000 تومان و اعتبار 20 میلیون تومان، 1,000,000 تومان، سپرده نقدی نیاز است. مبلغ سپرده نقدی پس از بازپرداخت 12 قسط اول به حساب شما بازگشت داده می‌شود."
"بعد از درخواست اعتبار کالانو امکان انصراف وجود دارد؟","در حال حاضر انصراف از طرح تنها تا مرحله صدور ضمانت‌نامه امکان‌پذیر است. پس از این مرحله امکان انصراف وجود ندارد. همچنین اگر فرآیند درخواست یک طرح (به عنوان نمونه پاکشوما) را نیمه‌کاره رها کرده باشید، امکان درخواست طرح دیگر (به عنوان نمونه انتخاب) را ندارید؛ مگر اینکه از طرح فعلی خود انصراف دهید. همچنین اگر اعتبار یک طرح را دریافت کرده باشید، لازم است اقساط آن را به‌طور کامل پرداخت کنید تا بتوانید اعتبار طرح دیگری را دریافت کنید"
"مدت و مبلغ بازپرداخت اقساط در طرح کالانو برای محصولات پاکشوما چقدر است؟","برای اعتبار به مبلغ 100 میلیون تومان؛ مبلغ اقساط ماه 1 تا 12، 4,394,081 تومان و مبلغ اقساط ماه 13 تا 24، 5,125,000 تومان است. برای اعتبار به مبلغ 50 میلیون تومان؛ مبلغ اقساط ماه 1 تا 12، 2,197,040 تومان و مبلغ اقساط ماه 13 تا 24، 2,562,500 تومان است. برای اعتبار به مبلغ 20 میلیون تومان؛ مبلغ اقساط ماه 1 تا 12، 878,816 تومان و مبلغ اقساط ماه 13 تا 24، 1,025,000 تومان است."
"در صورتی که در موعد مقرر، اقدام به پرداخت اقساط در اعتبار کالانو را نکنم، چه خواهد شد؟","در مورد اقساط 12 ماه اول، اگر به هر دلیلی به‌صورت متوالی و یا غیرمتوالی 60 روز از سر‌رسید اقساط شما بگذرد ملزم هستید 12 قسط اول را به همراه جریمه کامل آن به صورت یکجا پرداخت کنید. در مورد اقساط 12 ماه دوم مانند سایر تسهیلات بانکی در صورت عدم پرداخت به موقع، تسهیلات شما معوّق شده و علاوه بر جریمه مصوّب با کاهش رتبه اعتباری، امکان دریافت تسهیلات و سایر خدمات بانکی از موسسات مالی و اعتباری برای شما کاهش می‌یابد."
"بعد از تخصیص اعتبار کالانو، نحوه خرید به چه صورت است؟","پس از دریافت پیامک اعطای اعتبار، همراه با کارت ملی به نمایندگی مورد نظر مراجعه کنید. کالای خود را انتخاب و به فروشگاه اطلاع دهید. هیچ محدودیتی در انتخاب کالا نباید از سوی نمایندگی‌های محترم وجود داشته باشد. پس از ثبت سفارش شما در فروشگاه تنها لازم است کد یکبار مصرف ارسالی به تلفن همراه خود را به مسئول فروش اعلام کنید."
"در صورت بروز مشکل در فرایند احراز هویت برای اعتبار کالانو، چه کار کنیم؟","در صورت مشکل و یا داشتن هرگونه سوال، شما می‌توانید با شماره پشتیبانی باجت تماس بگیرید. 02125961300"
"چگونه از رتبه اعتباری خودم در اخذ اعتبار کالانو مطلع شوم؟","رتبه اعتباری متقاضی اعتبار اقساطی کالانو از دو طریق شعبه و اپلیکیشن باجت ( در فرایند درخواست طرح اعتبار اقساطی کالانو) مشخص می‌گردد."
"تامین مالی زنجیره ای (SCF) چیست؟","تأمین مالی زنجیره تأمین به کارگیری روش ها و عملیات تأمین مالی جهت بهینه سازی مدیریت سرمایه در گردش و بهبود جریان نقدینگی زنجیره تامین به منظور تولید و توزیع محصول معین بوده که مبتنی بر شیوه­ها و ابزارهایی همانند خرید دین، پرداخت تسهیلات، برات الکترونیک، سفته الکترونیک،کارت اعتباری، اعتبار اسنادی داخلی مدتدار، اوراق گواهی اعتبار مولد و سایر ابزارهای مالی و تجاری مجاز می­باشد."
"سامانه اکوتام(SCF) چیست؟","بمنظور تبادل اطلاعات بین اجزای زنجیره تأمین، زیر ساخت الکترونیک و برنامه کاربردی، اکوتام (اکو سیستم تأمین مالی زنجیره تأمین بانک تجارت) به­عنوان سکوی تبادل اطلاعات زنجیره تامین ایجاد شده است. فاز اول اجرایی این پروژه بر پایه دستور پرداخت­های صادره مدتدار خریداران جهت پرداخت به تأمین­کنندگان زنجیره (تأمین­کنندگان مواد اولیه، قطعات، ملزومات و خدمات مورد نیاز واحد­های تولید) پیاده سازی گردیده و در فازهای بعدی سایر ابزار­های مجاز تأمین مالی زنجیره تأمین، به تدریج پیاده سازی و اجرا خواهد گردید."
"ابزار دستور پرداخت چیست و چه استفاده ای دارد؟","دستور پرداخت سند تجاری الکترونیکی است که به عنوان یکی از ابزارهای تامین مالی زنجیره‌ای استفاده می شود. دستور پرداخت سند قابل انتقالی است که از سوی متقاضی به طرفیت بانک صادر و آن را مکلف به پرداخت مبلغ مشخصی به ذینفع می‌نماید. این سند به لحاظ حسابداری از ماهیتی مشابه با اسناد دریافتنی برخوردار بوده و به عنوان ابزاری جهت انجام پرداخت‌های مرتبط با معاملات انجام شده به روش حساب باز کاربرد دارد."
"آدرس و نحوه دسترسی به سامانه اکوتام(SCF) چگونه است؟","1-1 از طریق سایت بانک تجارت به آدرس tejaratbank.ir و کلیک بر روی منوی تأمین مالی زنجیره ای (SCF) در زیر بنر اصلی سایت و سپس در صفحه جدید کلیک بر روی سامانه اکوتام(SCF). 1-2 از طریق آدرس ecotam. tejaratbank.ir"
"چگونه نام کاربری و رمز عبور جهت ورود به سامانه اکوتام(SCF) را دریافت نماییم؟","در صفحه اصلی سامانه ecotam. tejaratbank.ir، از طریق گزینه آیا حساب کاربری ندارید؟و پس از طی کردن مراحل ثبت نام میتوانید نام کاربری و رمز عبور را تعریف کنید."
"نحوه ثبت نام کسب و کارها (اشخاص حقیقی و حقوقی) در سامانه اکوتام(SCF) چگونه است؟","ابتدا باید مدیرعامل/صاحب کسب و کار ثبت نام اولیه را انجام داده تا کاربر عادی شود و پس از ورود به سامانه از طریق منوی مدیریت کسب و کار حقوقی و یا حقیقی ، کسب و کار را تعریف نمایید."
"فقط کسب و کارهای حقوقی امکان استفاده از سامانه اکوتام(SCF) را دارند؟","خیر، کسب و کارهای حقیقی واصناف دارای مجوز نیز امکان ثبت نام و استفاده از سامانه را دارند."
"چرا در فرآیند تعریف کسب و کار در سامانه اکوتام(SCF) ، پس از مرحله چهار و تعریف صاحبین امضا صفحه قفل میشود؟","در این مرحله بعد از تعریف صاحبین امضای مجاز، درخواست برای شعبه ارسال می‌شود و تا زمانی که شعبه تایید یا رد نکند امکان ادامه روند وجود ندارد."
"در سامانه اکوتام(SCF) چطور صاحبین امضا را تعریف کنیم؟","با توجه به آخرین تغییرات روزنامه رسمی شرکت، اطلاعات به صورت خودکار نمایش داده میشود که در مرحله چهارم در تعریف کسب و کار، امکان اصلاح و ویرایش برای کسب و کار حقوقی وجود دارد."
"آیا برای استفاده از سامانه اکوتام(SCF) همه صاحبین امضا باید توکن دریافت نمایند؟","این مورد بستگی به آخرین تغییرات روزنامه رسمی شرکت دارد. با توجه به حداقل امضای مورد نیاز برای امضای اسناد شرکت می بایست حداقل صاحبین امضا توکن سخت افزاری را دریافت نمایند."
"آیا همه صاحبین امضا می بایست در سامانه اکوتام(SCF) ثبت نام کنند؟","این مورد بستگی به آخرین تغییرات روزنامه رسمی شرکت دارد با توجه به حداقل امضای مورد نیاز برای امضای اسناد شرکت باید حداقل صاحبین امضا ثبت نام نمایند."
"چطور امضای دیجیتال را دریافت کنیم؟","برای دریافت توکن سخت افزاری لازم است از سامانه gica.ir درخواست امضای دیجیتال کرده و کد رهگیری دریافت کنید سپس با مراجعه به دفاتر پیشخوان دولت توکن سخت افزاری دریافت کنید."
"توکن امضای دیجیتال را دریافت کرده ایم ، در سامانه اکوتام(SCF) چطور امضای دیجیتال را انجام دهیم؟","به منظور امضای دیجیتال در سامانه اکوتام(SCF) نیاز است توکن سخت افزاری امضای دیجیتال را به سیستم وصل و نرم افزار دستینه را نصب کنید سپس با زدن امضای دیجیتال دستینه اجرا شده و می‌توانید امضای مورد نظر خود را انتخاب و تایید کنید."
"در سامانه اکوتام(SCF) چطور اعضای کسب و کار را تعریف کنیم؟","در قسمت مدیریت کسب و کار، اعضای کسب و کار، امکان دسترسی دادن به پرسنل شرکت مانند مدیر مالی وجود دارد."
"چطور باید فاکتورها را در اکوتام(SCF)، وارد کنیم؟","فروشنده باید فاکتورها را در سامانه جامع تجارت ثبت کرده و خریدار نیز تایید نماید سپس این فاکتورها از طریق بخش مدیریت فروش، استعلام از سامانه جامع تجارت، قابل فراخوانی است."
"در سامانه اکوتام(SCF) چطور دستور پرداخت صادر کنیم؟","خریدار میتواند از بخش مدیریت مالی‌، صدور دستور پرداخت، فاکتور مورد نظر را انتخاب و دستور پرداخت را صادر نموده و جزئیات پرداخت را وارد کند."
"در اکوتام(SCF) چطور اعتبار دریافتی را تنزیل کنیم؟","در بخش مدیریت مالی، لیست اعتبارات، گزینه درخواست تنزیل وجود دارد."
"در اکوتام T(SCF) اعتباری که دریافت می‌کنیم از کدام قسمت، قابل مشاهده است؟","از منوی مدیریت مالی، لیست اعتبارات، تمام اعتبارات دریافتی با جزئیات مربوطه قابل مشاهده است."
"در سامانه اکوتام (SCF) نام کاربری و رمز عبور خود را چطور تغییر دهیم؟","برای تغییر نام کاربری و رمز عبور می‌توانید از قسمت مدیریت حساب، اطلاعات کاربری اقدام نمایید."
"جهت استفاده از سامانه اکوتام(SCF) حتما باید حساب بانک تجارت داشت؟","بله سامانه اکوتام(SCF) از سرویس های بانک تجارت استفاده می نماید و داشتن حساب بانکی و بروز بودن اطلاعات در این بانک، ضرورت دارد."
"چه کسانی باید در سامانه اکوتام(SCF)، ثبت نام نمایند؟","کلیه خریداری که از بانک مصوبه دریافت کرده و تمامی فروشندگانی که می خواهند از این طریق، اعتبار دریافت نمایند به همراه شعب مربوطه لازم است در این سامانه ثبت نام نمایند."
"شعب چگونه باید درسامانه اکوتام (SCF) ،ثبت نام نمایند؟","رئیس شعبه و معاون شعبه باید ابتدا حساب کاربری ایجاد کرده و پس از ورود به پنل به کارشناسان تجارت شایان، اطلاع دهند تا به ایشان دسترسی پنل شعبه دهند."
"در سامانه اکوتام(SCF) دستور پرداخت ها در چه مرحله ای به شعبه ارسال می گردد؟","در حلقه اول، پس از ارسال دستور پرداخت توسط خریدار، فروشنده تایید کرده و پس از امضای خریدار، جهت تایید، برای شعبه خریدار ارسال می گردد. در حلقه های بعدی تنها نیاز به امضای دستور پرداخت توسط فروشنده و خریدار است."
"مزیت های استفاده از ابزار دستور پرداخت چیست؟","'رفع محدودیت های نظام بانکی در تامین سرمایه در گردش واحدهای تولیدی از حیث تامین منابع مالی جلوگیری از انتقال تسهیلات اعطایی از بخش مولد به بخش غیر مولد به دلیل سودآوری بیشتر تشویق بازار به انجام معاملات در بستر امن و با اطمینان بیشتر و تسهیل در اعتماد سازی طرفین معامله با توجه به تضمین بانکها اعتبار بالای دستورپرداخت(باتوجه به تضمین وجه برات توسط بانک در سرسید) و امکانات متنوع آن از قبیل قابلیت نگهداری اوراق تا سررسید ، قابلیت خرد شدن مبلغ و انتقال آن به سایر ذینفعان موجود در زنجیره تامین جهت تسویه خرید مواد اولیه و یا کالا به صورت متوالی و زنجیره ای جذابیت درآمدهای کارمزدی دستورپرداخت (غیر مشاع ) و ایجاد مزیت رقابتی بالا برای بانک"
"در سامانه اکوتام(SCF) ابزار دستور پرداخت برای کدام معاملات مشتریان کاربرد دارد؟","معاملاتی که به صورت اعتباری (نسیه) صورت پذیرفته باشد، کالا آماده تحویل و یا تحویل گردیده باشد و فاکتور در سامانه افق وزارت صمت ثبت گردیده باشد."
"آیا امکان صدور دستور پرداخت در تامین مالی زنجیره ای (در سامانه اکوتام) ،از بابت مشتریانی که مطابق بخشنامه 4003 معاملات آنان مشمول ثبت فاکتور در سامانه افق نمی شوند، وجود دارد؟","بله،شعب عامل می باید علاوه بر اعلام مراتب در پیشنهاد اعتباری نسبت به احراز صحت انجام معامله و اطمینان از صوری نبودن آن از طریق اخذ فاکتور رسمی با درج کد اقتصادی طرفین پیش از تایید نهایی جهت صدور دستور پرداخت اقدام نمایند که در همین ارتباط نیز اقرارنامه واقعی بودن معامله در سامانه اکوتام(SCF) با امضای الکترونیک از مشتری اخذ خواهد گردید."
"برای استفاده از روش تامین مالی زنجیره ای (SCF) در سامانه اکوتام ،وثایق و تضامین مورد نیاز دارای چه ویژگی های می باشد؟","معتبر، قابل نقل و انتقال قانونی، از درجه نقدشوندگی بالا برخوردار و بلامعارض باشد تا درصورت عدم ایفای تعهدات از سوی بنگاه خریدار، حقوق بانک در حداقل زمان ممکن و با کمترین هزینه، استیفاء شود."
"نحوه شروع فرآیند استفاده از محصول تامین مالی زنجیره ای(SCF) در پلتفرم اکوتام چگونه است؟","مشتری با مراجعه به شعبه درخواست ایجاد حد اعتباری جهت استفاده از محصول SCF را می نماید و شعبه مورد نظر پس از اعتبار سنجی و دریافت وثایق لازم نسبت به عقد قرارداد با مشتری اقدام می نماید."
"مراحل صدور دستور پرداخت در پلتفرم اکوتام به چه صورت می باشد؟","* ارسال درخواست استفاده از دستور پرداخت از طرف خریدار به پلتفرم با امضای الکترونیک * امضای الکترونیک قرارداد استفاده از دستور پرداخت توسط متقاضی و انعقاد قرارداد با ثبت مهر الکترونیک بانک * فراخوانی سرویس مدیریت حدود اعتباری جهت کنترل شرایط عمومی مصوبه * صدور پیش نویس دستور پرداخت توسط پلتفرم (به مبلغ اعتباری معامله، به تاریخ سررسید توافق شده) * اخذ هزینه تمبر مالیاتی، کارمزد صدور و خدمات * انجام فرآیند صدور قطعی دستور پرداخت توسط بانک با ثبت مهر الکترونیک بانک * اختصاص شماره سریال به دستور پرداخت * ثبت اطلاعات تراکنش در سامانه‌های داخلی بانک (ثبت زیرخط و سایر اسناد مرتبط در دفترکل بانک)"
"سررسید دستور پرداخت در تامین مالی زنجیره ای (SCF) در سامانه اکوتام چه بازه ای می باشد؟","با سررسیدهای حداقل یک ماه و حداکثر یکساله"
"نحوه امضای قرارداد تامین مالی زنجیره ای در سامانه اکوتام(SCF) به چه نحوی صورت می پذیرد؟","پس از صدور مصوبه حد اعتباری، انعقاد قرارداد با بنگاه صادر کننده طبق نمونه قرارداد مندرج در سامانه اکوتام(SCF) و با امضای الکترونیک انجام می پذیرد."
"کارمزدهای مربوط به تامین مالی زنجیره ای (SCF) در اکوتام به چه میزان می باشد؟","سقف کارمزد صدور دستور پرداخت مطابق ماده 9 'شیوه نامه اجرایی استفاده از برات الکترونیک در تامین مالی زنجیره تامین' 2 درصد مبلغ دستور پرداخت صادره به صورت سالانه و سقف مبلغ کارمزد انتقال دستور پرداخت 2‏‏/0 درصد آن تعیین می گردد.ضمناً برای دستور پرداخت‌های صادره نسبت به مبلغ آنها معادل نیم در هزار بابت حق تمبر، جهت صدور قبض مالیاتی از مشتری اخذ می شود و به حساب مربوطه واریز می گردد."
"در صورت درخواست تنزیل دستور پرداخت در سامانه اکوتام(SCF) توسط مشتری، شعب می بایست چه روالی طی نمایند؟","دستور پرداخت به عنوان وثایق قابل قبول گروه شبه نقد در نظر گرفته می شود و حدود اختیارات ارکان اعتباری مطابق با بخشنامه شماره 4003 می باشد."
"ابزار دستور پرداخت دارای چه ویژگی هایی می باشد و ارکان آن چیست؟","علاوه بر دارا بودن کلیه ویژگی های مندرج در ماده 223 قانون تجارت دارای مشخصات ذیل نیز می باشد: غیر کاغذی با سررسیدهای حداقل یک ماه و حداکثر یکساله با درخواست متقاضی در وجه ذینفع از طریق سامانه اکوتام(SCF) صادر و دارای قابلیت خرد شدن و انتقال توسط ذینفع می باشد. بانک می تواند براساس مصوبه اعتباری صادره شده برای متقاضی دستور پرداخت نسبت به قبولی و تادیه کل مبلغ آن در سررسید اقدام نماید. با توجه به بازتعریف دستور پرداخت مبتنی بر برات، ارکان دستورپرداخت با تعهد بانک عبارتند از: متقاضی یا برات دهنده : بنگاه خریدار مواد اولیه و خدمات مورد نیاز در تولید محصول(اعم از کالا و خدمات)یا توزیع کنندگان که طبق قانون تجارت نسبت به صدور دستورپرداخت از طریق سامانه اکوتام(SCF) در وجه دارنده آن اقدام می نماید. متعهد یا برات گیر: بانک می باشد که طبق قانون تجارت نسبت به قبولی دستور پرداخت اقدام و آن را در سررسید در وجه دارنده آن تادیه می نماید ذینفع یا دارنده برات: شخصی که طبق قانون تجارت، کلیه حقوق دستور پرداخت صادره متعلق به وی می باشد و می تواند کلیه حقوق آن را از طریق سامانه اکوتام(SCF) به شخص دیگری انتقال دهد."
"آیا ابزار دستور پرداخت در تامین مالی زنجیره ای (SCF) قابل تنزیل می باشد؟","حسب درخواست دارنده دستور پرداخت در زنجیره تامین بنگاه بانک می تواند نسبت به تنزیل دستور پرداخت های صادره و انتقالی با رعایت شرایط ذیل و طبق دستورالعمل های و مقررات موجود بانک اقدام نمایند: حداکثر میزان تسهیلات اعطایی در قالب خرید دین به تشخیص ارکان اعتباری مربوطه با رعایت آخرین سیاست­های اعتباری بانک صورت می­پذیرد. تنزیل دستور پرداخت ها برای دارنده آن صرفاً بعد از گذشت یک چهارم از زمان عمر آن یا دو بار انتقال بین بنگاه های عضو زنجیره امکان پذیر خواهد بود. اعطای تسهیلات خرید دین بر اساس رعایت الگوی هزینه ‏- فایده می­باشد. اعطای تسهیلات خرید دین حسب درخواست مشتری و مطابق روال جاری می باشد."
"آیا در سامانه اکوتام(SCF یا تامین مالی زنجیره ای ) دستور پرداخت ها قابل انتقال می باشد و در صورت انتقال نحوه انتقال دستور پرداخت به چه صورت می باشد؟","دارنده دستور پرداخت یا همان بنگاه فروشنده می تواند از طریق سامانه اکوتام(SCF) به صورت غیرحضوری و الکترونیکی نسبت به خرد کردن دستور پرداخت خود جهت خرید مواد اولیه و خدمات مورد نیاز در تولید محصول اقدام و متعاقباً به بنگاه های فروشنده دیگر منتقل نماید به طوریکه کلیه فرآیند مربوط به درخواست دارنده دستور پرداخت (بنگاه فروشنده( و موافقت بنگاههای فروشنده بعدی براساس فاکتور خرید کاملا به صورت الکترونیکی و از طریق استعلام از سامانه افق وزارت صمت انجام می پذیرد."
"آیا اخذ گواهی تبصره یک ماده 186 قانون مالیاتهای مستقیم جهت صدور دستور پرداخت در سامانه اکوتام(SCF) الزامی می باشد؟","به استناد بخشنامه شماره 30718‏/99 مورخ11‏/02‏/99 بانک مرکزی ج.ا.ا‏- مدیریت کل مقررات، مجوزهای بانکی و مبارزه با پولشویی، صدور دستور پرداخت/برات الکترونیک منوط به اخذ گواهی تبصره یک ماده 186 قانون مالیاتهای مستقیم نمی باشد."
"صدور دستورپرداخت در تامین مالی زنجیره ای (SCF) در سامانه اکوتام دارای چه الزاماتی و مستلزم رعایت کدام مقررات می باشد؟","رعایت کلیه ضوابط و مقررات جاری از قبیل اعتبارسنجی ، عدم وجود بدهی معوق و چک برگشتی ، آیین نامه تسهیلات و تعهدات کلان و آیین نامه تسهیلات و تعهدات اشخاص مرتبط و ضوابط اجرایی صورت های مالی حسابرسی شده در پذیرش صدور دستور پرداخت الزامی می باشد."
"در سامانه اکوتام(SCF) ، نحوه تائید اصالت فاکتور ها یا صورتحسابهای مشتریان به هنگام صدور و انتقال دستور پرداخت ها به چه صورتی می باشد؟","صحت انجام معاملات و صوری نبودن معامله و احراز صدق آن جهت صنایعی که موظف به ثبت فاکتورهای خود در سامانه جامع تجارت(افق وزارت صمت) می باشند، صرفاً از طریق استعلام فاکتور قطعی خرید که در سامانه افق وزارت صمت ثبت گردیده، توسط سامانه اکوتام(SCF) انجام می پذیرد."
"نحوه ایفای تعهدات و یا تسویه مبلغ دستور پرداخت های صادره در سررسید در سامانه اکوتام(SCF) ، به چه صورتی می باشد؟","بنگاه مکلف است در سررسید هر فقره دستور پرداخت، نسبت به ایفای تعهدات خود (تامین دستور پرداخت صادره برای دارنده آن یا بنگاه فروشنده) اقدام نماید."
"در صورت عدم ایفای تعهد توسط بنگاه در سررسید دستور پرداخت در سامانه اکوتام(SCF) ،شعب باید به چه نحوی اقدام نمایند؟","درصورت عدم ایفای تعهد توسط بنگاه خریدار و یا صوری بودن معامله، شعب ضمن انجام اقدامات لازم جهت وصول مطالبات از بنگاه متعهد اعم از اجرایی نمودن وثایق یا تضامین، نسبت به اقدامات ذیل مبادرت کنند: عملیات مربوط به تسویه مبلغ دستور پرداخت های صادره می باید در همان روز سررسید از سرفصل بدهکاران برات زنجیره تولید با هماهنگی شعبه ذیربط به حساب ذینفع و متعاقباً سایر ذینفعان و دارندگان دستور پرداخت در زنجیره انجام پذیرد."
"در صورت مطالبات ایجادی در سررسید دستور پرداختها در سامانه اکوتام(SCF) چه اتفاقی در شعبه رخ می دهد؟","به اقلام بالای خط ترازنامه و سرفصل بدهکاران بابت دستور پرداختهای پرداخت شده به تفکیک دولتی و غیردولتی انتقال می یابد. صدور دستور پرداخت جدید تا حداقل 6 ماه از زمان تسویه بدهی دستور پرداخت نکول شده قبلی و یا احراز صوری بودن معامله ممنوع می باشد. مطابق با ضوابط و مقررات ابلاغی اقدام قانونی بر روی وثایق و تضامین توسط شعبه انجام پذیرد. بدهی ایجادی مشمول پرداخت وجه التزام تاخیر تادیه دین و یا احراز صوری بودن معامله از تاریخ پرداخت وجه دستور پرداخت، توسط بانک با نرخ سود تسهیلات غیر مشارکتی بعلاوه 6درصد محاسبه می گردد. ایجاد هرگونه تعهدات و یا اعطای تسهیلات به صادر کننده دستور پرداخت، از زمان پرداخت دستور پرداخت نکول شده تا زمان وصول کامل مطالبات ممنوع می باشد. مطالبات ایجادی ناشی از دستور پرداخت استفاده شده در زنجیره تامین ، به عنوان یکی از اقسام مطالبات ریالی، تحت شمول تعریف مطالبات در آیین نامه وصول مطالبات غیرجاری مؤسسات اعتباری (ریالی و ارزی) قرار می گیرد و به تبع آن مطالبات مربوط به دستور پرداخت مشمول محرومیت های پیش بینی شده در آیین نامه می گردند."
"درصورت عدم وصول مطالبات مربوط به دستور پرداختها در سامانه اکوتام(SCF) چه اتفاقی رخ می دهد؟","'پس از دو ماه از تاریخ پرداخت به طبقه مشکوک الوصول انتقال می یابد. ذخیره گیری مطالبات ناشی از دستور پرداخت های صادره مطابق دستورالعمل نحوه محاسبه ذخیره گیری قابل محاسبه می باشد . صدور دستور پرداخت جدید تا حداقل 6 ماه از زمان تسویه بدهی دستور پرداخت نکول شده قبلی و یا احراز صوری بودن معامله ممنوع می باشد. مطابق با ضوابط و مقررات ابلاغی اقدام قانونی بر روی وثایق و تضامین توسط شعبه انجام پذیرد. بدهی ایجادی مشمول پرداخت وجه التزام تاخیر تادیه دین و یا احراز صوری بودن معامله از تاریخ پرداخت وجه دستور پرداخت، توسط بانک با نرخ سود تسهیلات غیر مشارکتی بعلاوه 6درصد محاسبه می گردد. ایجاد هرگونه تعهدات و یا اعطای تسهیلات به صادر کننده دستور پرداخت، از زمان پرداخت دستور پرداخت نکول شده تا زمان وصول کامل مطالبات ممنوع می باشد. مطالبات ایجادی ناشی از دستور پرداخت استفاده شده در زنجیره تامین ، به عنوان یکی از اقسام مطالبات ریالی، تحت شمول تعریف مطالبات در آیین نامه وصول مطالبات غیرجاری مؤسسات اعتباری (ریالی و ارزی) قرار می گیرد و به تبع آن مطالبات مربوط به دستور پرداخت مشمول محرومیت های پیش بینی شده در آیین نامه می گردند."
"آیا در روز سررسید برای تسویه دستورپرداختها در سامانه اکوتام(SCF) ، مشتری می تواند از تسهیلات استفاده نماید؟","اتخاذ تصمیم ازبابت تسویه دستور پرداخت های صادره از طریق اعطای تسهیلات بعهده ارکان اعتباری می باشد."
"سامانه پی‌بار چیست؟","پی‌بار، سامانه آنلاين مدیریت فرایند حمل‌و‌نقل و پرداخت کرایه حمل جاده‌ای را به تمام متولیان پرداخت از جمله صاحبان کالا و شرکت‌های حمل‌و‌نقل ارائه می‌کند؛"
"فرایند اجرایی پی‌بار چگونه است؟","همسو با دو ابلاغیه سازمان راهداری و حمل‌و‌نقل جاده‌ای کشور، با دو رویکرد اصلی «پرداخت آنلاین کرایه (سامانه پاک)» و «حذف فیزیک بارنامه کاغذی»، پی‌بار بارنامه‌ها را در لحظه صدور، به‌صورت آنلاین از سازمان راهداری دریافت و نمایش ‌می‌دهد، کلیه فرایند را تا رسیدن به مقصد، توزین، تخلیه را مدیریت می‌کند و پرداخت آنلاین کرایه را انجام می‌دهد."
"فرایند تسویه کرایه حمل در پی‌بار چگونه است؟","فرایند تسویه کرایه حمل رانندگان نیز به‌صورت آنی و حتی در تعطیلات، بر بستر بانک تجارت با اتصال حساب حقوقی شرکت‌ها به سامانه فرا بانک تجارت و به‌وسیله توکن نرم‌افزاری در قالب‌های پرداخت نقدی از حساب و پرداخت اعتباری (همیار بار) امکان‌پذیر است."
"پرداخت اعتباری پی‌بار چگونه است؟","همیار بار، تسهیلات پرداخت کرایه بانک تجارت، ویژه متولیان پرداخت در پی‌بار است که می‌توانند با استفاده از تسهیلات تخصیص‌یافته، کرایه حمل بارنامه‌های کشوری را بپردازند"
"ویژگی‌های پرداخت اعتباری پی‌بار چگونه است؟","فرایند اخذ تسهیلات به‌صورت آنلاین و آفلاین قابل‌انجام است، با هر بار بازپرداخت اقساط همیار بار اعتبار شما نزد بانک به میزان قسط پرداخت شده شارژ می‌گردد، کلیه مراحل از درخواست تا تأمین اعتبار و گزارش استفاده از هر اعتبار، در پی‌بار قابل رهگیری است."
"پی‌بار چه بارهایی را مدیریت می‌کند؟","در این سامانه هم مدیریت بارهای ورودی و هم‌بارهای خروجی همچنین حواله‌های داخلی و بیجک انجام می‌شود"
"دسترسی پی‌بار به بارنامه‌ها و حواله‌ها چگونه است؟","پی‌بار از طرف مشتریان به‌عنوان کارگزار فنی به سازمان راهداری و حمل‌ونقل جاده‌ای متصل است و بارنامه‌ها را به‌صورت برخط دریافت می‌نماید، همچنین امکان بارگذاری دستی حواله‌ها را نیز در اختیار مشتریان قرار می‌دهد."
"مجوزهای سامانه پی‌بار چیست؟","پی‌بار محصولی دانش‌بنیان مستقر در پارک علم و فناوری دانشگاه تهران که عضو اتحادیه کسب‌وکارهای مجازی است و دارای مجوز از انجمن نظام صنفی و رایانه‌ای کشور و در مراحل پایانی اخذ مجوز افتا است."
"آیا پی‌بار قابلیت اتصال به سایر سامانه‌های مشتریان را دارد؟","بله پی‌بار قابلیت اتصال به سامانه‌های ای آر پی (ERP)، مالی و حسابداری، لجستیک و انبارداری، باسکول خوان، پلاک خوان"
"پی‌بار برای رفع کدام چالش‌های صنعت حمل‌ونقل و لجستیک به وجود آمده است؟","'خریدوفروش بارنامه، تغییر پارامترهای بارنامه، تخلف تنخواه‌داران، عدم شفافیت در کسری بار، اعتراض و اعتصاب، عدم شفافیت در کسری بار، تغییر پارامترهای بارنامه، اخذ مبالغ اضافه از رانندگان، رشد منفی اشتغال‌زایی"
"پی‌بار کدام چالش‌های مربوط به بارهای ورودی را رفع کرده است؟","عدم دسترسي دريافت‌كننده به اطلاعات بارنامه تا زمان رسيدن بار به مقصد عدم امكان برنامه‌ريزي مالي جهت پرداخت كرايه، پيش‌بيني فضاي تخليه و مديريت نيروي انساني و هزينه‌هاي سربار نياز به دريافت آنلاين اطلاعات بارنامه و پرداخت كرايه در مقصد در يك سامانه واحد نياز به سامانه‌اي جهت مديريت ورود و خروج، پلاک خوان، باسکول خوان، ثبت انواع کسری بار، انتخاب راننده اول یا دوم یا شخص ثالث جهت پرداخت، امکان مدیریت نرخ حمل، امکان تعریف انواع قراردادها و انواع مسیرها با تأمین‌کنندگان یا خریداران و شرکت‌های حمل‌و‌نقل و..."
"پی‌بار کدام چالش‌های مربوط به بارهای خروجی را رفع کرده است؟","عدم امکان توزیع بار آنلاین توسط صاحب کالا یا پیمانکار حمل، به شرکت‌های حمل‌و‌نقل طرف قرارداد، عدم امکان دریافت حواله کشوری و داخلی به‌صورت آنلاین، عدم امکان صحت‌سنجی آنلاین حواله، عدم امکان ثبت ورود به‌صورت صددرصد آنلاین، عدم امکان ارسال آنلاین برگه باسکول به شرکت حمل‌و‌نقل جهت تبدیل همان برگه باسکول به بارنامه، به‌صورت برخط"
"چه کسانی می‌توانند از پی‌بار استفاده کنند؟","فرقی نمی‌کند که شما در چه صنعتی فعالیت می‌کنید. پی‌بار به هر مجموعه‌ای که با «بار» و «بارنامه» سروکار داشته باشد، با تمرکز بر متولیان پرداخت، خدمات ارائه می‌کند."
"بازیگران اصلی پی‌بار چه کسانی هستند؟","صاحبان کالا، شرکت‌های حمل‌ونقل جاده‌ای و رانندگان"
"پی‌بار چه خدماتی به صاحبان کالا ارائه می‌دهد؟","امکان مشاهده اطلاعات هر بارنامه از لحظه صدور، امکان برنامه‌ریزی دقيق برای توزین، تخلیه در انبار و تسویه‌حساب آني كرايه حمل با رانندگان، امکان اتصال و هماهنگی کلیه نرم‌افزارهای داخلی مشتری با سامانه پی‌بار، امکان گزارش‌سازی كاملاً سفارشی و دقيق از كليه فرايند‌ها"
"پی‌بار چه خدماتی به شرکت‌های حمل‌و‌نقل جاده‌ای ارائه می‌دهد؟","به حداقل رسیدن خطای کاربر، امکان رصد ناوگان، امکان انجام انواع پرداخت به‌عنوان پیمانکار حمل و متولی پرداخت، امکان تعامل آنلاین با صاحبان کالای طرف قرارداد و جلوگیری از هرگونه مغایرت عمدی یا سهوی، امکان ارزیابی و رتبه‌بندی رانندگان برتر یا متخلف"
"پی‌بار چه خدماتی به رانندگان ارائه می‌دهد؟","دریافت کرایه حمل بار بدون کم‌و‌کاست، درست پس از تخليه (در هر ساعت از شبانه‌روز) اطلاع راننده از تمام مراحل، از زمان دریافت بارنامه از سازمان راهداری و شروع فرایند حمل، تا تسویه نهایی بدون تماس و پیگیری حضوری و تلفنی"
"پی‌بار چه چیزهایی را نمایش می‌دهد؟","اطلاعاتی شامل تعداد قراردادها، تعداد کل بارنامه‌های ثبت شده، تعداد شرکت‌های صاحب کالای طرف قرارداد، اطلاعات دقیق مربوط به رانندگان و بارنامه‌ها و همچنین روند پرداخت هر بارنامه. تاریخچه نرخ حمل، مسیرها و محاسبات اتوماتیک کسری و نرخ حمل."
"پی‌بار کدام عملیات بانکی را انجام می‌دهد؟","امکان پرداخت كرايه حمل بدون سقف پرداخت، عدم نیاز به مراجعه حضوري به بانک، جهت پرداخت‌هاي گروهی، پرداخت شبانه‌روزي حتي در تعطيلات"
"پی‌بار چه‌کارهای بانکی‌ای انجام می‌دهد؟","در بخش عملیات بانکی، از مانده موجودی خود مطلع شوید، شماره‌حساب راننده موردنظر خود را استعلام کنید و اطلاعات و رمز انتقال وجه را ویرایش کنید. پی‌بار این امکان را نیز فراهم کرده که به طور دقیق ببینید کدام راننده‌ها با چه مشخصاتی، هنوز افتتاح حساب انجام نداده‌اند."
"پی‌بار چه اطلاعاتی راجع به وضعیت بارنامه‌ها به ما می‌دهد؟","پی‌بار بارنامه‌های ثبت شده را دسته‌بندی کرده و می‌توانید با چند کلیک از موارد زير مطلع شوید یا نسخه چاپی تهیه کنید: بارنامه‌های صادرشده، بارنامه‌های در مسیر مقصد، راننده‌های در انتظار افتتاح حساب، بارنامه‌های در انتظار تأیید، بارنامه‌های در انتظار پرداخت و بارنامه‌های دارای کسری/اضافه/ الحاقیه/ توضیحات و بارنامه‌های در صف یا معلق."
"خدمات پی‌بار در زمینه پرداخت کدام است؟","پی‌بار بسته‌ای کامل شامل سرویس‌های بانکی مبتنی بر تراکنش مانند انتقال وجه حساب به‌حساب و پایا و همچنین سرویس‌هایی مانند تبدیل و تطبیق اطلاعات حسابی را در اختیار مشتریان خویش قرار می‌دهد."
"پی‌بار برای تسویه‌حساب با راننده، چه می‌کند؟","شما مي‌توانيد با هر تعداد راننده، در هر ساعتی از شبانه‌روز، به‌صورت تکی یا گروهی تسويه‌حساب كنيد."
"آیا پی‌بار امکان گزارش‌گیری دارد؟","بله پی‌بار مجهز به ماژول‌های گزارش ساز است."
"پی‌بار چه گزارش‌هایی ارائه می‌دهد؟","علاوه بر گزارش‌های مدیریتی، با انتخاب مولفه‌های بخش جزئیات موجود در گزارش ساز، امکان اضافه‌کردن المان‌هایی مانند نام شرکت حمل‌و‌نقل و اطلاعات مربوط به بارنامه گرفته تا اطلاعات راننده، میزان کسری بار و حتی ساعت تخلیه بار و پلاک ماشین فراهم می‌شود."
"آیا پی‌بار بانک است؟","خیر، پی‌بار محصول سبد بانکداری تجاری بانک تجارت است که به‌عنوان اینترنت بانک لجستیکی در اختیار مشتریان قرار می‌گیرد."
"اگر در استفاده از پی بار با مشکل مواجه شدم چکار کنم؟","کلیه موارد مربوط به سامانه، به‌صورت شبانه‌روزي توسط پی‌بار، پشتیبانی می‌شود. شماره تماس‌های پی‌بار: 09380191050، 09021096919، 09021079165، 09021079164"
"آدرس سایت پی‌بار چیست؟","https://paybaar.com/"
"امکان تجربه فضای پی‌بار وجود دارد؟","اگر تمایل دارید که فضای سامانه پی‌بار را از نزدیک ببینید و امکانات آن را بررسی کنید، می‌توانید با دریافت مشاوره تخصصی و دموی نرم‌افزاری، در فضای واقعی سامانه، امکانات و میزان تناسب آن با نیازهای سازمان خود را بسنجید."
"چرا پی‌بار؟","همراهی به‌جای پشتیبانی، سامانه آنلاین، آموزش نامحدود، قابلیت اتصال نرم‌افزاری، تسهیلات اختصاصی، امکان نظارت دقیق‌تر"
"ساتنا","این سامانه به منظور انتقال وجه مبتنی بر حساب با مبالغ کلان در شبکه بانکی کشور ایجاد شده است"
"ساتنا چیست","این سامانه به منظور انتقال وجه مبتنی بر حساب با مبالغ کلان در شبکه بانکی کشور ایجاد شده است"
"زمانبندی ساتنا","چرخه زمانی عملیات ساتنا از طریق درگاه های غیر حضوری (موبایل بانک و اینترنت بانک) شنبه لغايت چهارشنبه (روزهاي کاری) از ساعت 7:30 تا 14:15 و در روزهای پنجشنبه از ساعت 7:30 تا 12:15 است و از طریق شعب تنها در ساعات اداری انجام می‌شود."
"ساعت 6 بعد ازظهر می خواهم از همراه بانک انتقال وجه دهم ولی ساتنا قطع شده است؟","چرخه زمانی عملیات ساتنا از طریق درگاه های غیر حضوری (موبایل بانک و اینترنت بانک) شنبه لغايت چهارشنبه (روزهاي کاری) از ساعت 7:30 تا 14:15 و در روزهای پنجشنبه از ساعت 7:30 تا 12:15 است و از طریق شعب تنها در ساعات اداری انجام می‌شود."
"از همراه بانک ساتنا انجام می دهم اما اعلام می کند ساتنا قطع است؟","چرخه زمانی عملیات ساتنا از طریق درگاه های غیر حضوری (موبایل بانک و اینترنت بانک) شنبه لغايت چهارشنبه (روزهاي کاری) از ساعت 7:30 تا 14:15 و در روزهای پنجشنبه از ساعت 7:30 تا 12:15 است و از طریق شعب تنها در ساعات اداری انجام می‌شود."
"کارمزد ساتنا","کارمزد ساتنا دو صدم درصد وجه انتقالی تا سقف 25 هزار تومان است."
"سقف انتقال وجه ساتنا غیر حضوری","سقف انتقال وجه ساتنا از طریق درگاه‌های غیر حضوری حداقل 500 میلیون ریال و حداکثر 1 میلیارد ریال است."
"سقف انتقال وجه ساتنا از طریق اینترنت بانک","سقف انتقال وجه ساتنا از طریق درگاه‌های غیر حضوری حداقل 500 میلیون ریال و حداکثر 1 میلیارد ریال است."
"سقف انتقال وجه ساتنا از طریق نت بانک","سقف انتقال وجه ساتنا از طریق درگاه‌های غیر حضوری حداقل 500 میلیون ریال و حداکثر 1 میلیارد ریال است."
"سقف انتقال وجه ساتنا از طریق موبایل بانک","سقف انتقال وجه ساتنا از طریق درگاه‌های غیر حضوری حداقل 500 میلیون ریال و حداکثر 1 میلیارد ریال است."
"سقف انتقال وجه ساتنا از طریق همراه بانک","سقف انتقال وجه ساتنا از طریق درگاه‌های غیر حضوری حداقل 500 میلیون ریال و حداکثر 1 میلیارد ریال است."
"سقف انتقال وجه ساتنا شعبه","حداقل مبلغ قابل انتقال ساتنا از طریق شعبه 500 میلیون ریال و ارائه اسناد مثبته دال بر انجام معامله برای انجام تراکنش های بالای 2 میلیارد ریال اشخاص حقیقی و بالای 10 میلیارد ریال اشخاص حقوقی الزامی است."
"حداقل انتقال وجه ساتنا غیر حضوری","سقف انتقال وجه ساتنا از طریق درگاه‌های غیر حضوری حداقل 500 میلیون ریال و حداکثر 1 میلیارد ریال است."
"حداقل انتقال وجه ساتنا از طریق اینترنت بانک","سقف انتقال وجه ساتنا از طریق درگاه‌های غیر حضوری حداقل 500 میلیون ریال و حداکثر 1 میلیارد ریال است."
"حداقل انتقال وجه ساتنا از طریق نت بانک","سقف انتقال وجه ساتنا از طریق درگاه‌های غیر حضوری حداقل 500 میلیون ریال و حداکثر 1 میلیارد ریال است."
"حداقل انتقال وجه ساتنا از طریق موبایل بانک","سقف انتقال وجه ساتنا از طریق درگاه‌های غیر حضوری حداقل 500 میلیون ریال و حداکثر 1 میلیارد ریال است."
"حداقل انتقال وجه ساتنا از طریق همراه بانک","سقف انتقال وجه ساتنا از طریق درگاه‌های غیر حضوری حداقل 500 میلیون ریال و حداکثر 1 میلیارد ریال است."
"حداقل انتقال وجه ساتنا شعبه","حداقل مبلغ قابل انتقال ساتنا از طریق شعبه 500 میلیون ریال و ارائه اسناد مثبته دال بر انجام معامله برای انجام تراکنش های بالای 2 میلیارد ریال اشخاص حقیقی و بالای 10 میلیارد ریال اشخاص حقوقی الزامی است."
"حداکثر انتقال وجه ساتنا غیر حضوری","سقف انتقال وجه ساتنا از طریق درگاه‌های غیر حضوری حداقل 500 میلیون ریال و حداکثر 1 میلیارد ریال است."
"حداکثر انتقال وجه ساتنا از طریق اینترنت بانک","سقف انتقال وجه ساتنا از طریق درگاه‌های غیر حضوری حداقل 500 میلیون ریال و حداکثر 1 میلیارد ریال است."
"حداکثر انتقال وجه ساتنا از طریق نت بانک","سقف انتقال وجه ساتنا از طریق درگاه‌های غیر حضوری حداقل 500 میلیون ریال و حداکثر 1 میلیارد ریال است."
"حداکثر انتقال وجه ساتنا از طریق موبایل بانک","سقف انتقال وجه ساتنا از طریق درگاه‌های غیر حضوری حداقل 500 میلیون ریال و حداکثر 1 میلیارد ریال است."
"حداکثر انتقال وجه ساتنا از طریق همراه بانک","سقف انتقال وجه ساتنا از طریق درگاه‌های غیر حضوری حداقل 500 میلیون ریال و حداکثر 1 میلیارد ریال است."
"حداکثر انتقال وجه ساتنا شعبه","حداقل مبلغ قابل انتقال ساتنا از طریق شعبه 500 میلیون ریال و ارائه اسناد مثبته دال بر انجام معامله برای انجام تراکنش های بالای 2 میلیارد ریال اشخاص حقیقی و بالای 10 میلیارد ریال اشخاص حقوقی الزامی است."
"مبلغ انتقال وجه ساتنا غیر حضوری","سقف انتقال وجه ساتنا از طریق درگاه‌های غیر حضوری حداقل 500 میلیون ریال و حداکثر 1 میلیارد ریال است."
"مبلغ انتقال وجه ساتنا از طریق اینترنت بانک","سقف انتقال وجه ساتنا از طریق درگاه‌های غیر حضوری حداقل 500 میلیون ریال و حداکثر 1 میلیارد ریال است."
"مبلغ انتقال وجه ساتنا از طریق نت بانک","سقف انتقال وجه ساتنا از طریق درگاه‌های غیر حضوری حداقل 500 میلیون ریال و حداکثر 1 میلیارد ریال است."
"مبلغ انتقال وجه ساتنا از طریق موبایل بانک","سقف انتقال وجه ساتنا از طریق درگاه‌های غیر حضوری حداقل 500 میلیون ریال و حداکثر 1 میلیارد ریال است."
"مبلغ انتقال وجه ساتنا از طریق همراه بانک","سقف انتقال وجه ساتنا از طریق درگاه‌های غیر حضوری حداقل 500 میلیون ریال و حداکثر 1 میلیارد ریال است."
"مبلغ انتقال وجه ساتنا شعبه","حداقل مبلغ قابل انتقال ساتنا از طریق شعبه 500 میلیون ریال و ارائه اسناد مثبته دال بر انجام معامله برای انجام تراکنش های بالای 2 میلیارد ریال اشخاص حقیقی و بالای 10 میلیارد ریال اشخاص حقوقی الزامی است."
"زمانبندی پایا چرخه زمانی پایا","در روزهای کاری(شنبه تا پنجشنبه) در چهار مرحله انجام خواهد شد.چرخه اول ساعت 3:45، چرخه دوم ساعت 10:45، چرخه سوم 13:45 و چرخه چهارم 18:45 است و در روزهای تعطیل و یا خارج از ساعت کاری بانک‌ها، انتقال وجه پایا در ابتدای روز بعد به حساب فرد مورد نظر منتقل خواهد شد."
"کارمزد پایا","حداقل کارمزد تراکنش پایا مبلغ 2000 ریال و حداکثر سقف آن مبلغ 25000 ریال است."
"پایا","در روزهای کاری(شنبه تا پنجشنبه) در چهار مرحله انجام خواهد شد.چرخه اول ساعت 3:45، چرخه دوم ساعت 10:45، چرخه سوم 13:45 و چرخه چهارم 18:45 است و در روزهای تعطیل و یا خارج از ساعت کاری بانک‌ها، انتقال وجه پایا در ابتدای روز بعد به حساب فرد مورد نظر منتقل خواهد شد. حداقل کارمزد تراکنش پایا مبلغ 2000 ریال و حداکثر سقف آن مبلغ 25000 ریال است."
"سقف انتقال وجه پایا از طریق غیر حضوری","حداکثرمبلغ انتقال وجه دربانکداری اینترنتی 1 میلیارد ریال و در همراه بانک نیز 1 میلیارد ریال (سقف هر تراکنش 500 میلیون ریال) است"
"سقف انتقال وجه پایا از طریق همراه بانک","حداکثرمبلغ انتقال وجه درهمراه بانک 1 میلیارد ریال (سقف هر تراکنش 500 میلیون ریال) است"
"سقف انتقال وجه پایا از طریق اینترنت بانک","حداکثرمبلغ انتقال وجه دربانکداری اینترنتی 1 میلیارد ریال و در همراه بانک نیز 1 میلیارد ریال (سقف هر تراکنش 500 میلیون ریال) است"
"سقف انتقال وجه پایا از طریق شعب","سقف انتقال وجه بین بانکی پایا از طریق شعب به ازای هر دستور پرداخت، یک میلیارد ریال شد."
"حداکثر انتقال وجه پایا از طریق غیر حضوری","حداکثرمبلغ انتقال وجه دربانکداری اینترنتی 1 میلیارد ریال و در همراه بانک نیز 1 میلیارد ریال (سقف هر تراکنش 500 میلیون ریال) است و سقف انتقال وجه بین بانکی پایا از طریق شعب به ازای هر دستور پرداخت، یک میلیارد ریال است.."
"حداکثر انتقال وجه پایا از طریق همراه بانک","حداکثرمبلغ انتقال وجه دربانکداری اینترنتی 1 میلیارد ریال و در همراه بانک نیز 1 میلیارد ریال (سقف هر تراکنش 500 میلیون ریال) است و سقف انتقال وجه بین بانکی پایا از طریق شعب به ازای هر دستور پرداخت، یک میلیارد ریال است.."
"حداکثر انتقال وجه پایا از طریق اینترنت بانک","حداکثرمبلغ انتقال وجه دربانکداری اینترنتی 1 میلیارد ریال و در همراه بانک نیز 1 میلیارد ریال (سقف هر تراکنش 500 میلیون ریال) است و سقف انتقال وجه بین بانکی پایا از طریق شعب به ازای هر دستور پرداخت، یک میلیارد ریال است.."
"حداکثر انتقال وجه پایا از طریق شعب","حداکثرمبلغ انتقال وجه دربانکداری اینترنتی 1 میلیارد ریال و در همراه بانک نیز 1 میلیارد ریال (سقف هر تراکنش 500 میلیون ریال) است و سقف انتقال وجه بین بانکی پایا از طریق شعب به ازای هر دستور پرداخت، یک میلیارد ریال است.."
"حداقل انتقال وجه پایا از طریق غیر حضوری","حداکثرمبلغ انتقال وجه دربانکداری اینترنتی 1 میلیارد ریال و در همراه بانک نیز 1 میلیارد ریال (سقف هر تراکنش 500 میلیون ریال) است و سقف انتقال وجه بین بانکی پایا از طریق شعب به ازای هر دستور پرداخت، یک میلیارد ریال است.."
"حداقل انتقال وجه پایا از طریق همراه بانک","حداکثرمبلغ انتقال وجه دربانکداری اینترنتی 1 میلیارد ریال و در همراه بانک نیز 1 میلیارد ریال (سقف هر تراکنش 500 میلیون ریال) است و سقف انتقال وجه بین بانکی پایا از طریق شعب به ازای هر دستور پرداخت، یک میلیارد ریال است.."
"حداقل انتقال وجه پایا از طریق اینترنت بانک","حداکثرمبلغ انتقال وجه دربانکداری اینترنتی 1 میلیارد ریال و در همراه بانک نیز 1 میلیارد ریال (سقف هر تراکنش 500 میلیون ریال) است و سقف انتقال وجه بین بانکی پایا از طریق شعب به ازای هر دستور پرداخت، یک میلیارد ریال است.."
"حداقل انتقال وجه پایا از طریق شعب","حداکثرمبلغ انتقال وجه دربانکداری اینترنتی 1 میلیارد ریال و در همراه بانک نیز 1 میلیارد ریال (سقف هر تراکنش 500 میلیون ریال) است و سقف انتقال وجه بین بانکی پایا از طریق شعب به ازای هر دستور پرداخت، یک میلیارد ریال است.."
"مبلغ انتقال وجه پایا از طریق غیر حضوری","حداکثرمبلغ انتقال وجه دربانکداری اینترنتی 1 میلیارد ریال و در همراه بانک نیز 1 میلیارد ریال (سقف هر تراکنش 500 میلیون ریال) است و سقف انتقال وجه بین بانکی پایا از طریق شعب به ازای هر دستور پرداخت، یک میلیارد ریال است.."
"مبلغ انتقال وجه پایا از طریق همراه بانک","حداکثرمبلغ انتقال وجه دربانکداری اینترنتی 1 میلیارد ریال و در همراه بانک نیز 1 میلیارد ریال (سقف هر تراکنش 500 میلیون ریال) است و سقف انتقال وجه بین بانکی پایا از طریق شعب به ازای هر دستور پرداخت، یک میلیارد ریال است.."
"مبلغ انتقال وجه پایا از طریق اینترنت بانک","حداکثرمبلغ انتقال وجه دربانکداری اینترنتی 1 میلیارد ریال و در همراه بانک نیز 1 میلیارد ریال (سقف هر تراکنش 500 میلیون ریال) است و سقف انتقال وجه بین بانکی پایا از طریق شعب به ازای هر دستور پرداخت، یک میلیارد ریال است.."
"مبلغ انتقال وجه پایا از طریق شعب","حداکثرمبلغ انتقال وجه دربانکداری اینترنتی 1 میلیارد ریال و در همراه بانک نیز 1 میلیارد ریال (سقف هر تراکنش 500 میلیون ریال) است و سقف انتقال وجه بین بانکی پایا از طریق شعب به ازای هر دستور پرداخت، یک میلیارد ریال است.."
"تراکنش پایا از همراه بانک انجام داده ام اما همچنان وضعیت تراکنش را در حال انجام نشان می دهد آیا تراکنش انجام نشده است؟","انتقال وجه پایا در روزهای تعطیل و یا خارج از ساعت کاری بانک‌ها، در ابتدای روز بعد به حساب فرد مورد نظر منتقل خواهد شد."
"زمانبندی واریز حساب به حساب تجارت از همراه بانک","زمانبندی خاصی ندارد و از طریق درگاه های غیر حضوری در هر ساعت از شبانه روز به صورت لحظه ای انجام می شود ."
"زمانبندی واریز حساب به حساب تجارت از اینترنت بانک","زمانبندی خاصی ندارد و از طریق درگاه های غیر حضوری در هر ساعت از شبانه روز به صورت لحظه ای انجام می شود ."
"زمانبندی واریز حساب به حساب تجارت از نت بانک","زمانبندی خاصی ندارد و از طریق درگاه های غیر حضوری در هر ساعت از شبانه روز به صورت لحظه ای انجام می شود ."
"زمانبندی واریز حساب به حساب تجارت از تلفن بانک","زمانبندی خاصی ندارد و از طریق درگاه های غیر حضوری در هر ساعت از شبانه روز به صورت لحظه ای انجام می شود ."
"زمانبندی واریز حساب به حساب تجارت از طریق خودپرداز","زمانبندی خاصی ندارد و از طریق درگاه های غیر حضوری در هر ساعت از شبانه روز به صورت لحظه ای انجام می شود ."
"کارمزد انتقال حساب به حساب تجارت اینترنت بانک","کارمزد انتقال حساب به حساب تجارت اینترنت بانک سیصد ریال است."
"کارمزد انتقال حساب به حساب تجارت نت بانک","کارمزد انتقال حساب به حساب تجارت نت بانک سیصد ریال است."
"کارمزد انتقال حساب به حساب تجارت موبایل بانک","کارمزد انتقال حساب به حساب تجارت موبایل بانک سیصد ریال است."
"کارمزد انتقال حساب به حساب تجارت تلفن بانک","کارمزد انتقال حساب به حساب تجارت تلفن بانک سیصد ریال است."
"کارمزد انتقال وجه حساب به حساب تجارت از داخل شعب","کارمزدی ندارد اما از مشتری کارمزد برداشت از حساب مبدآ ( در صورتی که غیر از شعبه صاحب حساب باشد ) مبلغ 12000 ریال دریافت می شود."
"سقف انتقال وجه تجارت به تجارت از همراه بانک","سقف انتقال وجه تجارت به تجارت از همراه بانک یک میلیارد ریال است"
"سقف انتقال وجه تجارت به تجارت از طریق اینترنت بانک","سقف انتقال وجه تجارت به تجارت از اینترنت بانک یک میلیارد ریال است اما برای حقوقی ها نامحدود است ."
"سقف انتقال وجه تجارت به تجارت از خودپرداز","سقف انتقال وجه تجارت به تجارت از خودپرداز صد میلیون ریال است."
"سقف انتقال وجه تجارت به تجارت از تلفنبانک","سقف انتقال وجه تجارت به تجارت از تلفنبانک سی میلیون ریال است"
"آیا اشخاص حقوقی می توانند تجارت کارت داشته باشند؟","صدور اولیه و مجدد کارت منوط به ارائه معرفی نامه هیئت مدیره شخص حقوقی به بانک خواهد بود .که معرفی نامه مذکور باید به تصویب هیئت مدیره شخص حقوقی رسیده باشد همچنین به ازای هر حساب صرفا امکان صدور یک کارت حقوقی میسر می باشد ."
"سقف کارمزد کارت به کارت چقدر است","کارمزد کارت به کارت حداقل 6,000 ريال تا مبلغ ده میلیون ريال و به ازای هر ده میلیون ريال مازاد، مبلغ 2,400ريال اضافه شود."
"حداکثر کارمزد کارت به کارت چقدر است","کارمزد کارت به کارت حداقل 6,000 ريال تا مبلغ ده میلیون ريال و به ازای هر ده میلیون ريال مازاد، مبلغ 2,400ريال اضافه شود."
"مبلغ کارمزد کارت به کارت چقدر است","کارمزد کارت به کارت حداقل 6,000 ريال تا مبلغ ده میلیون ريال و به ازای هر ده میلیون ريال مازاد، مبلغ 2,400ريال اضافه شود."
"سقف انتقال وجه از کارت به کارت طریق نت بانک چقدر است","سقف انتقال وجه از همه درگاه‌های غیر حضوری در هر شبانه‌روز 100 میلیون ریال است"
"سقف انتقال وجه از کارت به کارت طریق اینترنت بانک چقدر است","سقف انتقال وجه از همه درگاه‌های غیر حضوری در هر شبانه‌روز 100 میلیون ریال است"
"سقف انتقال وجه از کارت به کارت طریق همراه بانک چقدر است","سقف انتقال وجه از همه درگاه‌های غیر حضوری در هر شبانه‌روز 100 میلیون ریال است"
"سقف انتقال وجه از کارت به کارت طریق خودپرداز بانک چقدر است","سقف انتقال وجه از همه درگاه‌های غیر حضوری در هر شبانه‌روز 100 میلیون ریال است"
"سقف انتقال وجه از کارت به کارتداخل شعب بانک بانک چقدر است","سقف انتقال وجه از طریق PINPAD داخل شعب 150 میلیون ریال است."
"سقف مجاز برداشت افراد زیر12سال از طریق خودپرداز چقدر است","افراد زیر 12 سال امکان انتقال وجه شتابی را ندارند ."
"سقف مجاز برداشت افراد18-12 سال از طریق خودپرداز چقدر است","سقف برای افراد 12 سال تمام تا 18 سال 200 هزار تومان روزانه می باشد ."
"حداقل سن استفاده کنندگان از صندوق های اجاره ای چند سال است","حداقل سن استفاده کنندگان از صندوق های اجاره ای 18 سال تمام است"
"شرایط عمومی استفاده از صندوق امانات ( اجاره ای )برای اشخاص حقوقی چگونه است","اشخاص حقوقی باید اساسنامه، یک نسخه از روزنامه رسمی کشور که در آن آگهی ثبت شرکت یا موسسه درج شده باشد و همچنین روزنامه رسمی مربوط به معرفی مدیر یا مدیران و آخرین تغییرات شرکت به بانک تسلیم و در ذیل فرم درخواست، شرایط استفاده از صندوق توسط مشتری قید شود."
"شرایط عمومی استفاده از صندوق امانات ( اجاره ای )برای اشخاص حقیقی چگونه است؟","اشخاص حقیقی می‌توانند با ارائه اصل شناسنامه، کارت ملی و دو قطعه عکس به شعبه مراجعه و پس از تکمیل فرم درخواست، سپردن ودیعه و پرداخت اجاره بها از خدمات صندوق اجاره‌ای استفاده کنند."
"مشتری چه اشیایی را میتواند در صندوق امانات قرار دهد؟","مشتریان می‌توانند در صندوق خود هرگونه اشیا و اسنادی را قرار دهند که شامل اشیا ممنوعه نباشد یا در نتیجه فساد یا علل دیگر، آسیبی به صندوق و خزانه بانک نرساند."
"نحوه بازدید صندوق توسط دارنده صندوق چگونه است؟","مشتریان می‌توانند در ساعات اداری به دفعات برای استفاده از صندوق اجاره‌ای به بانک مراجعه کنند."
"هزینه اجاره سالانه صندوق امانات بانک تجارت چقدر است؟","مبلغ اجاره بهای صندوق های اجاره ای طبق تعرفه های اعلامی بانک در حال حاضر ( هر سانتي متر مکعب حجم 144 ريال (حداقل 720,000ريال ) همچنین وديعه اجاره بهاء 8 برابر مبلغ اجاره بها،حداقل مبلغ 5,760,000 ريال ) برای یکسال تمام محاسبه و در ابتدای قرارداد اخذ می گردد. و برای مدت كمتر از یکسال اجاره بهای یکسال دریافت خواهد گردید."
"اجاره صندوق امانات به چه صورت دریافت میشود؟","اجاره صندوق امانات به صورت سالیانه و در همان ابتدای قرارداد برای مدت یکسال اخذ می گردد."
"مبلغ ودیعه صندوق امانات چند ریال می باشد؟","حداقل مبلغ ودیعه ۸ برابر مبلغ اجاره بهاء می باشد ."
"آیا صندوق امانات بانک قابل انتقال به غیرمی باشد؟","صندوق امانات قابل انتقال به غیر نیست."
"هزینه ی هر بار استفاده از صندوق چقدر است","هزینه ی هر بار استفاده از صندوق(ورود) 60.000ریال میباشد"
"چه کسی میتواند از صندوق امانات استفاده کند؟","فقط اجاره کننده صندوق یا وکیل قانونی وی می‌تواند از آن استفاده کند و صندوق قابل انتقال به غیر نیست."
"سامانه چک دیجیتال چیست؟","سامانه چک دیجیتال با هدف ایجاد بستری برای ارائه چک امن دیجیتال و رفع مخاطرات احتمالی چک‌های کاغذی راه‌اندازی شده است که امکان مدیریت و نظارت آنلاین مبادله چک را برای شبکه بانکی و بانک مرکزی فراهم می‌کند."
"قوانین صدور دسته چک دیجیتال چیست؟","در زمان اختصاص دسته چک دیجیتال، کلیه کنترل های مربوط به عدم سابقه چک برگشتی، بدهی غیر جاری، تعیین تکلیف % 80 از برگه های آخرین دسته چک مشابه فرایند صدور چک کاغذی، توسط سامانه صیاد صورت می پذیرد"
"دسته چک های دیجیتال چند برگی است؟","دسته چک های دیجیتال ده برگی است"
"سقف انتقال وجه در بانکداری اینترنتی چقدر است؟","سقف انتقال وجه در بانکداری اینترنتی در هر شبانه روز 10 میلیون تومان است"
"سقف انتقال وجه حساب به کارت در بانکداری اینترنتی چقدر است؟","سقف انتقال وجه حساب به کارت در بانکداری اینترنتی صد ( 100 ) میلیون تومان"
"تا چه بازه زمانی در بانکداری اینترنتی و چه تعدادی تراکنش می توانیم صورتحساب دریافت کنیم","در بانکداری اینترنتی تا 18 ماه اخیر و 300 گردش تراکنش می توانیم صورتحساب دریافت کنیم"
"در صورت درخواست بیش از 300 گردش حساب باید به کجا مراجعه کنم؟","در صورت درخواست بیش از 300 گردش حساب باید به شعبه مراجعه شود."
"لینک سایت بانک تجارت چیست؟","لینک سایت بانک تجارت https://www.tejaratbank.ir است"
"حواله اینترنتی چیست؟","سامانه حواله اینترنتی جهت ارسال وجه برای افراد بالای 18 سال فاقد شماره حساب‏‏‏/کارت در بانک طراحی شده است. کاربران می توانند پس از ورود به سامانه بانک‌داری اینترنتی در بخش حواله اینترنتی، مشخصات گیرنده حواله را مشخص کرده و مبلغ مورد نظر را واریز کنند."
"دستور پرداخت دوره ای: چیست؟","مشتریان می توانند پرداخت های ثابت ماهانه ، روزانه ، هفتگی ، فصلی و یا سالانه خود را از قبیل انجام پس انداز برای خانواده ، واریز شارژ ساختمان ، پرداخت اقساط، پرداخت حوالجات مستمر و ... را از طریق این منو در زمان مربوطه برنامه ریزی کنند, بدین صورت عملیات انتقال وجه به صورت خودکار در تاریخ مشخص انجام می‌شود."
"سقف انتقال وجه روزانه حساب به حساب تجارت چقدر است؟","سقف انتقال وجه روزانه حساب به حساب تجارت 000‏/000‏/30 ریال است"
"در تلفن بانک چند گردش بانکی میتوانیم بگیریم؟","با استفاده از تلفن بانک از سه گردش آخر حساب اطلاع پیدا می کنیم"
"توکن سخت افزاری برای کدام دسته از مشتریان است","توکن سخت افزاری برای مشتریان حقوقی در تلفن بانک استفاده می شود"
"سایت باشگاه مشتریان بانک تجارت چیست؟","لینک سایت باشگاه مشتریان https://club.tejaratbank.ir/ است"
"مدت زمان ثبت امتیاز تراکنش های انجام شده در سایت باشگاه مشتریان بانک تجارت چقدر است","امتیازات کسب شده بعد از 72 ساعت و با استعلام موفقیت تراکنش از بانک در حساب کاربری باشگاه لحاظ می شود."
"شماره واتس آپ باشگاه مشتریان بانک تجارت چند است؟","شماره واتس آپ باشگاه مشتریان بانک تجارت 09397784697 است."
"اینستاگرام باشگاه مشتریان بانک تجارت چیست؟","ID اینستاگرام باشگاه مشتریان بانک تجارت tejarat_Club است"
"مؤلفه‌های امتیاز‌دهی در باشگاه مشتریان چگونه است؟","دعوت از دوستان50 امتیاز -لاگین ماهانه10 امتیاز- تکمیل پروفایل 3 امتیاز و نصب همراه بانک تجارت50 امتیاز دارد"
"آیا همه افراد می توانند از خدمات همراه بانک استفاده کنند؟","افراد زیر 12 سال مجاز به استفاده از خدمات الکترونیکی نمی باشند. همچنین اتباع خارجی نیز حتما می بایست با گذرنامه و پروانه اقامت معتبر، مجاز به استفاده از خدمات همراه بانک می باشند"
"در صورتیکه مشتری رمز همراه بانک خود را فراموش کند , راه حل چیست؟","در صورتیکه مشتری رمز همراه بانک خود را فراموش کند باید برای گرفتن رمز جدید به شعبه مراجعه کند"
"از همراه بانک تا چه بازه ای را می توان گردش حساب اخذ نمود؟","از طریق همراه بانک می توان حداقل 1 گردش حساب و حداکثر 30 گردش حساب دریافت کرد درصورتیکه مشتری بیش از 30 گردش را خواستار باشد باید ایمیل خود را وارد کند و گردش حساب برای مشتری ایمیل می شود."
"ارائه سرویس دریافت موجودی درهمراه بانک چند ثانیه می باشد؟","دریافت موجودی درهمراه بانک هر پنج ثانیه یکبار میسر می باشد ."
"نحوه فعالسازی سرویس پیامک لحظه ای چگونه است؟","جهت فعالسازی سرویس پیامک لحظه ای، از طریق برنامه همراه بانک یا مراجعه به حضوری به شعبه میتوانید اقدام کنید."
"هزینه سالیانه فعالسازی پیامک بانک تجارت چقدر است؟","هزینه سالیانه فعالسازی پیامک بانک تجارت دویست هزار ریال است."
"کارت بانکی چیست؟","کارت بانکی نوعی کارت است که برای انجام عملیات بانکی مانند دریافت پول، پرداخت پول، انتقال پول و … به صورت آسان به‌کار گرفته می‌شود."
"محدودیت سن جهت صدور کارت وجود دارد؟","صدور کارت بانکی برای زیر 7 سال غیر مجاز می باشد."
"تاریخ انقضا تجارت کارت چند سال است؟","تاریخ انقضا تجارت کارت پنج سال است."
"سقف مجاز برداشت افراد18-12 سال چقدر است؟","سقف مجاز برداشت افراد18-12 سال از طریق خودپرداز روزانه دو میلیون ريال است"
"انواع کارت بانکی تجارت کدامند؟","انواع کارت بانکی شامل عابر بانک تجارت،کارت اشخاص حقوقی ،طلبه کارت،کارتهای یارانه برنامه جهانی غذا،کارت دو منظوره، کارت خرید،کارت اعتباری،کارت مجازی، توریست کارت، کارت هدیه، تجارت کارت گروهی ، کارت فرزند،کارت عابر بانک تجارت است."
"نحوه تعویض اسکناس­‌های کهنه یا پاره چگونه است؟","تمامی شعب بانک ها در تهران و سایر شهرستان ها موظف به تعویض اسکناس ها و ایران چک های فرسوده می باشند، علاوه براین باجه ای نیز به همین منظور در ساختمان فردوسی بانک مرکزی در تهران اختصاص یافته است."
"نحوه تعویض اسکناس های ناقص چگونه است؟","در سراسر کشور شعب منتخب بانک ملی بر اساس دستورالعمل صادره در این خصوص وظیفه ارزیابی اسکناس و ایران چک های ناقص و پرداخت معادل ریالی را به عهده دارند. علاوه بر این باجه ای نیز به همین منظور در ساختمان فردوسی بانک مرکزی اختصاص یافته است."
"چگونه می­توان سکه طلای بانکی خریداری کرد؟","از طریق صرافی‌هایی که مجوز رسمی از بانک مرکزی دارند."
"چگونه می­توان به اطلاعاتی در خصوص ویژگی­های امنیتی اسکناس­ها دسترسی پیدا کرد؟ ‌به عبارت دیگر چگونه می­توان از تقلبی بودن یک اسکناس آگاه شد؟","با مراجعه به صفحه مشخصات امنیتی اسکناس‌ها در پايگاه اطلاع‌رساني بانک مرکزی مي‌توان آگاهي لازم در ارتباط با مشخصات امنيتي اسکناس‌ها را کسب نمود."
"چگونه می­توان از مجاز بودن یک صرّافی مطمئن شد؟","با مراجعه به صفحه بانک ها و موسسات اعتباری مجاز در وب سایت بانک مرکزی."
"اسکناس و مسکوک توسط چه واحدی طراحی، چاپ یا ضرب می­شود؟","توسط سازمان تولید اسکناس و مسکوک بانک مرکزی پس از اخذ مجوز از مقامات ذیربط."
"ورود و خروج ارز توسط هر مسافر به صورت اسکناس تا چه میزان مجاز است؟","ورود ارز توسط هر مسافر تا سقف ده هزار یورو یا معادل آن به سایر ارزها و خروج ارز توسط هر مسافر تا سقف پنج هزار یورو یا معادل آن به سایر ارزها از مرزهای هوایی، تا سقف دو هزار یورو یا معادل آن به سایر ارزها از طریق مرزهای زمینی، ریلی و دریایی مجاز است."
"ورود ارز به صورت اسکناس برای بیش از سقف تعیین شده چگونه است؟","براي ورود ارز‏/ اسناد بانکی و اوراق بهادار بی‌نام مجموعاً به مبلغ بيش از سقف تعيين شده، مسافر مي‌بايست در مبادي ورودي نسبت به اظهار ارز‏/ اسناد بانکی و اوراق بهادار بی‌نام همراه خود (به صورت کتبی یا شفاهی) به گمرک جمهوری اسلامی ایران اقدام و اطلاعات موردنیاز را به‌ صورت سیستمی از طریق درگاه گمرک ج.ا.ا ثبت نماید. ضمناً مسافر می‌تواند قبل از ورود به کشور از طریق درگاه مزبور، ارز‏/ اسناد بانکی و اوراق بهادار بی‌نام همراه خود را به‌صورت سیستمی اظهار نماید."
"خروج ارز به صورت اسکناس برای بیش از سقف تعیین شده چگونه است؟","خروج ارز‏/ اسناد بانکی و اوراق بهادار بینام مجموعاً مازاد بر مبلغ پنج هزار یورو يا معادل آن به ساير ارزها از مرز هوایی و مازاد بر دو هزار یورو یا معادل آن به سایر ارزها از مرزهای زمینی، ریلی و دریایی به ازاء هر مسافر به خارج از کشور، منوط به اظهار آن در زمان ورود به کشور و مشروط به ارایه رسید چاپی حاوی کد رهگیری صادره از سوی بانک ملی ایران و تا سقف مبلغ مندرج در رسید مزبور در مبادی خروجی به گمرک ج.ا.ا خواهد بود."
"ورود و خروج ریال توسط هر مسافر تا چه میزان مجاز است؟","ميزان ورود و خروج ريال توسط هر مسافر حداکثرتا مبلغ 5.000.000 (پنج ميليون) ريال مجاز است."
"سامانه صیاد چیست؟","صیاد، سامانه یکپارچه‌ در بانک مرکزی است و براساس قانون جدید چک، چک‌ها در این سامانه ثبت، تایید و منتقل می‌شوند. همچنین امکان انجام انواع استعلام‌ها از جمله استعلام‌ وضعیت چک و صادرکننده آن از طریق این سامانه فراهم است."
"روش‌های دسترسی به سامانه صیاد کدام است؟","از طریق اینترنت بانک، موبایل‌بانک، برنامک‌های موبایلی، شعب بانک‌ها، خودپردازها و کیوسک‌های بانک‌های عامل و همچنین، از طریق پیامک می‌توان به این سامانه دسترسی داشت."
"از چه زمانی ثبت چک ها در صیاد اجباری شده است؟","از ابتدای سال 1400، ثبت چک های جدید بنفش رنگ در سامانه صیاد اجباری است."
"چک‌های جدید چه ویژگی‌هایی دارند؟","چک‌های جدید با تم رنگ بنفش چاپ و منتشر شده‌اند. همچنین بر روی برگه چک‌های جدید عبارت «کارسازی این چک منوط به ثبت صدور، دریافت و انتقال آن در سامانه صیاد است.» درج شده است."
"اگر بانک عامل اپلیکشین یا نرم‌افزار نداشته باشد، مشتریانی که دارای چک جدید صیاد هستند چگونه می‌توانند چک خود را در سامانه صیاد ثبت کنند؟","مشتریان می‌توانند از سایر روش‌ها شامل اپلیکیشن‌های پرداخت عمومی (برنامک‌های موبایلی)، شعب و خودپردازها، کیوسک‌های بانک‌های عامل به سامانه صیاد دسترسی داشته باشند. همچنین برای ثبت، تایید و انتقال چک‌های زیر ۱۵ میلیون تومان می‌توانند از سامانه پیامکی به سرشماره 4040701701 استفاده کنند."
"چگونه باید چک را ثبت کرد؟","پس از درج مندرجات چک در برگ آن، صادر کننده چک به یکی از ابزارهای دسترسی به سامانه صیاد (اینترنت بانک، موبایل‌بانک، اپلیکیشن‌های پرداخت عمومی، شعب بانک‌ها، خودپردازها و کیوسک‌های بانک‌های عامل و سامانه پیامکی 4040701701) مراجعه کرده و ‌سپس در منوی مربوط به ثبت چک صیادی، با وارد نمودن اطلاعات ثابت چک خود شامل شماره شناسه صیادی چک، چک مورد نظر جهت ثبت را به سامانه صیاد اعلام و سپس به ورود اطلاعات متغیر چک شامل شامل تاریخ سررسید، مبلغ و اطلاعات هویتی ذینفع/ذینفعان اقدام می‌کند. مراجعه به سامانه صیاد از طریق برنامک‌های موبایلی حوزه پرداخت و یا سامانه پیامکی 4040701701 برای ثبت، تایید یا انتقال چک صرفا باید از طریق تلفن‌همراهی که سیم‌کارت آن متعلق به خود شخص است، انجام شود."
"چگونه باید چک را تایید کرد؟","با توجه به اینکه ثبت نهایی چک منوط به استعلام و تطبیق مندرجات برگ چک با اطلاعات ثبت شده در سامانه صیاد می‌باشد، گیرنده چک با در دست داشتن برگ چک باید به یکی از ابزارهای دسترسی به سامانه صیاد مراجعه کرده و پس از ورود اطلاعات ثابت چک شامل شناسه صیادی چک، برگ چک را استعلام کرده و با تطبیق مندرجات برگ چک شامل تاریخ سررسید، مبلغ و اطلاعات هویتی ذینفع با اطلاعات درج‌شده در سامانه صیاد نسبت به تایید یا رد چک براساس انطباق یا عدم انطباق مندرجات اقدام کند. - در صورت تایید چک: چک در وضعیت ثبت نهایی تلقی می‌شود و قابلیت نقد شدن در سررسید را خواهد داشت. - در صورت رد چک: ذینفع ضمن انتخاب حداقل یکی از دلایل مندرج در سامانه، می‌بایست فیزیک چک را به صادرکننده/انتقال‌دهنده عودت دهد. مراجعه به سامانه صیاد از طریق برنامک‌های موبایلی حوزه پرداخت و یا سامانه پیامکی 4040701701برای ثبت، تایید یا انتقال چک صرفا باید از طریق تلفن‌همراهی که سیم‌کارت آن متعلق به خود شخص است، انجام شود. - در صورت تایید چک: چک در وضعیت ثبت نهایی تلقی می‌شود و قابلیت نقد شدن در سررسید را خواهد داشت. - در صورت رد چک: ذینفع ضمن انتخاب حداقل یکی از دلایل مندرج در سامانه، می‌بایست فیزیک چک را به صادرکننده/انتقال‌دهنده عودت دهد. مراجعه به سامانه صیاد از طریق برنامک‌های موبایلی حوزه پرداخت برای ثبت، تایید یا انتقال چک صرفا باید از طریق تلفن‌همراهی که سیم‌کارت آن متعلق به خود شخص است، انجام شود."
"انتقال چک به چه روالی انجام می شود؟","انتقال چک‌های جدید باید از طریق سامانه صیاد انجام شود."
"چگونه می‌توان چک را از طریق سامانه صیاد انتقال داد؟","براساس قانون اصلاح قانون صدور چک برای انتقال چک دیگر نیازی به پشت‌نویسی آن نیست و صرفا با درج اطلاعات مربوطه در سامانه صیاد می‌توان نسبت به انتقال چک اقدام کرد."
"ذینفع چک پس از تایید آن در سامانه صیاد، می‌تواند با ورود شناسه صیادی برگ چک متعلق به انتقال دهنده در سامانه صیاد و هویت ذینفع جدید چک (انتقال‌گیرنده) نسبت به انتقال آن اقدام کند. در انتقال چک نیز ذینفع جدید چک (انتقال‌گیرنده) باید مرحله تایید را پس از دریافت برگه چک در سامانه صیاد انجام دهد."
"آیا چک‌های قدیمی می‌توانند در وجه حامل صادر شوند؟","چک‌های قدیمی به شکل سابق می‌توانند کارسازی شوند و بنابراین در وجه حامل نیز می‌توانند صادر شوند."
"ممنوعیت صدور چک در وجه حامل شامل کدام چک‌هاست؟","ممنوعیت صدور چک در وجه حامل برای چک های جدید بنفش‌رنگ است. در واقع چک های جدید باید در وجه ذینفع مشخص صادر، و در سامانه صیاد ثبت شوند."
"آیا با ابلاغ قانون جدید صدور چک هنوز هم صدور چک برای ضمانت امکان‌پذیر است؟","بله. چک های موجود که طبق روال انجام می‌شود اما صدور چک ضمانت برای چک‌های جدید باید در سامانه صیاد ثبت شود."
"اگر چک های صیاد طرح جدید در سامانه صیاد ثبت نشود چه اتفاقی می افتد؟","طبق تبصره 1 ماده 21 مکرر قانون اصلاح قانون صدور چک، چک‌های جدید صیادی ثبت نشده در سامانه صیاد مشمول قانون مزبور نبوده و بانک مکلف است از پرداخت وجه آن خودداری نماید. لذا چک ثبت نشده در سامانه صیاد مشمول الزام‌ها و سازوکارهای مقرر در قانون صدور چک نمی‌شوند و صرفاً نقش یک سند مدنی دارد که نشان می‌دهد از شخصی طلب دارید."
"وظیفه ثبت چک در سامانه صیاد با چه شخصی است؟","صادرکننده چک، چک را در سامانه صیاد ثبت می‌کند. ذینفع چک نیز آن را تایید می‌کند."
"اگر مندرجات برگه چک با اطلاعات سامانه صیاد مغایر باشد تکلیف چیست؟","در صورت وجود مغایرت، بانک، وجه چک را پرداخت نمی کند و بنا به درخواست دارنده چک، بانک می‌تواند چک را برگشت بزند."
"کسانی که دریافت کننده چک هستند از کجا بدانند صادرکننده در سامانه صیاد، صدور آن را ثبت کرده است؟","نکته مهم این است که دریافت‌کننده اگر در صیاد وارد نشده و اطلاعات ثبتی صادرکننده را تایید نکرده باشد، چک او اعتبار ندارد. بنابراین برای اطمینان از این موضوع دریافت کننده چک، در زمان دریافت برگه چک حتما باید به سامانه صیاد مراجعه کرده و اطلاعات ثبت شده توسط صادرکننده را بررسی و تایید کند. برای اطمینان از ثبت شدن چک به نفع ذی‌‌نفع، ذی‌نفع چک می‌تواند با مراجعه به سامانه صیاد از سرویس‌های استعلامی چک استفاده نماید. همچنین در پایگاه اطلاع‌رسانی بانک مرکزی امکان استعلام چک با ورود اقلام اطلاعاتی چک به صورت سریع برای ذی‌نفع چک فراهم است و ذی‌نفع می‌تواند با ورود اطلاعات شناسه صیادی چک، تاریخ چک، مبلغ چک و هویت گیرنده چک، از ثبت چک به نفع خود مطلع گردد. برای استعلام چک بر اساس اقلام اطلاعاتی چک آن می توانید به پایگاه اطلاع‌رسانی بانک مرکزی به آدرس (https://www.cbi.ir/EstelamPichak/22036.aspx) نیز مراجعه کنید."
"محرومیت‌های دارندگان چک برگشتی در قانون جدید شامل چه مواردی می‌شود؟","در قانون جدید چک، بعد از ثبت غیرقابل پرداخت بودن یا کسری مبلغ چک در سامانه یکپارچه بانک مرکزی، این سامانه مراتب را به صورت برخط به تمام بانک‌ها و مؤسسات اعتباری اطلاع می‌دهد. پس از گذشت بیست و چهار ساعت، تمام بانک‌ها و مؤسسات اعتباری حسب مورد مکلفند تا زمانی که از چک برگشتی رفع سوء اثر نشده است، محدودیت‌های زیر را نسبت به صاحب حساب و امضاکننده چک برگشتی اعمال کنند: الف- عدم امکان افتتاح هرگونه حساب و صدور کارت بانکی جدید؛ حتی صدور المثنی/ تمدید تاریخ اعتبار کارت/ کارت اعتباری و تسهیلات خرد ب- مسدود شدن وجوه تمام حساب‌ها و کارت‌های بانکی و هر مبلغ متعلق به صادرکننده که تحت هر عنوان نزد بانک‌ها یا مؤسسات اعتباری موجود است به میزان کسری مبلغ چک؛ در این زمینه اولویت مسدود شدن حساب ها با بانک‌ها و موسسات اعتباری خواهد بود که مجموع موجودی حساب‌های سپرده متناظر (ریالی یا ارزی) صادرکننده چک نزد آنها بالاترین رقم باشد. در خصوص نحوه انتخاب حساب‌های سپرده، اولویت به ترتیب با حساب‌های سپرده سرمایه‌گذاری کوتاه‌مدت،‌ سپرده سرمایه‌گذاری بلندمدت، سپرده قرض‌الحسنه پس‌انداز و سپرده قرض‌الحسنه جاری صادرکننده چک است. ج- عدم پرداخت هرگونه تسهیلات بانکی یا صدور ضمانت‌نامه‌های ارزی یا ریالی؛ د- عدم گشایش اعتبار اسنادی ارزی یا ریالی. تمامی محدودیت‌های فوق برای صاحب حساب و امضاکننده چک برگشتی در نظر گرفته می‌شود."
"افراد هیئت مدیره یک شرکت که دارای چک برگشتی مربوط به شرکت هستند آیا در چک شخصی خود نیز به مشکل بر می‌خورند؟","در صورتی که فرد عضو هیات مدیره به نمایندگی از شرکت، چک را صادر (امضا) کرده باشد در مورد چک های شخصی نیز مشمول محرومیت های دارندگان چک برگشتی می شود."
"آیا کسانی که بدهی به بانک دارند طبق قانون جدید چک می توانند دسته چک بگیرند؟","خیر. این اشخاص مطابق ضوابط ابلاغی بانک مرکزی اساساً امکان افتتاح حساب جاری را ندارند."
"ثبت اطلاعات چک چه مزایایی دارد؟","در صورت عدم ثبت و تایید چک‌های جدید، وصول آن ممکن نیست. همچنین با ثبت چک، اعتبار چک صرفاً متکی به فیزیک کاغذی نیست و با پشتیبان گیری و ثبت اطلاعات مندرج در چک در سیستم متمرکز بانک مرکزی، از وقوع جرائمی مثل جعل چک جلوگیری می‌شود و نگرانی‌ها‌ در خصوص از بین رفتن فیزیک چک در مواردی از قبیل سیل، زلزله، سرقت چک و ... کاهش پیدا می‌کند. یکی دیگر از مزایا این است که اجازه ثبت چک جدید در سامانه صیاد برای دارندگان چک برگشتی وجود ندارد. قبلا اگر شخصی چک برگشتی داشت می توانست دسته چک خودش را تا برگ آخر استفاده کند اما با اجرای قانون جدید، صدور و ثبت چک جدید در سامانه صیاد برای کسانی که حتی یک فقره چک برگشتی داشته باشند، امکان‌پذیر نیست."
"با ثبت اطلاعات، وجود چک فیزیکی ضروری هست یا خیر؟","بله ضروری است و در زمان وصول چک، اطلاعات برگه چک با سامانه صیاد تطبیق داده می‌شود."
"سامانه صیاد غیر از ثبت، تایید و انتقال چک، چه خدماتی را در اختیار مشتریان بانکی می‌گذارد؟","در این سامانه می توان وضعیت اعتباری صادرکننده چک را استعلام گرفت. به این صورت که با وارد کردن شناسه ۱۶ رقمی صیادی برگ چک می‌توانید وضعیت صادرکننده چک در سیستم بانکی را از بابت داشتن یا نداشتن چک برگشتی مشاهده کنید. البته شما می‌توانید این سرویس را از سایت بانک مرکزی و سامانه پیامکی 4040701701 نیز دریافت کنید. افراد می‌توانند در زمان مبادله چک و دریافت آن با اسـتفاده از سرویس استعلام چک‌های جدید صیادی و وارد کردن مبلغ و تاریخ چک و کد ملی ذینفع و شناسه صیادی چک برای استعلام چک اقدام و اطمینان حاصل کنند که این چک به نفع گیرنده ثبت شده اسـت. گیرنده چک بعد از اطمینان خاطر از ثبت چک می‌تواند تایید چک را بعدا در سامانه صیاد انجام دهد. این سرویس در واقع استعلام فوری و سریع است که در لحظه مبادله چک انجام می‌شود و برای اطمینان از این است که صادرکننده ثبت چک را انجام داده است."
""
"در صورتی که موجودی حساب صادرکننده چک نزد بانک کمتر از مبلغ چک باشد چگونه عمل می‌شود؟","در این صورت به تقاضای دارنده چک، بانک مکلف است مبلغ موجودی در حساب را به دارنده چک بپردازد و دارنده با قید مبلغ دریافت‌شده پشت چک، آن را به بانک تسلیم کند. بانک مکلف است بنا به درخواست دارنده چک برای باقی‌ مانده چک گواهينامه عدم پرداخت صادر کند. برای مثال اگر شخصی چکی به مبلغ ۱۰۰ میلیون ریال کشیده باشد و موجودی حساب جاری ایشان 70 میلیون ریال باشد بانک به تقاضای دارنده چک مکلف است مبلغ 70 میلیون ریال را برداشت کرده و به ذینفع پرداخت کند. برای باقی 30 میلیون ریال نیز گواهينامه عدم پرداخت صادر کند. ذینفعان چک باید توجه داشته باشند براساس ماده ۵ قانون اصلاح قانون صدور چک، در صورتی که موجودی حساب صادرکننده چک نزد بانک کمتر از مبلغ چک باشد، به تقاضای دارنده چک بانک مکلف است مبلغ موجودی در حساب را به دارنده چک بپردازد. بنابراین دارندگان چک باید این موضوع را از شعبه درخواست کنند."
"اقدام قضایی برای چک برگشتی در قانون جدید چگونه انجام می‌شود؟","در صورت برگشت چک به هر دلیلی، بانک مکلف است به درخواست دارنده چک، فوراً غیر قابل پرداخت بودن آن را در سامانه یکپارچه بانک مرکزی ثبت کند و با دریافت کد رهگیری و درج آن در گواهینامه عدم پرداخت، علت یا علل عدم پرداخت را صریحاً قید و آن را امضاء، مهر و به متقاضی (دارنده چک) تسلیم کند. در گواهینامه عدم پرداخت باید هویت و نشانی کامل صادرکننده و دارنده چک، کد رهگیری دریافت شده از سامانه یکپارچه بانک مرکزی، مهر بانک و شخص حقوقی و وضعیت مطابقت یا عدم مطابقت امضای چک و نمونه امضای موجود در بانک درج شده باشد، در غیر این صورت در مراجع قضائی و ثبتی به آن ترتیب اثر داده نمی‌شود.دارنده چک برگشتی با در دست داشتن گواهینامه عدم پرداخت، می تواند به دفاتر خدمات الکترونیک قضایی قوه قضائیه رفته و درخواست صدور اجراییه از دادگاه صالح را کند. دادگاه با بررسی متن چک و احراز سه شرط مذکور در ماده (23) قانون صدور چک ( وصول وجه آن منوط به تحقق شرطي نشده باشد؛ در متن چك قيد نشده باشد كه چك بابت تضمين انجام معامله يا تعهدي است؛ و گواهي عدم پرداخت به دلیل موضوع ماده 14 صادر نشده باشد. به این معنا که صادرکننده یا ذینفع چک اعلام نکرده باشد که چک مفقود یا سرقت یا جعل شده است و یا اینکه از طریق کلاه‌برداری یا خیانت‌ در امانت یا جرائم دیگر به دست نیامده باشد) اجرائیه را صادر می‌کند. از تاریخ ابلاغ اجرائیه، ۱۰ روز به صادرکننده چک برگشتی مهلت داده می‌شود که مطالبات خود را پرداخت کند یا با موافقت دارنده ترتیبی برای پرداخت آن بدهد یا مالی را معرفی کند، در غیر این‌صورت، حسب درخواست دارنده چک، مطابق قانون «نحوه اجرای محکومیت‌های مالی» اقدام خواهد شد."
"نحوه ثبت و تایید چک برای اتباع بیگانه به چه صورت است؟","اتباع بیگانه در زمره اشخاص حقیقی تلقی می‌شوند و در ثبت و تایید و انتقال چک باید کد اتباع را وارد کنند."
"ثبت و تایید چک برای مشتریان حقوقی از چه طریق ممکن است؟","ابزار دسترسی به سامانه صیاد برای مشتریان حقوقی، درگاه‌های بانکی (اینترنت‌بانک و موبایل‌بانک) و شعب بانک‌ها است. همچنین ثبت و تأیید چک‌های مربوط به اشخاص حقوقی، توسط صاحبان امضای مجاز اشخاص مذکور (که وفق اساسنامه و مفاد روزنامه رسمی به این عنوان معرفی شده‌اند) صورت می‌پذیرد."
"ثبت صدور چک در حساب جاری مشترک حقیقی به چه صورت است؟","ابزار دسترسی به سامانه صیاد برای مشتریان حقیقی دارای حساب جاری مشترک، درگاه‌های بانکی (اینترنت‌بانک و موبایل‌بانک) و شعب بانک‌هاست. همچنین ثبت صدور چک‌های مربوط به حساب جاری مشترک حقیقی، توسط شخص یا اشخاصی که حسب قرارداد حساب جاری، حق امضای چک‌ را دارند، به عمل می‌آید."
"زمانی که چکی صادر و در سامانه صیاد ثبت شده باشد و تا زمان سررسید، معامله فسخ شود تکلیف چیست؟","قابلیت ابطال چک با مراجعه به شعب بانک‌ها وجود دارد و در این صورت، اشخاص باید به یکی از شعب بانک صادرکننده دسته چک خود مراجعه کنند."
"در صورت برگشت خوردن یک برگ چک، آیا امکان ثبت سایر برگ‌های آن دسته چک در سامانه صیاد وجود دارد؟","خیر. با توجه به مفاد ماده (21) مکرر قانون صدور چک، تا زمان رفع سوءاثر از چک برگشتی، صدور چک جدید، از ناحیه صاحب حساب و امضاکنندگان چک برگشتی مزبور، ممنوع می‌باشد."
"انتقال در سامانه صیاد برای چک‌های جدید تا چه تعداد امکان پذیر است؟","محدودیت ندارد."
"اگر افراد میانی (ذینفعان چک) مشخصات چک را در سامانه، ثبت و تایید نکنند وضعیت چک چگونه می شود؟ آیا روشی برای کنترل ثبت حتمی برای انتقال چک وجود دارد؟","در صورت عدم ثبت چک‌ جدید در سامانه صیاد،‌ ذینفع نباید چک را تحویل بگیرد. ذینفع پیش از دریافت برگ چک باید از سامانه صیاد استعلام بگیرد. طبق ماده (21) مکرر، در زمان صدور چک، اطلاعات اساسی شامل هویت دارنده، مبلغ و تاریخ مندرج در چک برای شناسه یکتای برکه چک، چک می‌بایست توسط صادرکننده در سامانه صیاد ثبت گردد و دارندگان چک، برای انتقال، ملزم به ثبت هویت شخص جدید برای همان شناسه یکتا می‌باشند. لذا چنانچه انتقال چک در سامانه ثبت نگردد، اساساً انتقالی صورت نپذیرفته است."
"اگر چک ذینفعان متعدد داشته باشد و یکی از ذینفعان اطلاعات چک را در سامانه تایید کرده باشد آیا ذینفع دیگر می تواند نسبت به وصول چک اقدام کند؟","با تایید یکی از ذینفعان، چک در وضعیت تائید شده قرار خواهد گرفت. لیکن در صورت تعدد ذینفعان چک، وصول چک می‌بایست با درخواست تمامی ذی‌نفعان به عمل آید؛ مگر اینکه برخی ذینفعان، از سایرین، وکالت یا نمایندگی جهت وصول چک را اخذ نموده باشند."
"در صورتی که ذینفع به اشتباه به جای تایید، رد آن را ثبت کند آیا امکان اصلاح وجود دارد؟","خیر. در این صورت ذینفع باید از صادرکننده درخواست کند که چک را مجدد به نفع وی ثبت کند."
"امکان اصلاح/ ویرایش اطلاعات توسط صادرکننده چک قبل از تایید/ عدم تایید ذینفع وجود دارد؟","بله. با مراجعه به شعبه و با در دست داشتن لاشه چک می‌بایست نسبت به لغو ثبت چک اقدام کند."
"روش و مقررات چک های صیادی در رابطه با چک هایی که بانک ها به عنوان ضمانت از مشتریان دریافت می کنند، به چه صورت است؟","چک‌های ضمانت در گذشته بدون درج تاریخ از افراد گرفته می‌شد. از ابتدای سال ۱۴۰۰ که چک‌های طرح جدید وارد بازار می‌شود تمامی این چک‌ها باید در سامانه ثبت شوند (به همراه تاریخ و دیگر اقلام اطلاعاتی)/ در واقع از سال 1400 امکان اخذ چک سفید تاریخ و بعضا سفید امضا بابت ضمانت وجود نخواهد داشت و باید کلیه فیلدهای چکهای صادره از جمله چک ضمانت به صورت کامل بر روی برگه چک و سامانه صیاد درج شود. از لحاظ حقوقی نیز با توجه به اطلاق ماده (6) اصلاحی قانون صدور چک و عدم تفکیک بین چک‌هایی که به عنوان ضمانت از مشتریان دریافت می‌شود، با سایر چک‌های صیادی، چک‌های ضمانتی، مشمول تمامی احکام و ضوابط مربوط به چک‌‌های صیادی ‌می‌باشند."
"اگر مشتری تامین وجه چک صادره اش را از تمام حسابها در بانک خود تایید نکرده باشد، آیا بانک مجاز به برداشت وجه چک از سایر حساب هاست؟","طبق دستورالعمل حساب جاری، از جمله مواردی که باید در قرارداد حساب جاری درج شود، تکليف بانک به پرداخت وجه چک از محل موجودي قابل برداشت سایر حساب‌ها (به ترتیب مقرر در بندهای مذکور)، در صورت کافي نبودن موجودي حساب جاري صادرکننده می‌باشد. در واقع در صورت عدم تایید این موضوع توسط مشتری بانک، قرارداد حساب جاری منعقد نمی‌شود."
"چاپ کد رهگیری بر روی گواهی عدم پرداخت از چه زمانی اجباری است؟","در حال حاضر اجرا می‌شود. به‌محض ارائه چک به بانک و عدم‌کفایت موجودی، گواهی‌نامه عدم پرداخت صادر و درج کد رهگیری بر روی آن صورت می‌پذیرد."
"در ماده (4) اصلاحی قانون صدور چک، برای بانک تکلیفی مبنی بر درج فوری کد رهگیری بر روی گواهی‌نامه عدم پرداخت پیش‌بینی شده است. انجام این تکلیف قانونی، از زمان لازم‌الاجرا شدن قانون اصلاح قانون صدور چک مصوب 13‏‏/8‏‏/97، برای بانک‌ها الزامی است."
"با توجه به صدور گواهی عدم پرداخت به علت مغایرت اطلاعات برگه چک با سامانه صیاد، آیا این موضوع به عنوان سوء سابقه برای صادرکننده چک لحاظ می شود؟","بله. مغایرت اطلاعات نسخه کاغذی با اطلاعات سامانه‌ای چک، از مصادیق اختلاف در مندرجات چک (موضوع ماده 3 قانون صدور چک)، محسوب شده و در صورت درخواست دارنده (وفق مواد 4، 5 و 5 مکرر قانون صدور چک)، منجر به برگشت چک و ثبت سوءاثر در سامانه یکپارچه بانک مرکزی خواهد شد."
"اگر چکی صبح برگشت خورده و ظهر همان روز پاس شود رفع سواثر به چه صورت است؟","با توجه به اینکه گواهی عدم پرداخت و رفع سوء اثر آنی است، فلذا کاربر شعبه اقدامات مصرح در قانون را انجام می‌دهد. لیکن در روز آینده هیچ اثری از برگشت و رفع اثر آن در سامانه قابل‌مشاهده نیست."
"در صورت مخدوش بودن برگه چک تکلیف چیست؟","وفق ماده (3) قانون صدور چک، در صورت مخدوش بودن برگه چک، بانک باید از پرداخت وجه چک خودداری نموده و (حسب ماده 4)، در صورت درخواست دارنده، نسبت به صدور گواهی‌نامه عدم پرداخت (برگشت چک) اقدام نماید."
"اثر سوء چک برگشتی موکل که وکیل آن را امضا کرده است در حساب های شخصی وکیل هم تسری می یابد؟","با توجه به تبصره (2) ماده (5) مکرر قانون صدور چک، چنانچه شخصی به وکالت یا نمایندگی از شخص حقیقی یا حقوقی، اقدام به صدور چک نموده و منجر به برگشت شود، اصولاً اقدامات این ماده، علاوه بر صاحب حساب، نسبت به وکیل یا نماینده نیز اعمال می‌گردد. همچنین، وکیل یا نماینده مذکور، وفق تبصره (2) ماده (21) مکرر، از دریافت دسته چک، صدور چک جدید در سامانه صیاد و استفاده از چک موردی به هر صورت (اصالتاً و یا وکالتاً) ممنوع می‌باشد."
"آیا انتقال دهنده چک نیز مانند صادرکننده چک در صورت برگشت چک مسئولیت دارد؟","بله. با عنایت به ماده (20) قانون صدور چک، انتقال دهنده چک جزء متعهدین و مسئولین پرداخت چک می‌باشد."
"برداشت نقدی با چک توسط دارنده حساب به چه صورت خواهد بود؟","چک با مبلغ کمتر از ۱۵ میلیون تومان امکان وصول به صورت نقدی دارد، ولیکن برای مبالغ بالاتر لازم است وجه چک به حساب ذی‌نفع آن واریز گردد."
"اگر وکیل یا نماینده حقوقی دارای چک برگشتی باشد آیا می‌تواند به وکالت از شخص دیگر که فاقد چک برگشتی است اقدام به افتتاح حساب کند؟","طبق ماده (5) مکرر قانون صدور چک، اقدامات و محرومیت‌های مندرج در این ماده (از جمله افتتاح حساب)، نسبت به صاحب حساب و صادرکننده چک برگشتی اعمال می‌شود. لکن، در قانون یادشده، ممنوعیت برای اشخاص دارای چک برگشتی، جهت افتتاح حساب (و نه دریافت دسته چک) به وکالت و به نام شخص دیگری (که فاقد سابقه چک برگشتی رفع سوءاثر نشده است) پیش‌بینی نشده و مورد اخیر، به لحاظ حقوقی و قانونی، بلامانع است."
"انسداد چک توسط چه کسانی قابل انجام است؟ آیا انتقال دهندگان چک می توانند درخواست مسدودسازی چک را کنند؟","بر اساس ماده (14) قانون صدور چک، انسداد چک، پس از صدور دستور عدم پرداخت توسط صادرکننده، ذی‌نفع یا قائم‌مقام قانونی آن‌ها، امکان‌پذیر است. به موجب تبصره (1) همین ماده، ذی‌نفع، شامل کسی که چک به نام او، صادر یا ظهرنویسی شده یا چک به او واگذار گردیده، می‌شود. بنابراین، انتقال دهندگان چک نیز در چارچوب ماده (14) می‌توانند نسبت به صدور دستور عدم پرداخت، برگشت چک و نیز درخواست انسداد حساب مربوط، اقدام نمایند."
"زمانی که حساب صادرکننده چک برگشتی در یک بانک مسدود شود رفع مسدودی چگونه انجام می‌شود؟","چنانچه موجودی حساب، بر اساس بند"ب"ماده (5) مکرر (به دلیل غیرقابل پرداخت بودن یا کسری مبلغ چک) مسدود گردد، رفع انسداد، حسب دستور قضایی و یا رفع سوءاثر از چک، بر اساس تبصره (3) ماده (5) (روش‌های شش‌گاه رفع‌سوءاثر چک) قانون صدور چک به عمل خواهد آمد. چنانچه حساب صادرکننده، در اجرای ماده (14) قانون صدور چک (صادرکننده یا ذینفع یا قائم مقام قانونی آنها با تصریح به اینکه چک مفقود یا سرقت یا جعل شده یا از طریق کلاهبرداری یا خیانت در امانت یا جرایم دیگری تحصیل شده می تواند کتبا دستور عدم پرداخت وجه چک را به بانک بدهد)، مسدود شده باشد، حسب تبصره‌های (1) و (2) ماده اخیرالذکر، در صورت انصراف دستور دهنده (دستور عدم پرداخت) یا تعیین تکلیف در مرجع قضایی و یا عدم تسلیم گواهی تقدیم شکایت در مرجع مرجع قضایی ظرف مدت یک‌هفته، به بانک، از حساب رفع مسدودی به عمل خواهد آمد."
"رفع سوءاثر از سوابق چکهای برگشتی اشخاص با چه روش‌هایی ممکن است؟","براساس قانون صدور چک و قانون اصلاح قانون صدور چک مصوب سال 1397 و بخشنامه‌های صادره بانک مرکزی جمهوری اسلامی ایران، تمام امور مربوط به رفع سوءاثر از چک‌های برگشتي اشخاص از طريق شعب و واحدهای تابعه بانک‌ها و به صورت ذيل امكانپذير است: ـ واریز کسری مبلغ چك به حساب جاري نزد بانك عهده و ارائه درخواست مسدودی به مدت یك‌سال: در صورتی که حساب جاری مشتری نزد شعبه مفتوح و توسط مراجع قضايي مسدوه نشده باشد، بانک مكلف است ضمن مسدود کردن مبلغ مذکور تا زمان مراجعه دارنده چک و حداکثر به مدت یك‌سال، ظرف مدت سه روز، واريز مبلغ را به شیوه‌ای اطمینان‌بخش و قابل استناد به اطلاع دارنده چک برساند. توضيح: هر صورت ارائه يا احراز هر يک از ساير شیوه‌های رفع سوءاثر چک (روش‌های ذيل)، بانک موظف به رفع مسدودی از وجوه مسدودشده است. ـ ارائه فیزیک چك برگشتی: مشتری فیزیک چک برگشتي را به بانک ارائه و بانک در قبال آن به وی رسيد تحويل می کند. ـ ارائه رضایت‌نامه محضری دارنده (ذی نفع) چك به بانك: در صورت عدم امكان ارائه فیزیک چک برگشتی به بانک بنا به دلایلی نظير مفقود شدن، به سرقت رفتن و سوختن، ذی‌نفع چک (شخصي که گواهي‌نامه عدم پرداخت وجه چک به نام او صادر شده است) مي‌تواند با حضور در دفترخانه اسناد رسمي، ضمن اذعان به عدم واگذاری چک به ثالث، رضایت خود را نسبت به متشری اعلام کند. در اين صورت، بانک با دریافت رضايت‌نامه مزبور، نسبت به رفع سوء اثر از چک مورد نظر اقدام می‌کند. تبصره: چناچه ذی‌نفع چک شخص حقوقي دولتی و يا نهاد عمومی غيردولتی باشد، مي‌تواند با ارائه نامه رسمی، رضايت خود را اعلام کرده و بانک با دريافت رضايت‌نامه مزبور، نسبت به رفع سوء اثر از چک مورد نظر اقدام می‌کند. ـ ارائه نامه رسمی از مرجع قضائی یا ثبتی ذی‌صالح مبنی بر اتمام عمليات اجرایي در خصوص چك. ارائه نامه از مرجع ثبتی ذی‌صالح موضوع ماده 381 «آیین‌نامه اجرای مفاد اسناد رسمی لازم‌الاجرا و طرز رسيدگی به شكايت از عمليات اجرايی» مبنی بر اجرای چک (با ذکر مشخصات اصلي چک) و لزوم رفع سوءاثر از آن. ـ ارائه حكم قضایی مبنی بر برائت ذمه صاحب حساب در خصوص چك. ـ سپری شدن مدت سه سال از تاریخ صدور گواهينامه عدم پرداخت مشروط به عدم طرح دعواي حقوقي یا کيفري در خصوص چك توسط دارنده. توضيح 1: بانک موظف است اطلاعات مربوط به گواهينامه عدم پرداخت صادره را بلافاصله پس از برگشت چک به سامانه اطلاعاتی بانک مرکزی ارسال کند. توضيح 2: بانک مكلف است بنا به درخواست مشتری و به منظور آگاهی وی از سوابق چک‌های برگشتی خود در سامانه اطلاعاتی بانک مرکزی، اقدام به ارائه صورت کامل تعداد و مشخصات چک‌های برگشتی وی با درج تاريخ برگشت چک کند."
"آیا شخص دیگری غیر از ذینفع که مشخصات او در برگه چک ثبت شده می تواند چک را نقد کند؟ مثلا کسی که چک به نام وی منتقل شده است؟","بله. براساس استعلام از سامانه صیاد، مالکیت شخص (ذینفع بودن) مشخص می‌شود و همان ملاک عمل خواهد بود. در واقع وصول چک توسط دارنده نهایی که چک در وجه او صادر یا به وی منتقل شده یا وکیل یا نماینده او به عمل می‌‌آید."
"رعایت برگشت ۸۰ درصد برگه های چک به بانک برای دریافت دسته چک جدید شامل سازمان ها و مشتریان اعتباری که مصرف بالایی دارند نیز می شود؟","بله. شامل تمام مشتریان است. به موجب بند 6‏‏-8 دستورالعمل موضوع ماده (6) اصلاحی قانون صدور چک، مصوب 25‏‏/9‏‏/99 شورای پول و اعتبار، اعطای دسته چک به"شخصی که کمتر از 5‏‏/4 [هشتاد درصد] از مجموع تعداد برگه‌های آخرین دسته چک اعطایی به وی به بانک ارائه و یا در سامانه صیاد ثبت شده باشد"، ممنوع است."
"نظر به اطلاق مقرره فوق، موضوع لزوم رعایت نصاب 80 درصد مذکور، شامل تمامی اشخاص (صرف‌نظر از اینکه اصولاً مصرف چک بالایی داشته باشند یا خیر) می‌شود."
"آیا ثبت ۸۰ درصد چک ها در سامانه صیاد کفایت می کند یا ۸۰ درصد برگه چک ها باید به بانک بازگشته باشد؟","تحقق هر یک از موارد"ارائه 80 درصد از مجموع تعداد برگه‌های آخرین دسته چک‌ به بانک"و یا"ثبت و تائید این میزان در سامانه صیاد"کفایت می‌کند."
"سرویس استعلام فوری چک های جدید صیادی به چه صورت است؟","افراد می‌توانند در زمان مبادله چک و دریافت آن با اسـتفاده از سرویس استعلام چک های جدید صیادی و وارد کردن مبلغ و تاریخ چک و کد ملی ذینفع و شناسه صیادی چک برای استعلام چک اقدام و اطمینان حاصل کنند که این چک به نفع گیرنده ثبت شده اسـت. گیرنده چک بعد از اطمینان خاطر از ثبت چک می‌تواند تایید چک را بعدا در سامانه صیاد انجام دهد. این سرویس در واقع استعلام فوری و سریع است که در لحظه مبادله چک انجام می‌شود و برای اطمینان از این است که صادرکننده ثبت چک را انجام داده است."
"در زمان عدم کفایت موجودی حساب جاری صادرکننده چک در بانک عهده، مبلغ کسری چک چگونه تامین می‌شود؟","در صورت کسری موجودی حساب جاری صادرکننده چک نزد بانک، مبلغ مورد نظر از سایر حساب‌های شخص در همان بانک ‌به ‌ترتيب ‌اولويت ‌از حساب ‌قرض‌الحسنه‌ پس‌انداز،‌ حساب ‌سرمايه‌گذاري‌ کوتاه‌مدت ‌و‌ حساب‌سرمايه‌گذاري ‌بلندمدت برداشت شده و به ذینفع چک پرداخت می‌شود. برای مثال اگر شخصی چکی به مبلغ 100 میلیون ریال کشیده باشد و موجودی حساب جاری ایشان، 20 میلیون ریال باشد و در سایر حساب‌های خود (‌قرض‌الحسنه‌ پس‌انداز،‌ حساب ‌سرمايه‌گذاري‌ کوتاه‌مدت ‌و‌ حساب‌سرمايه‌گذاري ‌بلندمدت) در همان بانک A نیز مبلغ 50 میلیون ریال داشته باشد بانک مکلف است علاوه بر برداشت موجودی 20 میلیون ریال در حساب جاری، 50 میلیون ریال موجود در سایر حساب‌های شخص را نیز برداشت کرده و به ذینفع چک تحویل نماید."
"برای باقیمانده مبلغ چک در بانک عهده چه اتفاقی می افتد؟","بانک A برای باقی 30 میلیون ریال گواهينامه عدم پرداخت صادر می کند."
"پس از صدور گواهینامه عدم پرداخت به چه صورت عمل می‌شود؟","در قانون جدید چک، بعد از ثبت غیرقابل پرداخت بودن یا کسری مبلغ چک در سامانه یکپارچه بانک مرکزی، این سامانه مراتب را به صورت برخط به تمام بانک‌ها و مؤسسات اعتباری اطلاع می‌دهد. پس از گذشت بیست و چهار ساعت، تمام بانک‌ها و مؤسسات اعتباری حسب مورد مکلفند تا زمانی که از چک برگشتی رفع سوء اثر نشده است، محدودیت‌های زیر را نسبت به صاحب حساب و امضاکننده چک برگشتی اعمال کنند: الف- عدم امکان افتتاح هرگونه حساب و صدور کارت بانکی جدید؛ حتی صدور المثنی/ تمدید تاریخ اعتبار کارت/ کارت اعتباری و تسهیلات خرد ب- مسدود شدن وجوه تمام حساب‌ها و کارت‌های بانکی و هر مبلغ متعلق به صادرکننده که تحت هر عنوان نزد بانک‌ها یا مؤسسات اعتباری موجود است به میزان کسری مبلغ چک؛ در این زمینه اولویت مسدود شدن حساب ها با بانک‌ها و موسسات اعتباری خواهد بود که مجموع موجودی حساب‌های سپرده متناظر (ریالی یا ارزی) صادرکننده چک نزد آنها بالاترین رقم باشد. در خصوص نحوه انتخاب حساب‌های سپرده، اولویت به ترتیب با حساب‌های سپرده سرمایه‌گذاری کوتاه‌مدت،‌ سپرده سرمایه‌گذاری بلندمدت، سپرده قرض‌الحسنه پس‌انداز و سپرده قرض‌الحسنه جاری صادرکننده چک است. همچنین پس از گذشت بیست و چهار ساعت از ثبت غیرقابل پرداخت بودن یا کسری مبلغ چک در سامانه یکپارچه بانک مرکزی، وجوه حساب‌های افراد به میزان مبلغ کسری چک مسدود می‌شود. در واقع مهلت ۲۴ ساعته توسط قانونگذار برای تامین موجودی حساب چک قبل از اعمال اقدامات تنبیهی در نظر گرفته شده است. ج- عدم پرداخت هرگونه تسهیلات بانکی یا صدور ضمانت‌نامه‌های ارزی یا ریالی؛ د- عدم گشایش اعتبار اسنادی ارزی یا ریالی."
"آیا ذینفع چک می‌تواند پس از مسدودی مبلغ کسری چک، مبلغ را از بانک طلب کند؟","خیر. این موضوع نیازمند فرآیند قضایی و حکم دادگاه است. دارنده چک برگشتی می‌تواند با در دست داشتن گواهی عدم پرداخت به دفاتر خدمات الکترونیک قضایی قوه قضاییه مراجعه و صدور اجراییه از دادگاه را درخواست کند."
"در زمان برگشت چک آیا همه حساب‌های فرد مسدود می‌شود؟","حساب مسدود نمی‌‌شود بلکه مبالغ موجود در حساب‌های صادرکننده چک برگشتی به میزان مبلغ کسری چک مسدود می‌شود. برای مثال اگر چک شخصی به مبلغ ۱۰۰ میلیون ریال در بانک A برگشت بخورد، مبالغ موجود در حساب‌های وی در سایر بانک‌ها مجموعا به مبلغ ۱۰۰ میلیون ریال مسدود می‌شود. در این صورت مازاد موجودی حساب فرد قابل برداشت است و شخص می‌تواند از آن مبلغ استفاده کند."
"رفع مسدودی حساب پس از برگشت چک چگونه انجام می‌شود؟","رفع مسدودی حساب شخص منوط به رفع سوءاثر از سوابق چک‌های برگشتی است."
"نحوه اطلاع‌رسانی مسدودی وجوه حساب‌های صادرکننده چک برگشتی به چه صورت است؟","پس از برگشت چک و مسدودسازی حساب مراتب در اینترنت‌بانک، موبایل‌بانک و ... به اطلاع صادرکننده چک می‌رسد. همچنین پیامکی حاوی اطلاعات مسدودسازی وجوه حساب ناشی از برگشت چک برای صادرکننده توسط بانک مربوطه ارسال می‌شود."
"نحوه اطلاع‌رسانی در زمان رفع مسدودی به چه صورت است؟","پس از رفع سواثر از چک برگشتی و انجام فرایند رفع مسدودی، مراتب در اینترنت‌بانک و موبایل‌بانک به اطلاع فرد خواهد رسید. همچنین پیامک اطلاع‌رسانی توسط بانک مربوطه درخصوص رفع مسدودی نیز به انضمام اطلاعات لازم (حاوی مبلغ، حساب و بانک مربوطه) برای فرد ارسال می‌شود."
"آیا امکان استعلام مبالغ مسدود شده حسابها بابت چک برگشتی وجود دارد؟","صادرکنندگان و ذینفعان چک برگشتی می‌توانند با مراجعه به سایت بانک مرکزی به نشانی www.cbi.ir، در قسمت فوتر (پانوشت) وب سایت (https://www.cbi.ir/InquiryMahCheque/23586.aspx)، از بخش «استعلام مبالغ مسدود شده حسابها بابت چک برگشتی» از مبالغ مذکور آگاهی یابند. صادرکنندگان و ذینفعان چک برگشتی پس از مراجعه به صفحه فوق‌الذکر و با وارد کردن اقلام اطلاعاتی شامل کد ملی یا شماره تلفن همراه صاحب حساب/امضاکننده/ذینفع، می‌توانند از دو شیوه «اطلاعات چک» و «کد رهگیری چک برگشتی» نسبت به استعلام مبالغ مسدود شده حسابها بابت چک برگشتی اقدام کنند. در این صفحه اطلاعاتی شامل شناسه حکم، شماره شبا حساب، مبلغ مسدودشده، تاریخ های مسدودی و رفع مسدودی و وضعیت فعلی حساب ارائه می شود. وضعیت های حساب شامل مسدودشده (وجه مربوطه غیر قابل برداشت می باشد)، رفع مسدودشده (وجه مربوطه قابل برداشت توسط صاحب حساب می باشد) و یا در حال انجام عملیات (در حال پیگیری رفع مسدودی توسط بانک مربوطه) است."
"افراد فاقد دسته‌چک چگونه می‌توانند چک موردی دریافت کنند؟","چک موردی به دارندگان حساب جاری فاقد دسته چک توسط شبکه بانکی اعطا می شود. حداکثر تعداد چک موردي قابل اعطاء به هر مشتر ی در شبکه بانکي کشور در هـر تقاضـا حـداکثر دو فقـره و در مجموع سالانه، حداکثر ٥ فقره مي‌باشد. چک موردی قابلیت انتقال به شخص ثالث را نداشته و از چک موردی به عنوان ضمانت ممنوع است."
"چک تضمین‌شده را چگونه می‌توان استعلام کرد؟","امکان استعلام چک‌های تضمین‌شده صیادی (چک‌های تضمین شده دارای شناسه 16 رقمی صیادی) با هدف کسب اطمینان از اصالت این نوع چک‌ها هنگام انجام معاملات فراهم شده و مشتریان شبکه بانکی می‌توانند از طریق درگاه‌های مختلف دسترسی به سامانه صیاد شامل اینترنت‌بانک، موبایل‌بانک، برنامک‌های موبایلی، پیامکی و خودپردازهای بانک‌های عامل، نسبت به استعلام آن اقدام کنند. در واقع ذی‌نفع چک با استعلام این چک‌ها از ثبت چک به نفع خود در سامانه صیاد اطمینان حاصل می‌نماید. در این راستا، چک‌های تضمین‌شده که توسط شعب بانکی در اختیار مشتریان قرار می‌گیرد مجهز به شناسه ۱۶ رقمی صیادی شده و با توجه به تکالیف مقرر در قانون اصلاح قانون صدور چک، ثبت صدور این نوع چک‌ها برعهده شعب بانک‌هاست و صادرکننده چک در این خصوص مسئولیتی ندارند. این چک‌ها نیاز به انجام عملیات تایید در سامانه صیاد ندارند و ذی‌نفع با اخذ برگه چک از صادرکننده آن و استعلام از سامانه صیاد می‌تواند از ثبت چک در سامانه صیاد به نفع خود اطمینان حاصل کند و تطبیق اقلام اطلاعاتی مندرج در متن چک و با اقلام ثبت شده در سامانه صیاد را انجام دهد. بدیهی است در صورتی که با استعلام از سامانه صیاد برای گیرنده محرز گردد که این چک ثبت نشده و یا اقلام اطلاعاتی آن مغایر است، بایستی از پذیرش چک خودداری کند."
"چگونه می‌توانیم از ثبت چک به نام خودمان آگاه شویم؟","اگر بخواهید از ثبت یا انتقال چک به نام خود مطلع شوید کافیست شماره همراه خود را به سامانه پیامکی 4040701701 معرفی کنید. برای معرفی شماره همراه‌ باید صادرکننده یا ذینفع چک باشید و متن پیام زیر رو به سرشماره 4040701701 ارسال فرمایید: اگر صادرکننده چک هستید: (از راست به چپ) *1*2*1*شناسه/کد ملی صادرکننده *شناسه صیادی اگر دریافت‌کننده چک هستید: (از راست به چپ) *1*2*2*شناسه/کد ملی دریافت‌کننده*شناسه صیادی کافیست فقط یک بار شماره همراه خود را معرفی کنید سپس هر چکی به نام شما ثبت یا منتقل شود پیامک اطلاع‌رسانی برای شما ارسال می‌شود. سپس با مراجعه به سامانه های دسترسی به صیاد مثل همراه بانک، اینترنت بانک، اپ های پرداخت، خودپردازهای بانکها یا از طریق پیامک می‌توانید نسبت به تایید آن اقدام فرمایید. اگر متن پیام ارسالی را به خاطر نداشتید با ارسال عدد ۱ به سامانه پیامکی 4040701701، می‌توانید راهنمای دریافت خدمات را در اختیار داشته باشید."
"چگونه می‌توان راهنمای سامانه پیامکی 4040701701 را دریافت کرد؟","برای دریافت راهنمای سامانه پیامکی 4040701701 می‌توانید عدد ۱ را به این سامانه ارسال فرمایید."
"چگونه می‌توان از وضعیت چک برگشتی، رفع‌ سوء‌اثر شده و چک‌های در راه صادرکننده چک باخبر شد؟","اگر چک جدید بنفش‌رنگ به نام‌ شما ثبت شده و می‌خواهید از وضعیت صادرکننده چک باخبر شوید می‌توانید متن زیر را به سرشماره 4040701701 ارسال کنید: (از راست به چپ) *1*4*شناسه/کد ملی ذینفع*شناسه صیادی با ارسال این کد به سرشماره 4040701701 اطلاعات مفیدی مثل مجموع مبالغ چک‌های برگشتی در سه سال گذشته، چک‌هایی که رفع سوء اثر شده و مجموع مبلغی چک‌های در راه صادرکننده چک باخبر شوید و درخصوص قبول یا عدم قبول چک از ایشان تصمیم بگیرید. (در سامانه صیاد تایید یا رد کنید)"
"اگر بخواهیم از وضعیت چک براساس اقلام اطلاعاتی آن با خبر شویم راهکار چیست؟","اگر صادرکننده یا ذینفع چک نیستید و می‌خواهید وضعیت چک را براساس اقلام اطلاعاتی ببینید می‌توانید متن زیر رو به سرشماره 4040701701 ارسال کنید: (از راست به چپ)*1*3*شناسه/کد ملی یکی از ذینفعان*شناسه صیادی*مبلغ*تاریخ 8 رقمی سررسید چک (چهاررقم سال،دو رقم ماه،دو رقم روز) برای انجام این کار باید اطلاعات چک را داشته باشید همچنین برای استعلام چک بر اساس اقلام اطلاعاتی چک آن می توانید به پایگاه اطلاع‌رسانی بانک مرکزی به آدرس (https://www.cbi.ir/EstelamPichak/22036.aspx) نیز مراجعه کنید."
"چگونه می‌توان وضعيت اعتباری چک صيادی را استعلام کرد؟","برای استعلام وضعیت اعتباری چک صیادی می‌توانید از طریق اینترنت‌بانک، موبایل‌بانک، اپلیکشن‌های عمومی پرداخت، خودپرداز بانک‌ها، از طریق ارسال پیامک به سامانه 4040701701 و یا از طریق مراجعه به پایگاه‌ اطلاع‌رسانی بانک مرکزی به آدرس (https://www.cbi.ir/EstelamSayad/19689.aspx) اقدام کنید."
"محرومیت‌های ناشی از چک برگشتی در چه مواردی اعمال نمی‌شود؟","در مواردی که یکی از دلایل برگشت چک شامل ماده ۱۴ قانون اصلاح قانون صدور چک باشد این محرومیت‌ها اعمال نمی‌شود. چک‌های مشمول ماده ۱۴ چک‌هایی است که صادرکننده چک یا ذینفع یا قائم مقام قانونی آن‌ها با تصریح به این که چک مفقود یا سرقت یا جعل شده و یا از طریق کلاهبرداری یا خیانت در امانت یا جرائم دیگری تحصیل گردیده می‌تواند کتباً دستور عدم پرداخت وجه چک را به بانک بدهد. بانک پس از احراز هویت دستور دهنده از پرداخت وجه آن خودداری خواهد کرد و در صورت ارائه چک بانک گواهی عدم پرداخت را با ذکر علت اعلام شده صادر و تسلیم می‌نماید."
"در صورت مسدود‌سازی بخشی از مبلغ چک در حساب جاری صادرکننده چک برگشتی توسط سامانه محچک، چگونه می‌توان از چک مدنظر رفع‌سوءاثر کرد؟","در صورت مسدود‌سازی بخشی از مبلغ چک در حساب جاری صادرکننده چک برگشتی توسط سامانه محچک، صادرکننده چک می‌تواند مابه‌التفاوت وجه چک را در حساب جاری خود واریز کرده و با ارائه درخواست مسدودسازی کل مبلغ چک در حساب جاری، از چک خود رفع‌ سوء‌اثر کند. بانک عهده نیز مكلف است ضمن مسدود کردن مبلغ مذکور تا زمان مراجعه دارنده چک و حداکثر به مدت یك‌سال، ظرف مدت سه روز، واريز مبلغ را به شیوه‌ای اطمینان‌بخش و قابل استناد به اطلاع دارنده چک برساند. بدین ترتیب در صورتی که یک برگه چک ۱۰۰ میلیون ریالی صادر شده و مبلغ ۹۰ میلیون ریال در حساب جاری صادرکننده موجود بوده و مسدود شده است، صادرکننده چک می‌تواند مبلغ ۱۰ میلیون ریال (کسری مبلغ چک) را به حساب جاری خود واریز کرده و پس از ارائه درخواست مسدودی کل مبلغ چک از چک مذکور رفع سوءاثر کند."
"انتقال وجه به حساب خود در بانک‌ها چگونه انجام می‌شود؟","انتقال وجه از حساب سپرده یک شخص حقیقی به سایر حساب‌های سپرده آن شخص از طریق درگاه‌های پرداخت غیرحضوری منوط به آن که هر دو سپرده، انفرادی (و نه مشترک) باشند، بدون سقف مبلغ امکان‌پذیر است."
"روش انتقال وجه داخلی چگونه است؟","در روش انتقال وجه داخلی می‌توانید از حساب خود در یک بانک به حساب فردی دیگر در همان بانک انتقال وجه انجام دهید. در این روش با داشتن شماره حساب مقصد می‌توانید تا مبلغ ۱۰۰ میلیون تومان به صورت روزانه انتقال وجه انجام دهید."
"کارمزد انتقال وجه داخلی چقدر است؟","به ازای هر تراکنش 360 ریال."
"برای انتقال وجه به حساب دیگران چه روش هایی ممکن است؟","انتقال وجه داخلی (بین حساب‌های یک بانک) کارت به کارت یا شبا (انتقال وجه از طریق شماره کارت بانکی) سامانه پل (انتقال وجه از طریق شماره شبا) پایا (انتقال وجه از طریق شماره شبا) ساتنا (انتقال وجه از طریق شماره شبا)"
"روش انتقال وجه از طریق کارت به کارت چگونه است؟","برای انتقال وجه به صورت کارت به کارت با داشتن شماره کارت بانکی مقصد می‌توان از ابزارهای مختلف استفاده کرد: دستگاه خودپرداز (کیوسک): با مراجعه به تمامی دستگاه‌های خودپرداز و به همراه داشتن کارت بانکی خود و شماره کارت بانکی مقصد انتقال وجه انجام دهید. موبایل بانک: با نصب موبایل بانک هر بانکی که در آن حساب داشته باشید و دریافت نام کاربری و رمز عبور از بانک مربوطه می‌توانید تا سقف ۱۰ میلیون تومان به صورت روزانه انتقال وجه انجام دهید. در زمان انتقال وجه از طریق موبایل‌بانک به CVV2 و همچنین رمز دوم پویا (یکبارمصرف) یا رمز دوم ثابت نیاز است. اینترنت بانک: با مراجعه به اینترنت بانک هر بانکی که در آن حساب داشته باشید و دریافت نام کاربری و رمز عبور از بانک مربوطه می‌توانید تا سقف ۱۰ میلیون تومان به صورت روزانه انتقال وجه انجام دهید. در زمان انتقال وجه از طریق اینترنت ‌بانک به CVV2 و همچنین رمز دوم پویا (یکبارمصرف) یا رمز دوم ثابت نیاز است. برنامک‌های موبایلی حوزه پرداخت: با نصب برنامک‌های موبایلی حوزه پرداخت می‌توانید تا سقف 5 میلیون تومان به صورت روزانه انتقال وجه انجام دهید. در زمان انتقال وجه از طریق برنامک‌های موبایلی به CVV2 و همچنین رمز دوم پویا (یکبارمصرف) یا رمز دوم ثابت نیاز است. مراجعه به شعبه: در صورت مراجعه حضوری به شعب بانکی در سراسر کشور و به همراه داشتن مدارک هویتی (کارت ملی، شناسنامه یا گواهینامه رانندگی) و کارت بانکی خود می‌توانید تا سقف ۱۵ میلیون تومان به صورت روزانه انتقال وجه انجام دهید."
"CVV2 چیست؟","کد CVV2 یک عدد چهار یا سه رقمی‌ است که معمولا پشت و در مواردی روی کارت بانکی ثبت می‌شود و جهت انجام تراکنش‌های اینترنتی از جمله خرید یا پرداخت قبوض مورد استفاده قرار می‌گیرد."
"رمز دوم (رمز اینترنتی) چیست و چگونه دریافت می‌گردد؟","رمز دوم (رمز اینترنتی) رمزی است که برای انتقال وجه کارت به کارت و خریدهای اینترنتی در درگاه‌های پرداخت اینترنتی و یا تلفن‌بانک مورد استفاده قرار می‌گیرد."
"رمز دوم شامل دو نوع ثابت و پویا (رمز یکبار مصرف) است که رمز ثابت به درخواست مشتری و توسط بانک برای کارت بانکی صادر می‌شود و صرفاً در تراکنش های کمتر از 100 هزار تومان قابل استفاده است. رمز دوم پویا که یک نوع رمز یکبار مصرف است جهت ارتقای امنیت حساب دارندگان کارت، برای خریدها و تراکنش‌های بیشتر از 100 هزار تومان الزامی بوده و از طریق برنامه‌های موبایل بانک و یا به صورت پیامکی در هنگام خرید و به درخواست دارنده کارت، از بانک مربوطه قابل دریافت است. لازم به توضیح است که استفاده از رمز پویا برای تراکنش‌های کمتر از 100هزار تومان نیز قابل استفاده بوده و توصیه می‌شود."
"میزان انتقال از طریق کارت به کارت چقدر است؟","بر اساس آخرین بخشنامه بانک مرکزی، سقف مجاز انتقال وجه از طریق کارت برای هر شخص توسط کلیه ابزارهای غیرحضوری بانکی شامل ATM(دستگاه خودپرداز)، کیوسک، موبایل بانک و اینترنت بانک، مبلغ 10 میلیون تومان روزانه در هر بانک تعیین شده است. شایان ذکر است سقف مبلغ انتقال وجه کارت به کارت حضوری از طریق شعب روزانه 15 میلیون تومان می‌باشد."
"کارمزد انتقال کارت به کارت چقدر است؟","در انتقال وجه از طریق کارت به کارت از طریق دستگاه خودپرداز، موبایل بانک، اینترنت بانک، کیوسک و یا مراجعه حضوری، مبلغ کارمزد برای مبالغ تا یک میلیون تومان معادل ۷۲۰ تومان و به ازای هر یک میلیون تومان مازاد، مبلغ 280 تومان اضافه می‌شود. به این ترتیب برای انتقال وجه کارت به کارت در سقف ۱۰ میلیون تومان (سایر روش‌ها غیر از مراجعه حضوری) مبلغ 3240 تومان به عنوان کارمزد دریافت می‌شود."
"روش انتقال از طریق سامانه پل (پرداخت لحظه‌ای) چگونه است؟","این روش همانند روش کارت به کارت در موبایل بانک، اینترنت بانک و مراجعه به شعبه است با این تفاوت که دیگر نیازی به اطلاعات روی کارت بانکی نیست و انتقال وجه از طریق شماره شبا انجام می‌شود."
"سقف انتقال پول از طریق سامانه پل چقدر است؟","سقف انتقال وجه با استفاده از این روش در اینترنت بانک و موبایل بانک 10 میلیون تومان و در داخل شعب 15 میلیون تومان است."
"کارمزد انتقال پول از طریق سامانه پل چقدر است؟","0.02 درصد مبلغ دستورپرداخت با کف مبلغ 500 تومان"
"شبا چیست؟","شبا یا شماره حساب بانکی ایران، به منظور تسهیل و استانداردسازی مبادلات بین بانکی و بین‌المللی بانک‌های کشور، توسط بانک مرکزی و مطابق با استاندارد 1361 ISO، تعریف شده و در تمام سامانه های پرداخت بین بانکی منحصرا از شناسه شبا استفاده می‌شود. هر شماره حساب بانکی یک کد"شبا"متناظر دارد. مثال IR06 2960 0000 0010 0324 2000 01"
"روش انتقال وجه از طریق پایا چگونه است؟","انتقال وجه از طریق پایا می‌تواند به صورت غیرحضوری و با استفاده از موبایل‌بانک و اینترنت‌بانک و همچنین به صورت حضوری و مراجعه به شعبه تا سقف ۱۰۰ میلیون تومان در روز انجام شود."
"همچنین انتقال وجه پایا تا سقف 15 میلیون تومان به صورت روزانه و با رعایت ضوابط مربوطه، از طریق دستگاه‌های خودپرداز امکانپذیر است. انتقال وجه گروهی نیز از طریق پایا قابل انجام است. واریز گروهی به آن دسته از واریزهایی اطلاق می شود که تعداد واریزهای موجود در یک درخواست بیش از 10 واریز باشد."
"سقف انتقال پول از طریق پایا چقدر است؟","سقف مبلغ انتقال وجه پایا به ازای هر دستور پرداخت تا 100 میلیون تومان بوده و منوط به رعایت این سقف محدودیتی در تعداد دستور پرداخت وجود ندارد."
"کارمزد انتقال پول از طریق پایا چقدر است؟","دستور پرداخت انفرادی: 0.01 درصد مبلغ تراکنش با کف 240 تومان و سقف ۳ هزار تومان (درصورت انتقال از طریق شعبه مبلغ 2 هزار تومان به مبلغ کارمزد اضافه خواهد شد) دستور پرداخت گروهی (انتقال وجه در یک درخواست برای بیش از ۱۰ واریز): 1200 تومان هر فایل به اضافه هر واریز 120 تومان"
"حواله های پایا چه زمان هایی در طول روز تسویه می‌شوند؟","تسویه مبالغ پایا به شرح ذیل می‌باشد : چرخه اول : تا ساعت 3:45 ، تسویه و واریز تا ساعت 7:30 چرخه دوم : تا ساعت 09:45 ، تسویه و واریز تا ساعت 10:30 چرخه سوم : تا ساعت 12:45 ، تسویه و واریز تا ساعت 13:30 چرخه چهارم : تا ساعت 18:45 ، تسویه و واریز تا ساعت 19:15 بر حسب زمان ثبت دستور پرداخت توسط مشتری، تراکنش موردنظر در چرخه‌های تسویه تعیین‌شده پایا انجام خواهد شد. لازم به ذکر است با توجه به فرآیندهای بانک صادرکننده دستور پرداخت، تراکنش‌های پایا در روزهای عادی حداکثر با یک چرخه تاخیر، تسویه و به حساب مقصد واریز خواهند شد."
"آیا امکان انتقال وجه از طریق عملیات پایا در روزهای تعطیل وجود دارد؟","بله، یک چرخه پایا در ساعت 12:45 وجود دارد که نهایتا تا ساعت 13:30 تسویه و واریز به مقصد انجام خواهد شد."
"ساتنا چیست؟","ساتنا مخفف سامانه تسویه ناخالص آنی می‌باشد. ساتنا سامانه‌ای الکترونیکی است که پردازش و تسویه تراکنش‌های بین بانکی و دستور پرداخت های فوری را به صورت انفرادی و آنی انجام می‌دهد. به عبارت دیگر عملکرد ساتنا عبارت است از حواله الکترونیکی پول از یک حساب در یک بانک به حساب دیگر در بانک دیگر. در این روش وجه مورد نظر با فاصله زمانی نیم تا یک ساعت (بسته به فرآیندهای بانک صادرکننده دستور پرداخت) کارسازی و به حساب مقصد منتقل خواهد شد. شایان ذکر است تعهد واریز وجوه به حساب مقصد از سمت بانک مبدا، پایان ساعت کاری روز جاری می‌باشد."
"روش انتقال پول از طریق ساتنا چگونه است؟","انتقال وجه از طریق ساتنا می‌تواند به صورت غیرحضوری و با استفاده از موبایل بانک و اینترنت بانک و همچنین به صورت حضوری و مراجعه به شعبه انجام شود."
"سقف انتقال پول از طریق ساتنا چقدر است؟","حداقل مبلغ تعیین‌شده برای تراکنش‌های ساتنا در حال حاضر 50 میلیون تومان و حداکثر مبلغ تعیین‌شده در انتقال وجه غیرحضوری معادل ۱۰۰ میلیون تومان است. در صورت مراجعه حضوری به شعب، انجام تراکنش ساتنا تا سقف مبلغ ۲۰۰ میلیون تومان روزانه و در صورت ارائه مدارک و مستندات مثبته، بدون سقف مبلغ امکان‌پذیر است."
"کارمزد انتقال پول از طریق ساتنا چقدر است؟","0.02 درصد مبلغ تراکنش تا سقف 28 هزار تومان (درصورت انتقال از طریق شعبه مبلغ 2 هزار تومان به مبلغ کارمزد اضافه خواهد شد)"
"حواله های ساتنا چه زمان هایی در طول روز تسویه می‌شوند؟","تسویه حواله های ساتنا در شبکه بانکی به صورت آنی انجام می‌شود، مشروط بر اینکه بانک مبدا دارای وجوه کافی در حساب جاری خود نزد بانک مرکزی بوده و به طور آنی دستور پرداخت را در سامانه مرتبط صادر نماید. لازم به توضیح است چنانچه بانک مقصد به هر دلیلی از جمله مسدودی حساب نتواند وجه ساتنا را پس از دریافت، به صورت فوری به حساب مشتری واریز کند باید مبلغ را برگشت داده و در نتیجه مبلغ حواله در همان روز به حساب مبدا بازخواهد گشت."
"آیا عملیات ساتنا در روزهای تعطیل انجام می‌شود؟","خیر، انتقال وجه ساتنا در روزهای تعطیل انجام نمی‌شود. شایان ذکر است سامانه ساتنا تنها در ساعات اداری فعالیت بانک‌ها فعال می‌باشد."
"آيا امكان انتقال وجه پايا و ساتنا از طریق خودپرداز وجود دارد؟","خدمت انتقال وجه ساتنا در حال حاضر تنها توسط خودپرداز برخی از بانک‌ها امکان پذیر است."
"برای خرید اینترنتی به چه اطلاعاتی نیاز است؟","شماره 16 رقمی‌کارت - کد CVV2 - تاریخ انقضاء کارت - رمز دوم پویا (یکبارمصرف) یا رمز دوم ثابت (برای تراکنش‌های کمتر از 100 هزار تومان)"
"سقف خرید کارتی روزانه چقدر است؟","حداکثر مبلغ تراکنش خرید از هر کارت متعلق به مشتری حقیقی، مبلغ 100 میلیون تومان روزانه در کل شبکه بانکی می‌باشد."
"کارمزد خرید کارتی چقدر است؟","کارمزد قابل اخذ از دارنده کارت صفر ریال است."
"کارمزد خرید کارتی که فروشگاه‌ها یا دارندگان دستگاه‌های کارتخوان باید پرداخت کنند به چه میزان است؟","فروشگاه‌ها یا دارندگان دستگاه‌های کارتخوان به ازای هر تراکنش خرید کمتر از ۶۰۰ هزار تومان معادل ۱۲۰ تومان و برای تراکنش‌های بالاتر از ۶۰۰ هزار تومان به ازای هر تراکنش، ۲ در ۱۰ هزار مبلغ آن را به عنوان کارمزد پرداخت می کنند که سقف این مبلغ نیز ۴ هزار تومان است. با توجه به اجرای مرحله‌ای طرح، در حال حاضر برخی اصناف از پرداخت کارمزد معاف هستند."
"پرداخت قبض از چه طریقی امکان‌پذیر است؟","برای پرداخت قبض می‌توان از دستگاه خودپرداز، موبایل بانک و اینترنت بانک بانک‌ها، برنامک‌های موبایلی حوزه پرداخت و مراجعه به شعب بانکی استفاده کرد."
"نحوه ثبت نام وام ازدواج چگونه است؟","ثبت‌نام وام ازدواج صرفا با مراجعه به سامانه قرض‌الحسنه تسهیلات ازدواج به آدرس www.ve.cbi.ir امکان‌پذیر است."
"برای ثبت‌نام وام ازدواج هزینه‌ای دریافت می‌شود؟","خیر. ثبت‌نام در سامانه www.ve.cbi.ir کاملا رایگان است و متقاضیان می‌توانند وارد سایت شده و ثبت‌نام کنند."
"چه مدارکی برای ثبت‌نام لازم است؟","با توجه به اتصال سامانه تسهیلات ازدواج به ثبت‌احوال در زمان ثبت‌نام، نیاز به بارگذاری هیچ‌گونه مدرکی نیست و صرفا اطلاعات فرد باید وارد سامانه شود."
"چگونه می‌توان وضعیت ثبت‌نام‌شده در سامانه ازدواج را پیگیری کرد؟","متقاضی می‌تواند با مراجعه به آدرس www.ve.cbi.ir در قسمت «مشاهده وضعیت» از آخرین وضعیت وام خود مطلع شود."
"برای دریافت وام ازدواج ارائه مداک نظام وظیفه لازم است؟","خیر. درخصوص وام ازدواج، خدمت وظیفه عمومی مستثنی می‌باشد و متقاضیان می‌توانند تسهیلات ازدواج را دریافت کنند."
"آیا می‌توان ثبت‌نام انجام‌شده در سامانه وام ازدواج را ویرایش کرد؟","بله. این امکان با مراجعه به قسمت «ويرايش ثبت نام قبلی» در سامانه www.ve.cbi.ir وجود دارد."
"هنگام ثبت نام اوليه، مشخصات متقاضيان به اشتباه درج گرديده ، ليکن ثبت نام در سامانه انجام شده است براي اصلاح مشخصات چگونه می‌توان عمل کرد؟","در زماني که متقاضي ثبت نام اوليه انجام داده مي تواند با مراجعه به قسمت ويرايش ثبت نام قبلي نسبت به اصلاح مشخصات خود اقدام کند. لازم به ذکر است در صورت انجام تغییر در بانک می باید ثبت نام قبلی حذف و نسبت به ثبت نام جدید اقدام شود. لازم به ذکر است تغییر در شعبه انتخابی موجب تغییر جایگاه متقاضی در صف برای تعیین شعبه خواهد شد."
"اگر متقاضی کد رهگیری خود را فراموش کرده باشد چگونه می‌تواند مجدد کد رهگیری دریافت کند؟","با مراجعه به سامانه وام ازدواج به آدرس www.ve.cbi.ir در قسمت «بازيابی و چاپ کد رهگيری» می‌توان نسبت به بازیابی کد رهگیری اقدام کرد."
"اگر متقاضی در زمان ثبت نام و پر کردن فرم مربوطه در پايان مراحل مربوطه موفق به دريافت کدرهگيري نشده است به چه صورت مي تواند اين کد را دريافت نمايد؟","متقاضي مي تواند با مراجعه به قسمت بازيابي کدرهگيري و وارد کردن مشخصات مربوطه در قسمتهاي مشخص شده نسبت به بازيابي کد رهگيري اقدام کند."
"مراحل دریافت وام ازدواج چیست؟","در مرحله اول متقاضی باید به سامانه www.ve.cbi.ir مراجعه کند. سپس اطلاعات خواسته ‌شده را در این سامانه وارد کند. اطلاعات واردشده با سامانه ثبت‌احوال مطابقت داده می‌شود و پس از تایید، فرد متقاضی به سرپرستی بانک منتخب در استان معرفی می‌شود. سرپرستی بانک مربوطه نیز فرد را به شعبه معرفی کرده و پیامکی برای متقاضی ارسال می‌شود. متقاضی پس از دریافت پیامک می‌تواند به شعبه تعیین شده مراجعه کرده و پس از پذیرش در شعبه مدارک خود را تکمیل و تحویل دهد. پس از تکمیل مدارک و معرفی ضامنین معتبر، بانک موظف است وام درخواستی فرد را طی 10 روز به حساب ایشان واریز کند."
"زمان تعیین شعبه از سوی بانک چند روز است؟","براساس مفاد بسته نظارتی‏- اعتباری تسهیل و تسریع در پرداخت تسهیلات قرض الحسنه ازدواج، حداکثر 15 روز پس از ثبت نام متقاضیان تعیین شعبه ایشان از سوی بانک انجام پذیرد."
"فرد متقاضی وام ازدواج می‌تواند بانک و شعبه موردنظر خود را انتخاب کند؟","بله. فرد متقاضی در زمان ثبت‌نام می‌تواند نام بانک و شعبه پیشنهادی خود را درج کند."
"میزان وام متعلق به زوجین چقدر است؟","براساس مفاد قانون بودجه سال جاری تسهیلات قرض‌الحسنه ازدواج برای هر یک از زوج‌هایی که تاریخ ازدواج آنها بعد از ۱/۱/۱۳۹۸ بوده است مبلغ ۱۸۰ میلیون تومان می باشد."
"مدت بازپرداخت وام ازدواج چقدر است؟","براساس مفاد قانون بودجه سال جاری دوره بازپرداخت وام ازدواج ده‌ساله است."
"وام ازدواج برای آقایان زیر ۲۵ سال و خانم‌های زیر ۲۳ سال چقدر است؟","وام ازدواج برای آقایان زیر ۲۵ سال و خانم‌های زیر ۲۳ سال مبلغ ۲۲۰ میلیون تومان است."
"در صورتيکه براي بانکي جديد ثبت نام کرده اما با بانک قبلي خود به توافق رسيده باشم و قرار است اين بانک تسهيلات ازدواج را به بنده پرداخت کند، چطور مي توانم ثبت نام جديد خود را حذف کنم؟","اگر در بانک جديد تاکنون تعيين شعبه نشده باشيد مي توانيد با مراجعه به قسمت حذف ثبت نام، ثبت نام قبلي خود را حذف نماييد."
"شرايط لازم برای ضامن در زمان اخذ تسهيلات قرض الحسنه ازدواج کدام است؟","به منظور تأمین رکن ضامن بانکها و موسسات اعتباری موظفند با توثیق حساب یارانه یا سهام عدالت متقاضیان یا بستگان درجه اول از طبقه اول آنها یا سایر دارایی های وی یا تنها یک فقره سفته و یک نفر ضامن نسبت به پرداخت تسهیلات ازدواج اقدام کنند. براساس مفاد بسته نظارتی‏- اعتباری تسهیل و تسریع در پرداخت تسهیلات قرض الحسنه ازدواج بانک عامل به هیچ وجه اجازه دریافت بیش از یک ضامن بابت پرداخت تسهیلات قرض الحسنه ازدواج را ندارد."
"آيا ثبت نام ازدواج از طريق پست امکان پذير مي‌باشد؟","خير‌، متقاضي صرفاً از طريق سامانه www.ve.cbi.ir امکان ثبت نام دارد."
"آيا پس از گذشت تاريخ انقضای تعيين شعبه امکان تمديد مهلت وجود دارد؟","با توجه به محدوديتهاي موجود بانکها قادر به تمديد مهلت مراجعه براي متقاضيان نبوده و متقاضيان ملزم مي باشند پس از تعيين شعبه از سوي بانک عامل، حداکثر ظرف 12 روز کاري به شعبه تعيين شده مراجعه نمايند."
"آيا براي دريافت تسهيلات قرض الحسنه ازدواج، ثبت نام يکي از زوجين کافي است؟","خير، از آنجا که زوج و زوجه هر کدام داراي شخصيت حقيقي مستقل مي باشند، مي بايد به طور جداگانه ثبت نام و کد رهگيري دريافت کنند. کد رهگیری برای شماره تلفن همراهی که به نام شخص ثبت بوده و در سامانه وارد شده پیامک می‌شود."
"آيا برای اخذ تسهيلات ازدواج، داشتن عقد نامه رسمی صادر شده از دفتر خانه‌های ازدواج و طلاق الزامی است؟","بلي. در زمان مراجعه به شعبه برای ارائه مدارک، ارائه عقدنامه رسمی الزامی است."
"آيا تسهيلات ازدواج براي دومين بار پرداخت مي‌شود؟","تسهيلات قرض الحسنه ازدواج به هيچ وجه دوبار پرداخت نمي گردد و هر فرد تنها يکبار مي تواند از تسهيلات ازدواج استفاده نمايد."
"آيا مابه التفاوت تسهيلات ازدواج به متقاضياني که در ازدواج اول خود از تسهيلات کمتري نسبت به مبالغ فعلي استفاده کرده‌اند و مجداً ازدواج مي نمايند تعلق مي‌گيرد؟","خير- تسهیلات قرض الحسنه ازدواج صرفاً یکبار و با رعایت قوانین و مقررات مندرج در قانون بودجه سنواتی پرداخت می شود."
"آيا تسهيلات ازدواج به ازدواج دوم تعلق مي‌گيرد؟","در صورتيکه که متقاضي در ازدواج اول خود تسهيلات دريافت نکرده باشد مي تواند در ازدواج بعدي با رعايت ساير شرايط و مقررات مربوطه تسهيلات قرض الحسنه ازدواج دريافت کند."
"آيا استفاده از تسهيلات ازدواج، داراي محدوديت حداکثر سن مي‌باشد؟","بله، به افراد بالای 50 سال تسهیلات قرض الحسنه ازدواج تعلق نمی گیرد"
"حداقل سن جهت دريافت تسهيلات قرض الحسنه ازدواج چند سال مي‌باشد؟","برای دختران 13 سال تمام شمسی و برای پسران 15 سال تمام شمسی"
"آيا تسهيلات ازدواج به افراد کمتر از 18 سال تعلق مي‌گيرد؟","بلي در ابتدا زوج و زوجه هر کدام به تنهايي در سامانه ازدواج ثبت نام مي نمايند و پس از تعيين شعبه و طي مراحل مربوطه تسهيلات ازدواج به ولي يا قيم قانوني وي پرداخت مي شود."
"پس از ثبت نام متقاضي و عدم مراجعه به موقع به شعبه تعيين شده، در صورت حذف مشخصات آيا فرد مي تواند مجدداً ثبت‌نام کند؟","بلي متقاضيان مي توانند با رعايت قوانین و شرايط مندرج در دستورالعمل سامانه و با مراجعه به قسمت ثبت نام جديد اقدام به انتخاب بانک جديد کنند."
"آيا متقاضي پس از ثبت نام براي يک بانک می تواند ثبت نام خود را باطل و براي يک بانک ديگر ثبت نام کند؟","چنانچه متقاضي از سوي بانک تعيين شعبه شده باشد و متقاضی به مدت 12 روزکاري به شعبه مورد نظر مراجعه نکند، شخص از سامانه بانک مربوطه حذف شده و مي تواند مجدداً ثبت نام کند. ولي اگر متقاضي تعيين شعبه نشده باشد می باید از قسمت «حذف ثبت نام» نسبت به حذف ثبت نام قبلی خود اقدام و سپس در قسمت «ثبت نام جدید» اقدام به ثبت نام و بانک دیگری را انتخاب نماید."
"پس از پذيرش متقاضی از طرف بانک، چه مدت زمانی برای تکميل مدارک در نظر گرفته شده است؟","متقاضي پس از پذيرش از طرف بانک، حداکثر ظرف مدت 60 روز کاری فرصت دارد تا نسبت به تکميل مدارک مورد نياز بانک اقدام کند. بديهي است پس از گذشت فرصت مذکور و عدم تکميل مدارک مربوطه از سوي متقاضي، نام وي از سامانه ازدواج حذف مي شود تا امکان بهره مندي ساير متقاضيان در صف از تسهيلات مذکور فراهم شود. براين اساس، متقاضيان مذکور، با رعايت ساير شرايط سامانه ازدواج مي توانند در صورت تمايل و واجد شرايط بودن، نسبت به ثبت نام مجدد در سامانه اقدام نمايند"
"مبلغ تسهیلات ازدواج برای ایثارگران چه مقدار است؟","براساس مفاد ماده 50 قانون جامع خدمات رسانی به ایثارگران که طی آن مقرر شده است «تسهیلات بانکی (وام) بابت مساعدت در امر ازدواج خانواده شاهد، جانبازان، آزادگان و فرزندان آنان برای یک نوبت به میزان دو برابر ضوابط بانکی از سوی شورای پول و اعتبار به صورت قرض‌الحسنه تعیین می‌گردد» بر این اساس تسهیلات مذکور برای خانم‌های مشمول تسهیلات ایثارگری کمتر از ۲۳ سال و آقایان مشمول تسهیلات ایثارگری کمتر از ۲۵ سال مبلغ 440 میلیون تومان و برای سایر مشمولین مبلغ 360 میلیون تومان می باشد."
"ایثارگری فرد متقاضی چگونه محرز می‌شود؟","حسب استعلام برخط از بنياد شهيد و امور ایثارگران که در سامانه تسهیلات قرض‌الحسنه ازدواج تعبيه شده است، وضعيت ايثارگري فرد متقاضی وام ازدواج تعيين می‌شود. لیکن افرادی که مشمول ماده 50 قانون جامع خدمات رسانی به ایثارگران می باشند در زمان ثبت نام می باید نسبت به اعلام موضوع اقدام نمایند."
"بنده مشمول تسهيلات ازدواج ايثارگران مي شوم ليکن پس از مراجعه به بانک و استعلام توسط شعب وضعيت سهميه ايثارگري ندارد، نمايش داده مي شود چه کار بايد انجام دهم؟","در صورتيکه به شعبه مراجعه نموده و استعلام وضعيت ايثارگري براي شما منفي نمايش داده شد و شما جزو مشمولين قانون خدمات رساني به ايثارگران (صرفا شامل خود جانبازان، آزادگان و فرزندان آنان و فرزندان شاهد) باشيد مي بايد با مراجعه به يکي از مراکز بنياد شهيد و امور ايثارگران استان و يا شهرستان خود نسبت به ثبت اطلاعات خود در سيستم سجايا بنياد شهيد اقدام کرده و مجدداً به شعبه تعيين شده جهت بهره مندي از تسهيلات موصوف مراجعه نماييد"
"در زمان ثبت نام اگر در قسمت ايثارگري به اشتباه وضعيت «ندارد» را ثبت کرده باشم و تعيين شعبه شده باشم چطور مي‌توانم آن را اصلاح کنم؟","در زمان تعيين شعبه و مراجعه به شعبه موضوع را به مسئول مربوطه منعکس کرده و حسب استعلام برخط از بنياد شهيد، که در سامانه تعبيه شده است، وضعيت ايثارگری شما تعيين خواهد شد."
"در صورتي که در سامانه ازدواج وضعيت ايثارگري را به اشتباه انتخاب کرده باشيم يا استعلام سامانه وضعيت ايثارگري را ندارد نشان دهد، آيا مي توانيم معرفي نامه کتبي از مرکز بنياد شهيد براي بانک تهيه کنم؟","خير. استعلام وضعيت ايثارگري متقاضيان مشمول صرفاً از طريق گزينه استعلام برخط در سامانه ازدواج امکانپذير است."
"علت عدم امکان ثبت نام در سامانه ازدواج در بانکي خاص براي يک استان مشخص چيست؟","در صورت اتمام اعتبار بانکهاي يک استان و يا افزايش بيش از حد مراجعين به بانک مذکور در استان مورد نظر، امکان ثبت‌نام براي متقاضي جديد ميسر نمي باشد. لذا متقاضي مي بايست در فرصتهاي بعدي براي ثبت نام به سامانه مراجعه يا بانکهاي ديگر در سامانه ازدواج را انتخاب کند."
"فرصت ثبت نام در سامانه قرض الحسنه ازدواج ، جهت دريافت وام ازدواج حداکثر چه مدت مي‌باشد؟","حسب قانون بودجه سالجاری متقاضيانی که تاریخ وقوع عقد آنها از تاریخ 01‏/01‏/1398 به بعد باشد، امکان ثبت نام جهت استفاده از تسهيلات موصوف را دارند."
"آيا با توجه به گذشت بيش از 24 ماه از زمان وقوع عقد مي توانم جهت ثبت نام و دريافت قرض الحسنه ازدواج اقدام کنم؟","بلی، به استناد مفاد قانون بودجه سال جاری، تسهیلات قرض‌الحسنه ازدواج به زوج‌هایی که تاریخ عقد آنها بعد از 01‏/01‏/1398 می‌باشد و تاکنون وام ازدواج دریافت نکرده‌اند، پرداخت می‌گردد."
"اينجانب در هفته قبل ثبت نام کرده ام ليکن شعبه مورد نظر از سوي سايت مشخص نشده است؟","اين امر هنگام مراجعه همزمان تعداد زيادي از متقاضيان ازدواج به سايت ازدواج اتفاق مي‌افتد که با توجه به کثرت متقاضيان در مقاطع مختلف و محدوديت منابع قرض الحسنه بانکي، تعيين شعبه از سوي بانک عامل براي متقاضيان صورت خواهد پذيرفت."
"با توجه به ثبت نام در سامانه و تاييد کدملي، بانک عامل نسبت به تعيين شعبه اقدام نکرده است؟","با توجه به ثبت نام متقاضیان در سامانه مذکور ، تعیین شعبه متقاضیان براساس ثاریخ ثبت نام آنها انجام می پذیرد و گاهاً به علت کثرت متقاضيان در سامانه قرض الحسنه ازدواج و همچنين محدوديت منابع بانکي تعيين شعبه با توجه به جذب منابع بانکی انجام می شود. لازم به ذکر است متقاضیان در صورت بروز مشکل می توانند با مراجعه یا تماس با سرپرستی بانک منتخب در استان مربوطه در خصوص رفع مشکل اقدام کرده و یا با شماره تلفن 2706 روابط عمومی بانک مرکزی تماس گرفته و پس تعيين شعبه با مراجعه به بانک مذکور برای تشکيل پرونده و طي مراحل مربوطه نسبت به اخذ تسهيلات قرض الحسنه ازدواج اقدام کنند."
"آيا ثبت نام هر یک از زوجین در دو بانک و يا دو شهر متفاوت امکان پذير مي‌باشد؟","به منظور تسهيل و تسريع در اعطاي تسهيلات قرض الحسنه ازدواج بهتر است متقاضي و همسر وي در يک بانک و يک شهر ثبت نام کنند."
"آيا اينجانب به وکالت رسمي و محضري از طريق متقاضي مربوطه مي توانم جهت دريافت تسهيلات ازدواج در سايت ثبت نام کرده و تسهيلات ازدواج آنان را وکالتاً دريافت کنم؟","جهت ثبت نام مي بايستي تمام اطلاعات متقاضي در سـامانه درج شود ليکن در صورت دارا بودن وکالتنامه معتبر، وکيل می تواند برای دريافت تسهيلات به بانک مراجعه و تسهيلات را دريافت کند و پذيرش يا عدم پذيرش وکالتنامه به تشخيص بانک عامل مي باشد."
"آيا به عنوان متقاضي ساکن خارج از کشور مي توانم جهت دريافت وام ازدواج ثبت نام کنم؟","بلی. با توجه به اینکه در داخل یا خارج از کشور عقد نموده باشید در زمان ثبت نام، گزینه متناسب را انتخاب کرده و ثبت نام را در سامانه انجام دهید. لیکن پس از تعیین شعبه می باید فرد متقاضی به شعبه مراجعه و برای دریافت تسهیلات خود اقدام کند. در صورت پذیرش بانک عامل وکیل یا نماینده قانونی متقاضی نیز با ارائه وکالتنامه معتبر می تواند جهت تشکیل پرونده به بانک مراجعه کند."
"آیا به عنوان متقاضي که در خارج از کشور ازدواج نموده ام، مي توانم برای دريافت وام ازدواج ثبت نام کنم؟","بلي. در صورتیکه که متقاضی خارج از کشور عقد کرده باشد می تواند با ارائه گواهی ازدواج که از سوي سفارت جمهوری اسلامی ايران در خارج از کشور صادر شده و ممـهور به مهر کنسولگری ايران نيز باشد (که به عنوان سـند ازدواج تلقي مي‌گردد) و موارد مذکور در سازمان ثبت احوال کشور به ثبت رسیده باشد مي‌تواند نسبت به ثبت نام اقدام کند. لازم به ذکر است در زمان ثبت می باید گزینه"اینجانب جزو اتباع خارجی بوده و یا در خارج از ایران ازدواج کرده ام"را انتخاب کند."
"آيا تسهيلات ازدواج به اقليتهاي مذهبي تعلق مي‌گيرد؟","بلي، ارائه اقرارنامه ازدواج يا هر مدرک مشابه که در ساير اديان رسـمی توسـط مراکز اقليت‌های دينی در داخل‌ کشور مورد تاييد قرار گيرد، معادل عقدنامه تلقی شده و اينگونه متقاضيان نيز مي توانند در سامانه ثبت نام و از تسهيلات بهره مند شوند. بدیهی است در زمان ثبت نام اینگونه متقاضیان می باید گزینه"اینجانب جزو اقلیت های دینی بوده و بصورت اقرارنامه ای ازدواج کرده‌ام"را انتخاب کنند."
"آيا تسهيلات قرض الحسنه ازدواج به اتباع خارجي تعلق مي‌گيرد؟","به موجب قانون «اشخاصی که تحصیل تابعیت ایرانی نموده یا بنمایند از کلیه‌ حقوقی که براي ایرانیان مقـرر اسـت بهره‌مند می‌شوند بر این اساس، اشخاص خارجی که تابعیت ایرانی تحصیل می‌نمایند علی‌الاصول از کلیه حقوق متعلق به اشخاص ایرانی‌الاصل بهره‌مند می‌شود بنابراین با توجه به اینکه در قوانین جاری حق اخذ تسهیلات بانکی از جمله تسهیلات قرض‌الحسنه ازدواج از اشخاص دارای تابعیت اکتسابی ایرانی سلب نشده است، اعطای تسهیلات بانکی به اشخاص موصوف با رعایت قوانین و مقررات مربوط، بلامانع می‌باشد."
