سامانه نماد چیست؟,سامانه نماد، یک سامانه اطلاعاتی است که به طور گسترده در ایران استفاده می شود. سامانه نماد یک پایگاه داده گسترده است که اطلاعات مربوط به افراد، شرکت ها، سازمان ها و مؤسسات را در خود ذخیره می کند. این سامانه برای جستجوی اطلاعات، اعتبار سنجی و تأیید هویت افراد و سازمان ها استفاده می شود. نام سامانه نماد از کلمه "نماد" به معنی نشان یا علامت گرفته شده است و نشان دهنده شناسایی و اعتبار سنجی است.
توکن امضای دیجیتال همراه ( توکن همراه ) چیست؟,توکن امضای دیجیتال همراه، یک نوع توکن دیجیتال است که برای امضای دیجیتال در شبکه‌های اجتماعی و وب استفاده می‌شود. این توکن، یک کلید رمزنگاری است که به یک کاربر اجازه می‌دهد تا با استفاده از آن، به طور دیجیتالی امضا کند و اثبات کند که یک کاربر معتبر است. توکن امضای دیجیتال همراه معمولاً توسط یک سازمان یا یک شرکت ارائه می‌شود و برای تأیید هویت کاربر در شبکه‌های اجتماعی یا وب استفاده می‌شود. با استفاده از این توکن، کاربر می‌تواند به طور ایمن و قابل اعتماد، اطلاعات خود را به طور دیجیتالی امضا کند و از آن استفاده کند.
نرم افزار امضاء الکترونیک تجارت چیست؟,نرم افزار امضاء الکترونیک تجارت، یک نرم افزار است که به شرکت‌ها و سازمان‌ها اجازه می‌دهد تا اسناد و مدارک را در زمان واقعی امضاء کنند و بدون نیاز به حضور فیزیکی در محل امضاء، آنها را ارسال کنند. این نرم افزار به شرکت‌ها کمک می‌کند تا فرآیند امضاء را به صورت الکترونیکی انجام دهند و زمان و هزینه را کاهش دهند. نرم افزار امضاء الکترونیک تجارت می‌تواند برای انواع اسناد و مدارک استفاده شود، از جمله قرار دادها، عقدنامه‌ها، فاکتورها و غیره. این نرم افزار همچنین می‌تواند برای فرآیندهای تجاری مانند تجارت الکترونیکی، پرداخت‌ها و غیره استفاده شود. نرم افزار امضاء الکترونیک تجارت معمولاً با فناوری‌های امنیتی مانند رمزنگاری و دیجیتال سند، برای تضمین امنیت و اعتبار اسناد و مدارک استفاده می‌شود.
مزایای امضاء الکترونیک تجارت چیست؟,مزایای امضای الکترونیک تجارت شامل موارد زیر است: 1. افزایش سرعت و کارایی: امضای الکترونیک تجارت می تواند زمان و هزینه های مرتبط با فرآیند امضای اسناد را کاهش دهد. 2. افزایش امنیت: امضای الکترونیک تجارت با استفاده از فناوری های امنیتی مانند رمزنگاری و گواهی نامه های دیجیتال، می تواند امنیت اسناد را افزایش دهد و خطر سرقت یا دزدی را کاهش دهد. 3. کاهش هزینه ها: امضای الکترونیک تجارت می تواند هزینه های مرتبط با فرآیند امضای اسناد مانند هزینه های پست و کاغذ را کاهش دهد. 4. افزایش شفافیت: امضای الکترونیک تجارت می تواند شفافیت فرآیند امضای اسناد را افزایش دهد و اطمینان حاصل کند که اسناد به طور دقیق و دقیق امضا شده اند. 5. امکان انجام معاملات از راه دور: امضای الکترونیک تجارت می تواند امکان انجام معاملات از راه دور را فراهم کند و تجارت را بین المللی و بدون محدودیت زمانی افزایش دهد. 6. کاهش نیاز به کاغذ و
نرم افزار امضاء الکترونیک از کجا دانلود نمایم؟,خوش آمدید! شما می توانید نرم افزار امضاء الکترونیک را از چندین منبع مختلف دانلود کنید. برخی از معروف‌ترین آنها عبارتند از: 1. Adobe Acrobat DC: این نرم افزار یکی از معروف‌ترین نرم افزارهای امضاء الکترونیک است که می توانید آن را از وب سایت رسمی شرکت آدوب یا از طریق فروشگاه های دیجیتال مانند اپ استور یا گوگل پلی استور دانلود کنید. 2. DocuSign: این شرکت ارائه دهنده یک مجموعه از نرم افزارهای امضاء الکترونیک است که می توانید آن را از وب سایت رسمی شرکت یا از طریق فروشگاه های دیجیتال دانلود کنید. 3. HelloSign: این نرم افزار امضاء الکترونیک یکی دیگر از معروف‌ترین نرم افزارها است که می توانید آن را از وب سایت رسمی شرکت یا از طریق فروشگاه های دیجیتال دانلود کنید. 4. SignNow: این نرم افزار امضاء الکترونیک یک گزینه دیگر است که می توانید آن را از وب سایت رسمی شرکت یا از طریق فروشگاه های دیجیتال دانلود کنید. قبل از دانلود، مطمئن شوید که نرم افزار مورد نظر شما را برای سیستم عامل
در صورتیکه مشتری بخواهد رمز کاربری خود را تغییر دهد چه کاری باید انجام دهد؟,اگر مشتری بخواهد رمز کاربری خود را تغییر دهد، باید به مراحل زیر دست بزنید: 1. به صفحه تنظیمات حساب خود بروید و روی گزینه "تغییر رمز" کلیک کنید. 2. رمز قدیمی خود را وارد کنید تا تأیید هویت خود کنید. 3. رمز جدید خود را ایجاد کنید و تأیید کنید. 4. رمز جدید خود را وارد کنید تا تأیید کنید که از رمز جدید استفاده می‌کنید. توجه داشته باشید که باید رمز جدید خود را به طور موثر و پیچیده ایجاد کنید تا از امنیت حساب خود محافظت کنید. در صورتیکه مشتری فقط رمز کاربری خود را فراموش کرده باشد اما رمز مدیریتی را به خاطر داشته باشد باید چه کاری انجام دهد؟( فراموشی یک رمز ),یکی از راه‌حل‌های رایج برای بازیابی رمز کاربری، استفاده از گزینه "فراموشی رمز" یا "بازیابی رمز" است که اغلب توسط سیستم‌های مدیریتی و وب‌سایت‌ها ارائه می‌شود. این گزینه معمولاً به کاربر اجازه می‌دهد تا آدرس ایمیل خود را وارد کند تا لینک بازیابی رمز ارسال شود. از آنجایی که مشتری رمز مدیریتی را به خاطر داشته است، می‌تواند از این گزینه برای بازیابی رمز کاربری استفاده کند. با وارد کردن آدرس ایمیل خود و تأیید هویت، لینک بازیابی رمز ارسال می‌شود که به مشتری اجازه می‌دهد تا رمز کاربری خود را بازیابی کند. در صورتیکه مشتری هم رمز کاربری را فراموش کرده باشد و هم رمز مدیریتی را فراموش کرده باشد باید چه کاری انجام دهد؟( فراموشی هر دو رمز ),شمت، اگر مشتری رمز کاربری و رمز مدیریتی خود را فراموش کرده باشد، باید به مراحل زیر عمل کند: 1. ابتدا باید به صفحه ورود به سیستم رفته و روی گزینه "فراموشی رمز" کلیک کند. در بسیاری از سیستم‌ها، این گزینه در بالای صفحه یا در سمت راست صفحه قرار دارد. 2. در صفحه فراموشی رمز، مشتری باید ایمیل خود را وارد کند و روی گزینه "فراموشی" کلیک کند. سیستم، ایمیل مشتری را با ایمیل ثبت شده در پایگاه داده مقایسه می‌کند و اگر مطابقت داشته باشد، یک لینک بازیابی رمز به ایمیل مشتری ارسال می‌کند. 3. مشتری باید به ایمیل خود رفته و روی لینک بازیابی رمز کلیک کند. این لینک به صفحه ای منتهی می‌شود که مشتری باید رمز جدیدی برای کاربری و مدیریتی خود انتخاب کند. 4. مشتری باید رمز جدیدی برای کاربری و مدیریتی خود انتخاب کند و روی گزینه "ذخیره" کلیک کند. این رمز‌ها باید قوی و پیچیده باشند تا از امنیت سیستم حفاظت کنند. به یاد داشته باشید که اگر مشتری رمز خود را
کاربرد رمز مدیریتی در برنامه امضای تجارت چیست؟,بسیار خوش آمدید! در پاسخ به سوال شما، رمز مدیریتی یا "Management Key" در برنامه امضای تجارت به این معنی است که این رمز به مدیران یک شرکت یا یک سازمان داده می شود تا بتوانند به طور قانونی و با امنیت تمام، امضاهای تجارت را برای یک شرکت یا یک سازمان صادر کنند. این رمز برای جلوگیری از دسترسی ناخواسته یا سوء استفاده از امضای تجارت، به طور خاص توسط یک گروه خاصی از افراد صادر می شود و فقط آنها می توانند از آن استفاده کنند. در نتیجه، رمز مدیریتی نقش مهمی در حفظ امنیت و اعتبار امضای تجارت ایفا می کند.
کاربرد راه اندازی توکن امضای دیجیتال همراه برروی گوشی موبایل چیست؟,در حال حاضر، کاربرد راه اندازی توکن امضای دیجیتال همراه بر روی گوشی موبایل شامل موارد زیر است: 1. امضای دیجیتال اسناد و مدارک: با استفاده از توکن امضای دیجیتال، می‌توانید اسناد و مدارک خود را با امضای دیجیتال، که امنیت و اعتبار آن را تضمین می‌کند، امضاء کنید. 2. تأیید هویت و شناسایی: توکن امضای دیجیتال می‌تواند به عنوان یک روش برای تأیید هویت و شناسایی افراد، به ویژه در محیط‌های دیجیتال، استفاده شود. 3. ایمن‌سازی انتقال اطلاعات: توکن امضای دیجیتال می‌تواند برای ایمن‌سازی انتقال اطلاعات، مانند فایل‌ها و داده‌ها، استفاده شود، به طوری که اطمینان حاصل کنید که اطلاعات شما در طول انتقال، تغییر یا دستکاری نشود. 4. تأیید هویت در تجارت الکترونیک: توکن امضای دیجیتال می‌تواند برای تأیید هویت و اعتبار در تجارت الکترونیک، مانند خرید و فروش، استفاده شود، به طوری که اطمینان حاصل کنید
طریقه نصب برنامه امضا تجارت برروی گوشی موبایل چگونه می باشد؟,ممنون از سوال شما! نصب برنامه امضا تجارت بر روی گوشی موبایل، فرآیندی ساده است که در اینجا به شما توضیح می‌دهم: 1. برای شروع، باید به فروشگاه برنامه‌های موبایل خود (مثل گوگل پلی یا اپ استور) بروید و برنامه امضا تجارت را جستجو کنید و سپس روی دکمه "دانلود" کلیک کنید تا برنامه را دریافت کنید. 2. پس از دریافت برنامه، روی دکمه "نصب" کلیک کنید تا فرآیند نصب شروع شود. ممکن است به دلیل نسخه جدید برنامه، نیاز به به روز رسانی داشته باشید که در صورت نیاز، برنامه را به روز رسانی کنید. 3. پس از نصب، برنامه را باز کنید و روی دکمه "ثبت نام" کلیک کنید تا بتوانید ثبت نام کنید و یک حساب کاربری ایجاد کنید. 4. در صورت نیاز، باید از یک کد فعال‌سازی استفاده کنید که از طرف ارائه دهنده خدمات امضا تجارت برای شما ارسال شده است. 5. پس از ثبت نام و فعال‌سازی، می‌توانید از برنامه برای امضا تجارت و انجام سایر کارها استفاده کنید. به امید این توضیحات، نصب برنامه امضا تجارت برای
  نحوه فعال سازی برنامه امضای تجارت چگونه می باشد؟,خوش آمدید! برای فعال‌سازی برنامه امضای تجارت، مراحل زیر را انجام دهید: 1. در ابتدا باید یک حساب کاربری در سایت شرکت امضای تجارت ایجاد کنید. برای این منظور، به سایت شرکت رفته و با کلیک بر روی گزینه "ثبت نام"، اطلاعات خود را وارد کنید. 2. پس از ایجاد حساب کاربری، باید یک برنامه امضای تجارت را دانلود و نصب کنید. این برنامه به شما امکان می‌دهد تا امضاهای تجارت خود را ایجاد کنید و روی اسناد و مدارک مختلف امضا کنید. 3. پس از نصب برنامه، باید یک کلید امضای تجارت را دریافت کنید. این کلید به شما امکان می‌دهد تا امضاهای تجارت خود را ایجاد کنید. برای دریافت کلید، باید با پشتیبانی شرکت امضای تجارت تماس بگیرید و درخواست دهید. 4. پس از دریافت کلید، باید آن را در برنامه امضای تجارت وارد کنید. این کار به شما امکان می‌دهد تا امضاهای تجارت خود را ایجاد کنید و روی اسناد و مدارک مختلف امضا کنید. 5. در نهایت، باید برنامه امضای تجارت را آزمایش کنید تا مطمئن شوید که آن به در
مراحل صدور امضاء الکترونیک تجارت کدامند؟,مراحل صدور امضاء الکترونیک تجارت در ایران به شرح زیر است: 1. ثبت نام در سامانه امضاء الکترونیک تجارت: ابتدا باید در سامانه امضاء الکترونیک تجارت ثبت نام کنید و یک حساب کاربری ایجاد کنید. 2. تکمیل فرم درخواست: بعد از ثبت نام، باید فرم درخواست صدور امضاء الکترونیک را تکمیل کنید و مدارک مورد نیاز را ارائه دهید، مانند شناسنامه، کارت ملی و مدارک مرتبط با تجارت. 3. بررسی درخواست: پس از تکمیل فرم درخواست، درخواست شما توسط سازمان تنظیم مقررات و خدمات شبکه (SAMAND) بررسی می شود و در صورت موافقت، یک کد شناسایی برای شما صادر می شود. 4. ایجاد یک رمز عبور: بعد از صدور کد شناسایی، باید یک رمز عبور برای حساب کاربری خود ایجاد کنید. 5. امضای الکترونیک تجارت: با ایجاد رمز عبور، می توانید از خدمات امضای الکترونیک تجارت استفاده کنید و تراکنش های خود را امضاء کنید. 6. ذخیره امضای الکترونیک: در نهایت، باید امضای ال
  مراحل بازنشانی توکن همراه چگونه می باشد؟,شما می توانید مراحل بازنشانی توکن همراه را به طور کامل و ساده در اینجا دنبال کنید: 1. از طریق سایت رسمی اپلیکیشن همراه، وارد حساب کاربری خود شوید و روی "بازنشانی توکن" کلیک کنید. 2. شماره همراه خود را وارد کنید و روی "تایید" کلیک کنید تا کد ارسال شود. 3. کد ارسال شده را در فیلد مربوطه وارد کنید و روی "بازنشانی" کلیک کنید. 4. در صورت نیاز، رمز عبور خود را وارد کنید تا توکن همراه شما بازنشانی شود. نOTE: در صورت وجود هرگونه مشکل یا سوال، می توانید با پشتیبانی اپلیکیشن همراه تماس بگیرید.
گواهی ( برنز ) امضای تجارت چیست؟,گواهی امضای تجارت یا گواهی برنز امضای تجارت، یک گواهی رسمی است که نشان می‌دهد یک شخص یا شرکت، امضای خود را به یک قرارداد یا توافقنامه ای امضاء کرده است. این گواهی معمولاً توسط یک مقام رسمی یا یک نهاد قانونی صادر می‌شود و به عنوان مدرک قابل قبول در مراجع قضایی و اداری محسوب می‌شود. این گواهی اغلب در مواردی استفاده می‌شود که امضای قرارداد یا توافقنامه ای مهمی انجام شود، مانند قراردادهای تجاری، تجاری، یا حتی قراردادهای بین‌المللی. هدف از صادر کردن این گواهی، تأیید صحت امضای طرفین و جلوگیری از هرگونه سوءاستفاده یا دزدی از امضای طرفین است.
گواهی ( نقره ای ) امضای تجارت چیست؟,گواهی نقره ای امضای تجارت، یک نوع گواهی دیجیتال است که نشان می دهد یک شرکت یا فرد، معاملات خود را با رمزنگاری و امضای دیجیتال تأیید کرده است. این نوع گواهی، برای اطمینان از امنیت و اعتبار معاملات و اطلاعات تجاری استفاده می شود. گواهی نقره ای امضای تجارت، توسط یک سازمان صدور گواهی، مانند یک سازمان صدور گواهی امضای دیجیتال، صادر می شود و معمولاً برای یک دوره زمانی مشخص صادر می شود. در طول این دوره، شرکت یا فرد می تواند معاملات خود را با استفاده از گواهی نقره ای امضای تجارت، تأیید کند. این نوع گواهی، برای بسیاری از صنعت‌ها، از جمله تجارت الکترونیک، تجارت الکترونیکی و تجارت دیجیتال، استفاده می شود.
نرم افزار امضاء الکترونیک بر روی چه مدل گوشی هایی قابل نصب می باشد؟,به پرسش شما پاسخ می دهم. نرم افزار امضاء الکترونیک بر روی majority از گوشی های هوشمند اندرویدی و iOS قابل نصب است، اما ممکن است به دلایل مختلفی مانند نسخه سیستم عامل، ابعاد صفحه نمایش، یا وجود ویژگی های خاص، در برخی دستگاه ها نصب نشود یا عملکرد مورد انتظار را نداشته باشد. در مجموع، اکثر گوشی های هوشمند اندرویدی از نسخه 4.1 و بالاتر از جمله Samsung، HTC، LG، و OnePlus، به نصب نرم افزار امضاء الکترونیک توانایی دارند. در مورد دستگاه های iOS، اغلب مدل های جدیدتر از iPhone مانند iPhone 7 و بالاتر، از نصب نرم افزار امضاء الکترونیک پشتیبانی می کنند، اما ممکن است برخی مدل های قدیمی تر از جمله iPhone 6 و پایین‌تر از نصب پشتیبانی کنند. به هر حال، برای اطمینان از اینکه یک دستگاه خاص برای نصب نرم افزار امضاء الکترونیک قابل استفاده است، باید با ارائه دهنده نرم افزار یا پشتیبانی کننده آن تماس بگیرید.
حداقل ورژن مورد نیاز گوشی برای نصب نرم افزار امضاء الکترونیک چیست؟,برای نصب نرم افزار امضاء الکترونیک، حداقل ورژن مورد نیاز برای گوشی شما باید به موارد زیر توجه کنید:* سیستم عامل اندروید 5.0 (لولipop) یا بالاتر* نسخه اندروید 6.0 (مارشمالو) یا بالاتر برای پشتیبانی از ویژگی های امنیتی و رمزنگاری بیشتر* نسخه اندروید 8.0 (او) یا بالاتر برای پشتیبانی از ویژگی های امنیتی و رمزنگاری بیشتر و بهبود عملکرد نرم افزار در هر صورت، همیشه به راهنمایی توسعه دهنده نرم افزار یا ارائه دهنده خدمات امضاء الکترونیک مراجعه کنید، زیرا ممکن است نسخه های خاصی از سیستم عامل برای عملکرد نرم افزار مورد نیاز باشد.
مدت زمان اعتبار گواهی امضاء از طریق نرم افزار امضای تجارت چند سال است؟,معمولاً گواهی امضاء از طریق نرم افزار امضای تجارت برای یک سال اعتبار دارد، اما این زمان ممکن است به دلایل خاصی، مانند درخواست از طرف سازمان‌های دولتی یا شرکت‌ها، افزایش یا کاهش یابد. معمولاً زمان اعتبار گواهی امضاء از طریق نرم افزار امضای تجارت از یک تا سه سال است، اما بهتر است از سازمان یا شرکت ارائه دهنده خدمات امضای تجارت برای زمان اعتبار گواهی خود بپرسید.
در صورت تغییر گوشی همراه و یا حذف برنامه امضای تجارت چگونه مجددا آنرا نصب نماییم؟,در صورت تغییر گوشی همراه یا حذف برنامه امضای تجارت، برای مجددا نصب آن، باید مراحل زیر را انجام دهید: 1. ابتدا، به سایت رسمی امضای تجارت مراجعه کنید و برای دانلود نسخه جدید برنامه، روی گزینه "دانلود" کلیک کنید. 2. برنامه را از سایت دانلود و روی گوشی خود نصب کنید. 3. برای فعال کردن برنامه، کد فعال‌سازی خود را وارد کنید. کد فعال‌سازی را می‌توانید در ایمیل یا پیامک خود که توسط امضای تجارت ارسال شده است، بیابید. 4. در صورت لزوم، باید رمز عبور خود را وارد کنید تا برنامه را به طور کامل فعال کنید. در صورت نیاز، می‌توانید با پشتیبانی امضای تجارت تماس بگیرید و از کمک آنها برای نصب مجدد برنامه استفاده کنید.
آیا در صورت حذف برنامه امضای تجارت نصب مجدد آن مشمول پرداخت هزینه می باشد؟,سلام! در مورد سوال شما، پاسخ من این است که در صورتی که برنامه امضای تجارت را حذف کنید و مجدد آن را نصب کنید، ممکن است مجدداً هزینه پرداخت شود، زیرا شرکت های ارائه دهنده برنامه ممکن است به دلایل مختلف، مانند آپدیت های جدید و پشتیبانی، از شما درخواست کنند که هزینه ای را برای استفاده از برنامه بپردازید.
در فرآیند ثبت نام امضای دیجیتال آیا نیاز به سریال کارت ملی می باشد؟,در فرآیند ثبت نام امضای دیجیتال، معمولاً نیاز به سریال کارت ملی نیست. برای ثبت نام و ایجاد امضای دیجیتال، اطلاعات شخصی و هویت شما به عنوان کاربر لازم است، اما سریال کارت ملی معمولاً مورد نیاز نیست. در صورت نیاز به ارائه مدارک هویتی، معمولاً شماره ملی یا شماره شناسایی دیگر مدارک لازم است.
آیا با کارت ملی قدیمی میتوان فرآیند احرازهویت غیرحضوری ثبت گواهی امضاءرا انجام داد؟,خوش آمدید! با توجه به دستورالعمل‌های موجود، فرآیند احرازهویت غیرحضوری ثبت گواهی امضاء با کارت ملی قدیمی امکان‌پذیر نیست. برای ثبت گواهی امضاء، باید با ارائه مدارک و اطلاعات مورد نیاز، به یک مرکز احرازهویت یا یک دفاتر خدمات عمومی مراجعه کنید و فرآیند احرازهویت را تکمیل کنید. در این فرآیند، کاربری باید با ارائه مدارک و اطلاعات مورد نیاز، هویت خود را تأیید کند و سپس گواهی امضاء را دریافت کند.
در صورتی که خط تلفن همراه بنام مشتری نباشد آیا میتوان فرآیند احرازهویت غیرحضوری ثبت گواهی امضاء را انجام داد؟,با سلام، به سوال شما پاسخ می‌دهم. بر اساس قوانین کشورمان، فرآیند احراز هویت غیرحضوری ثبت گواهی امضاء، برای افرادی که دارای خط تلفن همراه هستند و نام آنها در پایگاه داده‌های شرکت ارائه دهنده خدمات تلفن همراه ثبت شده است، امکان‌پذیر است. اما در صورتی که خط تلفن همراه مشتری نباشد، یا نام آنها در پایگاه داده‌های شرکت ارائه دهنده خدمات تلفن همراه ثبت نشده باشد، فرآیند احراز هویت غیرحضوری ثبت گواهی امضاء، امکان‌پذیر نیست، مگر اینکه مشتری به یک مرکز احراز هویت مراجعه کند و هویت خود را به طور حضوری احراز کند. همچنین، در صورتی که مشتری از خدمات ارائه دهنده خدمات تلفن همراه استفاده می‌کند، اما نام آنها در پایگاه داده‌های شرکت ارائه دهنده خدمات تلفن همراه ثبت نشده باشد، می‌توانند برای احراز هویت خود به یک مرکز احراز هویت مراجعه کنند و هویت خود را به طور حضوری احراز کنند.
در زمان نصب برنامه هزینه امضاء پرداخت شده ولی مجددا به درگاه پرداخت برگشت داده شده؟,خوش آمدید! متأسفم، این یک مشکل رایج در هنگام نصب برنامه است که اغلب به دلیل خطای فنی یا مشکلات در درگاه پرداخت رخ می‌دهد. برای حل این مشکل، توصیه می‌کنم که با پشتیبانی برنامه تماس بگیرید یا با کارشناسان فنی شرکت که برنامه را توسعه داده است، ارتباط برقرار کنید. آنها می‌توانند به شما کمک کنند تا دلیل این مشکل را مشخص کنند و راه حل برای حل آن ارائه دهند. علاوه بر این، اگر درگاه پرداخت در زمان نصب برنامه یکبار امضاء پرداخت را دریافت کرد، احتمالاً یک نسخه پشتیبان از آن وجود دارد که می‌تواند به شما کمک کند تا برنامه را نصب کنید.
زمان پرداخت هزینه امضای تجارت مشتری از درگاه مربوطه رمز دوم پویا یا ثابت می بایست وارد کند؟,با سلام! برای پرداخت هزینه امضای تجارت مشتری از درگاه مربوطه، معمولاً یک رمز دوم پویا یا ثابت لازم است وارد شود. این رمز دوم برای تأیید هویت و امنیت پرداخت استفاده می شود و معمولاً توسط کاربر در هنگام ثبت نام یا هنگام استفاده از درگاه پرداخت درج می شود. با وارد کردن این رمز دوم، سیستم درگاه پرداخت می تواند هویت کاربر را تأیید کند و پرداخت را با موفقیت انجام دهد.
علت مشاهده پیغام ID=6915 این موبایل در مالکیت شما نمی باشد چیست؟,خوش آمدید! پیغام ID=6915 معمولاً نشان دهنده یک پیام یا یک پیغام است که به‌تازگی برای شما ارسال شده است، اما به دلیل یک اشکال یا مشکلی در ارتباطات، به‌صورت نادرست به نام شما ثبت شده است. ممکن است این پیام برای دیگری ارسال شده باشد یا به‌علت یک اشکال در سیستم، نام شما با اشتباه ثبت شده باشد. برای حل این مشکل، توصیه می‌شود که با ارائه دهنده خدمات یا شرکت تلفن همراه شما تماس بگیرید تا موضوع را بررسی کنند و مشکل را حل کنند.
در حین انجام عملیات صدور گواهی در صورتیکه به هر علت فرآیند فعالسازی متوقف شد, جهت ورود مجدد چه اقدامی انجام دهیم؟,در صورت متوقف شدن فرآیند فعال‌سازی صدور گواهی، برای ورود مجدد، باید به گام‌های زیر اقدام کنید: 1. ابتدا، بررسی کنید که آیا فرآیند فعال‌سازی به دلیل یک اشکال یا خطای فنی متوقف شده است یا خیر؟ اگر اشکالی باشد، باید آن را برطرف کنید تا فرآیند دوباره فعال شود. 2. در صورت نبودن هیچ گونه اشکالی، بررسی کنید که آیا گواهی یا اطلاعات مورد نیاز برای صدور گواهی به روز رسانی شده است یا خیر؟ اگر بلی، باید آن را به روز رسانی کنید تا فرآیند دوباره فعال شود. 3. در صورت نبودن هیچ گونه اشکال یا به روز رسانی، بررسی کنید که آیا فرآیند فعال‌سازی توسط یک کاربر یا سیستم دیگر بسته شده است یا خیر؟ اگر بلی، باید آن را باز کنید تا فرآیند دوباره فعال شود. 4. در صورت نبودن هیچ گونه اشکال یا به روز رسانی یا بسته شدن، ممکن است فرآیند فعال‌سازی به دلیل یک محدودیت یا ممنوعیت باشد. در این صورت، باید با واحد مربوطه تماس بگیرید و از آنها بخواه 
آیا با داشتن ماسک ، کلاه و عینک غیر طبی تطبیق چهره در زمان نصب امضائ الکترونیک میسر می باشد؟,خوش آمدید! در پاسخ به سوال شما، با داشتن ماسک، کلاه و عینک غیر طبی، تطبیق چهره در زمان نصب امضای الکترونیک ممکن نیست. این تجهیزات باعث می‌شوند که سیستم تشخیص چهره نتواند چهره شما را به طور دقیق شناسایی کند و امضای الکترونیک را با موفقیت انجام دهد. برای انجام امضای الکترونیک، باید چهره بدون هیچگونه مانع یا پوشش باشد.
کارمزد گواهی امضا در اپلیکیشن امضاء تجارت چند ریال می باشد؟,با سلام، هزینه کارمزد گواهی امضا در اپلیکیشن امضاء تجارت در ایران حدود ۵۰۰ تومان تا ۱۰۰۰ تومان می باشد، اما این هزینه ممکن است در هر اپلیکیشن متفاوت باشد. برای اطلاع دقیق‌تر، توصیه می‌کنم برای هر اپلیکیشن، از پشتیبانی آن پیروی کنید یا به وب سایت آن مراجعه کنید.
علت مشاهده خطای خطا در دریافت اطلاعات درخواست چیست؟,ممنون از سوال شما! خطای خطا در دریافت اطلاعات درخواست اغلب به دلیل یک یا چند مورد از عوامل زیر است: 1. در دسترس نبودن اطلاعات درخواست: ممکن است اطلاعات درخواست در پایگاه داده یا منبع دیگری در دسترس نباشد یا ممکن است اطلاعات درخواست با فرمت یا ساختار خاصی باشد که سیستم قادر به پردازش آن نباشد. 2. خطای در فرمت اطلاعات درخواست: ممکن است فرمت اطلاعات درخواست اشتباه باشد یا ممکن است سیستم قادر به پردازش فرمت اطلاعات درخواست نباشد. 3. خطای در دسترسی به اطلاعات درخواست: ممکن است سیستم قادر به دسترسی به اطلاعات درخواست نباشد یا ممکن است دسترسی به اطلاعات درخواست با محدودیت یا ممنوعیت باشد. 4. خطای در پردازش اطلاعات درخواست: ممکن است سیستم قادر به پردازش اطلاعات درخواست نباشد یا ممکن است پردازش اطلاعات درخواست با خطا یا اشتباه باشد. در هر صورت، برای حل این مشکل، می‌توانید با بررسی و بهینه‌سازی فرمت اطلاعات درخواست، در دسترس بودن اطلاعات درخواست و دسترسی به اطلاعات درخواست، مشکل را حل کنید. اگر هنوز مشکل وجود دارد، ممکن است به کمک یک متخصص فناوری اطلاعات یا یک کارشناس سیستم مورد نیاز باشد.
علت مشاهده خطای خطا در فرآیند کد خطای 1 در زمان صدور گواهی نامه الکترونیکی چیست؟,سوال جالب! خطای خطا در فرآیند کد خطای 1 در زمان صدور گواهی نامه الکترونیکی معمولاً به دلیل برخی از عوامل زیر است: 1. اشکال در تنظیمات سیستم: ممکن است تنظیمات سیستم یا پلتفرم صدور گواهی نامه الکترونیکی نادرست باشد که منجر به خطای خطا در فرآیند کد خطای 1 می شود. 2. اشکال در داده های ورودی: اگر داده های ورودی نادرست یا ناقص باشد، ممکن است سیستم نتواند کد خطای 1 را با موفقیت اجرا کند و به جای آن خطای خطا را گزارش کند. 3. اشکال در ارتباطات بین سامانه ها: ممکن است ارتباطات بین سامانه های مختلف، مانند سامانه صدور گواهی نامه الکترونیکی و سامانه ثبت اطلاعات، نادرست یا قطع باشد که منجر به خطای خطا در فرآیند کد خطای 1 می شود. 4. اشکال در نرم افزار یا سخت افزار: ممکن است نرم افزار یا سخت افزار سامانه صدور گواهی نامه الکترونیکی دچار اشکال 
علت مشاهده خطای مرکز صدور گواهی انتخاب شده در زمان دانلود گواهی امضای الکترونیک چیست؟,بسیار خوش آمدید! علت مشاهده خطای مرکز صدور گواهی انتخاب شده در زمان دانلود گواهی امضای الکترونیک معمولاً به دلایل زیر می‌تواند باشد: 1. گواهی انتخاب شده ممکن است منقضی شده باشد و یا تاریخ انقضای آن گذشته باشد. 2. گواهی انتخاب شده ممکن است با دستگاه یا مرورگر وب شما سازگار نباشد. 3. ممکن است یک خطای فنی در مرکز صدور گواهی یا ارائه دهنده گواهی وجود داشته باشد که باعث شده است گواهی انتخاب شده در دسترس نباشد. 4. ممکن است یک مشکل امنیتی در مرکز صدور گواهی یا ارائه دهنده گواهی وجود داشته باشد که باعث شده است گواهی انتخاب شده در دسترس نباشد. برای حل این مشکل، توصیه می‌شود که گواهی خود را با یک مرکز صدور گواهی دیگر بررسی کنید یا با ارائه دهنده گواهی خود تماس بگیرید تا به شما کمک کند. Additionally, ensure that your device and browser are up-to-date and compatible with the certificate issuer.
در صورت داشتن شناسه پرداخت و قطعی برنامه به هر علت و عدم امکان در ادامه عملیات چه اقدامی گردد؟,در صورت داشتن شناسه پرداخت و قطعی برنامه به هر علت و عدم امکان در ادامه عملیات، توصیه می‌شود که با بخش پشتیبانی تماس بگیرید تا مشکل را حل کنند. ممکن است از آنجا که یک مشکل فنی یا مشکلی در سیستم وجود داشته باشد، یا ممکن است شناسه پرداخت به درستی ثبت نشده باشد. با تماس با بخش پشتیبانی، می‌توانید مشکل را حل کنید و در ادامه عملیات ادامه دهید.
علت مشاهده خطای تراکنش مشکوک به تقلب بوده و سیستم بانکی از پرداخت با خطا مواجه شده است در زمان پرداخت هزینه امضای الکترونیک چیست؟,با سلام! در مورد خطای تراکنش مشکوک به تقلب، در زمان پرداخت هزینه امضای الکترونیک یک مکانیزم امنیتی است که برای تأیید هویت و صحت تراکنش استفاده می شود. امضای الکترونیک یک کد منحصر به فرد است که توسط یک دستگاه یا نرم افزار ایجاد می شود و با اطلاعات تراکنش ترکیب می شود تا هویت و صحت آن را تأیید کند. هنگامی که یک تراکنش مشکوک به تقلب شناسایی می شود، سیستم بانکی از پرداخت با خطا مواجه شده است تا اطمینان حاصل کند که تراکنش واقعی و صحیح است. در این صورت، امضای الکترونیک نقش مهمی در تأیید هویت و صحت تراکنش دارد و از پرداخت در صورت عدم تأیید صحت تراکنش جلوگیری می کند.
ساعات واریز ساتنا به چه صورت است؟,ساعات واریز ساتنا به صورت 24 ساعته است، اما معمولاً از ساعت 8 صبح تا 5 عصر یا 6 عصر بسته به نوع واریز و مقصد، خدمات ارائه می شود. اما در برخی از مراکز واریز ممکن است ساعات کاری متفاوت باشد.
کارمزد ساتنا چقدر است؟,کارمزد ساتنا در سطنا بسته به نوع و مدت زمان استفاده از آن متفاوت است. به طور کلی، کارمزد ساتنا در سطنا از 5 تا 10 درصد از ارزش ساتنا در سطنا است. برای مثال، اگر ساتنا در سطنا با ارزش 1000000000 تومان برای یک ماه اجاره شود، کارمزد آن 50000000 تومان تا 100000000 تومان خواهد بود. برای اطلاعات دقیق‌تر، به ساتنا یا مدیریت سطنا مراجعه کنید.
انتقال وجه ساتنا از همراه بانک چقدر است؟,معمولاً انتقال وجه از همراه بانک به حساب دیگر، به‌طور متوسط، در عرض چند دقیقه انجام می‌شود، اما ممکن است زمان انتقال بستگی به حجم و تعداد انتقال‌ها داشته باشد. به‌طور کلی، زمان انتقال وجه در همراه بانک به شرح زیر است:* انتقال بین حساب‌های همراه: حداکثر 5 دقیقه* انتقال بین حساب‌های همراه و حساب‌های دیگر بانک‌ها: حداکثر 30 دقیقه* انتقال بین حساب‌های همراه و حساب‌های دیگر بانک‌ها در خارج از کشور: حداکثر 1 ساعت  لطفاً به وب‌سایت یا شعبه همراه بانک مراجعه کنید تا اطلاعات دقیق‌تر را در مورد زمان انتقال وجه دریافت کنید.
انتقال وجه ساتنا از طریق اینترنت بانک چقدر است؟,دوستان عزیز! انتقال وجه ساتنا از طریق اینترنت بانک در ایران معمولاً رایگان یا با مبلغ بسیار کم انجام می شود. به عنوان مثال، در بانک ملی ایران، انتقال وجه ساتنا از طریق اینترنت بانک بدون در نظر گرفتن حداکثر مبلغ 100000 تومان است. اما در سایر بانک ها ممکن است مبلغی برای انجام این کار دریافت شود. برای اطلاع دقیق‌تر، بهتر است به وب سایت یا شعبه بانک مورد نظر مراجعه کنید.
انتقال وجه ساتنا از طریق شعب چقدر است؟,خوش آمدید! انتقال وجه ساتنا از طریق شعب چقدر است؟ در ایران، انتقال وجه ساتنا از طریق شعب بانک‌ها معمولاً به‌طور رایگان یا با هزینه‌های اندک انجام می‌شود. اما هزینه‌ها بسته به بانک و نوع خدمات ارائه شده متفاوت است. برخی از بانک‌ها ممکن است از طریق شعب خود خدمات انتقال وجه ارائه دهند، اما ممکن است در بعضی از شعب این خدمات ارائه نشود یا با هزینه‌های بیشتر انجام شود. اگر به اطلاعات دقیق‌تر نیاز دارید، لطفا نام بانک و شعبه مورد نظر خود را ذکر کنید.
آیا مشتریان سایر بانک ها می توانند از خدمات ساتنا در شعب بانک تجارت استفاده نمایند؟,سوال عالی! به این پرسش پاسخ می دهم. سازمان ساتنا، یک سامانه پرداخت الکترونیکی است که توسط بانک تجارت ایجاد شده است و خدمات آن برای مشتریان بانک تجارت، محدود به خود این بانک است. بنابراین، مشتریان سایر بانک ها نمی توانند از خدمات ساتنا در شعب بانک تجارت استفاده نمایند. این خدمات برای مشتریان بانک تجارت و تنها در شعب این بانک ارائه می شود.
آیا اتباع می توانند تراکنش ساتنا ( از هر درگاهی ) انجام دهند؟,بله، اتباع می‌توانند تراکنش ساتنا را از هر درگاهی انجام دهند. ساتنا یک پلتفرمی است که اجازه می‌دهد اتباع از هر کجا که هستند، تراکنش‌های مالی را انجام دهند، از جمله واریز و برداشت پول، و پرداخت برای خریدهای آنلاین. ساتنا با استفاده از تکنولوژی‌های امن و مدرن، اتباع را از انجام تراکنش‌های امن و راحت، اطمینان می‌دهد. بنابراین، اتباع می‌توانند با خیال راحت، از هر درگاهی، تراکنش ساتنا را انجام دهند.
آیا دستور پرداخت ساتنا را می توان کنسل کرد؟,با توجه به قوانین و مقررات بانکی، معمولاً دستور پرداخت ساتنا را نمی توان کنسل کرد، زیرا این دستور از زمان صدور آن تا زمان انجام آن توسط بانک، غیرقابل تغییر است. با این حال، اگر در زمان صدور دستور پرداخت ساتنا، به دلیل خطای سیستم یا عوامل دیگر، دستور پرداخت باطل شود، ممکن است بتوان آن را کنسل کرد. در هر صورت، برای کنسل کردن دستور پرداخت ساتنا، باید با بانک خود تماس بگیرید و درخواست کنسل کردن دستور را ارائه دهید.
آیا می توان از خودپرداز یا تلفنبانک انتقال وجه ساتنا انجام داد؟,با سلام، بله، می توان از خودپرداز یا تلفن بانک انتقال وجه ساتنا انجام داد. اکثر بانک های ایران امکان انتقال وجه از طریق خودپرداز یا تلفن بانک را برای مشتریان خود فراهم کرده اند. برای انجام انتقال وجه از طریق خودپرداز یا تلفن بانک، باید ابتدا رمز دوم خود را دریافت کنید و سپس از طریق خودپرداز یا تلفن بانک، کد پوز و رمز دوم خود را وارد کنید و بعد از وارد کردن کد پوز و رمز دوم، مبلغی را که می خواهید بفرستید، وارد کنید و به صورت موفقیت آمیز انجام می شود.
ساعت 6 بعد ازظهر می خواهم از همراه بانک انتقال وجه دهم ولی ساتنا قطع شده است؟,عاجزانه! با مشکل مواجه شدید. در این شرایط، توصیه می کنم که به نزدیکترین شعبه بانک مراجعه کنید و با کارکنان بانک تماس بگیرید. آنها احتمالاً به شما کمک می کنند تا مشکل را حل کنند. در غیر این صورت، می توانید با شماره تلفن کارگزار بانک تماس بگیرید تا به شما کمک کند. مطمئناً مشکل را حل می کند.
از همراه بانک ساتنا انجام می دهم اما اعلام می کند ساتنا قطع است؟,شما را به مشکل رساند، دوست عزیز! اگر ساتنا قطع است، احتمالاً یک مشکل فنی در سیستم یا در ارتباطات وجود دارد. می توانید برای حل این مشکل با کارشناسان همراه بانک تماس بگیرید یا به نزدیکترین شعبه مراجعه کنید تا برای شما حل شود. علاوه بر این، می توانید به صفحه رسمی ساتنا یا صفحه تماس با ساتنا مراجعه کنید تا از طریق آنها با کارشناسان در تماس باشید.
ساعت 7:45 صبح مبلغی به حسابم از طریق ساتنا انتقال یافته ولی به حسابم واریز نشده است؟,عجیب است که مبلغی به حساب شما از طریق ساتنا انتقال یافته ولی هنوز واریز نشده است. توصیه می‌کنم که با ساتنا تماس بگیرید و علت تاخیر را از آنها بپرسید. ممکن است یک مشکل فنی یا یک خطای در انتقال وجود داشته باشد که باید به سرعت حل شود. همچنین می‌توانید با مراجعه به شعبه ساتنا یا مرکز تماس آن، از آنها کمک بخواهید تا مشکل را برطرف کنند.
از همراه بانک انتقال وجه ساتنا انجام می دهم اعلام می کند امکان انتقال ساتنا به حساب های تجارت مقدور نمیباشد؟,شما در مورد انتقال وجه از همراه بانک به حساب های تجاری می پرسیدید، و آنها اعلام کردند که امکان انتقال ساتنا به حساب های تجارت مقدور نمی باشد؟ به احتمال زیاد، این پیام به دلیل اینکه ساتنا یک نوع ارز دیجیتال و غیر قابل تعهد است، و همراه بانک به دلایل امنیتی و مقرراتی، انتقال ساتنا به حساب های تجاری را ممنوع کرده است. ممکن است آنها برای انتقال این نوع ارز، از روش های خاصی استفاده کنند که شما باید با آنها تماس بگیرید و از روش های انتقال مجاز را بپرسید.
در صورت عدم انجام تراکنش ساتنا در همراه بانک چه اقدامی انجام میگیرد؟,در صورت عدم انجام تراکنش ساتنا در همراه بانک، بانک سامان، به دلیل خطای سیستم یا مشکلاتی در شبکه، ممکن است تراکنش ساتنا انجام نشود. در این صورت، بانک سامان اقداماتی را برای حل مشکل انجام می دهد، از جمله: 1. بررسی مشکلات در شبکه و سیستم: تیم های فنی بانک سامان برای شناسایی و رفع مشکلات در شبکه و سیستم تلاش می کنند تا تراکنش ساتنا را به طور موفق انجام دهند. 2. اعتبار سنجی تراکنش: اگر مشکل تراکنش ساتنا در مرحله اعتبار سنجی باشد، بانک سامان تلاش می کند تا تراکنش را مجدداً انجام دهد یا به مشتری اطلاع دهد که تراکنش انجام نشد و چرا انجام نشد. 3. ارائه خدمات پشتیبانی: در صورت نیاز به کمک، بانک سامان خدمات پشتیبانی را به مشتری ارائه می دهد تا به راحتی از خدمات بانک سامان استفاده کند. 4. برگشت تراکنش: اگر تراکنش ساتنا در مرحله تأیید انجام نشد، به طور خودکار برگشت داده می شود تا مشتری بتوان 
ساعات واریز پایا به چه صورت است؟,ساعت‌های واریز پایا به صورت 24 ساعته است. در هر ساعت، یک قسمت از درآمد روزانه شما به حساب بانکی شما واریز می‌شود. معمولاً این ساعت‌ها به شرح زیر است:* ساعت 1: واریز درآمد روزانه از 0:00 تا 1:00* ساعت 2: واریز درآمد روزانه از 1:00 تا 2:00*...* ساعت 23: واریز درآمد روزانه از 23:00 تا 0:00 شما می‌توانید ساعت واریز پایا خود را با مراجعه به سایت بانک یا درگاه اینترنتی بانک خود، تغییر دهید.
کارمزد پایا چقدر است؟,کارمزد پایا در ایران، در سال‌های اخیر، به طور میانگین بین ۴ تا ۵ درصد از ارزش معاملات است. اما این رقم ممکن است بسته به نوع معاملات، حجم معاملات و موسسات مالی که کارمزد پایا را ارائه می‌کنند، متفاوت باشد.
انتقال وجه پایا از همراه بانک چقدر است؟,معمولاً انتقال وجه از همراه بانک به حساب دیگر، در حدود 1 تا 2 ساعت زمان میبرد، اما این زمان ممکن است بسته به ترافیک و حجم کار در سیستم بانکی، متفاوت باشد. در برخی موارد، ممکن است انتقال وجه به سرعت تر از این زمان انجام شود، یا در برخی موارد ممکن است زمان بیشتری برای انجام انتقال نیاز باشد. به طور کلی، برای انجام انتقال وجه از همراه بانک به حساب دیگر، باید از طریق سیستم برخط بانک یا از طریق شعبه بانک اقدام کنید.
انتقال وجه پایا از طریق اینترنت بانک چقدر است؟,با سلام! انتقال وجه پایا از طریق اینترنت بانک در ایران معمولاً در طول روز انجام می شود، اما هزینه ای که برای آن دریافت می شود، بستگی به نوع انتقال و میزان وجهی که انتقال می شود، دارد. به طور کلی، هزینه های انتقال وجه پایا از طریق اینترنت بانک در ایران عبارتند از:* انتقال وجه بین بانک ها: معمولاً بدون هزینه یا با هزینه ای بسیار کم انجام می شود.* انتقال وجه بین حساب های یک بانک: معمولاً بدون هزینه انجام می شود، اما ممکن است با هزینه ای بسیار کم انجام شود.* انتقال وجه بین حساب های یک بانک و یک حساب دیگر از یک بانک دیگر: معمولاً با هزینه ای در حدود ۵۰۰ تا ۱۰۰۰ تومان انجام می شود. البته، این هزینه ها می تواند بسته به بانک و نوع انتقال وجه، متفاوت باشد. بنابراین، برای اطلاع از هزینه های انتقال وجه پایا از طریق اینترنت بانک، بهتر است با بانک خود تماس بگیرید یا به وب سایت بانک مراجعه کنید.
انتقال وجه پایا از طریق شعب چقدر است؟,من به شما می‌گویم که انتقال وجه پایا از طریق شعب چقدر است. زمان انتقال وجه پایا از طریق شعب بانک‌ها بسته به بانک و نوع تراکنش متفاوت است، اما معمولاً در بازه زمانی 1 تا 5 روز کاری انجام می‌شود. برخی از بانک‌ها ممکن است در عرض چند ساعت یا حتی دقیقه این کار را انجام دهند، در حالی که برخی دیگر ممکن است چندین روز زمان بیشتری نیاز داشته باشند.
آیا صادر کننده پایا از شعب حتما می بایست در بانک تجارت حساب داشته باشد؟,خیر، صادر کننده پایا از شعب حتماً در بانک تجارت حساب نداشته باشد. صادر کننده پایا می تواند در هر بانک و یا مؤسسه مالی دیگری حساب داشته باشد، اما باید دارای یک حساب بانکی باشد تا بتواند تراکنش های مربوط به صادر کردن چک ها را انجام دهد.
آیا انتقال وجه پایا را می توان کنسل کرد؟,معمولاً انتقال وجه پایا را نمی توان کنسل کرد، زیرا اینگونه انتقال ها معمولاً در زمان مشخصی انجام می شود و در صورت کنسل کردن آن، ممکن است برای طرف مقابل ضرر یا مشکل ایجاد کند. با این حال، اگر با یک بانک یا مؤسسه مالی در ارتباط هستید، ممکن است بتوانید با آنها تماس بگیرید و درخواست کنسل کردن انتقال وجه را ارائه دهید. در این صورت، آنها ممکن است در مورد امکان کنسل کردن انتقال وجه با شما در مورد تصمیم بگیرند.
آیا اتباع می توانند انتقال وجه پایا ( همراه بانک /اینترنتی بانک /شعب ) انجام دهند؟,بله، اتباع می توانند انتقال وجه پایا از طریق روش های مختلف انجام دهند. برخی از روش های انتقال وجه عبارتند از: 1. انتقال وجه همراه بانک: اتباع می توانند از طریق همراه بانک خود انتقال وجه انجام دهند. این روش معمولاً سریع و راحت است و در اغلب موارد به طور رایگان انجام می شود. 2. انتقال وجه اینترنت بانک: اتباع می توانند از طریق اینترنت بانک خود انتقال وجه انجام دهند. این روش معمولاً سریع و راحت است و اغلب در زمان های خاصی انجام می شود، مانند شبانه روز یا در طول هفته. 3. انتقال وجه شعب: اتباع می توانند از طریق شعب بانک خود انتقال وجه انجام دهند. این روش ممکن است زمان طولانی تر داشته باشد، اما اغلب در زمان های خاصی انجام می شود، مانند در طول هفته یا در طول ماه. در هر صورت، اتباع باید قبل از انجام انتقال وجه، اطمینان حاصل کنند که حساب های آنها کافی و موجود است و در صورت نیاز، از درگاه های امن و قابل اعتماد استفاده کنند.
از همراه بانک پایا انجام داده ام اما نمی دانم برای چه کسی انتقال داده ام؟,عزیز! متاسفم که این اتفاق افتاده است. برای یافتن پاسخ، می‌توانید به همراه بانک پایا تماس بگیرید و از آنها درخواست کنید تا اطلاعات انتقال را به شما ارسال کنند. یا اینکه می‌توانید به سایت بانک پایا مراجعه کنید و از بخش خدمات مشتری، درخواست خود را برای دریافت اطلاعات انتقال ثبت کنید. در هر صورت، اطمینان حاصل کنید که اطلاعات شما به امنیت حفظ شود.
مبلغی طی پایا به حساب شخص دیگری واریز کردم امکان انتقال زودتر مقدور هست؟,سلام! با توجه به قوانین بانک‌ها و مؤسسات مالی، زمان انتقال مبلغ از حساب شما به حساب دیگری بستگی به نوع حساب، نوع انتقال و زمان دسترسی به سیستم دارد. در بسیاری از موارد، انتقال مبلغ از حساب شما به حساب دیگری به زمان واقعی یا حداکثر یک روز کاری نیاز دارد، اما در برخی موارد ممکن است زمان انتقال طولانی‌تر باشد، مانند روزهای تعطیل یا در صورت نیاز به تأیید دستی. اگرچه، در بسیاری از بانک‌ها و مؤسسات مالی امکان انتقال مبلغ از حساب شما به حساب دیگری با یک روز کاری وجود دارد، اما برای اطمینان از زمان دقیق انتقال، بهتر است با بانک یا مؤسسه مالی خود تماس بگیرید و در مورد امکان انتقال زودتر و زمان مورد نیاز برای آن سوال کنید.
رمز پویای خود را فعال کردم اما زمان انتقال وجه پایا از همراه بانک پیغام اطلاعات درگاه خود را اضافه کنید، مشاهده می گردد؟,نعم، این یک مشکل رایج است که ممکن است هنگام فعال کردن رمز پویا، پیغام اطلاعات درگاه همراه بانک اضافه شود. این مشکل به دلیل تفاوت در فرمت اطلاعات درگاه بین بانک‌ها و نرم افزار رمز پویا ایجاد می شود. برای حل این مشکل، شما می توانید به یکی از روش‌های زیر دسترسی داشته باشید: 1. با تماس با پشتیبانی بانک خود، درخواست کنید که اطلاعات درگاه را به فرمت مورد نیاز رمز پویا تغییر دهند تا پیغام اطلاعات درگاه اضافه نشود. 2. نرم افزار رمز پویا را به روز رسانی کنید تا آخرین نسخه را داشته باشید که این مشکل را برطرف کرده باشد. 3. در صورت امکان، از یک نرم افزار رمز پویا جایگزین استفاده کنید که با فرمت اطلاعات درگاه همراه بانک سازگار باشد. با انجام یکی از این روش‌ها، شما می توانید از فعال کردن رمز پویا و انتقال وجه پایا لذت ببرید.
تراکنش پایا از همراه بانک انجام داده ام اما همچنان وضعیت تراکنش را در حال انجام نشان می دهد آیا تراکنش انجام نشده است؟,شاید این مشکل ناشی از تأخیر در تحویل تراکنش توسط بانک باشد. در این صورت، می‌توانید با بانک تماس بگیرید و وضعیت تراکنش را از آنها درخواست کنید. آنها می‌توانند به شما بگویند که آیا تراکنش انجام شده است یا خیر. در صورت نیاز، می‌توانید از طریق درگاه بانک یا اپلیکیشن همراه بانک خود، وضعیت تراکنش را بررسی کنید. در برخی موارد، ممکن است نیاز باشد تا چند ساعت یا حتی چند روز صبر کنید تا تراکنش به طور کامل انجام شود. علاوه بر این، در صورت عدم انجام تراکنش، می‌توانید از طریق مرکز تماس بانک یا درگاه بانک، شکایت خود را در مورد عدم انجام تراکنش ثبت کنید تا آنها بتوانند در مورد این موضوع اقدام کنند.
هنگام انجام تراکنش پایا از همراه بانک با پیغام شماره حساب مبدا نا معتبر است مواجه می شوم؟,حاصل شد! پیغام خطای "شماره حساب مبدا نا معتبر است" هنگام انجام تراکنش با همراه بانک معمولاً به دلیل یکی از دو عامل رخ می دهد: 1. عدم وجود حساب یا اشتباه در شمارۀ حساب مبدا در همراه بانک. 2. نامعتبر بودن شماره حساب مبدا در همراه بانک به دلیل تغییر یا بسته شدن حساب یا اشتباه در وارد کردن اطلاعات. برای حل این مشکل، می توانید به دو روش عمل کنید: 1. به همراه بانک تماس بگیرید و از آنها بخواهید که علت خطای تراکنش را بررسی کنند و در صورت نیاز، شماره حساب مبدا را اصلاح کنند. 2. حساب خود را در همراه بانک بررسی کنید و اطمینان حاصل کنید که اطلاعات حساب شما درست و به روز است. اگر حساب شما بسته شده یا تغییر کرده، باید آن را با همراه بانک اصلاح کنید. با انجام یکی از این مراحل، می توانید مشکل تراکنش را حل کنید و فرآیند تراکنش را ادامه دهید.
پایا از طریق شعبه انجام شده ولی پس از 3 روز هنوز به حساب مقصد واریز نشده است؟,عجیب است که بعد از 3 روز هنوز پول به حساب مقصد واریز نشده است. برای حل این مشکل، چند گزینه وجود دارد: 1. با شعبه تماس بگیرید: ابتدا با شعبه تماس بگیرید و از آنها درخواست کنید که علت تاخیر را توضیح دهند. ممکن است به خاطر مشکلات فنی یا خطای در سیستم، پول هنوز واریز نشده باشد. 2. حساب مقصد را بررسی کنید: ممکن است حساب مقصد شما بسته شده باشد یا محدودیت‌هایی وجود داشته باشد که مانع واریز پول می‌شود. بررسی حساب مقصد شما می‌تواند کمک کند که مشکل را تشخیص دهید و حل کنید. 3. شکایت به بانک مرکزی: اگر مشکل هنوز حل نشد، می‌توانید شکایت خود را به بانک مرکزی ارائه دهید. آنها می‌توانند به شما کمک کنند تا مشکل را حل کنید و پول را به حساب مقصد واریز کنند. قبل از انجام هر کار، اطمینان حاصل کنید که تمام اطلاعات خود را در مورد انتقال پول، از جمله شماره شبا، تاریخ و ساعت انتقال، را داشته باشید. این اطلاعات می‌تواند در حل مشکل کمک کند.
ساعات واریز حساب به حساب تجارت از ( درگاه های غیر حضوری ) به چه صورت است؟,خوش آمدید! ساعات واریز حساب به حساب تجارت از درگاه های غیر حضوری به صورت زیر است:* از صبح تا عصر: واریز حساب ها از طریق درگاه های غیر حضوری مانند اینترنت بانک و موبایل بانک در ساعات کاری، یعنی از ساعت 8 صبح تا ساعت 5 بعد از ظهر انجام می شود.* در ساعات غیر کاری: واریز حساب ها از طریق درگاه های غیر حضوری در ساعات غیر کاری مانند شب و روزهای تعطیل انجام نمی شود، به جز در روزهای تعطیل رسمی که در آن زمان ها واریز حساب ها انجام می شود. مهم است توجه کنید که ساعات کاری واریز حساب ها ممکن است در روزهای تعطیل رسمی یا در ایام خاصی مانند تعطیلات سالیانه تغییر کند، بنابراین توصیه می شود قبل از انجام واریز حساب ها، با بانک خود تماس بگیرید تا اطمینان حاصل کنید.
کارمزد انتقال حساب به حساب تجارت ( درگاه های غیر حضوری ) چقدر است؟,معمولاً کارمزد انتقال حساب به حساب تجارت از طریق درگاه های غیر حضوری در ایران، بین 0.1% تا 0.5% از مبلغ انتقال است، البته این کارمزد به نوع درگاه و ارائه دهنده خدمات بستگی دارد. برخی از ارائه دهندگان خدمات، مانند سامانه های پرداخت آنلاین، کارمزد انتقال را به صورت ثابت، مانند 1.5% یا 2% از مبلغ انتقال، یا حتی رایگان، ارائه می دهند. در هر صورت، برای تعیین دقیق کارمزد انتقال، باید با ارائه دهنده خدمات یا درگاه مورد نظر تماس بگیرید.
کارکرد انتقال وجه حساب به حساب تجارت از داخل شعب چقدر است؟,با عرض سلام! برای انتقال وجه از حساب به حساب تجارت از داخل شعب، کارکردی حدود 1 تا 2 دقیقه است، به شرطی که شعب بانک در دسترس باشد و زمان انتظار در صف وجود نداشته باشد. اما اگر شعب بانک در حال باز بودن باشد، زمان انتقال وجه به طور متوسط بین 30 ثانیه تا 1 دقیقه است. این زمان ممکن است به دلیل حجم کار یا تعداد مشترکانی که در شعب بانک حضور دارند، متفاوت باشد.
انتقال وجه تجارت به تجارت از همراه بانک چقدر است؟,در اکثر بانک‌های ایرانی، انتقال وجه از حساب تجارت به حساب تجارت از طریق همراه بانک، معمولاً بدون هیچ هزینه یا با هزینه بسیار کم انجام می‌شود. این هزینه‌ها در حد ۰۰۰/1 تومان تا ۰۰۰/500 تومان برای انتقال وجه از یک حساب به حساب دیگر با استفاده از همراه بانک است. این هزینه‌ها بسته به بانک و نوع حساب شما می‌تواند متفاوت باشد. برای اطلاعات دقیق‌تر، به وب سایت بانک یا شعبهใกล‌تر خود مراجعه کنید.
انتقال وجه تجارت به تجارت از طریق اینترنت بانک چقدر است؟,معمولاً زمان انتقال وجه از طریق اینترنت بانک به مدت زمان کوتاهی می رسد. این زمان ممکن است از چند دقیقه تا چند ساعت بستگی به شرایط بانکی و زمان ارسال درخواست دارد. در بسیاری از مواقع، انتقال وجه از طریق اینترنت بانک در همان روز انجام می شود، ولی در برخی موارد ممکن است تا فردا یا روز بعد انجام شود. با این حال، زمان دقیق انتقال وجه به طور کلی توسط بانک تعیین می شود و می توانید با مراجعه به سایت بانک یا مراجعه به شعبه بانکی خود، زمان انتقال وجه را به طور دقیقتر درک کنید.
انتقال وجه تجارت به تجارت از خودپرداز چقدر است؟,تجارت از خودپرداز به وجه تجارت، معمولاً بین 2 تا 4 درصد از مبلغ معامله است، اما ممکن است این مبلغ در برخی از شتاب‌ها یا در صورت استفاده از خدمات اضافی، بیشتر یا کمتر باشد. به عنوان مثال، در یک تراکنش 1000000 تومان، مبلغ انتقال وجه تجارت ممکن است بین 20000 تا 40000 تومان باشد.
انتقال وجه تجارت به تجارت از تلفنبانک چقدر است؟,ممنون از سوال شما! انتقال وجه از تلفن بانک به تلفن بانک دیگر معمولاً بدون هیچ هزینه ای انجام می شود، اما ممکن است کمی زمان به طول انجامد. به طور کلی، این فرآیند بین 30 دقیقه تا چند ساعت زمان می برد، اما در برخی موارد ممکن است تا 24 ساعت یا حتی طولانی تر طولانی شود. تلفن بانک های مختلف ممکن است فرآیند انتقال وجه را با زمان های مختلفی انجام دهند، بنابراین همیشه بهتر است با تلفن بانک خود تماس بگیرید تا زمان دقیق انتقال وجه را بدانید. Additionally, some banks may have specific fees or requirements for international transactions, so it's always a good idea to check with your bank before initiating the transfer.
آیا در حال حاضر انتقال وجه به حساب های تعریف شده ( از درگاه های غیر حضوری ) وجود دارد؟,بله، در حال حاضر انتقال وجه به حساب های تعریف شده از طریق درگاه های غیر حضوری در ایران امکان‌پذیر است. بسیاری از بانک‌ها و مؤسسات مالی در ایران از خدمات انتقال وجه الکترونیکی برای انتقال پول از طریق اینترنت و تلفن همراه استفاده می‌کنند. برخی از این خدمات عبارتند از: 1. خدمات انتقال وجه الکترونیکی بانک‌ها، مانند بانک ملی، بانک رفاه، بانک تجارت، بانک سامان، بانک سینا، بانک پارسیان و غیره. 2. خدمات پرداخت الکترونیکی، مانند زرین پال، درکاو، بام پال و غیره. 3. خدمات پرداخت از طریق تلفن همراه، مانند بام پال و زرین پال. این خدمات به شما امکان می‌دهند تا از طریق اینترنت یا تلفن همراه، پول را به حساب های تعریف شده انتقال دهید. برای استفاده از این خدمات، شما باید یک حساب بانکی داشته باشید و اطلاعات حساب خود را در سایت بانک یا مؤسسه مالی وارد کنید. سپس می‌توانید پول را به حساب های تعریف شده انتقال دهید.
آیا از شماره حساب می توان به شماره کارت ( از درگاه های غیر حضوری ) انتقال انجام داد؟,مطمئناً بله! در بیشتر بانک‌ها و مؤسسات مالی، امکان انتقال از شماره حساب به شماره کارت از طریق درگاه‌های غیرحضوری وجود دارد. این کار می‌تواند از طریق وب سایت بانک یا یک نرم‌افزار یا برنامه پیامی که از این بانک پشتیبانی می‌کند، انجام شود. با این حال، این امکانات ممکن است در بانک یا مؤسسه مالی مورد نظر شما متفاوت باشد. به عنوان مثال، برخی بانک‌ها ممکن است نیاز به تأیید یا صلاحیت خاصی برای انجام این انتقال داشته باشند. بنابراین، برای اطمینان از اینکه آیا این امکان وجود دارد یا خیر، به وب سایت بانک یا یک نماینده آن مراجعه کنید.
آیا انتقال وجه حساب به حساب از همراه بانک و بانکداری اینترنتی در صورتی که حساب مبدآ و مقصد برای همان شخص باشد؟,خوش آمدید! به سوال شما پاسخ می دهم. به نظر می رسد که انتقال وجه حساب به حساب از همراه بانک و بانکداری اینترنتی، در صورتی که حساب مبدآ و مقصد برای همان شخص باشد، مجاز است. این کار در چارچوب خدمات انتقال وجه و پلتفرم های آنلاین بانک ها انجام می شود و برای مشتریان امکان انتقال وجه بین حساب های خود را فراهم می کند. شایان ذکر است که باید به قوانین و مقررات بانک و پلتفرم های آنلاین آن توجه داشت تا اطمینان حاصل شود که انتقال وجه قانونی و بدون هرج و مرج انجام می شود.
امکان انتقال وجه از حسابم وجود ندارد؟,سلام! خیر، امکان انتقال وجه از حساب شما وجود دارد. شما می‌توانید از طریق وب سایت بانک خود یا از طریق یک دستگاه خودپرداز یا از طریق یک شعبه بانک به انتقال وجه از حساب خود بپردازید. برای انجام انتقال وجه، نام و شماره حساب مقصد و مبلغ مورد نظر خود را باید ذکر کنید. همچنین می‌توانید برای انجام انتقال وجه از طریق تلفن یا از طریق پیام کوتاه با بانک خود تماس بگیرید.
فرآیند مغایرت لوکال ( انتقال وجه بین حسابهای تجارت ) چگونه می باشد؟,فرآیند انتقال وجه بین حسابهای تجارت یا همان فرآیند مغایرت لوکال، یک فرآیند مالی است که در آن، یک شرکت یا یک شخص، وجهی را از یک حساب تجارتی به حساب دیگری منتقل می کند. این فرآیند اغلب در تجارت بین المللی انجام می شود، اما می تواند در تجارت داخلی نیز مورد استفاده قرار گیرد. در فرآیند انتقال وجه بین حسابهای تجارت، ابتدا باید حساب دریافت کننده وجه را در یک بانک یا موسسه مالی، باز کرد و سپس حساب فرستنده وجه را در همان بانک یا موسسه مالی باز کرد. بعد از آن، باید یک درخواست انتقال وجه را به بانک یا موسسه مالی ارسال کرد و در آن مشخصات حساب های دریافت کننده و فرستنده وجه را ذکر کرد. در نهایت، وجه از حساب فرستنده وجه به حساب دریافت کننده وجه منتقل می شود. در این فرآیند، ممکن است برخی از کارمزد ها و هزینه های اضافی وجود داشته باشد، مانند کارمزد بانکی یا کارمزد انتقال وجه. بنابراین، شرکت ها یا افراد باید هنگام انتقال وجه بین حساب های تجارت، این هزینه ها را در نظر گرفتند.
انتقال حساب به حساب از همراه بانک /اینترنت بانک /تلفنبانک /خودپرداز انجام نمی شود؟,خوش آمدید! مطمئناً انتقال حساب به حساب از همراه بانک، اینترنت بانک، تلفن بانک و خودپرداز انجام نمی شود. این کارها باید از طریق مراجعه به بانک یا از طریق درگاه های اینترنتی و موبایل انجام شود. همچنین می توانید برای انجام این کارها از طریق نرم افزار های موبایلی یا درگاه های اینترنتی بانک خود استفاده کنید.
رمز پویای خود را فعال کردم اما زمان انتقال وجه حساب به حساب تجارت از همراه بانک پیغام اطلاعات درگاه خود را اضافه کنید، مشاهده می گردد؟,سلام! به نظر می رسد که شما از رمز پویای خود برای انتقال وجه حساب به حساب تجارت از همراه بانک استفاده کرده اید و پیغام اطلاعات درگاه خود را مشاهده می کنید. این پیغام اطلاعات درگاه خود معمولاً شامل اطلاعات مربوط به درگاه پرداخت، مانند نام و نشانی درگاه، و نیز اطلاعات مربوط به تراکنش، مانند زمان و تاریخ تراکنش است. این اطلاعات برای اطمینان از امنیت و کارایی تراکنش در نظر گرفته می شود. اگر شما این پیغام اطلاعات را مشاهده می کنید، احتمالاً به این دلیل است که درگاه پرداخت شما توسط همراه بانک تأیید نشده است یا اینکه اطلاعات درگاه پرداخت شما با اطلاعات واقعی درگاه پرداخت مغایرت دارد. برای حل این مشکل، باید اطلاعات درگاه پرداخت خود را بررسی کنید و مطمئن شوید که اطلاعات شما با اطلاعات واقعی درگاه پرداخت مطابقت دارد. همچنین می توانید با همراه بانک تماس بگیرید و از آنها بخواهید که درگاه پرداخت شما را تأیید کنند.
در همراه بانک انتقال وجه از حسابم انجام می دهم اما اعلام می کند طول شماره حساب مقصد نامعتبر است؟,شما در حالی که می خواهید وجه از حساب خود به حساب مقصدی منتقل کنید، اعلام می کند که طول شماره حساب مقصد نامعتبر است، احتمالاً برای دو دلیل است: 1. طول شماره حساب مقصد باید 9 رقم باشد، اما در این صورت نامعتبر است. برای مثال، اگر شماره حساب مقصد 5 رقم باشد، باید آن را به 9 رقم تبدیل کنید. در این صورت، می توانید یک صفر در ابتدای شماره حساب مقصد اضافه کنید و دوباره تلاش کنید. 2. ممکن است شماره حساب مقصد در بانک دیگری باشد و در بانک شما ثبت نشده باشد. در این صورت، باید از طریق بانک مقصد یا از طریق یک بانک دیگر که در آن حساب شما وجود دارد، برای انتقال وجه تلاش کنید. برای رفع این مشکل، توصیه می کنم که با بانک خود تماس بگیرید و از یک کارشناس کمک بگیرید تا راهنمایی های لازم را برای شما ارائه دهد.
هنگام انجام تراکنش حساب به حساب تجارت از همراه بانک خطای رمز صحیح نمی باشد مشاهده می شود؟,دختر، احتمالاً این خطا به دلیل یکی از موارد زیر است: 1. رمز عبور خود را اشتباه وارد کرده اید. برای حل این مشکل، رمز عبور خود را مجدداً وارد کنید و اطمینان حاصل کنید که به درستی وارد شده است. 2. رمز عبور شما قدیمی است و باید آن را به روز رساند. برای به روز رساندن رمز عبور، به روی اپلیکیشن همراه بانک بروید و از منوی تنظیمات، گزینه رمز عبور را انتخاب کنید و رمز جدیدی وارد کنید. 3. اگر از قبل رمز عبور را به اشتباه وارد کرده اید، ممکن است محدودیتی برای ورود مجدد وجود دارد. برای حل این مشکل، صبر کنید و دوباره تلاش کنید یا به نمایندگی یا کانون مشاوره همراه بانک مراجعه کنید. 4. ممکن است خطای دیگری در تراکنش وجود داشته باشد. برای حل این مشکل، از طریق تلفن یا ایمیل با نمایندگی یا کانون مشاوره همراه بانک تماس بگیرید تا به شما کمک کنند.
کارمزد انتقال کارت به کارت ( درگاه های غیر حضوری ) چقدر است؟,معمولاً کارمزد انتقال کارت به کارت در درگاه های غیر حضوری در ایران بین 0.1 تا 0.5 درصد از مبلغ انتقال یا 500 تومان حداکثر خواهد بود، اما ممکن است در برخی درگاه ها و یا در برخی از باندهای مختلف متفاوت باشد. برای اطلاع از کارمزد درگاه خاصی، بهتر است به سایت درگاه یا بانک مربوطه مراجعه کنید.
انتقال وجه کارت به کارت از همراه بانک چقدر است؟,معمولاً انتقال وجه کارت به کارت از همراه بانک با هزینه‌ای حدود 500 تومان یا 1.5% از مبلغ انتقال، که حداکثر آن 500.000 تومان است، همراه است. این هزینه برای هر انتقال مجزا محاسبه می‌شود و برای انتقال‌هایی که در طول 24 ساعت انجام می‌شوند، به صورت رایگان انجام می‌شود. برای اطلاع از دقیق‌ترین هزینه‌ها و شرایط، می‌توانید به همراه بانک خود مراجعه کنید.
آیا انتقال وجه شتابی در همراه بانک از مبدآ کارت سایر بانک ها امکان پذیر است؟,خوش آمدید! به سوال شما پاسخ می دهم. نقل وجه شتابی در همراه بانک از حساب های سایر بانک ها امکان پذیر است. با این حال، باید شرایط خاصی را برآورده کنید: 1. باید از طریق یک اپلیکیشن همراه بانک یا سایت بانک خود به صورت آنلاین یا از طریق یک کiosk انتقال وجه را انجام دهید. 2. باید از طریق یک کد پیگیری یا تراکنش برای انتقال وجه استفاده کنید که به شما اطلاع می دهد که آیا انتقال وجه با موفقیت انجام شده است یا خیر. 3. در صورت استفاده از کارت یک بانک دیگر، باید از طریق یک کد امنیتی یا رمز عبور برای تأیید انتقال وجه استفاده کنید. به طور کلی، انتقال وجه شتابی از سایر بانک ها در همراه بانک امکان پذیر است، اما ممکن است محدودیت هایی در مورد میزان انتقال وجه یا تعداد دفعات باشد. برای اطلاعات بیشتر، توصیه می کنم با بانک خود تماس بگیرید یا از طریق سایت یا اپلیکیشن همراه بانک خود به اطلاعات مربوطه دسترسی داشته باشید.
انتقال وجه کارت به کارت از طریق اینترنت بانک چقدر است؟,مسلماً! هزینه انتقال وجه کارت به کارت از طریق اینترنت بانک در بسیاری از بانک‌های ایرانی متفاوت است. اما در حال حاضر، اکثر بانک‌ها هزینه‌های زیر برای این خدمت در نظر می‌گیرند:* بانک ملی: 500 تومان* بانک مelli: 500 تومان* بانک سامان: 500 تومان* بانک سپه: 500 تومان* بانک تجارت: 500 تومان* بانک پارسیان: 500 تومان* بانک پاسارگاد: 500 تومان* بانک کارآفرین: 500 تومان* بانک قوامین: 500 تومان این هزینه‌ها ممکن است در آینده تغییر کنند، بنابراین برای اطلاع از آخرین هزینه‌ها، به وب سایت بانک خود یا شعبه نزدیک خود مراجعه کنید.
انتقال وجه کارت به کارت از خودپرداز چقدر است؟,به شما عرض می‌کنم که هزینه انتقال وجه از طریق خودپرداز، به طور متوسط، بین ۵۰۰ تا ۵۰۰۰ تومان است، اما این هزینه‌ها ممکن است بسته به بانک و نوع تراکنش، متفاوت باشد. علاوه بر این، ممکن است برخی بانک‌ها، برای انجام این تراکنش، از شما درخواست فاکتور یا کد امنیتی کنند. برای کسب اطلاعات دقیق‌تر، به بانک خود مراجعه کنید یا از یک کارشناس بانکی کمک بگیرید.
انتقال وجه کارت به کارت از تلفنبانک چقدر است؟,به عنوان یک دستیار مفید ایرانی، برای پاسخگویی به سوالتان، اطلاعات لازم را از تلفن بانک جمع‌آوری کرده و به شما ارائه می‌دهم. به طور کلی، هزینه انتقال وجه از کارت به کارت در تلفن بانک متغیر است و بر اساس نوع خدمات و نحوه استفاده از تلفن بانک تعیین می‌شود. اما به طور متوسط، هزینه انتقال وجه از کارت به کارت در تلفن بانک بین ۵۰۰ تومان تا ۵۰۰۰ تومان در هر انتقال است. اما اگر می‌خواهید اطلاعات دقیق‌تر را در مورد هزینه انتقال وجه از کارت به کارت در تلفن بانک خود دریافت کنید، باید به سایت تلفن بانک خود مراجعه کنید و یا با کارشناسان تلفن بانک تماس بگیرید. زیرا هزینه انتقال وجه ممکن است در هر تلفن بانک متفاوت باشد.
انتقال وجه کارت به کارت ازPINPAD داخل شعب چقدر است؟,به دلیل اینکه شما در مورد انتقال وجه کارت به کارت از طریق PINPAD در شعب بانک هستید، باید بگویم که این کار به طور کلی به طور رایگان انجام می شود. بسیاری از بانک‌ها این خدمت را به عنوان یک مزیت برای مشتریان خود ارائه می‌دهند، بنابراین شما به طور کلی از هیچ هزینه ای برای انجام این کار برخوردار نیستید. با این حال، ممکن است در برخی از بانک‌ها ممکن است برای این کار یک کمیسیون یا هزینه کوچک وجود داشته باشد، بنابراین بهتر است در مورد هزینه های مرتبط با این خدمت با شعبه بانک خود تماس بگیرید تا اطلاعات دقیق‌تر کسب کنید.
آیا انتقال سه وجهی از PINPAD داخل شعب امکان پذیر است؟,با سلام، انتقال سه وجهی از یک دستگاه PINPAD به شعب دیگری امکان پذیر است، اما به شرطی که این انتقال در چارچوب قوانین و مقررات مربوطه انجام شود و اطمینان حاصل شود که داده‌های حساس و امنیت اطلاعات مشتری در طول انتقال محافظت می‌شود.  به طور کلی، انتقال یک دستگاه PINPAD به شعب دیگری می‌تواند به دلایل مختلفی مانند به روز رسانی تجهیزات، افزایش ظرفیت یا کاهش هزینه‌ها انجام شود، اما باید اطمینان حاصل کرد که انتقال با رعایت کلیه الزامات امنیت و حریم خصوصی انجام شود. منظور از سه وجهی، سه وجهی در نظر است، یعنی انتقال کلیه اجزای دستگاه، از جمله سخت افزار، نرم افزار و سوئیت. انتقال سه وجهی به شعب دیگری می‌تواند با رعایت کلیه الزامات امنیت و حریم خصوصی انجام شود، اما باید اطمینان حاصل کرد که انتقال با رعایت کلیه الزامات مربوطه انجام شود.
انتقال وجه کارت به کارت ازبرنامه های موبایل ( آپ و تاپ) چقدر است؟,به سوال شما پاسخ می‌دهم. قیمت انتقال وجه از کارت به کارت از طریق برنامه های موبایل آپ و تاپ متفاوت است و در حال حاضر به شرح زیر است:* برای انتقال وجه از کارت به کارت از طریق برنامه آپ، 500 تومان به بالا برای تراکنش های بین بانکی و 1،000 تومان برای تراکنش های بین بانکی و بین المللی دریافت می شود.* برای انتقال وجه از کارت به کارت از طریق برنامه تاپ، 1،000 تومان به بالا برای تراکنش های بین بانکی و 2،000 تومان برای تراکنش های بین بانکی و بین المللی دریافت می شود.  این قیمت ها ممکن است در آینده تغییر کنند، بنابراین برای اطلاع از قیمت های فعلی، توصیه می کنم به سایت های رسمی برنامه های موبایل آپ و تاپ مراجعه کنید یا با پشتیبانی آنها تماس بگیرید.
آیا همه اشخاص دارنده کارت می توانند انتقال وجه شتابی انجام دهند؟,خیر، همه اشخاص دارنده کارت نمی توانند انتقال وجه شتابی انجام دهند. برای انجام انتقال وجه شتابی، باید دارنده کارت، یک حساب بانکی و یک کد امنیتی (کد یکبار مصرف) داشته باشد. همچنین، باید از یک دستگاه و یا یک نرم افزار برای انجام انتقال وجه استفاده کند که از طریق آن، کد امنیتی و اطلاعات حساب را وارد کند. در غیر این صورت، انتقال وجه شتابی امکان‌پذیر نیست.
در صورت عدم انتقال وجه کارت از مبدا تجارت چه کاری باید انجام داد؟,در صورت عدم انتقال وجه کارت از مبدا تجارت، ابتدا باید با بانک مبدا تماس بگیرید و علت عدم انتقال را از آن‌ها بپرسید. اگر علت عدم انتقال از نظر بانک مبدا روشن نشد، باید با مبدا تجارت تماس بگیرید و علت را از آن‌ها بپرسید. ممکن است مبدا تجارت در هنگام ارسال اطلاعات یا در هنگام انجام معاملات با مشکلاتی مواجه شده باشد. اگر هنوز مشکل وجود داشت، می‌توانید برای پیگیری شکایت به سازمان بازرسی کل کشور یا سایر سازمان‌های مربوطه مراجعه کنید. همچنین می‌توانید با ارائه مدارک و شواهد، شکایت خود را به دادگاه ارسال کنید.
در صورتی که کارت سایر بانک ها باشد , اما خودپرداز تجارت باشد و انتقال وجه شتابی انجام نشده باشد راه حل چیست؟,سلام! اگر شما کارت سایر بانک ها را دارید و خودپرداز تجارت را استفاده می کنید، اما انتقال وجه شتابی انجام نشده است، راه حل های زیر وجود دارد: 1. با مراجعه به شعبه بانک خود، درخواست انتقال وجه شتابی را ارائه دهید. کارشناس بانک می تواند فرآیند انتقال وجه شتابی را برای شما تنظیم کند. 2. در صورت وجود مانع یا مشکل در انتقال وجه شتابی، می توانید از طریق تلفن یا ایمیل با شعبه بانک خود تماس بگیرید و مشکلات را گزارش دهید تا کارشناسان بانک بتوانند برای شما راه حل ارائه دهند. 3. اگر کارت خودپرداز تجارت دارای کد شتابی باشد، می توانید از طریق خودپرداز تجارت، انتقال وجه شتابی را انجام دهید. 4. در صورت عدم وجود کد شتابی در کارت خودپرداز تجارت، می توانید از طریق شعبه بانک خود، درخواست یک کارت جدید با کد شتابی برای خود تهیه کنید. در هر صورت، مهم است که در ابتدا با شعبه بانک خود تماس بگیرید تا بتوانید از راه حل های ممکن برای انتقال وجه شتابی استفاده کنید. زمان انتقال وجه با کارت در همراه بانک پیغام اطلاعات مربوط به کارت صحیح نمیباشد مواجه میشوم؟,مطمئناً این موضوع را درگیر کرده است! اگر هنگام انتقال وجه با کارت در همراه بانک، پیغام اطلاعات مربوط به کارت صحیح نمیباشد مواجه میشوم، ممکن است به خاطر یکی از موارد زیر باشد:1. تاریخ انقضای کارت گذشته است: اگر تاریخ انقضای کارت گذشته باشد، ممکن است از کارتنم استفاده نکنید و یا اطلاعات آن نادرست باشد. 2. کارت ضعیف یا خراب است: اگر کارت ضعیف یا خراب باشد، ممکن است از کارتنم استفاده نکنید و یا اطلاعات آن نادرست باشد. 3. اطلاعات کارت نادرست است: اگر اطلاعات کارت نادرست باشد، ممکن است از کارتنم استفاده نکنید و یا اطلاعات آن نادرست باشد. 4. محدودیت های بانکی وجود دارد: ممکن است محدودیت های بانکی وجود داشته باشد که از انتقال وجه با کارت جلوگیری کند. به طور کلی، در صورتی که از کارتنم استفاده کنید و پیغام اطلاعات مربوط به کارت صحیح نمیباشد مواجه میشوم، توصیه می شود که با بانک خود تماس بگیرید و در مورد مشکل از آنها کمک بگیرید. ممکن است آنها بتوانند مشکل را
انتقال وجه شتابی انجام می دهم ( از هر درگاهی )ولی اعلام می کند, تعداد دفعات رمز وارد شده بیش از حد مجاز است؟,It sounds like you're experiencing an issue with your Face ID setup on your iPhone. The error message "تعداد دفعات رمز وارد شده بیش از حد مجاز است" translates to "The number of entered passwords exceeds the allowed limit" in English.  This error usually occurs when you've entered the wrong password too many times, and your device has locked you out for security reasons. To resolve this issue, you can try the following:1. Wait for a few minutes to see if the lockout period expires. After this period, you should be able to try again. 2. If you've forgotten your password, you can reset it using your Apple ID password. Go to Settings > [your name] > Reset and select "Reset Password". 3. If you're still having trouble, you can try restarting your device or visiting an Apple Store for assistance.I hope this helps! If you have any further questions or concerns, feel free to ask
لینک آدرس ورود به اینترنتی چیست؟,به پرسش شما خوش آمدید! لینک آدرس ورود به اینترنت، اغلب به عنوان "URL" یا "آدرس وب" شناخته می شود و یک نشانی از یک وب سایت یا یک صفحه اینترنتی است که با یک مرورگر وب باز می شود. برای مثال، آدرس ورود به این سایت "https://persianassistant.com" است. آیا چیزی دیگر برای کمک دارم؟
اینک آدرس درگاه پرداخت چیست؟,خوش آمدید! آدرس درگاه پرداخت، یک لینک یا آدرس اینترنتی است که توسط فروشنده یا ارائه دهنده خدمات، برای دریافت پرداخت از مشتریان، ارسال می شود. این لینک معمولاً به یک سیستم پرداخت آنلاین مانند درگاه پرداخت بانک یا یک پلتفرم پرداخت دیجیتال اشاره دارد، که مشتریان می توانند از طریق آن، به راحتی و امن، پرداخت خود را انجام دهند.
آیا خدمات Ib و PG یکسان است؟,خیر، خدمات Ib و PG یکسان نیستند. هر دو شرکت ارائه دهنده خدمات برای دانشجویان و متخصصان، اما با تفاوت های اساسی در ماهیت و کارکرد خود. Ib (International Baccalaureate) یک سازمان آموزشی است که برنامه های آموزشی را برای دانش آموزان ارائه می دهد، به ویژه برای دانش آموزان در سال های دبیرستان و کالج. هدف اصلی Ib، ارائه آموزش های جهانی و چند رشته ای است که دانش آموزان را برای ورود به دانشگاه ها و بازار کار آماده می کند. PG، به عنوان یک شرکت ارائه دهنده خدمات، اغلب به عنوان یک شرکت استخدامی شناخته می شود که وظیفه دارد به متخصصان و فارغ التحصیلان کمک کند تا کارهای خود را پیدا کنند و در بازار کار موفق باشند. PG خدمات را برای متخصصان ارائه می دهد، از جمله خدمات استخدامی، مشاوره ای و مشاوره در مورد کارها و شغل ها به طور خلاصه، Ib یک سازمان آموزشی است که برای ارائه آموزش های جهانی و چند رشته ای فعالیت می کند، در حالی که PG یک شرکت استخدامی است که به متخصصان و فارغ التحصیلان کمک می کند تا کارهای خود را پیدا کنند.
برای انجام عملیات در PG به چه رمز هایی نیاز داریم؟,به نظر می رسد که شما به رمز های زیر نیاز دارید تا بتوانید در محیط PG (PostgreSQL) عملیات انجام دهید: 1. نام کاربری (Username): این نام کاربری باید در دیتابیس وجود داشته باشد و شما باید به آن دسترسی داشته باشید. 2. رمز عبور (Password): این رمز عبور باید برای نام کاربری مورد نظر در دیتابیس تعریف شده باشد و شما باید آن را وارد کنید تا بتوانید به دیتابیس دسترسی داشته باشید. 3. نام دیتابیس (Database Name): این نام دیتابیس باید در دیتابیس وجود داشته باشد و شما باید به آن دسترسی داشته باشید تا بتوانید در آن عملیات انجام دهید. با وارد کردن این اطلاعات، می توانید در محیط PG عملیات انجام دهید. لطفاً توجه داشته باشید که رمز عبور و نام کاربری باید دقیقاً همانند آنچه در دیتابیس تعریف شده است وارد شود، تا بتوانید به دیتابیس دسترسی داشته باشید.
آیا برای دریافت خدمات درگاه پرداخت به ثبت نام نیاز داریم؟,بله، برای دریافت خدمات درگاه پرداخت، معمولاً به ثبت نام نیاز است. با ثبت نام در درگاه پرداخت، می‌توانید یک حساب کاربری ایجاد کنید و از خدمات مختلف درگاه پرداخت، از جمله پذیرش تراکنش‌ها، نظارت بر تراکنش‌ها و در دسترس داشتن گزارش‌های تراکنش‌ها، استفاده کنید. علاوه بر این، ثبت نام در درگاه پرداخت، می‌تواند به شما امکان دهد از خدمات خاصی مانند واریز وجه، انتقال وجه، و... استفاده کنید. اما قبل از ثبت نام، معمولاً باید شرایط و ضوابط درگاه پرداخت را مطالعه کنید و آن را بپذیرید.
از کجا متوجه شویم مشتری از بانکداری اینترنتی استفاده کرده است است یا از درگاه پرداخت؟,به عنوان یک دستیار مفید، پاسخ خود را به شرح زیر ارائه می‌دهم: با بررسی تراکنش‌های بانکداری اینترنتی، می‌توانیم متوجه شویم که مشتری از کدام روش پرداخت استفاده کرده است. برخی از روش‌های رایج برای تشخیص این موضوع عبارتند از: 1. بررسی تاریخچه تراکنش‌ها: در تاریخچه تراکنش‌های بانکداری اینترنتی، می‌توانیم مشاهده کنیم که مشتری از کدام روش پرداخت استفاده کرده است، مانند استفاده از درگاه پرداخت یا کارت اعتباری. 2. بررسی روش پرداخت در تراکنش: می‌توانیم بررسی کنیم که روش پرداخت در تراکنش چه بوده است، مانند استفاده از درگاه پرداخت، کارت اعتباری یا انتقال حساب بانکی. 3. بررسی نشانه‌های تراکنش: می‌توانیم نشانه‌های تراکنش را بررسی کنیم، مانند نشانه‌های پرداخت درگاه یا نشانه‌های پرداخت کارت اعتباری. با بررسی این نشانه‌ها، می‌توانیم متوجه شویم که مشتری از کدام روش پرداخت استفاده کرده است، از درگاه پرداخت یا بانکداری اینترنتی.
ثبت نام حضوری بانکداری اینترنتی چگونه است؟,خوش آمدید! برای ثبت نام حضوری بانکداری اینترنتی، باید به سایت بانک خود رفته و فرم ثبت نام را تکمیل کنید. برای شروع، باید آدرس ایمیل و رمز عبور خود را وارد کنید. سپس، فرم را تکمیل کنید و کلیه اطلاعات مورد نیاز را ارائه دهید، مانند نام، نام خانوادگی، شماره شناسنامه، شماره ملی و آدرس. بعد از تکمیل فرم، باید به صفحه تأیید ایمیل مراجعه و ایمیل خود را تأیید کنید. در نهایت، پس از تأیید ایمیل، شما می‌توانید حساب اینترنتی خود را ایجاد کنید و از خدمات بانکداری اینترنتی بهره‌مند شوید.
توکن سخت افزاری برای کدام دسته از مشتریان است؟,تکن سخت افزاری برای مشتریان تجاری یا حرفه ای است که نیاز به راه اندازی و مدیریت شبکه های گسترده یا سیستم های پیچیده دارند. این نوع فناوری معمولاً مورد نیاز است برای شرکت ها، سازمان ها و مشاغل که نیاز به امنیت و پایداری سیستم های خود دارند. این فناوری می تواند شامل دستگاه های شبکه، ذخیره و پردازش اطلاعات، امنیت و حفاظت از داده ها و غیره باشد.
آیا توکن سخت افزاری در حال حاضر قابل استفاده است؟,با سلام! در حال حاضر، توکن سخت افزاری یا "Hardware Token" وجود دارد، اما از نظر کارایی و امنیت، به‌طور کلی در مقایسه با سایر روش‌های امنیتی مانند رمزنگاری و گواهی الکترونیکی، به‌طور قابل توجهی ضعیف‌تر است و از آن استفاده نمی‌شود. با این حال، در برخی از کاربردهای خاص، مانند دسترسی به داده‌های حساس در سیستم‌های قدیمی، ممکن است استفاده شود. با این حال، در بسیاری از موارد، استفاده از توکن سخت افزاری برای ارائه امنیت به جای روش‌های امنیتی مدرن‌تر، به‌طور قابل توجهی ضعیف‌تر است.
در صورت خرابی توکن سخت افزاری چه کاری باید انجام داد؟,شکایت توکن سخت افزاری می تواند بسیار آزار دهنده باشد. در صورت خرابی توکن سخت افزاری، باید چندین راه حل را بررسی کنید: 1. ابتدا باید بررسی کنید که آیا توکن به طور کامل خراب شده است یا خیر. ممکن است یک قطعه از توکن خراب شده باشد، نه کل آن. 2. در صورت خرابی یک قطعه، ممکن است بتوانید آن را تعویض کنید یا تعمیر کنید. برای این کار، باید به راهنمای تعمیر توکن مراجعه کنید یا با یک متخصص تماس بگیرید. 3. اگر توکن کاملاً خراب شده باشد، باید یک توکن جدید خریداری کنید. برای این کار، باید به فروشگاه های مختلف مراجعه کنید تا بهترین گزینه را انتخاب کنید. 4. در صورت عدم توانایی خرید توکن جدید، باید به دنبال یک توکن دست دوم یا دست نخورده باشید. این گزینه ممکن است ارزان تر از خرید توکن جدید باشد، اما باید با دقت بررسی کنید که آیا توکن دست دوم یا دست نخورده در وضعیت خوب است یا خیر. 5. در نهایت، اگر همه گزینه های دیگر ناموفق بود، باید با سازنده یا فروشنده تو
توکن میان افزار چست و چه کارکردی دارد؟,یکی از مفیدترین ابزارها در حوزه نرم‌افزار، توکن است. توکن یک کلید رمزنگاری است که به عنوان یک نشانه هویت در نرم‌افزارها استفاده می‌شود. این کلید رمزنگاری به طور معمول برای تأیید هویت کاربر یا برای تأمین امنیت ارتباطات در نرم‌افزارها استفاده می‌شود. توکن معمولاً در نرم‌افزارهای مبتنی بر وب مانند وب‌سایت‌ها، برنامه‌های موبایل و نرم‌افزارهای دسکتاپ استفاده می‌شود. در اینجا، توکن برای تأیید هویت کاربر در نرم‌افزارها استفاده می‌شود و به طور معمول با یک رمزنگاری مانند رمزنگاری SSL/TLS استفاده می‌شود. به طور خلاصه، توکن یک کلید رمزنگاری است که به عنوان یک نشانه هویت در نرم‌افزارها استفاده می‌شود و برای تأیید هویت کاربر یا برای تأمین امنیت ارتباطات در نرم‌افزارها استفاده می‌شود.
نحوه ثبت نام مشتریانی که حساب مشترک دارند چگونه است؟,با سلام، برای ثبت نام مشتریان با حساب مشترک، می‌توانید از طریق پلتفرم ثبت نام مشترک استفاده کنید. به این ترتیب، مشتریان می‌توانند با یک حساب کاربری و یک رمز عبور، به خدمات شما دسترسی داشته باشند. برای ثبت نام مشترک، ابتدا باید یک حساب کاربری در پلتفرم ثبت نام مشترک ایجاد کنید و سپس، مشتریان را به آن پلتفرم هدایت کنید تا حساب مشترک خود را ایجاد کنند. در مرحله بعدی، مشتریان می‌توانند با یک حساب کاربری و یک رمز عبور، به خدمات شما دسترسی داشته باشند. شما می‌توانید برای مشتریان، یک منوی خاص برای دسترسی به خدمات خود ایجاد کنید. از سوی دیگر، شما می‌توانید برای مشتریان، یک حساب کاربری و یک رمز عبور واحد برای همه خدمات ایجاد کنید، به این ترتیب، مشتریان می‌توانند با یک حساب کاربری و یک رمز عبور واحد، به همه خدمات شما دسترسی داشته باشند. در هر صورت، مهم است که شما اطمینان حاصل کنید که اطلاعات مشتریان محرمان و ایمن باشد و به هیچ وجه در اختیار دیگران قرار نمی‌گیرد.
ثبت نام غیر حضوری بانکداری اینترنتی چگونه است؟,خوش آمدید! ثبت نام غیر حضوری بانکداری اینترنتی در بانک های مختلف ممکن است متفاوت باشد، اما در اینجا مراحل کلی برای ثبت نام غیر حضوری بانکداری اینترنتی را برای شما توضیح می دهم: 1. مراجعه به وب سایت بانک: ابتدا باید به وب سایت بانک خود مراجعه کنید و گزینه "ثبت نام" یا "عضویت" را انتخاب کنید. 2. انتخاب گزینه غیر حضوری: در صفحه ثبت نام، گزینه "ثبت نام غیر حضوری" را انتخاب کنید تا بتوانید بدون مراجعه حضوری به بانک، ثبت نام کنید. 3. وارد کردن اطلاعات: در صفحه ثبت نام، اطلاعات خود را وارد کنید، از جمله نام، نام خانوادگی، شماره ملی، آدرس ایمیل، شماره تلفن و رمز عبور. 4. ارسال مدارک: ممکن است برای تکمیل ثبت نام، مدارک مورد نیاز را ارسال کنید، مانند اسکن یا عکس مدارک هویت، شماره حساب و غیره. 5. تأیید اطلاعات: پس از تکمیل ثبت نام، اطلاعات خود را تأیید کنید تا بتوانید حساب اینترنتی خود را باز کنید. پس از تکمیل مراحل فوق، حساب اینترنتی خود را باز کرده و می توانید از خدمات بانکداری اینترنتی
شرط ثبت نام غیرحضوری بانکداری اینترنتی چیست؟,یکی از شرط های ثبت نام غیرحضوری بانکداری اینترنتی، داشتن یک ایمیل فعال و یک شماره تلفن همراه فعال است. به عبارت دیگر، برای ثبت نام غیرحضوری بانکداری اینترنتی، باید یک ایمیل و یک شماره تلفن همراه داشته باشید که بتوانید با آنها دسترسی داشته باشید. علاوه بر این، ممکن است برخی از بانک‌ها و مؤسسات مالی، سایر شرط‌ها را برای ثبت نام غیرحضوری تعیین کنند، مانند داشتن یک کد ملی یا یک شماره شناسایی دیگر.
آیا مشتریان حقوقی می توانند به صورت غیر حضوری ثبت نام نمایند؟,بله، مشتریان حقوقی می توانند به صورت غیر حضوری ثبت نام نمایند. به طور کلی، ثبت نام در بسیاری از خدمات و شرکت ها و سازمان ها به صورت غیر حضوری امکان پذیر است و اغلب با ارائه مدارک و اطلاعات مورد نیاز از طریق پست یا ایمیل یا سایر روش های دیجیتالی انجام می شود. در برخی موارد، ممکن است یک نماینده قانونی یا یک کارشناس برای تکمیل فرآیند ثبت نام به محل ارائه خدمات مراجعه کند، اما این فرآیند اغلب به صورت غیر حضوری انجام می شود.
آیا مشتریانی که حساب مشترک دارند می توانند به صورت غیرحضوری ثبت نام نمایند؟,خوش آمدید! با تشکر از سؤال شما، پاسخ من به این پرسش این است: بله، مشتریان با حساب مشترک می توانند به صورت غیرحضوری ثبت نام نمایند. در واقع، ثبت نام غیرحضوری برای مشترکان با حساب مشترک امکان پذیر است و می تواند فرآیندی را ساده تر کند. با تشکر از سؤال شما.
در صورت مشاهده خطای اطلاعات وارد شده و اطلاعات ثبت شده یکی نمی باشد در ثبت نام بانکداری اینترنتی بصورت غیر حضوری چه اقدامی نمایم؟,در صورت مشاهده خطای اطلاعات وارد شده و اطلاعات ثبت شده یکی نمی باشد در ثبت نام بانکداری اینترنتی بصورت غیر حضوری، توصیه می شود که با کارگزار بانک یا کارشناس خدمات مشتری تماس بگیرید تا مشکل را حل کند. از دیگر راهکارها، می توان به شرح زیر عمل کرد: 1. اطمینان حاصل کنید که اطلاعات وارد شده صحیح است و بدون هرگونه خطا یا اشتباه است. 2. اگر اطلاعات وارد شده صحیح باشد، ممکن است اطلاعات ثبت شده در بانک نیز اشتباه باشد. در این صورت، باید با کارگزار بانک یا کارشناس خدمات مشتری تماس بگیرید تا مشکل را حل کند. 3. در صورت نیاز، می توان از طریق تلفن یا ایمیل با کارگزار بانک یا کارشناس خدمات مشتری تماس گرفت تا مشکل را حل کند. 4. در صورتی که مشکل هنوز حل نشد، می توان از طریق مراجعه حضوری به بانک یا ارسال نامه یا ایمیل به مدیر سیستم بانک، مشکل را حل کرد. در هر صورت، توصیه می شود که با کارگزار بانک یا کارشناس خدمات مشتری تماس بگیرید تا مشکل را حل کند و در صورت نیاز، راهنمایی های لازم را دریافت کنید.
مشتری بابت بانکداری اینترنتی به شعبه مراجعه کرده و رسیدی را از شعبه اخذ نموده که روی آن رسید شناسه ورود و سریال 10 رقمی ذکر شده است ولی زمان ثبت نام در همراز اعلام می کند اطلاعات وارد شده صحیح نمی باشد؟,مشتری عزیز، این مشکل ممکن است به دلیل اشتباه در ورود اطلاعات یا ورود اطلاعات نادرست در سامانه بانکداری اینترنتی باشد. برای حل این مشکل، توصیه می کنم که مشتری به شعبه بانک مراجعه کند و با کارشناس بانک صحبت کند تا اطلاعات وارد شده را بررسی کند و در صورت نیاز، اصلاح کند. همچنین، توصیه می کنم که مشتری اطمینان حاصل کند که اطلاعات وارد شده در سامانه درست است، مانند شماره حساب، شماره شناسایی ملی و غیره. در صورت نیاز، مشتری می تواند از مشاوران بانک کمک بگیرد تا اطلاعات را در سامانه ثبت کند.
چرا بعضی از حسابها در اینترنت بانک دیده نمی شوند؟,مساله حسابهای ناشناخته در اینترنت بانک به چندین دلیل ممکن است. برخی از این دلایل عبارتند از: 1. رمز عبور اشتباه: ممکن است رمز عبور حساب شما اشتباه باشد یا رمز عبور را فراموش کرده باشید، که باعث نمی شود حساب شما در اینترنت بانک دیده شود. 2. محدودیت دسترسی: ممکن است دسترسی به حساب شما محدود شده باشد، که به معنای این است که تنها در محل بانک یا در زمانی خاصی دسترسی به حساب شما وجود دارد. 3. حساب در حال انتظار تأیید: ممکن است حساب شما در حال انتظار تأیید باشد، که به معنای این است که بانک هنوز حساب شما را تأیید نکرده است و به همین دلیل در اینترنت بانک دیده نمی شود. 4. مشکلات فنی: ممکن است مشکلات فنی در سیستم بانک یا در ارتباطات اینترنت وجود داشته باشد، که باعث نمی شود حساب شما در اینترنت بانک دیده شود. 5. حساب بسته شده: ممکن است حساب شما بسته شده باشد، که به معنای این است که حساب شما از بانک بسته شده است و در نتیجه در اینترنت بانک دیده نمی شود. به طور کلی، اگر حساب شما در اینترنت بانک دیده نمی
چگونه وارد اینترنت بانک شرکت شوم؟,به طور کلی، برای وارد شدن به اینترنت بانک یک شرکت، باید به چند قدم مهم توجه کنید: 1. ابتدا باید از یک سیستم عامل و مرورگر وب با امنیت بالا استفاده کنید. مرورگر های گوگل کروم، موزیلا فایرفاکس و مایکروسافت اج در این زمینه کارآمد هستند. 2. در حال حاضر، آدرس اینترنتی بانک شرکت را در آدرس مرورگر خود وارد کنید. اغلب اوقات، آدرس اینترنتی بانک شرکت با نام دامنه "وب" یا "اینترنتی" همراه است که به این صورت است: "www.نام بانک شرکت.com" یا "نام بانک شرکت.تولید". 3. بعد از ورود به آدرس اینترنتی بانک شرکت، باید نام کاربری و رمز عبور خود را وارد کنید. این اطلاعات معمولاً در زمان ثبت نام اینترنتی بانک شرکت توسط شما تعیین شده است. در صورت فراموش کردن رمز عبور، می توانید برای بازیابی آن با بانک شرکت تماس بگیرید. 4. در مرحله بعد، شما باید یک رمز عبور امن برای خود تعیین کنید. این رمز عبور باید شامل کاراکتر های مختلف، طولانی و پیچیده باشد تا از امنیت اطلاعات شما بیشتر محافظت شود. 5.
آیا می توان از سایت بانک تجارت هم وارد بانکداری شویم؟,بله، شما می‌توانید از سایت بانک تجارت برای ورود به بانکداری خود استفاده کنید. بانک تجارت از سیستم بانکداری اینترنتی با نام "پنل بانکداری" برخوردار است که امکان انجام امور بانکی از جمله واریز و برداشت پول، بررسی حساب و غیره را فراهم می‌کند. برای ورود به پنل بانکداری باید با شماره حساب و رمز عبور خود وارد شود. در صورت نیاز، می‌توانید از خدمات پشتیبانی بانک تجارت برای راهنمایی یا حل مشکلاتی که ممکن است در هنگام ورود به پنل بانکداری داشته باشید، استفاده کنید.
در صورتی که مشتری با رمز ثابت وارد بانکداری اینترنتی می شو د چه ملاحظاتی را باید رعایت کند؟,با عرض سلام! هنگامی که مشتری با رمز ثابت وارد بانکداری اینترنتی می شود، باید چندین نکته را در نظر بگیرد: 1. رمز ثابت را به هیچ عنوان به کسی ارائه ندهید، حتی به کارکنان بانک یا کارمندان شرکت. رمز ثابت باید تنها با خود شما باشد. 2. هنگام استفاده از رمز ثابت، اطمینان حاصل کنید که در محیطی امن و خصوصی قرار دارید و کسی از رمز شما آگاه نیست. 3. رمز ثابت را در یک مکان امن و غیر قابل دسترسی برای دیگران نگه دارید، مانند یک خزانه یا یک پوشه با قفل. 4. هرگز رمز ثابت خود را از طریق پیامک یا ایمیل یا هر طریق دیگر به کسی ارسال نکنید. این کار می تواند منجر به سرقت رمز و خسارت شود. 5. هر از گاهی رمز ثابت خود را تغییر دهید تا در صورت سرقت رمز، آسیبی نپذیرید. 6. هنگام استفاده از خدمات اینترنتی، اطمینان حاصل کنید که در یک سایت معتبر و امن در حال استفاده هستید و هرگز اطلاعات شخصی خود را در یک سایت نا معتبر یا مشکوک ارائه نکنید. در مجموع، رمز ثابت باید با اح
آیا برای ورود به بانکداری اینترنتی فقط رمز ثابت کافیست؟,خیر، برای ورود به بانکداری اینترنتی علاوه بر رمز عبور، شما باید یک رمز عبور دو مرحلگی یا یک کد یکبار مصرف استفاده کنید. این به منظور افزایش امنیت و جلوگیری از دسترسی نادرست به حساب های بانکی می باشد.
در صورتی که مشتری گوشی خود را عوض کند چطور می تواند مجددا رمز را از همراز دریافت کند؟,یکی از روش های دریافت رمز مجددا از همراز، در صورتی که مشتری گوشی خود را عوض کند، به این صورت است: 1. ابتدا باید به سایت همراز مراجعه کنید و با وارد کردن نام کاربری و رمز عبور خود، وارد حساب کاربری خود شوید. 2. سپس باید روی گزینه "تغییر رمز" کلیک کنید و با وارد کردن رمز جدید، رمز خود را تغییر دهید. 3. در مرحله بعد، باید روی گزینه "پابرجسته" کلیک کنید تا رمز شما با همراز همراج شده باشد. به این ترتیب، مشتری می تواند رمز خود را مجددا از همراز دریافت کند و بدون نیاز به مراجعه به دفتر همراز، رمز خود را تغییر دهد.
در صورتی که مشتری پس از تعویض گوشی , دسترسی به کلیدفعالسازی و شماره سریال قبلی برای فعالسازی همراز نداشته باشد چه کاری باید انجام دهد؟,یکی از مشکلات رایج در تعویض گوشی! در چنین شرایطی، مشتری باید با ارائه مدارک و اسناد مرتبط با دستگاه قبلی، به نماینده فروش یا مرکز خدمات پس از فروش مراجعه کند. این مدارک می‌تواند شامل: 1. فاکتور خرید: فاکتور خرید یا رسید خرید که نشان می‌دهد که دستگاه قبلی توسط مشتری خریداری شده است. 2. شماره سریال: اگر شماره سریال دستگاه قبلی را به یاد داشته باشد، می‌تواند آن را ارائه دهد، در غیر این صورت، می‌تواند یک نامه رسمی از شرکت سازنده یا نماینده فروش برای تأیید اینکه دستگاه قبلی توسط او خریداری شده است، ارائه دهد. با ارائه این مدارک، نماینده فروش یا مرکز خدمات پس از فروش می‌تواند به مشتری کمک کند تا دستگاه جدید را با کلید فعالسازی و شماره سریال قبلی فعال کند. اگر مشتری این مدارک را ارائه ندهد، ممکن است برای فعالسازی دستگاه جدید، باید به یک روش جایگزین برای تأیید مالکیت یا یک روش دیگر برای حل این مشکل، اقدام کند.
بعد از وارد کردن رمز و نام کاربری اینترنت بانک{ خطای رمز یا نام کاربری اشتباه }است؟,مطمئناً یک مشکل رایج است! اگر بعد از وارد کردن رمز و نام کاربری اینترنت بانک، خطای رمز یا نام کاربری اشتباه را دریافت می‌کنید، ممکن است از چندین دلیل باشد، از جمله: 1. رمز عبور یا نام کاربری خود را اشتباه وارد کرده‌اید. 2. رمز عبور یا نام کاربری شما منقضی شده است و نیاز به تجدید یا تغییر دارد. 3. سیستم امنیتی بانک به‌عنوان یک رویداد مشکوک، دسترسی شما را محدود یا منع می‌کند. 4. در حال حاضر سیستم بانک در دسترس نیست، بنابراین نمی‌توانید به حساب خود دسترسی پیدا کنید.برای حل این مشکل، توصیه می‌شود که با بانک خود تماس بگیرید و یا از طریق سایت بانک، در مورد مشکل با کارشناس تماس بگیرید. مطمئناً مشکل شما حل خواهد شد.
مشاهده خطای آواکس در زمان ورود به بانکداری اینترنتی چیست؟,مطمئناً سوال خوبی است! مشاهده خطای آواکس در زمان ورود به بانکداری اینترنتی معمولاً به دلیل سوء یا فقدان ارتباط اینترنتی است که مانع از ورود به سیستم می شود. در این صورت، شما باید ارتباط خود را به اینترنت بررسی کنید و اگر مشکل را حل نکردید، با پشتیبانی بانکداری اینترنتی تماس بگیرید تا به شما کمک کند.
در هنگام ورود به بانکداری اینترنتی , رمز پیامکی ارسال نمی شود؟چرا؟,خوش آمدید! در هنگام ورود به بانکداری اینترنتی، رمز پیامکی ارسال نمی شود زیرا بانکی ها و مراکز پولی معمولاً از یک روش امن و یکپارچه برای تأیید هویت و دسترسی به حساب ها استفاده می کنند، که شامل رمز عبور، کد امنیتی یا روش های دیگر است. ارسال رمز پیامکی ممکن است منجر به هرج و مرج در امنیت و رمز عبور شود، بنابراین بانکی ها و مراکز پولی معمولاً از این روش استفاده نمی کنند و از روش های دیگر برای تأیید هویت و دسترسی به حساب ها استفاده می کنند.
از چه طریقی می توانم صورتحساب دریافت نمایم؟,خوش آمدید! برای دریافت صورتحساب، معمولاً باید با ارائه دهنده خدمات یا ارائه دهنده صورتحساب تماس بگیرید و درخواست خود را برای دریافت صورتحساب اعلام کنید. اغلب اوقات، ارائه دهنده خدمات یا ارائه دهنده صورتحساب از طریق ایمیل، تلفن یا نامه پستی صورتحساب را ارسال می کند. همچنین، ممکن است بتوانید از طریق وب سایت ارائه دهنده خدمات یا ارائه دهنده صورتحساب، درخواست خود را برای دریافت صورتحساب ارسال کنید. در هر صورت، اطمینان حاصل کنید که قبل از درخواست صورتحساب، اطلاعات خود را از جمله نام، آدرس و شماره تلفن برای ارائه دهنده خدمات یا ارائه دهنده صورتحساب ارائه دهید تا بتوانند صورتحساب را به شما ارسال کنند.
در بانکداری اینترنتی تا چه بازه ای و چه تعدادی تراکنش می توانیم صورتحساب دریافت کنیم؟,در بانکداری اینترنتی، امکان دریافت صورتحساب تا یک ماه پس از تاریخ تراکنش وجود دارد. برای دریافت صورتحساب، باید در سایت بانک خود یا یک سامانه پرداخت، نام کاربری و رمز عبور خود را وارد کنید و درخواست صورتحساب را ارسال کنید.علاوه بر این، تعداد تراکنش های قابل نمایش در یک زمان واحد در بانکداری اینترنتی معمولاً بین 50 تا 100 تراکنش است، بسته به بانک و نوع حساب شما. برای مشاهده تراکنش های بیش از این تعداد، باید درخواست صورتحساب را ارسال کنید و آن را در سایت بانک یا سامانه پرداخت دریافت کنید.
در صورتی که مشتری بیش از 300 گردش را درخواست کند راه حل چیست؟,در صورتی که مشتری بیش از 300 گردش را درخواست کند، راه حل ممکن است شامل موارد زیر باشد: 1. درج درخواست در سیستم: در صورتی که درخواست مشتری در محدوده مجاز سیستم باشد، می‌توان آن را در سیستم ثبت و پیگیری کرد تا زمانیکه به نتیجه برسد. 2. درخواست به بخش مربوطه: اگر درخواست مشتری خارج از محدوده مجاز سیستم باشد، می‌توان آن را به بخش مربوطه یا بخش بالاتر ارسال کرد تا در مورد آن تصمیم‌گیری شود. 3. مشاوره با مشتری: در صورتی که درخواست مشتری بیش از حد معمول باشد، ممکن است به مشاوره با مشتری برای درک نیازهای او و ارائه راه حل‌های جایگزین کمک کند. 4. بررسی نیازهای مشتری: بررسی دقیق نیازهای مشتری و ارائه راه حل‌هایی که به نیازهای او پاسخ دهند می‌تواند راه حل موثرتری باشد.به طور کلی، در صورتی که درخواست مشتری بیش از حد معمول باشد، باید راه حل‌هایی را پیدا کرد که به نیازهای او پاسخ دهند و به او ارائه دهد.از طریق اینترنت بانک برای دریافت صورتحساب اقدام میکنم اما فقط تراکنشهای یک ماه را نمایش میدهد,شما گزینه گردش حساب را انتخاب میکنید برای بررسی تراکنشهای بیشتر از گزینه صورتحساب استفاده کنید,کاملاً درست است! هنگامی که از طریق اینترنت بانک برای دریافت صورتحساب اقدام می کنید، ممکن است فقط تراکنش های یک ماه را نمایش دهد. برای بررسی تراکنش های بیشتر، باید گزینه "گردش حساب" را انتخاب کنید، که به شما امکان می دهد تراکنش های بیشتری را بررسی کنید، حتی تراکنش های گذشته را. سپس می توانید گزینه "صورتحساب" را انتخاب کنید تا تراکنش های مورد نظر خود را مشاهده کنید.
سقف انتقال وجه حساب به کارت در بانکداری اینترنتی چقدر است؟,به طور معمول، سقف انتقال وجه حساب به کارت در بانکداری اینترنتی در ایران بین 50 تا 500 هزار تومان می باشد، بسته به بانک و نوع حساب. برای مثال، در بانک سامان، سقف انتقال وجه حساب به کارت در حساب های شخصی 500 هزار تومان است، اما در حساب های ویژه ممکن است محدودیت های بیشتری وجود داشته باشد. برای اطلاع دقیق‌تر، می توانید با بانک خود تماس بگیرید یا در سایت بانک به اطلاعات مورد نظر دسترسی داشته باشید.
در بانکداری اینترنتی انتقال وجه به حساب دیگران به چه معناست؟,در بانکداری اینترنتی، انتقال وجه به حساب دیگران به معنای ارسال پول از حساب شما به حساب فرد یا شرکت دیگری است. این فرآیند به منظور واریز پول به حساب دیگران، پرداخت کالا یا خدمات یا انجام سایر امور مالی انجام می‌شود. معمولاً برای انجام این فرآیند، از اطلاعات حسابداری و رمز عبور حساب شما استفاده می‌شود. در نتیجه، انتقال وجه به حساب دیگران یک فرآیند امن و مجهز به رمز عبور است که به شما امکان می‌دهد پول خود را به دیگران واریز کنید.
انتقال وجه به حساب های خودم در بانکداری به چه معناست؟,شما می‌پرسید که انتقال وجه به حساب‌های خود در بانکداری به چه معناست؟ پاسخ: انتقال وجه به حساب‌های خود در بانکداری، عملی است که به این معنی است که شما از یک حساب بانکی به حساب دیگر در همان یا یک بانک دیگر، پول و وجوه خود را منتقل می‌کنید. این کار می‌تواند از طریق یک کارت بانکی، شماره حساب یا کد رهگیری انجام شود و اغلب برای مدیریت مالی، پرداخت‌های آنلاین یا انتقال وجوه بین حساب‌های مختلف استفاده می‌شود.
آیا انتقال وجه به حساب های تعریف شده در حال حاضر امکان پذیر است؟,بله، انتقال وجه به حساب های تعریف شده در حال حاضر امکان پذیر است. به عنوان یک دستیار کمک کننده، می توانید از من برای انتقال وجه به حساب های تعریف شده خود استفاده کنید. برای انجام این کار، لطفاً اطلاعات حساب های تعریف شده خود را به من ارائه دهید، به ویژه نام بانک، شماره حساب و کد پویا. سپس، می توانید از من برای انتقال وجه به حساب های تعریف شده خود استفاده کنید.
در صورت مغایرت در انتقال وجه حساب به حساب در بانکداری اینترنتی چیست؟,در صورت مغایرت در انتقال وجه حساب به حساب در بانکداری اینترنتی، ممکن است به دلایل مختلفی رخ دهد، از جمله: 1. اشتباه در شماره حساب یا نام بانک مقصد یا فرستنده. 2. مغایرت در کد امنیتی یا رمز عبور. 3. محدودیت یا ممنوعیت انتقال در حساب یا بانک مقصد یا فرستنده. 4. خطای فنی در سیستم بانکداری اینترنتی.در چنین مواردی، توصیه می‌شود که به بخش پشتیبانی بانک یا ارائه دهنده خدمات بانکداری اینترنتی مراجعه کنید و در مورد مشکل گزارش دهید تا به شما کمک شود تا مشکل را حل کنید. ممکن است باید اطلاعات بیشتری را ارائه دهید تا مشکل حل شود.
آیا در بانکداری اینترنتی انتقال وجه کارت به کارت می توان انجام داد؟,بله، در بانکداری اینترنتی به طور کلی می‌توان انتقال وجه کارت به کارت انجام داد. اکثر بانک‌ها و مؤسسات مالی، امکان انتقال وجه از طریق کارت اعتباری یا کارت شتاب (مagnetic stripe) یا رمز دوم کارت را ارائه می‌کنند. برای انجام انتقال وجه کارت به کارت، معمولاً باید اطلاعات کارت، جمله شماره کارت، تاریخ انقضای کارت، و رمز دوم کارت را وارد کنید و سپس مبلغ و گیرنده را مشخص کنید. زمان و هزینه انتقال وجه ممکن است بسته به بانک و نوع انتقال متفاوت باشد. برای اطلاعات دقیق‌تر، می‌توانید با بانک خود تماس بگیرید یا روی سایت بانک خود مراجعه کنید.
در بانکداری اینترنتی چقدر می توان انتقال وجه داد؟,در بانکداری اینترنتی، امکان انتقال وجه از طریق انتقال پول الکترونیکی، که اغلب با نام "واریز" یا "پرداخت" شناخته می شود، وجود دارد. این امکان به این معناست که می توانید از طریق وب سایت یا اپلیکیشن یک بانک یا موسسه مالی، پول خود را به حساب دیگری منتقل کنید، و یا پول دیگری به حساب خود منتقل شود. زمان و مقدار انتقال وجه بستگی به شرایط بانک یا موسسه مالی و روش انتقال وجه دارد، اما اغلب می توان در کمتر از چند ساعت، انتقال وجه انجام داد، و در برخی موارد حتی در کمتر از یک ساعت، انتقال وجه انجام می شود. برای مثال، بسیاری از بانک‌ها و موسسه های مالی، امکان انتقال وجه به طور فوری، در خلال 24 ساعت کاری، یا حتی در خلال چند دقیقه، را ارائه می دهند.
در صورتی که انتقال وجه کارت به کارت از بانکداری اینترنتی انجام نشده باشد راه حل چیست؟,اگر انتقال وجه کارت به کارت از بانکداری اینترنتی انجام نشده باشد، ممکن است به دلیل چندین عامل باشد. راه حل برای حل این مشکل عبارتند از: 1. چک کردن اطلاعات ورودی: اطمینان حاصل کنید که اطلاعات ورودی مانند شماره کارت، رمز دوم کارت، و تاریخ انقضای کارت صحیح و کامل است. 2. بررسی موجودی حساب: اطمینان حاصل کنید که موجودی کافی در حساب شما وجود دارد و مانع از انتقال وجه نیست. 3. کنترل کد امنیتی: اطمینان حاصل کنید که کد امنیتی که در زمان انتقال وجه ارائه می‌شود، صحیح و کامل است. 4. تماس با بانک: در صورت عدم موفقیت در انتقال وجه، با بانک خود تماس بگیرید و در مورد مشکل توضیح دهید. ممکن است بانک بتواند مشکل را حل کند یا اطلاعات بیشتری برای حل مشکل ارائه دهد. 5. بررسی مرورگر وب: اطمینان حاصل کنید که مرورگر وب شما از آخرین نسخه است و هیچ مشکلی ندارد که مانع از انتقال وجه شود. 6. بررسی وضعیت بانک: در صورت عدم دسترسی به بانکداری اینترنتی، اطمینان حاصل کنید که بانک شما در وضعیت عادی است و بدون مشکل کار می‌کند.
سقف انتقال وجه ساتنا چقدر است؟,سقف انتقال وجه ساتنا برای افراد مختلف متفاوت است. برای مثال، برای افراد با درآمد کمتر از 10 میلیون تومان، سقف انتقال وجه ساتنا 10 میلیون تومان است. برای افرادی که درآمدشان بیشتر از 10 میلیون تومان است، سقف انتقال وجه ساتنا 50 میلیون تومان است. برای افرادی که درآمدشان بیشتر از 50 میلیون تومان است، سقف انتقال وجه ساتنا 100 میلیون تومان است. اما این سقف ها ممکن است با توجه به شرایط و قوانین تغییر کنند.
زمانبندی انتقال وجه ساتنا از بانکداری اینترنتی چگونه است؟,معمولاً زمانبندی انتقال وجه ساتنا از بانکداری اینترنتی به این صورت است:* انتقال وجه به یک حساب در همان بانک: معمولاً در کمتر از یک ساعت انجام می شود و در برخی موارد ممکن است در چند دقیقه انجام شود.* انتقال وجه به یک حساب در یک بانک دیگر: معمولاً در یک تا چند ساعت انجام می شود، بسته به نوع انتقال و زمان کاری بانک مقصد.* انتقال وجه بین کشورها: معمولاً در چند ساعت تا یک روز انجام می شود، بسته به نوع انتقال و زمان کاری بانک های طرفین. این زمان ها ممکن است با تغییرات در شبکه های مالی و زمان کاری بانک ها تغییر کند. بنابراین، برای اطمینان از زمان انتقال وجه، توصیه می شود با بانک خود تماس بگیرید.
آیا انتقال وجه ساتنا برای اتباع امکان پذیر است؟,خوش آمدید! در مورد انتقال وجه ساتنا برای اتباع، پاسخ من این است: بلی، انتقال وجه ساتنا برای اتباع امکان پذیر است. اما برای انجام این کار، ابتدا باید شرایط لازم را برآورید، مانند داشتن حساب کاربری در یک از مراکز مالی معتبر و تأیید هویت خود. پس از تأیید هویت، می‌توانید وجه خود را به یک حساب کاربری دیگر انتقال دهید. علاوه بر این، باید توجه داشته باشید که هر انتقال وجه، ممکن است با یک هزینه یا نرخ بهره همراه باشد، بنابراین باید قبل از انجام انتقال، شرایط را بررسی کنید تا از هر گونه هزینه یا نرخ بهره آگاه باشید.
در صورت مغایرت انتقال وجه ساتنا در بانکداری اینترنتی چه کاری باید انجام داد؟,اگر در صورت مغایرت انتقال وجه ساتنا در بانکداری اینترنتی، باید برای حل این مشکل به بانک خود مراجعه کنید. در آنجا می توانید با کارکنان بانک در مورد مشکل خود صحبت کنید و برای حل آن تلاش کنید.پیش از مراجعه به بانک، اطلاعاتی را که برای حل مشکل نیاز دارید، آماده کنید، از جمله: 1. نام و نام خانوادگی و شماره حساب خود را یادآوری کنید. 2. تاریخ و زمان انتقال وجه را یادآوری کنید. 3. مبلغی که انتقال داده شد را یادآوری کنید. 4. شماره تراکنش یا کد رهگیری انتقال وجه را یادآوری کنید.هنگام مراجعه به بانک، اطلاعاتی را که آماده کرده‌اید را با کارکنان بانک به اشتراک بگذارید و از آنها کمک بخواهید تا مشکل شما را حل کنند. ممکن است بانک برای حل مشکل، فرآیند بررسی و تحقیق انجام دهد.
سقف انتقال وجه پایا چقدر است؟,سقف انتقال وجه پایا در ایران برای انتقال وجه بین حساب‌های یک بانک یا یک موسسه مالی، معمولاً بین 1 تا 50 میلیون تومان است، ولی این مبلغ بستگی به نوع انتقال وجه و مقدار آن دارد. برای مثال، انتقال وجه بین حساب‌های یک بانک ممکن است حداکثر تا 50 میلیون تومان باشد، ولی انتقال وجه بین حساب‌های یک موسسه مالی ممکن است حداکثر تا 10 میلیون تومان باشد. علاوه بر این، ممکن است بانک یا موسسه مالی شرایط خاصی برای انتقال وجه داشته باشد که در آن صورت مبلغ انتقال وجه را محدود کند.
زمانبندی انتقال وجه پایا؟,معمولاً زمانبندی انتقال وجه در حساب‌های بانکی متفاوت است، اما در حالت کلی می‌توان به زمانبندی‌های زیر اشاره کرد:* انتقال وجه بین حساب‌های یک بانک: معمولاً در عرض چند ساعت یا حداکثر 24 ساعت انجام می‌شود.* انتقال وجه بین حساب‌های مختلف بانک‌ها: معمولاً در عرض چند روز یا حداکثر 3-5 روز انجام می‌شود، بسته به سیستم بانکی و روش انتقال وجه.* انتقال وجه بین کشورها: معمولاً در عرض چند روز یا حداکثر 5-7 روز انجام می‌شود، بسته به سیستم بانکی و روش انتقال وجه بین کشورها.توجه داشته باشید که زمانبندی واقعی انتقال وجه ممکن است متفاوت باشد، بسته به شرایط خاص و نوع انتقال وجه. برای کسب اطلاعات دقیق‌تر، بهتر است با بانک خود تماس بگیرید یا از خدمات آنلاین بانک استفاده کنید.
آیا انتقال وجه پایااز حساب اتباع امکان پذیر است؟,با سلام! بله، انتقال وجه پایدار از حساب اتباع امکان پذیر است. بانک‌های ایران این امکان را برای مشتریان خود فراهم کرده‌اند، تا بتوانند با استفاده از خدمات انتقال وجه پایدار، پول خود را به حساب دیگران منتقل کنند. برای انجام انتقال وجه پایدار، باید از طریق سیستم بانکداری آنلاین یا از طریق شعبه بانک مورد نظر خود اقدام کنید. در زمان انتقال وجه، باید اطلاعات حساب گیرنده، شامل نام و نام خانوادگی، شماره حساب و کد ملی، را وارد کنید تا انتقال وجه با موفقیت انجام شود.
انتقال وجه از بانکداری اینترنتی با چه رمزی امکان پذیر است؟,در بانکداری اینترنتی، انتقال وجه از طریق رمزپاسخ یا رمزیکا امکان پذیر است. رمزپاسخ یا رمزیکا یک کد یکبار مصرف است که به عنوان یک روش امن برای انتقال وجه از طریق اینترنت استفاده می شود. این کد از 6 رقمی یا 8 رقمی است که توسط بانک یا مؤسسه مالی در اختیار مشتری قرار داده می شود و برای تأیید انتقال وجه استفاده می شود. با وارد کردن این کد، انتقال وجه تأیید و انجام می شود.
آیا انتقال وجه گروهی در بانکداری اینترنتی امکان پذیر است؟,بله، انتقال وجه گروهی در بانکداری اینترنتی امکان پذیر است. اغلب بانک‌ها و مؤسسات مالی، امکان انتقال وجه گروهی را در پلتفرم‌های اینترنتی خود فراهم کرده‌اند، به طوری که شما می‌توانید با استفاده از این پلتفرم‌ها، یک یا چند انتقال وجه را به صورت گروهی در یک مرحله انجام دهید. این روش اغلب برای افرادی که نیاز به ارسال پول به چندین نفر یا گروهی دارند، بسیار مفید است. به عنوان مثال، شما می‌توانید برای پرداخت به چندین کارمند یا برای ارسال پول به چندین نفر در یک خانواده یا گروه، از این روش استفاده کنید. به طور کلی، انتقال وجه گروهی در بانکداری اینترنتی به دو صورت انجام می‌شود: انتقال وجه گروهی یک مرحله‌ای و انتقال وجه گروهی چند مرحله‌ای. انتقال وجه گروهی یک مرحله‌ای، به این معنی است که شما می‌توانید پول را به چندین نفر یا گروهی در یک مرحله انتقال دهید. در حالی که انتقال وجه گروهی چند مرحله‌ای، به این معنی است که پول به چندین مرحله انتقال داده می‌شود و به طور کلی برای افرادی استفاده می‌شود که پول را به چندین نفر یا گروهی در چندین مرحله انتقال می‌ده
در صورت مغایرت انتقال وجه پایا در بانکداری اینترنتی چه کاری باید انجام داد؟,اگر در صورت مغایرت انتقال وجه پایا در بانکداری اینترنتی، برای شما پیش آمد، توصیه می‌کنم که به فوریت با بانک خود تماس بگیرید و موضوع را گزارش دهید. این کار به شما کمک می‌کند تا در صورت وجود هرگونه مشکل یا نقص در انتقال وجه، در اسرع وقت اقدام به انجام آن کنید و از این نظر، از ایجاد هرگونه مشکل یا آسیبی که ممکن است برای حساب شما ایجاد شود، جلوگیری کنید.سپس، باید به بررسی موضوع و دلیل مغایرت بپردازید و اگر انتقال وجه در نتیجه یک خطای انسانی یا فنی بوده باشد، بانک شما را در انجام آن راهنمایی خواهد کرد. در نهایت، باید برای حل موضوع و بازگشت وجه به حساب خود، به همکاری با بانک و ارائه مدارک لازم کمک کنید.
آیا در بانکداری اینترنتی امکان ثبت چک برای مشتریان حقیقی وجود دارد؟,با سلام! در بانکداری اینترنتی، امکان ثبت چک برای مشتریان حقیقی وجود دارد، اما با شرایط خاصی. اغلب بانک‌ها و مؤسسات مالی امکان ثبت چک برای مشتریان حقیقی را در برخی از خدمات اینترنتی خود فراهم کرده‌اند، اما این امکان ممکن است با شرایط خاصی مانند وجود حساب بانکی، موجودی کافی و تأیید هویت مشتری باشد. علاوه بر این، برخی از بانک‌ها ممکن است این امکان را برای برخی از خدمات مانند واریز یا وصول چک ارائه کنند، اما برای سایر خدمات ممکن است نیازمند مراجعه حضوری یا تماس تلفنی با کارشناس بانک باشند. برای کسب اطلاعات دقیق‌تر، توصیه می‌شود به بانک یا مؤسسه مالی خود مراجعه کنید یا با کارشناس آن تماس بگیرید.
نحوه ثبت چک برای مشتریان حقیقی در بانکداری اینترنتی چگونه است؟,خوش آمدید! برای ثبت چک برای مشتریان حقیقی در بانکداری اینترنتی، باید مراحل زیر را انجام دهید: 1. وارد سامانه بانکداری اینترنتی شوید و وارد حساب کاربری خود شوید. 2. به بخش "پرداخت" یا "پرداخت‌های من" مراجعه کنید. 3. گزینه "ثبت چک" یا "پرداخت چک" را انتخاب کنید. 4. اطلاعات چک خود را وارد کنید، از جمله مبلغ، شماره چک، تاریخ صدور چک و نام دریافت کننده چک. 5. گزینه "ثبت" یا "تایید" را انتخاب کنید تا چک شما ثبت شود. توجه: قبل از ثبت چک، اطمینان حاصل کنید که مبلغ چک کافی در حساب شما وجود دارد و همچنین اطمینان حاصل کنید که اطلاعات چک صحیح است. در صورت نیاز، می‌توانید با کارگزار بانک یا مرکز تماس بانک تماس بگیرید. آیا برای ثبت چک در بانکداری اینترنتی نیاز به مز پیامکی بانکداری اینترنتی می باشد؟بله باید رمز پیامکی بانکداری اینترنتی داشته باشند .,بله,مطمئناً برای ثبت چک در بانکداری اینترنتی، نیاز به رمز پیامکی بانکداری اینترنتی دارید. این رمز به عنوان یک مرحله امنیتی برای تأیید هویت شما در سیستم بانکداری اینترنتی استفاده می شود و بدون داشتن آن، امکان ثبت چک وجود ندارد. بنابراین، برای انجام این کار، باید رمز پیامکی خود را داشته باشید.
آیا در بانکداری اینترنتی امکان ثبت برای مشتریان حقوقی وجود دارد؟,بله، در بانکداری اینترنتی، امکان ثبت برای مشتریان حقوقی نیز وجود دارد. اکثر بانک‌ها و مؤسسات مالی، خدمات آنلاین برای شرکت‌ها و سازمان‌ها ارائه می‌دهند که به آنها اجازه می‌دهد حساب‌های بانکی خود را از طریق اینترنت بازنشانی کنند. این خدمات معمولاً شامل ثبت نام و ورود به حساب، مدیریت حساب و تراکنش‌های مالی است. برخی از بانک‌ها و مؤسسات مالی، خدمات ویژه‌ای برای مشتریان حقوقی ارائه می‌دهند که ممکن است شامل خدمات مدیریت دارایی، تراکنش‌های بین‌المللی و غیره باشد. برای دسترسی به این خدمات، می‌توانید به سایت بانک یا مؤسسه مالی مورد نظر خود مراجعه کنید و اطلاعات مورد نیاز خود را وارد کنید تا بتوانید حساب خود را ثبت کنید.
آیا برای ثبت چک برای حساب های حقوقی امضا داران می بایست این کار را انجام دهند؟,بله، برای ثبت چک برای حساب های حقوقی، امضا داران باید این کار را انجام دهند. این به دلیل اهمیت امنیتی و کنترل در حساب های حقوقی است. امضا داران باید چک را امضا کنند تا اطمینان حاصل شود که چک از سوی شخص مورد اعتماد و با اختیارات کافی برای انجام این کار، صادر شده است. علاوه بر این، امضا داران باید اطمینان حاصل کنند که اطلاعات چک، از جمله مبلغ، تاریخ و نام گیرنده، درست و دقیق است.
چطور امضا داران می توانند به کاربران امین تفویض اختیار نمایند؟,معمولاً امضا داران برای تفویض اختیار به کاربران امین، از دو روش استفاده می کنند: 1. تفویض اختیار از طریق تفویض نامه: در این روش، امضا داران یک نامه تفویض اختیار را صادر می کنند و آن را به کاربر امین می دهند. در این نامه، کلیه اختیارات و مسئولیت های مربوطه برای کاربر امین مشخص می شود. 2. تفویض اختیار از طریق توافق نامه: در این روش، امضا داران و کاربر امین یک توافق نامه را امضا می کنند که کلیه اختیارات و مسئولیت های مربوطه را مشخص می کند. این روش معمولاً برای تفویض اختیار بلندمدت و مهم استفاده می شود. از نظر قانونی، هر دو روش فوق برای تفویض اختیار مجاز هستند، اما باید توجه داشت که تفویض اختیار باید به صورت شفاف و روشن انجام شود و کلیه اختیارات و مسئولیت های مربوطه برای کاربر امین مشخص باشد.
نحوه ثبت چک در بانکداری اینترنتی برای مشتریان حقوقی چگونه است؟,با عرض سلام! برای ثبت چک در بانکداری اینترنتی برای مشتریان حقوقی، مراحل زیر را باید طی کنید: 1. ابتدا باید به حساب کاربری خود در بانکداری اینترنتی وارد شوید و به بخش «پرداخت» یا «تراکنش» بروید. 2. در این بخش، گزینه «چک» یا «پرداخت چک» را انتخاب کنید و اطلاعات چک را وارد کنید، از جمله: * تاریخ سررسید چک * مبلغ چک * شماره حساب واریز 3. پس از وارد کردن اطلاعات، گزینه «ثبت» را انتخاب کنید تا چک در سیستم ثبت شود. 4. سپس، یک کد رهگیری برای چک در دسترس شما قرار می‌گیرد که می‌توانید برای پیگیری وضعیت چک استفاده کنید. 5. برای بررسی وضعیت چک، به حساب کاربری خود در بانکداری اینترنتی مراجعه کنید و گزینه «وضعیت پرداخت» را انتخاب کنید. در صورت داشتن هر گونه سوال یا مشکل در هنگام ثبت چک، می‌توانید با بانک خود تماس بگیرید تا راهنمایی کنید.
گزینه چک های وارده به چه منظوری است؟,گزینه چک های وارده به چه منظوری است؟ گزینه چک های وارده، یک گزارش مالی است که به طور ماهیانه یا سالانه توسط یک بانک یا موسسه مالی منتشر می شود و شامل اطلاعات مربوط به چک های وارده در طول یک دوره زمانی خاص است. این گزارش به صاحبان حساب های بانکی کمک می کند تا از وضعیت حساب های خود آگاه باشند و در تصمیم گیری های مالی خود به طور دقیق تر عمل کنند. اطلاعات ارائه شده در گزینه چک های وارده می تواند شامل تعداد، ارزش و تاریخچه چک های وارده باشد.
گزینه انتقال چک های وارده چه کارکردی دارد؟,گزینه انتقال چک های وارده در نرم افزار حسابداری، امکان انتقال چک های وارده به حساب های مختلف را فراهم می کند. این گزینه به شما اجازه می دهد تا چک های وارده را به حساب های مختلف، مانند حساب های دریافتنی، حساب های سرمایه، یا حساب های هزینه، منتقل کنید. این کارکرد مفید است، زیرا به شما اجازه می دهد تا چک های وارده را با آدرس های مختلف و یا برای پرداخت های مختلف، طبقه بندی کنید.
گزینه استعلام چک های صیاد در بانکداری اینترنتی برای چیست؟,گزینه استعلام چک های صیاد در بانکداری اینترنتی برای مشاهده و استعلام اطلاعات چک های صیاد، که توسط بانک صادر شده است، در اختیار شما قرار می دهد. این گزینه امکان بررسی و پیگیری وضعیت چک های صیاد را برای شما فراهم می کند. با انتخاب این گزینه، می توانید اطلاعات چک های صیاد، از جمله شماره چک، تاریخ صادر شدن، مبلغ، وضعیت پرداخت و... را در بانکداری اینترنتی مشاهده کنید.
پرداخت قبض از بانکداری اینترنتی از چه طریقی امکان پذیر است؟,شما می توانید برای پرداخت قبض از طریق بانکداری اینترنتی از طریق یکی از روش های زیر اقدام کنید: 1. ورود به حساب کاربری خود در بانک و پرداخت قبض از طریق سیستم پرداخت الکترونیکی. 2. استفاده از خدمات پرداخت الکترونیکی از طریق سایت یا اپلیکیشن بانک، مانند "پرداخت یکبار" یا "پرداخت ماهیانه". 3. استفاده از خدمات پرداخت از طریق سایت یا اپلیکیشن ارائه دهنده خدمات پرداخت، مانند "پرداخت الکترونیکی" یا "پرداخت آنلاین". 4. استفاده از دستگاه های خودپرداخت مانند "تجهیزات خودپرداخت" یا "کد یکبار" که به شما امکان می دهد از طریق تلفن همراه یا اینترنت پرداخت را انجام دهید. به یاد داشته باشید که برای پرداخت قبض از طریق بانکداری اینترنتی، باید دارای حساب کاربری در بانک باشید و همچنین رمز عبور و کد امنیتی خود را وارد کنید تا پرداخت را انجام دهید.
آیا پرداخت قبوض گروهی در بانکداری اینترنتی امکان پذیر است؟,خوش آمدید! بله، پرداخت قبوض گروهی در بانکداری اینترنتی امکان پذیر است. اکثر بانک ها و مؤسسات مالی در ایران، خدمات پرداخت قبوض گروهی را ارائه می دهند که به شما امکان می دهد قبوض گروهی را در یکجا و در زمان واحد پرداخت کنید. این سرویس اغلب از طریق وب سایت های بانک ها یا اپلیکیشن های موبایل ارائه می شود. برای استفاده از این سرویس، باید ابتدا حساب کاربری در بانک خود ایجاد کنید و سپس به صفحه پرداخت قبوض گروهی مراجعه کنید. در آنجا می توانید قبوض را انتخاب کنید و به صورت یکجا و در زمان واحد پرداخت کنید. در صورت نیاز، می توانید از مشاوره های بانک خود برای اطلاعات بیشتر استفاده کنید.
خرید شارژ در بانکداری اینترنتی به چند روش امکان پذیر است؟,خوش آمدید! خرید شارژ در بانکداری اینترنتی به چند روش امکان پذیر است: 1. از طریق وب سایت یا اپلیکیشن بانک: بسیاری از بانک‌ها، خدمات خرید شارژ را به صورت آنلاین در وب سایت یا اپلیکیشن خود ارائه می‌کنند. برای این کار، باید یک حساب کاربری در بانک داشته باشید و رمز عبور خود را وارد کنید و سپس می‌توانید شارژ را خریداری کنید. 2. از طریق سیستم پرداخت الکترونیکی: سیستم‌های پرداخت الکترونیکی مانند درگاه، زرین پال و اکسپرت پال به شما امکان می‌دهند تا شارژ را خریداری کنید و به حساب کاربری خود واریز کنید. 3. از طریق مراکز فروش شارژ: بسیاری از مراکز فروش شارژ مانند مغازه‌ها و سوپرمارکت‌ها، خدمات خرید شارژ را ارائه می‌کنند. برای این کار، باید به این مراکز مراجعه کنید و شارژ را خریداری کنید. 4. از طریق اپلیکیشن‌های پرداخت: اپلیکیشن‌های پرداخت مانند ویزا و ماسترکارد به شما امکان می‌دهند تا شارژ را خریداری کنید و به حساب کاربری
آیا مشاهده سوابق خرید شارژ از بانکداری اینترنتی مکان پذیر است؟,با اطمینان می‌توانم بگویم که مشاهده سوابق خرید شارژ از بانکداری اینترنتی مکان پذیر است. اغلب بانک‌ها و مؤسسات مالی، امکان مشاهده سوابق خرید شارژ را برای مشتریان خود فراهم کرده‌اند تا بتوانند با راحتی و راحتی بیشتری نسبت به سوابق خود نظارت داشته باشند. برای مشاهده سوابق خرید شارژ، می‌توانید به سایت بانک یا مؤسسه مالی خود بروید و با وارد کردن اطلاعات شخصی خود، به سوابق خرید خود دسترسی داشته باشید.
آیا انتقال وجه شناسه دار در بانکداری اینترنتی امکان پذیر است؟,بله، انتقال وجه شناسه دار در بانکداری اینترنتی امکان پذیر است. بسیاری از بانک‌ها و موسسات مالی، خدمات انتقال وجه شناسه دار را در فضای اینترنت ارائه می‌دهند، به طوری که مشتریان می‌توانند از طریق وب سایت یا برنامه تلفن همراه خود، به ارسال پول به مقادیر مختلف و به حساب‌های مختلف بپردازند. این خدمات اغلب با استفاده از رمزنگاری و امنیت بالا انجام می‌شود، تا اطمینان از امنیت و امنیت انتقال وجه به مشتریان داده شود.
پرداخت دو شناسه ای در بانکداری اینترنتی برای چیست؟,پرداخت دو شناسه ای در بانکداری اینترنتی معمولاً برای دو دلیل انجام می شود: 1. برای ایجاد حساب بانکی جدید: در این مورد، دو شناسه برای ایجاد حساب بانکی جدید و اتصال آن به یک حساب اصلی استفاده می شود. این کار برای ایجاد یک حساب جداگانه برای مدیریت مالی و تجاری یا شخصی استفاده می شود. 2. برای تراکنش های بانکی خاص: در این مورد، دو شناسه برای انجام تراکنش های بانکی خاص مانند انتقال وجه، پرداخت فاکتورها، یا دریافت وجوه استفاده می شود. این کار برای ایجاد امنیت و کنترل در تراکنش های بانکی انجام می شود.
آیای مشتری می تواند تراکنش انجام شده در بانکداری اینترنتی را بازیابی کند؟,خوش آمدید! بله، به عنوان یک مشتری بانکداری اینترنتی، شما می‌توانید تراکنش‌های انجام شده خود را بازیابی کنید. اغلب بانک‌ها این امکان را برای مشتریان خود فراهم کرده‌اند تا بتوانند تراکنش‌های خود را بررسی و یا در صورت نیاز، اصلاح یا منصرف کنند. برای بازیابی تراکنش‌ها، معمولاً باید به سایت بانک یا اپلیکیشن بانک مراجعه کنید و وارد حساب کاربری خود شوید. سپس، گزینه یا صفحه تراکنش‌ها را انتخاب کنید و تاریخ یا محدوده زمانی را برای تراکنش‌های مورد نظر خود انتخاب کنید. معمولاً بانک‌ها تراکنش‌های انجام شده را در یک صفحه یا جدول ارائه می‌کنند تا بتوانید آنها را بررسی کنید.
سرویس بانک پرداخت در بانکداری اینترنتی برای چه خدماتی است؟,سرویس بانک پرداخت در بانکداری اینترنتی، یک سیستم آنلاین است که به مشتریان امکان می دهد، به راحتی و از طریق اینترنت، پرداخت‌های خود را انجام دهند. این سرویس برای پرداخت‌های مختلف از جمله، وام، کالا و خدمات، تسهیلات، و غیره استفاده می شود. همچنین، این سرویس به مشتریان امکان می دهد، تراکنش‌های خود را نظارت کنند و از تاریخچه تراکنش‌های خود آگاه شوند. در کل، سرویس بانک پرداخت، یک ابزار مفید برای مشتریان بانک است که به آنها کمک می کند، به راحتی و از طریق اینترنت، پرداخت‌های خود را انجام دهند.
سرویس دستور پرداخت دوره ای در بانکداری اینترنتی چه خدماتی ارائه می کند؟,سرویس دستور پرداخت دوره ای در بانکداری اینترنتی، به شما امکان می دهد تا یک دستور پرداخت را برای چندین تراکنش در آینده تنظیم کنید و سپس آن را به بانک ارسال کنید. این سرویس، برای افرادی که در آینده نیاز به پرداخت های متعدد دارند، بسیار مفید است. این سرویس ممکن است شامل خدمات زیر باشد: 1. تنظیم دستور پرداخت برای تراکنش های آینده: شما می توانید یک دستور پرداخت را برای چندین تراکنش در آینده تنظیم کنید و سپس آن را به بانک ارسال کنید. 2. تمدید یا تغییر دستور پرداخت: در صورت لزوم، شما می توانید دستور پرداخت خود را تمدید یا تغییر دهید. 3. پیگیری تراکنش ها: شما می توانید وضعیت تراکنش های خود را از طریق این سرویس پیگیری کنید. 4. اطمینان از ایمنی: این سرویس معمولاً دارای امنیت بالا است، بنابراین شما می توانید اطمینان داشته باشید که اطلاعات شما محفوظ است.به طور کلی، سرویس دستور پرداخت دوره ای در بانکداری اینترنتی، برای افرادی که در آینده نیاز به پرداخت های متعدد دارند، بسیار مفید است و آنها را از پیچیدگی های پرداخت های متعدد در آینده ر
خدمات بدون کارت در بانکداری اینترنی چه سرویسی است؟,خدمات بدون کارت در بانکداری اینترنی، از جمله خدمات پرداخت بدون نیاز به کارت بانکی است که در حال حاضر توسط بسیاری از بانک‌ها و مؤسسات مالی ارائه می‌شود. این خدمات به افراد امکان می‌دهد تا به راحتی و از طریق دستگاه‌های مختلف، مانند تلفن همراه، سیستم‌های پرداخت درگاه و غیره، انجام تراکنش‌های مالی را انجام دهند. از جمله این خدمات می‌توان به موارد زیر اشاره کرد: 1. پرداخت آنلاین: امکان پرداخت برای خریدهای آنلاین، مانند خرید از فروشگاه‌های آنلاین یا سایت‌های تجارت الکترونیک، بدون نیاز به کارت بانکی. 2. واریز پول: امکان واریز پول به حساب دیگری، مانند ارسال پول به حساب یک دوست یا خانواده، بدون نیاز به کارت بانکی. 3. تراکنش‌های وجه: امکان انجام تراکنش‌های وجه، مانند پرداخت برای خدمات یا کالا، بدون نیاز به کارت بانکی.این خدمات به افراد امکان می‌دهد تا از طریق دستگاه‌های مختلف، مانند تلفن همراه، سیستم‌های پرداخت درگاه و غیره، انجام تراکنش‌های مالی را انجام دهند و از مزایای خدمات بانکی، مانند امنیت و راحتی، بهره‌مند شوند.
خدمات PG شامل چه سرویس هایی می شود؟,سرویس‌های PG یا بسته‌های طلایی، بسته‌های ویژه‌ای هستند که توسط بسیاری از ارائه‌دهندگان خدمات تلفن همراه ارائه می‌شوند. بسته‌های طلایی معمولاً شامل خدمات و ویژگی‌های زیر می‌شوند: 1. داده‌های اضافی: بسته‌های طلایی معمولاً شامل داده‌های اضافی برای استفاده در ماهانه یا در یک دوره خاص هستند، که می‌تواند به شما کمک کند تا به راحتی در اینترنت بمانید یا به ارسال و دریافت ایمیل یا سایر محتوا بپردازید. 2. مکالمات اضافی: بسته‌های طلایی ممکن است شامل مکالمات اضافی برای استفاده در ماهانه یا در یک دوره خاص باشند، که می‌تواند به شما کمک کند تا به راحتی با دوستان و خانواده خود مکالمه کنید. 3. پیام‌های اضافی: بسته‌های طلایی ممکن است شامل پیام‌های اضافی برای استفاده در ماهانه یا در یک دوره خاص باشند، که می‌تواند به شما کمک کند تا به راحتی پیام‌های خود را ارسال کنید و دریافت کنید. 4. شبیه‌صدا و ویدیو: بسته‌های طلایی ممکن است شامل امکان شبیه‌صدا و ویدیو برای استفاده در ماهانه یا در یک دوره خاص
کارت والد گرفتم چطور از بانکداری اینترنتی می توان ا ستفاده کنم؟,خوش آمدید! خوشحال میشم به شما کمک کنم. اگر کارت والد را به دست آوردید، برای استفاده از بانکداری اینترنتی، باید مراحل زیر را انجام دهید: 1. ابتدا به سایت بانک خود مراجعه کنید و وارد حساب کاربری خود شوید. اگر حساب کاربری ندارید، باید یک حساب کاربری ایجاد کنید. 2. پس از ورود به حساب کاربری، باید رمز عبور را تنظیم کنید. برای تنظیم رمز عبور، به صفحه تنظیم رمز عبور مراجعه کنید و یک رمز عبور جدید تعیین کنید. 3. پس از تنظیم رمز عبور، باید اطلاعات کارت والد را در حساب کاربری خود وارد کنید. اطلاعات کارت والد شامل شماره کارت، تاریخ انقضاء و کد امنیتی است. 4. پس از وارد کردن اطلاعات کارت والد، می توانید از خدمات بانکداری اینترنتی مانند واریز پول، برداشت وجه و بررسی تراکنش‌ها استفاده کنید. در هنگام استفاده از بانکداری اینترنتی، همیشه باید مراقب باشید که اطلاعات کارت والد را به اشتراک نگذارید و رمز عبور را به هیچ کس نگویید. همچنین باید مراقب باشید که از یک مرورگر امن استفاده کنید تا از امنیت اطلاعات خود محافظت کنید.
آیا کارت های فرزند (زیر مجموعه کارت های گروهی ) می توانند از خدمات بانکداری اینترنتی استفاده کنند؟,به طور کلی، کارت های فرزند که زیر مجموعه کارت های گروهی هستند، از خدمات بانکداری اینترنتی استفاده می کنند، اما ممکن است برخی از خدمات محدود یا نیاز به درج اطلاعات خاصی داشته باشند. به عنوان مثال، برخی از بانک ها ممکن است برخی از خدمات را برای کودکان زیر 18 سال محدود کنند یا نیاز به تأیید والدین برای استفاده از برخی خدمات داشته باشند. بنابراین، برای استفاده از خدمات بانکداری اینترنتی با کارت های فرزند، باید با بانک خود تماس بگیرید و شرایط استفاده از خدمات را بررسی کنید.
کارت های فرزند چطور می توانند از خدمات PG استفاده کنند؟,بسیار خوشحالم که می پرسید. کودکان و نوجوانان می توانند از خدمات پست جهانی (PG) استفاده کنند، اما شرایط و محدودیت هایی وجود دارد. برای استفاده از خدمات PG، کودکان باید از یک والد یا یک نماینده قانونی همراه داشته باشند. این افراد می توانند نامه ها و بسته های ارسال شده را برای کودکان دریافت کنند و یا اینکه کودکان را به عنوان دریافت کننده در ثبت نام کنند. علاوه بر این، کودکان و نوجوانان می توانند با همیاری والد یا نماینده قانونی خود، از برخی خدمات PG مانند ارسال نامه ها و بسته های بین المللی استفاده کنند. در این صورت، والد یا نماینده قانونی باید از طریق ثبت نام و تأیید هویت و هویت کودک، از خدمات PG استفاده کنند. لطفا برای کسب اطلاعات بیشتر و شرایط استفاده از خدمات PG، به سایت رسمی PG مراجعه کنید.
خدمات PG برای کارت های فرزند چیست؟,خدمات PG برای کارت های فرزند، شامل مواردی مانند: 1. پلتفرم پرداخت الکترونیک: اجازه می دهد والدین از طریق کارت های فرزند خود، پرداخت های الکترونیکی را انجام دهند و از مزایای آن بهره مند شوند. 2. امنیت بالا: خدمات PG برای کارت های فرزند، امنیت بالایی را ارائه می دهد تا اطمینان داشته باشید که اطلاعات کارت های فرزند شما، در امنیت کامل قرار دارد. 3. راحتی در پرداخت ها: این خدمات، راحتی در پرداخت های شما را فراهم می کند، زیرا به شما اجازه می دهد از طریق کارت های فرزند خود، پرداخت های خود را انجام دهید. 4. امکانات جامع: این خدمات، امکانات جامع را برای والدین ارائه می دهد، از جمله امکانات مدیریتی برای نظارت بر فعالیت های کارت های فرزند شما. در کل، خدمات PG برای کارت های فرزند، به والدین کمک می کند تا از مزایای کارت های فرزند خود، بهره مند شوند و از امنیت و راحتی در پرداخت ها بهره مند شوند.
نحوه ثبت نام تلفن بانک به چه صورت است؟, ثبت نام تلفن بانک به صورت زیر است: 1. ابتدا به سایت بانک مورد نظر مراجعه کنید و روی گزینه "ثبت نام" کلیک کنید. 2. فرم ثبت نام را تکمیل کنید و اطلاعات خود را وارد کنید، مانند نام و نام خانوادگی، آدرس ایمیل، شماره تلفن و رمز عبور. 3. برای تکمیل ثبت نام، ممکن است نیاز به ارسال مدارک است، مانند اسکن اسناد هویت، عکس و غیره. 4. پس از تکمیل ثبت نام، رمز عبور خود را وارد کنید و حساب کاربری خود را ایجاد کنید. 5. پس از ثبت نام، برای فعال کردن حساب کاربری خود، ممکن است باید کد فعالسازی را وارد کنید که توسط بانک ارسال شده است. این مراحل ممکن است با بانک مورد نظر متفاوت باشد، بنابراین در هنگام ثبت نام، به راهنمای سایت بانک مراجعه کنید.
آیا می توان خدمات تلفنبانک را بصورت غیر حضوری فعال کرد؟,بله، می‌توان خدمات تلفن‌بانک را به صورت غیر حضوری فعال کرد. تلفن‌بانک اغلب امکان انجام برخی از خدمات خود را از طریق تلفن، پیامک، اپلیکیشن و یا وب سایت فراهم می‌کند. با این حال، بسته به بانک و نوع خدمات، ممکن است برخی از خدمات به صورت حضوری یا در برخی از شرایط، به صورت محدود، غیر قابل انجام باشند. برای انجام خدمات غیر حضوری تلفن‌بانک، ابتدا باید با بانک خود تماس بگیرید و از امکانات و محدودیت‌های ارائه شده اطلاع حاصل کنید.
آیا می توان برای ثبت نام تلفنبانک به همه شعب بانک تجارت مراجعه نمود؟,خیر، برای ثبت نام تلفنبانک، نمی توان به همه شعب بانک تجارت مراجعه کرد. در واقع، برای ثبت نام تلفنبانک، باید به شعبه ای از بانک تجارت مراجعه کنید که برای ارائه خدمات تلفنبانک مجاز است. معمولاً، شعبه های بانک تجارت در شهرها و شهرهای بزرگ وجود دارند که خدمات تلفنبانک را ارائه می دهند. بنابراین، بهتر است ابتدا در شهر یا شهر بزرگ خود به یک شعبه از بانک تجارت مراجعه کنید و از امکانات ثبت نام تلفنبانک در آن شعبه اطلاع حاصل کنید.
آیا همه افراد می توانند از خدمات تلفنبانک استفاده نمایند؟,خیر، همه افراد نمی توانند از خدمات تلفن بانک استفاده نمایند. تلفن بانک برای مشتریان بانک ها و مؤسسات مالی که دارای حساب بانکی و رمز عبور هستند، امکان پذیر است. بنابراین، برای استفاده از خدمات تلفن بانک، باید یک حساب بانکی و رمز عبور داشته باشید. علاوه بر این، ممکن است برخی خدمات تلفن بانک برای اشخاصی که سن آنها کمتر از 18 سال باشد، یا اشخاصی که در فهرست سیاه هستند، ممنوع باشد.
برای ارتباط با تفنبانک چه شماره ای باید گرفته شود؟,برای ارتباط با تفنبانک، شماره تلفن 021-88913-021 می باشد. این شماره برای ارائه خدمات و پاسخگویی به سوالات مشترکان تفنبانک در نظر گرفته شده است. همچنین می توانید به طریق وب سایت تفنبانک یا پیام رسان های موجود، با آنها ارتباط برقرار کنید.
آیا از شهرستان ها هم باید مشتریان با همین شماره تماس بگیرند؟,بله، معمولاً مشتریان شهرستان ها نیز با همان شماره تماس برای ارتباط با شرکت یا سازمان، از جمله در مورد سفارشات، شکایات یا درخواست های دیگر، تماس می گیرند. زیرا شماره تماس شرکت یا سازمان معمولاً برای همه مناطق و شهرها یکسان است، به جز موارد خاصی که ممکن است شماره تماس ویژه ای برای هر منطقه داشته باشد.
شعب بعد از ثبت نام تلفنبانک چه رمزهایی را به مشتری ارائه می کند؟,با سلام، در مرحله بعد از ثبت نام در تلفن بانک، به مشتریان رمز های امنیتی مانند کد پین، رمز عبور و کد واری به عنوان اطلاعات امن برای دسترسی به حساب های بانکی ارائه می شود. این رمز ها برای محافظت از حساب های بانکی و جلوگیری از هر گونه فعالیت نامعتبر در حساب ها، بسیار مهم و ضروری هستند.
در صورت فراموشی رمز عبور تلفن بانک چه اقدامی انجام شود؟,اگر رمز عبور تلفن بانک شما فراموش شد، می‌توانید برای بازیابی آن از طریق راه‌های مختلف اقدام کنید: 1. مراجعه به سایت تلفن بانک: می‌توانید به سایت تلفن بانک خود مراجعه کنید و با کلیک بر روی گزینه "فراموشی رمز عبور"، مراحل بازیابی رمز عبور را طی کنید. 2. تماس با مرکز تماس تلفن بانک: می‌توانید با مرکز تماس تلفن بانک خود تماس بگیرید و با آنها در مورد فراموشی رمز عبور صحبت کنید. آنها می‌توانند به شما کمک کنند تا رمز عبور خود را بازیابی کنید. 3. مراجعه به شعب تلفن بانک: می‌توانید به شعب تلفن بانک خود مراجعه کنید و با کارکنان آنجا در مورد فراموشی رمز عبور صحبت کنید. آنها می‌توانند به شما کمک کنند تا رمز عبور خود را بازیابی کنید. به یاد داشته باشید که برای بازیابی رمز عبور، ممکن است به ارائه اطلاعات هویتی و اطلاعات حساب خود نیاز باشد. بنابراین، اطمینان حاصل کنید که اطلاعات خود را準備 کنید تا بتوانید در مراحل بازیابی رمز عبور، آنها را ارائه دهید.
نحوه ورود به تلفن بانک به چه صورت است؟,خوش آمدید! ورود به تلفن بانک معمولاً با انجام چند گام ساده امکان‌پذیر است. برای ورود به تلفن بانک، باید ابتدا یک حساب بانکی در بانک مورد نظر ایجاد کنید. سپس، می‌توانید با شماره تلفن بانک خود تماس بگیرید و کد عبور خود را وارد کنید. کد عبور معمولاً 4 رقمی است و برای امنیت بیشتر، هر بار که وارد تلفن بانک می‌شوید، باید آن را وارد کنید. در صورت لزوم، می‌توانید با کارمندان تلفن بانک تماس بگیرید تا به شما کمک کنند.
آیا برای ورود به تلفنبانک فقط باید شماره حساب وارد کرد؟,بله، برای ورود به تلفن‌بانک معمولاً باید شماره حساب و کد امنیتی (کد امنیتی یکبار مصرف یا رمز عبور) وارد کرد. شماره حساب برای شناسایی حساب کاربری و کد امنیتی برای تأیید هویت و جلوگیری از دسترسی غیرمجاز است. تأیید هویت و جلوگیری از دسترسی غیرمجاز است.
خدمات تلفنبانک مبتنی بر حساب کدامند؟,خدمات تلفن بانک مبتنی بر حساب، خدمات و سرویس‌هایی هستند که توسط تلفن بانک ارائه می‌شوند و بر اساس حساب کاربری مشتریان، ارائه می‌شوند. این خدمات شامل مواردی مانند:* واریز و برداشت وجه از حساب* بررسی موجودی حساب* شارژ حساب* پرداخت قبوض و عوارض* درخواست وام یا کسر از حساب* واریز سود و بهره حساب این خدمات، از طریق تلفن بانک و با استفاده از کد پین و رمز عبور، ارائه می‌شوند و به مشتریان امکان می‌دهند که از طریق تلفن، خدمات حساب خود را مدیریت کنند.
انتقال وجه در خدمات تلفنبانک چگونه است؟,در خدمات تلفن‌بانک، انتقال وجه یا انتقال پول به یک روش سریع و راحت برای ارسال و دریافت پول است. برای انتقال وجه در تلفن‌بانک، باید ابتدا یک حساب کاربری در تلفن‌بانک ایجاد کنید و سپس از طریق نرم‌افزار تلفن‌بانک یا سایت آن، انتقال وجه را انجام دهید. در تلفن‌بانک، شما می‌توانید از طریق یک کد یکبار مصرف یا رمز عبور، انتقال وجه را انجام دهید. این کد یا رمز عبور به شما داده می‌شود و باید در زمان انتقال وجه وارد کنید تا انتقال وجه با موفقیت انجام شود. در تلفن‌بانک، شما می‌توانید انتقال وجه را به یک شماره تلفن یا یک کد یکبار مصرف انجام دهید. این کد یکبار مصرف یا شماره تلفن، به شما داده می‌شود و باید در زمان انتقال وجه وارد کنید تا انتقال وجه با موفقیت انجام شود.تلفن‌بانک، یک روش راحت و سریع برای ارسال و دریافت پول است و شما می‌توانید در هر ساعت و در هر مکان، انتقال وجه را انجام دهید.
سقف انتقال وجه بین حساب های تجارت چقدر است؟,سقف انتقال وجه بین حساب های تجارت در ایران ۴۰۰ میلیون تومان است که توسط بانک مرکزی جمهوری اسلامی ایران تعیین شده است. این محدودیت برای انتقال وجه بین حساب های تجارت در هر روز برای یک حساب تجارت اعمال می شود.
آیا در حال حاضر انتقال وجه به حساب های تعریف شده در تلفنبانک امکان پذیر است؟,خیر، انتقال وجه به حساب های تعریف شده در تلفن بانک در حال حاضر امکان پذیر نیست. این خدمات در آینده ممکن است ارائه شود، اما در حال حاضر امکان آن وجود ندارد.
پرداخت اقساط در تلفنبانک چگونه است؟,پرداخت اقساط در تلفن بانک از طریق سیستم های پرداخت آنلاین و غیر آن، امکان پذیر است. برای پرداخت اقساط از طریق تلفن بانک، ابتدا باید یک حساب کاربری در تلفن بانک خود ایجاد کنید و سپس به صفحه پرداخت اقساط بروید. در صفحه پرداخت اقساط، باید اقساط خود را انتخاب کنید و سپس به پرداخت آن بروید. برای پرداخت اقساط، می توانید از طریق کارت های اعتباری، ویزا یا ماسترکارتی استفاده کنید که در حساب کاربری خود ذخیره شده است.در برخی از تلفن بانک ها، امکان پرداخت اقساط از طریق روش های پرداخت دیگر مانند باری، پارسال و یا حتی از طریق سایر کارت های اعتباری وجود دارد. برای اطلاع از امکانات پرداخت اقساط در تلفن بانک خود، به صفحه راهنمای تلفن بانک مراجعه کنید یا با کارگزار تلفن بانک تماس بگیرید.
آیا حساب های ارزی می توانند از خدمات مبتنی بر حساب استفاده کنند؟,بله، حساب های ارزی می توانند از خدمات مبتنی بر حساب استفاده کنند. بسیاری از بانک ها و مؤسسات مالی خدمات مبتنی بر حساب را برای حساب های ارزی ارائه می کنند، از جمله ارسال پول، پرداخت کسرهای، وام و اعتبار. با این حال، ممکن است برخی از خدمات مبتنی بر حساب برای حساب های ارزی محدود یا ممنوع باشند، بنابراین همیشه با بانک خود یا مؤسسه مالی خود در مورد امکان استفاده از خدمات مبتنی بر حساب برای حساب های ارزیสอบถาม کنید.
مشتری ارزی برای دریافت خدمات تلفنبانک باید به کجا مراجعه کند؟,با سلام! مشتریان ارزی برای دریافت خدمات تلفن بانک به کاوشخانه تلفن بانک مراجعه کنند. کاوشخانه تلفن بانک، شعبه‌ای از تلفن بانک است که خدمات ارزی را ارائه می‌دهد و برای انجام معاملات ارزی و خرید و فروش ارز، به آنجا مراجعه می‌کنند.
آیا خدمات سرویس های ویژه تلفن بانک به اشخاص حقوقی ارایه می گردد؟,بله، بسیاری از بانک‌ها خدمات سرویس‌های ویژه تلفن بانک را به اشخاص حقوقی ارائه می‌دهند، اما ممکن است برخی از بانک‌ها این خدمات را فقط به اشخاص حقوقی که حساب‌های ویژه دارند، ارائه دهند.به طور کلی، خدمات تلفن بانک ویژه برای اشخاص حقوقی ممکن است شامل موارد زیر باشد: 1. مدیریت حساب‌های تجاری: امکان مدیریت و نظارت بر حساب‌های تجاری از طریق تلفن و اتصال به حساب‌ها از هر جای جهان. 2. واریز و برداشت پول: امکان واریز و برداشت پول از حساب‌های تجاری از طریق تلفن. 3. نقل و انتقال پول: امکان نقل و انتقال پول بین حساب‌های تجاری از طریق تلفن. 4. گزارش‌های مالی: امکان دریافت گزارش‌های مالی و مالی از طریق تلفن و بررسی وضعیت حساب‌های تجاری. 5. مشاوره و پشتیبانی: امکان دریافت مشاوره و پشتیبانی از کارشناسان بانک از طریق تلفن.اما برای استفاده از این خدمات، معمولاً باید از یک حساب ویژه تجاری استفاده کنید و ممکن است نیاز به ثبت نام و تأیید هویت داشته باشید. به همین دلیل، توصیه می‌کنم با یک بانک یا شعبه بانک نزدیک به خود تماس بگیرید و در مورد
مشتریان با حساب مشترک از کدام سرویس های تلفنبانک می توانند استفاده نمایند؟,مستخدمانی که با حساب مشترک از تلفن‌بانک استفاده می‌کنند، می‌توانند از سرویس‌های زیر استفاده کنند: 1. تراکنش‌های مالی: انجام تراکنش‌های مالی مانند واریز، برداشت، واکشی، و غیره. 2. بررسی حساب: بررسی موجودی و گردش حساب خود و همچنین بررسی گردش حساب سایر اعضای خانواده. 3. پیامک و ایمیل: ارسال و دریافت پیامک و ایمیل از طریق تلفن‌بانک. 4. رمزنگاری: تغییر رمز و رمزنگاری برای حفظ امنیت حساب. 5. درخواست وام و کالا: درخواست وام و کالا از طریق تلفن‌بانک و بررسی وضعیت درخواست‌ها. 6. شارژ و پرداخت: شارژ و پرداخت برای تلفن همراه، اینترنت و سایر خدمات. 7. دریافت وام و کالا: دریافت وام و کالا از طریق تلفن‌بانک و بررسی وضعیت دریافت‌ها.به یاد داشته باشید که امکان استفاده از برخی از این سرویس‌ها با محدودیت‌های زمانی یا مالی ممکن است.
خدمات تلفنبانک مبتنی بر کارت کدامند؟,خدمات تلفنبانک مبتنی بر کارت، شامل موارد زیر است: 1. شارژ کارت اعتباری: امکان شارژ کارت اعتباری از طریق تلفن بانک وجود دارد. 2. تراکنش های بانکی: تلفن بانک امکان انجام تراکنش های بانکی از جمله واریز، برداشت، و انتقال اعتبار بین حساب ها را فراهم می کند. 3. خرید های آنلاین: تلفن بانک امکان خرید های آنلاین از طریق کارت اعتباری را فراهم می کند. 4. دریافت پول: تلفن بانک امکان دریافت پول از طریق کارت اعتباری را فراهم می کند. 5. مدیریت اعتبار: تلفن بانک امکان مدیریت اعتبار و مانیتور کردن تراکنش ها را فراهم می کند.
برای استفاده از خدمات مبتنی بر کارت چه رمزی باید وارد کنیم؟,برای استفاده از خدمات مبتنی بر کارت، رمز عبور کارت یا رمز PIN مورد نیاز است. این رمز برای حفظ امنیت و حفاظت از حساب و اطلاعات مالی شما است. برای ورود به خدمات مبتنی بر کارت، باید این رمز را وارد کنید تا با اطمینان و امنیت، خدمات را استفاده کنید.
آیا دارندگان کارت های عضو شتاب می توانند از حدمات مبتنی بر کارت استفاده نمایند؟,بله، دارندگان کارت های عضو شتاب می توانند از خدمات مبتنی بر کارت استفاده نمایند. با این حال، این خدمات ممکن است با توجه به نوع کارت و شرایط ارائه دهنده خدمت محدود یا متفاوت باشد. در هر صورت، در زمان استفاده از خدمات مبتنی بر کارت، اطمینان حاصل کنید که شرایط و ضوابط ارائه دهنده خدمت را مطالعه کنید و در مورد هر گونه سوالی که ممکن است داشته باشید با ارائه دهنده خدمت تماس بگیرید.
در صورتی که انتقال وجه ( داخلی /شناسه دار ), پرداخت اقساط و پرداخت قبوض از تلفنبانک ناموفق باشد چه کاری باید انجام دهیم؟,شمتتت! اگر انتقال وجه، پرداخت اقساط و پرداخت قبوض از تلفن بانک ناموفق باشد، توصیه می شود که ابتدا با تلفن بانک تماس بگیرید و مشکل را گزارش دهید. ممکن است مشکل از ناحیه تلفن بانک باشد و آنها بتوانند مشکل را برطرف کنند.اگر مشکل از ناحیه تلفن بانک نبود و شما به مشکل مواجه شدید، می توانید با ارائه مدارک و اطلاعات مورد نیاز، به واحد خدمات مشتری تلفن بانک یا به واحد بازاریابی و خدمات مشتریان شرکت خود برای حل مشکل مراجعه کنید.در هر صورت، توصیه می شود که در هنگام تماس، اطلاعات زیر را ارائه دهید:* شماره شبا یا شماره حساب شما* شماره اقساط یا قبوض که پرداخت ناموفق است* تاریخ و ساعت پرداخت ناموفق* هرگونه اطلاعات دیگر که ممکن است مفید باشداین اطلاعات می تواند در حل مشکل موثر باشد. همچنین، توصیه می شود که در هنگام تماس، آرام و صبور باشید تا مشکل را به راحتی حل کنید.
هنگام استفاده از خدمات با مشکل مواجه میشوم چرا؟,مطمئناً ناراحتی شما مهم است. برای حل مشکل شما، لطفاً اطلاعات بیشتری در مورد مشکل خود به من ارائه دهید. آیا از عملکرد من یا از فرآیند استفاده از خدمات ناراضی هستید؟ آیا هر گونه پیام یا خطای ظاهر شده است؟ اطلاعات بیشتری در مورد مشکل شما می‌تواند من را در حل آن یاری دهد.
امکان ورود ( مبتنی بر حساب ) به تلفن بانک را ندارم چرا؟,معمولاً برای ورود به تلفن بانک، یک رمز عبور یا یک کد امنیتی نیاز است که با حساب شما مرتبط است. اگر امکان ورود مبتنی بر حساب را ندارید، ممکن است دلیل آن یکی از موارد زیر باشد: 1. حساب شما بسته شده باشد یا در حال بسته شدن باشد، بنابراین امکان ورود وجود ندارد. 2. رمز عبور یا کد امنیتی شما قدیمی یا اشتباه است، بنابراین باید آن را بازنشانی یا تغییر دهید. 3. سیستم تلفن بانک در حال به‌روزرسانی یا تعمیر است، بنابراین ممکن است خدمات آن به‌طور موقت قطع شده باشد. 4. دستگاه یا برنامه شما ممکن است به‌روزرسانی یا آپدیت نشده باشد، بنابراین نمی‌توانید به تلفن بانک دسترسی داشته باشید.برای حل این مشکل، می‌توانید با کارگزاری تلفن بانک تماس بگیرید و از آنها کمک بخواهید. آنها می‌توانند به شما کمک کنند تا مشکل را حل کنید.
آدرس سایت باشگاه مشتریان بانک تجارت چیست؟,آدرس سایت باشگاه مشتریان بانک تجارت، www.tob.ir می باشد. در این سایت، مشتریان بانک تجارت می توانند حساب های خود را مدیریت کنند، تراکنش های خود را دنبال کنند و خدمات بانک را دریافت کنند.
چگونه می توانم عضو باشگاه مشتریان بانک تجارت شوم؟,برای عضویت در باشگاه مشتریان بانک تجارت، باید چندین قدم را انجام دهید: 1. ابتدا باید یک حساب بانکی در بانک تجارت داشته باشید. اگر حساب بانکی ندارید، باید ابتدا یک حساب بانکی باز کنید. 2. بعد از باز کردن حساب بانکی، باید به سایت بانک تجارت مراجعه کنید و فرم ثبت نام را تکمیل کنید. در این فرم، اطلاعات خود را وارد کنید و ایمیل و رمز عبور خود را انتخاب کنید. 3. بعد از تکمیل فرم ثبت نام، باید یک کد تاییدیه به ایمیل خود دریافت کنید و آن را وارد کنید تا عضویت خود را تأیید کنید. 4. بعد از تأیید عضویت، می توانید به بخش باشگاه مشتریان بانک تجارت دسترسی داشته باشید و از مزایای و خدمات آن استفاده کنید.شما همچنین می توانید به شعبه نزدیکترین بانک تجارت مراجعه کنید و از کارمندان بانک درخواست کنید تا شما را به باشگاه مشتریان معرفی کنند. آنها می توانند فرم ثبت نام را برای شما تکمیل کنند و شما را به باشگاه مشتریان معرفی کنند.
چگونه می توانم وارد حساب کاربری خود در باشگاه مشتریان بانک تجارت شوم؟,مطمئناً می توانید با چند قدم ساده وارد حساب کاربری خود در باشگاه مشتریان بانک تجارت شوید. برای این کار، مراحل زیر را انجام دهید: 1. به وب سایت بانک تجارت بروید و روی گزینه "ورود به باشگاه مشتریان" کلیک کنید. 2. آدرس ایمیل و رمز عبور خود را وارد کنید و روی گزینه "ورود" کلیک کنید. 3. اگر رمز عبور خود را فراموش کرده اید، روی گزینه "فراموشی رمز عبور" کلیک کنید و فرآیند بازیابی را انجام دهید. 4. پس از ورود به باشگاه مشتریان، می توانید در بخش های مختلف مانند درج درخواست، پیگیری امور، دانلود اسناد و...) فعالیت کنید.اگر در انجام این مراحل به مشکل برخوردید، می توانید با بانک تجارت تماس بگیرید و از خدمات آنها بهره بگیرید.
رمز عبور خود را برای ورود به حساب کاربری باشگاه مشتریان فراموش نموده ام ، چگونه می توانم رمز جدید دریافت کنم؟,نخستین قدم برای دریافت رمز عبور جدید، به سایت باشگاه مشتریان مراجعه کنید. در صفحه ورود، روی گزینه "فراموش رمز عبور" کلیک کنید. سپس، آدرس ایمیل یا نام کاربری خود را وارد کنید و روی گزینه "بازیابی رمز عبور" کلیک کنید.سپس، یک سوال امنیتی پاسخ دهید و یک رمز عبور جدید برای خود انتخاب کنید. این رمز عبور باید شامل کارکترها و حروف باشد و حداقل 8 کاراکتر طولانی باشد. روی گزینه "تایید" کلیک کنید تا رمز عبور جدید شما تأیید شود.در صورت نیاز، می توانید با گروه پشتیبانی باشگاه مشتریان تماس بگیرید و درخواست رمز عبور جدید دهید. آنها می توانند به شما کمک کنند تا رمز عبور جدیدی دریافت کنید.
آیا برای ورود به هر یک حساب ها جهت عضویت در باشگاه مشتریان ، نیاز به اخذ رمز مجزا می باشد؟,خیر، برای ورود به هر یک از حساب ها جهت عضویت در باشگاه مشتریان، نیازی به اخذ رمز مجزا نیست. اغلب اوقات، با ارائه اطلاعات شخصی و ایمیل، می‌توانید به باشگاه مشتریان پیوست و از مزایای آن بهره‌مند شوید. با این حال، ممکن است برخی باشگاه‌های مشتریان به رمز عبور مجزا برای امنیت بیشتر نیاز داشته باشند. در هر صورت، در زمان ثبت نام یا عضویت در باشگاه مشتریان، راهنمایی‌های لازم را دریافت خواهید کرد و اطلاعات موردنیاز را ارائه دهید.
چگونه می توانم پروفایل کاربری ام را تغییر دهم؟,دوست عزیز! برای تغییر پروفایل کاربری خود، شما باید به صفحه تنظیمات پروفایل خود بروید. معمولاً در بالای صفحه یا در بخش تنظیمات حساب کاربری، گزینه ای با عنوان "تنظیمات پروفایل" یا "پروفایل" وجود دارد که به شما اجازه می دهد پروفایل خود را ویرایش کنید.در این صفحه، می توانید اطلاعات شخصی خود را ویرایش کنید، مانند نام و نام خانوادگی، آدرس ایمیل، رمز عبور و غیره. به طور کلی، گزینه های مختلفی برای ویرایش وجود دارد، اما به طور کلی شما باید به گزینه های زیر توجه کنید: 1. نام و نام خانوادگی: برای ویرایش نام و نام خانوادگی خود، به گزینه "نام و نام خانوادگی" بروید و اطلاعات خود را وارد کنید. 2. آدرس ایمیل: برای ویرایش آدرس ایمیل خود، به گزینه "آدرس ایمیل" بروید و آدرس ایمیل جدید خود را وارد کنید. 3. رمز عبور: برای ویرایش رمز عبور خود، به گزینه "رمز عبور" بروید و رمز عبور جدید خود را وارد کنید. 4. تصویر پروفایل: برای
در صورت مسدودی حساب کاربری چه اقدامی انجام شود؟,مطمئناً در صورت مسدودی حساب کاربری، شما باید با تیم پشتیبانی تماس بگیرید و دلیل مسدود شدن حساب را بپرسید. ممکن است برای باز کردن حساب، برخی اطلاعات یا مدارک ارائه دهید. در برخی موارد، ممکن است حساب به دلیل نقص در اطلاعات یا سوء استفاده از حساب مسدود شده باشد و در این صورت، باید به راهنمایی های تیم پشتیبانی توجه کنید تا حساب را باز کنید. در هر صورت، همیشه با تیم پشتیبانی در تماس باشید تا در مورد مشکل شما کمک کنند.
 آیا امتیاز تراکنش هایی که قبل از عضویت در باشگاه انجام داده ام،جزء امتیازات من لحاظ می شود؟,به طور کلی، در بسیاری از باشگاه ها و سایت های آنلاین، امتیازات تراکنش هایی که قبل از عضویت در باشگاه انجام داده اید، جزء امتیازات شما لحاظ نمی شود. این به دلیل وجود محدودیت هایی است که برای اعتبار و اعتبار اعضا در نظر گرفته می شود.از آنجایی که شما در ابتدا عضو نشده اید، باشگاه ممکن است به این معنا که شما هنوز عضو نیستید، این تراکنش ها را ندانسته یا اعتبار آنها را نپذیرفته باشد. در نتیجه، این امتیازات ممکن است در محاسبات و رتبه بندی های بعدی شما لحاظ نشود.با این حال، این مورد در هر باشگاه و سایت متفاوت است، بنابراین پیشنهاد می کنم به شرایط خاص باشگاه یا سایت که در آن عضو شده اید، مراجعه کنید تا بتوانید پاسخ دقیق تری به این سوال پیدا کنید.
محاسبه و صرف امتیازات برای کدام دسته از مشتریان انجام می گیرد؟,کدام دسته از مشتریان برای محاسبه و صرف امتیازات در نظر گرفته می شوند، بستگی به سیاست‌های شرکت و نوع صنعت دارد. اما در حالت کلی، مشتریان را به دو دسته تقسیم می کنند: 1. وفادارترین مشتریان: این دسته از مشتریان به دلیل خریدهای مداوم و وفاداری به برند، امتیازات بیشتری دریافت می کنند. این مشتریان معمولاً از طریق برنامه های وفاداری و پاداش، درک می شوند و از امتیازات بیشتری مانند تخفیفات و جایزه ها بهره می برند. 2. مشتریان جدید: این دسته از مشتریان برای جذب آنها به برند، امتیازات بیشتری دریافت می کنند. این مشتریان معمولاً از طریق برنامه های بازاریابی و تبلیغات، درک می شوند و از امتیازات بیشتری مانند تخفیفات و جایزه ها بهره می برند.اما در مورد سایر مشتریان، مانند مشتریان تجاری یا مشتریان خاص، ممکن است شرکت سیاست های خاصی برای آنها داشته باشد که بر اساس نیازهای آنها و نوع همکاری آنها با شرکت، امتیازات را توزیع کند.
آیا امتیاز تراکنش های انجام شده همان لحظه در سایت نمایش داده می شود؟,در اکثر سایت ها و سیستم های تراکنشی، امتیاز تراکنش های انجام شده به‌طور مداوم و در لحظه نمایش داده نمی شود. به جای اینکه در لحظه، معمولاً تراکنش ها با یک فاصله زمانی خاص، مانند یک دقیقه یا یک ساعت، به‌روزرسانی می شوند تا از حجم تراکنش ها جلوگیری شود و عملکرد سیستم را بهبود بخشد. این فاصله زمانی بسته به تنظیمات و نیازهای خاصی که سایت یا سیستم دارد، متفاوت است. بنابراین، ممکن است زمان کمی طول بکشد تا امتیاز تراکنش های انجام شده در سایت به‌روزرسانی شود.
چگونه می توانم در زیر گروه عضو شوم؟,شما می توانید برای عضو شدن در زیر گروه، به چند گام زیر توجه کنید: 1. ابتدا باید در گروه اصلی عضو شوید. برای این کار، می توانید به صفحه گروه رفته و گزینه "قبول" را انتخاب کنید. 2. پس از عضو شدن در گروه اصلی، به صفحه گروه بروید و گزینه "زیر گروه ها" را انتخاب کنید. 3. در صفحه زیر گروه ها، گزینه "عضو شدن در زیر گروه" را انتخاب کنید. 4. در صفحه بعدی، باید اطلاعات خود را وارد کنید، مانند نام و نام خانوادگی، ایمیل و رمز عبور. 5. پس از تکمیل اطلاعات، گزینه "عضو شدن" را انتخاب کنید.به این ترتیب، شما عضو یک زیر گروه خاص خواهید شد. اگر در هر مرحله با مشکل مواجه شدید، می توانید به پشتیبانی گروه مراجعه کنید.
تفاوت امتیازات باشگاهی و امتیازات جشنواره در چیست؟,سؤال جالبی! تفاوت امتیازات باشگاهی و جشنواره در چیست؟ امتیازات باشگاهی، امتیازات ویژه ای هستند که به بازیکنان یا تیم‌هایی داده می شود که در یک باشگاه فوتبال عضو هستند یا در یک رقابت باشگاهی مانند لیگ یا جام حذفی شرکت می کنند. این امتیازات اغلب بر اساس عملکرد تیم یا بازیکن در طول یک فصل یا یک دوره رقابت مشخص است. به عنوان مثال، امتیازات باشگاهی ممکن است بر اساس تعداد گل های زده شده، بازی های بازی شده یا نتایج بدست آمده باشد.در مقابل، امتیازات جشنواره، امتیازات ویژه ای هستند که به بازیکنان یا تیم‌هایی داده می شود که در یک جشنواره یا یک رویداد فوتبال شرکت می کنند. این جشنواره ها ممکن است یک رویداد خاص مانند جام جهانی یا جام ملت های باشد که در آن تیم های از سراسر جهان شرکت می کنند. امتیازات جشنواره اغلب بر اساس عملکرد تیم یا بازیکن در طول یک رویداد مشخص است و اغلب با امتیازات باشگاهی متفاوت است.به عنوان مثال، یک بازیکن ممکن است در یک فصل لیگ چندین گل بزند و امتیازات باشگاهی دریافت کند، اما در یک رویداد جشنواره مانند جام
چگونه میتوانم امتیازات حاصل از تراکنش های خود را دریافت کنم؟,سلام! برای دریافت امتیازات حاصل از تراکنش های خود، باید به صفحه حساب کاربری خود در سایت یا برنامه مربوطه مراجعه کنید. معمولاً در این صفحه، اطلاعات تراکنش های شما و امتیازات حاصل از آنها نمایش داده می شود. در صورت نیاز، می توانید برای دریافت کمک یا راهنمایی بیشتر با پشتیبانی مربوطه تماس بگیرید.
چگونه می توانم در زیر گروه عضو شوم؟,به راحتی! برای اینکه در زیرگروه عضو شوید، باید مراحل زیر را دنبال کنید: 1. ابتدا باید یک حساب کاربری در این پلتفرم ایجاد کنید. اگر قبلاً حساب کاربری داشته اید، می توانید وارد حساب خود شوید. 2. در صفحه اصلی، روی دکمه "گروه ها" کلیک کنید و سپس روی نام گروهی که می خواهید در آن عضو شوید کلیک کنید. 3. روی دکمه "عضو شوید" کلیک کنید و پس از آن، فرم عضویت باز می شود. 4. اطلاعات مورد نیاز خود را وارد کنید و سپس روی دکمه "عضو شوید" کلیک کنید. به یاد داشته باشید که برای عضو شدن در یک گروه، معمولاً باید با قوانین و مقررات آن گروه موافق باشید و می توانید در صورت داشتن هرگونه سؤال یا شکایت، با مدیریت گروه تماس بگیرید.
چگونه میتوانم کوپن های دریافت شده از تخفیف ها را مشاهده کنم؟,در اکثر موارد، کوپن های دریافت شده از تخفیف ها در بخش حساب یا پیگیری سفارشات یا در حساب کاربری شما در فروشگاه یا سایت آنلاین وجود دارند. برای مشاهده کوپن های خود، می توانید به صفحه حساب کاربری خود در فروشگاه یا سایت آنلاین مراجعه کنید و در آنجا، کوپن های دریافت شده را مشاهده کنید. در صورت نیاز، می توانید از بخش پشتیبانی یا تماس با فروشگاه برای درخواست راهنمایی یا کمک در مورد مشاهده کوپن ها استفاده کنید.
با چه شماره واتس آپ می توانم با باشگاه مشتریان بانک تجارت ارتباط برقرار نمایم؟,خوش آمدید! برای ارتباط با باشگاه مشتریان بانک تجارت، می توانید با شماره 021-8893 به آنها تماس بگیرید. همچنین می توانید از طریق واتساپ آنها در شماره 98913933333 ارتباط برقرار کنید. به خاطر داشته باشید که برای ارتباط با آنها باید در لیست تماس های خود به آنها اجازه داده باشید.
آدرس اینستاگرام باشگاه مشتریان بانک تجارت چیست؟,آدرس اینستاگرام باشگاه مشتریان بانک تجارت این است: @tobbankclub. در این حساب، آخرین اخبار و اطلاعات درباره خدمات بانک تجارت و همچنین پیشنهادات و پیشنهادهای ویژه مشتریان منتشر می شود.
تخفیفات و پاداش های باشگاه مشتریان بانک تجارت شامل چند گروه می باشد؟,تخفیفات و پاداش های باشگاه مشتریان بانک تجارت شامل چند گروه است: 1. تخفیفات در هزینه های بانکی: شامل تخفیف در هزینه های کارمزد، عوارض و هزینه های مرتبط با حساب های بانکی است. 2. تخفیفات در هزینه های تجارت: شامل تخفیف در هزینه های مرتبط با معاملات و نقل و انتقال پول است. 3. تخفیفات در هزینه های خدمات: شامل تخفیف در هزینه های مرتبط با ارائه خدمات بانکی مانند وام، اعتبار و سایر خدمات است. 4. پاداش های در نظر گرفتن اعتبار: شامل پاداش برای داشتن اعتبار خوب و پرداخت های منظم است. 5. پاداش های در نظر گرفتن استفاده از خدمات: شامل پاداش برای استفاده از خدمات بانکی مانند وام، اعتبار و سایر خدمات است.این تخفیفات و پاداش ها برای مشتریان باشگاه مشتریان بانک تجارت ارائه می شوند و می تواند بر اساس شرایط و ضوابط خاصی باشد.
جشنواره‌های باشگاه مشتریان بانک تجارت را چگونه مشاهده نماییم؟,مطمئناً می‌توانید جشنواره‌های باشگاه مشتریان بانک تجارت را در وب سایت رسمی بانک تجارت مشاهده کنید. به این ترتیب، می‌توانید جشنواره‌های مختلف مانند جشنواره خرید، جشنواره ذخیره و... را در این صفحه مشاهده کنید. علاوه بر این، می‌توانید در صفحه باشگاه مشتریان بانک تجارت خود، به جشنواره‌های موجود در آن دسترسی داشته باشید. به طور کلی، بانک تجارت جشنواره‌های خود را در هر زمان که بخواهد تغییر می‌دهد، بنابراین توصیه می‌کنم که به طور مرتب جشنواره‌های جدید را بررسی کنید تا از بهترین پیشنهادات خود بهره‌مند شوید.
نحوه فعال سازی رمز پویا از طرق مختلف چگونه است؟,فعال سازی رمز پویا، یک فرآیند امن برای محافظت از اطلاعات مهم است. برای فعال سازی رمز پویا از طرق مختلف، می‌توان به صورت زیر عمل کرد: 1. از طریق رمزگذاری فایل: می‌توانید از نرم افزارهای رمزگذاری فایل مانند 7-Zip، WinZip یا VeraCrypt برای رمزگذاری فایل‌های خود استفاده کنید. این نرم افزارها به شما اجازه می‌دهند تا یک رمز عبور برای فایل‌های خود تعیین کنید و آن را رمزگذاری کنید. 2. از طریق رمزگذاری ابر: می‌توانید از سرویس‌های رمزگذاری ابر مانند Dropbox یا Google Drive برای رمزگذاری فایل‌های خود استفاده کنید. این سرویس‌ها به شما اجازه می‌دهند تا یک رمز عبور برای فایل‌های خود تعیین کنید و آن را رمزگذاری کنید. 3. از طریق رمزگذاری شبکه: می‌توانید از نرم افزارهای رمزگذاری شبکه مانند OpenVPN یا WireGuard برای رمزگذاری ترافیک اینترنت خود استفاده کنید. این نرم افزارها به شما اجازه می‌دهند تا یک رمز عبور برای اتصالات خود تعیین کنید و آن را رمزگذاری کنید. 4. از طریق رمزگذاری سخت‌اف
همراز چگونه نرم افزاری می باشد؟,همراز (Hamraaz) یک نرم افزار امنیتی است که توسط سازمان اطلاعات سپاه پاسداران انقلاب اسلامی برای تبادل اطلاعات امن و رمزنگاری داده‌ها طراحی شده است. این نرم افزار به کاربران امکان می دهد که داده‌های خود را رمزنگاری کنند و در شبکه‌های امن در اختیار دیگران قرار دهند. همراز از فناوری رمزنگاری و امنیت بالا برای محافظت از داده‌ها در طول انتقال استفاده می کند. در نتیجه، داده‌هایی که با همراز رمزنگاری می شوند، از دسترسی غیرمجاز و سرقت محافظت می شوند.
برنامه همراز را ازچه سایتی دانلود کنم؟,برنامه همراز، که یک نرم‌افزار امنیتی و ضدویروس است، از چندین سایت مختلف قابل دانلود است. برخی از سایت‌های رسمی برای دانلود همراز عبارتند از: 1. سایت رسمی همراز: شما می‌توانید از سایت رسمی همراز در [www.hamraaz.ir](http://www.hamraaz.ir) برنامه را دانلود کنید. 2. سایت Softonic: همراز در سایت Softonic در [www.softonic.ir](http://www.softonic.ir) قابل دانلود است. 3. سایت FileHorse: همراز در سایت FileHorse در [www.filehorse.com](http://www.filehorse.com) نیز قابل دانلود است. لطفا قبل از دانلود، اطمینان حاصل کنید که از سایت‌های معتبر و قابل اعتماد استفاده کنید تا از دانلود برنامه‌های فاسد یا آلوده جلوگیری کنید.
چگونه رمز پویای کارت را در همراز فعال نماییم؟,برای فعال کردن رمز پویای کارت در همراز، مراحل زیر را دنبال کنید: 1. وارد حساب کاربری خود در همراز شوید و به صفحه تنظیمات برید. 2. روی گزینه "پیشنهادهای امنیتی" کلیک کنید و سپس روی گزینه "رمز پویا" کلیک کنید. 3. در صفحه بعدی، روی گزینه "فعال کردن رمز پویا" کلیک کنید و با گذرواژه خود را وارد کنید. 4. در مرحله بعد، رمز پویای خود را به عنوان گذرواژه وارد کنید و روی گزینه "ذخیره" کلیک کنید. 5. حالا رمز پویای کارت شما در همراز فعال شده است و هر بار که وارد حساب کاربری خود می شوید، باید رمز پویای خود را وارد کنید. شایان ذکر است که فعال کردن رمز پویا، امنیت حساب کاربری شما را افزایش می دهد، اما در عین حال ممکن است با مشکلاتی در هنگام ورود به حساب کاربری خود مواجه شوید، بنابراین باید با دقت و مراقبت بیشتری عمل کنید.
تلفن همراه خود را تعویض کردم ایا نیاز به راه اندازی مجدد همراز می باشد؟,خوش آمدید! با تعویض تلفن همراه خود، ممکن است نیاز به راه اندازی مجدد همراز داشته باشید، اما در همه موارد این کار الزامی نیست. به این معنی که اگر همراز شما با تنظیمات پیش فرض تلفن همراه شما مطابقت داشته باشد، نیازی به راه اندازی مجدد نخواهد داشت. اما اگر همراز شما با تنظیمات جدید تلفن همراه شما مطابقت نداشته باشد، باید آن را راه اندازی مجدد کنید تا مطابقت داشته باشد و کارکرد بهینه را داشته باشد.
در صورت دریافت پیغام رمز صحیح نمی باشد در زمان دریافت رمز از همراز باید چه اقدامی نماییم؟,در صورت دریافت پیغام رمز صحیح نمی باشد، در زمان دریافت رمز از همراز، ابتدا باید به صفحه ورود به حساب خود رفته و نام کاربری و رمز عبور خود را وارد کنید. سپس، اگر رمز عبور صحیح نیست، می توانید از گزینه "فراموشی رمز" یا "تازه رمز" استفاده کنید تا رمز عبور خود را بازیابی یا یک رمز عبور جدید ایجاد کنید. در غیر این صورت، اگر باقیمانده تلاش برای ورود به حساب خود را نیز انجام دادید، می توانید با همراز تماس بگیرید تا مشکل را حل کند.
رمز پویا را از همراز گرفتم ولی در درگاه همراه بانک پیغام رمز وارد شده بیش ازحد مجاز اشتباه است را دریافت میکنم؟,دختر یا پسر! مشکل شما از همراز و همراه بانک است. پیام خطای "رمز وارد شده بیش ازحد مجاز است" معمولاً به دلیل وارد کردن رمز عبور اشتباه یا وارد کردن رمز بیش از حد در طول یک دوره زمانی خاص است. برای حل این مشکل، توصیه می کنم که رمز عبور خود را چک کنید و مطمئن شوید که رمز صحیح است. اگر رمز صحیح است، ممکن است یک محدودیت زمانی برای وارد کردن رمز در یک دوره زمانی خاص وجود دارد. در این صورت، باید منتظر ماند تا این محدودیت زمانی بگذرد یا با همراز تماس بگیرید و از آن کمک بگیرید. بهترین راه حل، بازدید از یک شعبه بانک و یا تماس با کارشناس بانک برای دریافت راهنمایی است. آنها می توانند به شما کمک کنند تا مشکل شما را حل کنید.
فعالسازی رمز پویا انجام میدهم و پیغام [ توکن شما رو دستگاه دیگری نصب شده است] دریافت می نمایم علت چیست؟,مطمئناً مشکل جالبی وجود دارد! فعالسازی رمز پویا با پیغام "توکن شما رو دستگاه دیگری نصب شده است" معمولاً به دلیل نصب توکن در دستگاه دیگری و یا اشتباه در تنظیمات توکن است. در اینجا چند قدم برای حل این مشکل وجود دارد: 1. بررسی اینکه آیا توکن را در دستگاه دیگری نصب کرده اید یا خیر؟ اگر بله، آن را از دستگاه دیگر حذف کنید. 2. بررسی تنظیمات توکن و اطمینان از اینکه آیا تنظیمات صحیحی وجود دارد یا خیر؟ ممکن است تنظیمات توکن اشتباه باشد و باعث شود که توکن در دستگاه دیگری نصب شود. 3. برای حل مشکل، می توانید از منوی تنظیمات توکن، گزینه "ویرایش توکن" را انتخاب کنید و سپس گزینه " پاک کردن توکن" را انتخاب کنید تا توکن را از دستگاه خود حذف کنید و سپس دوباره آن را نصب کنید. اگر این مشکل را حل کردید، می توانید دوباره تلاش کنید که رمز پویا را فعال کنید. اگر همچنان با مشکل مواجه شدید، می توانید به پشتیبانی ارائه دهنده توکن مراجعه کنید تا در حل مشکل کمک کند.
از نسخه تحت وب استفاده می کنم همرازم از کار افتاده در زمان تراکنش خطا می دهد؟,با عرض سلام! اگر نسخه تحت وب شما در زمان تراکنش خطا می دهد، احتمالاً به خاطر یک اشکال در کد یا یک مشکل در تراکنش است. برای حل این مشکل، توصیه می کنم که ابتدا کدی را که در زمان تراکنش خطا می دهد، بررسی کنید و اگر مشکل را حل نکرد، به یک توسعه دهنده یا یک پشتیبانی فنی برای کمک در دسترس باشید.
چرا همراز ios همراز اندروید بر روی گوشی های روت شده و جلبریک شده اجرا نمی شود؟,سوال جالب و مفید! دلیل اجرا نشدن همراز روی گوشی های روت شده و جلبریک شده، چندین عامل است، از جمله: 1. یکتا بودن برنامه: همراز یک برنامه یکتا است و از آنجایی که روی گوشی های روت شده و جلبریک شده، سیستم عامل و تنظیمات امنیتی تغییر کرده است، ممکن است همراز با مشکلاتی مانند مجوز، دسترسی یا امضای دیجیتالی روبرو شود و به همین دلیل اجرا نشود. 2. عدم پشتیبانی از تغییرات در سیستم عامل: همراز ممکن است از تغییرات در سیستم عامل مانند روت یا جلبریک، پشتیبانی نکند و به همین دلیل اجرا نشود. 3. مسائل امنیتی: همراز ممکن است از مسائل امنیتی مانند مجوز یا دسترسی، جلوگیری شود تا از اجرا شدن روی گوشی های روت شده و جلبریک شده، جلوگیری کند. 4. تنظیمات امنیتی: ممکن است تنظیمات امنیتی روی گوشی، اجازه اجرای همراز را نداده باشد و به همین دلیل اجرا نشود. 5. درcompatibility: ممکن است همراز با نسخه فعلی سیستم عامل یا سخت افزار
در برنامه همراز هم کد فعالسازی و شماره سریال را وارد نمودم و همه اطلاعات تکمیل است اما موقع عملیات اعلام می کند اطلاعات در گاه خود را وارد نمایید؟,It sounds like you're experiencing an issue with the Hamraaz program. It's possible that the date format you're using is not compatible with the system. Try changing the date format to match the one used in your country or region. For example, if you're using the DD/MM/YYYY format, try changing it to YYYY/MM/DD. Sometimes, a small change like this can resolve the issue. If you're still having trouble, please provide more details or screenshots of the error message you're seeing, and I'll do my best to help you troubleshoot.
آیا مشتریان حقوقی میتوانند از همراز استفاده نمایند؟,بله، مشتریان حقوقی نیز می‌توانند از همراز استفاده نمایند. همراز یک پلتفرم است که برای هر شخصی که قصد دارد در مورد موضوعی تحقیق کند، قابل استفاده است، نه تنها برای متخصصان و کارشناسان، بلکه برای عموم مردم نیز. بنابراین، مشتریان حقوقی نیز می‌توانند از همراز برای تحقیق و جمع‌آوری اطلاعات استفاده نمایند.
آیا مشتریان خارج از کشور می توانند رمز پویا را فعال نمایند؟,سلام! با توجه به سیاست های شرکت، رمز پویا صرفاً برای مشتریان ایرانی فعال است و برای مشتریان خارج از کشور در دسترس نیست. به همین دلیل، اگر شما یک کاربر خارجی هستید، نمی توانید رمز پویا را فعال کنید. لطفا از خدمات و امکانات شرکت خود را بررسی کنید.
مدت اعتبار رمز یکبار مصرف اخذ شده از طریق همراز چند دقیقه می باشد ؟,دسترسی رمز یکبار مصرف اخذ شده از طریق همراز، بسته به تنظیمات تنظیمات امنیتی بانک یا ارائه دهنده خدمات، می تواند متفاوت باشد. اما به طور معمول، رمز یکبار مصرف یکبار مصرف است و فقط در عرض چند دقیقه یا حداکثر یک ساعت قابل استفاده است. پس از آن، این رمز منقضی می شود و دیگر قابل استفاده نیست.
نحوه رمز پویا کارت از همراه بانک چگونه است؟,ممنون از سوال شما! برای رمز پویا کارت از همراه بانک، ابتدا باید به وب سایت رسمی همراه بانک بروید و با وارد کردن اطلاعات حساب خود، وارد حساب کاربری شوید. سپس به قسمت "رمز پویا" یا "رمز یکبار مصرف" بروید و درخواست رمز پویا را ارسال کنید. همراه بانک یک رمز پویا برای شما ایجاد کرده و آن را به ایمیل یا شماره تلفن همراه شما ارسال می کند. این رمز یکبار مصرف است و می توانید با آن در تراکنش‌های خود از بانک استفاده کنید. شایان ذکر است که این روش ممکن است بسته به نوع کارت و خدمات ارائه شده توسط همراه بانک متفاوت باشد. برای اطلاعات بیشتر و در صورت داشتن هر گونه سوال یا نگرانی، می توانید با بانک خود تماس بگیرید.
در صورتی که مشتری تمایلی به نصب همراز نداشته باشد اما همراه بانک را برای فعالسازی پویا کارت انتخاب نماید چطور پویا کارت فعال می شود؟,در صورت انتخاب همراه بانک برای فعال‌سازی پویا کارت بدون نصب همراز، پویا کارت به‌طرفدار خود واگذار می‌شود و می‌توانید از آن برای معاملات مالی استفاده کنید. با این حال، باید توجه داشته باشید که بدون نصب همراز، امکان برخی از خدمات و معاملات را در پویا کارت نخواهید داشت، مانند دریافت تراکنش‌ها و ذخیره تاریخچه معاملات.
رمز پویای خود را از طریق همراه بانک تجارت فعال میکنم اما کد تایید را دریافت نمیکنم؟,مطمئناً ناراحتی شما را درک کردم. اگر رمز پویای خود را از طریق همراه بانک تجارت فعال کرده اید اما کد تایید را دریافت نمی کنید، احتمالاً ممکن است دلایل مختلفی داشته باشد. برخی از دلایل ممکن این باشد: 1. شماره موبایل خود را به درستی وارد کرده اید؟ به احتمال زیاد، شماره موبایل خود را به اشتباه وارد کرده اید. دوباره شماره موبایل خود را وارد کنید و تلاش کنید کد تایید را دریافت کنید. 2. رمز پویا فعال شده باشد، اما کد تایید را ارسال نکرده باشد. در این صورت، به بانک تجارت مراجعه کنید و مشکل را گزارش دهید تا آن‌ها برای شما کد تایید ارسال کنند. 3. یک مشکل در ارتباطات یا یک مسئله فنی وجود دارد. در این صورت، مشکل را گزارش دهید تا آن‌ها برای شما کد تایید ارسال کنند یا مشکل را برطرف کنند. 4. ممکن است یک محدودیت وجود داشته باشد. در این صورت، به بانک تجارت مراجعه کنید و محدودیت را گزارش دهید تا آن‌ها برای شما کد تایید ارسال کنند. اگر هنوز هم مشکل را تجربه می کنید، به بانک تجارت مراجعه کنید و از کارشن
در صورت عدم مشاهده کامل رمز چه اقدامی انجام می کردد؟,در صورت عدم مشاهده کامل رمز، اقداماتی که می‌توان انجام داد عبارتند از: 1. بررسی دوباره رمز: ممکن است رمز را اشتباه خوانده یا خواندن آن را سخت کرده باشد. بررسی دوباره رمز می‌تواند به درک بهتر رمز کمک کند. 2. درخواست کمک: اگر رمز را نتوانسته یا خواندن آن را دشوار کرده باشد، می‌توان درخواست کمک از یک دوست یا یک متخصص کرد تا به شما کمک کند. 3. جستجوی اطلاعات اضافی: ممکن است اطلاعات اضافی در مورد رمز وجود داشته باشد که می‌تواند به درک بهتر رمز کمک کند. جستجوی اطلاعات اضافی می‌تواند به شما کمک کند تا رمز را به طور کامل درک کنید. 4. استفاده از ابزارهای کمک: وجود ابزارهای کمک مانند نرم‌افزارهای رمزگشایی یا نرم‌افزارهای کمک برای رمزگشایی می‌تواند به شما کمک کند تا رمز را به طور کامل درک کنید. 5. درخواست راهنمایی از یک متخصص: اگر رمز را نتوانسته یا خواندن آن را دشوار کرده باشد، می‌توان درخواست راهنمایی از یک متخصص در زمینه رمزگشایی کرد تا به شما کمک کند.
رمز پویای حساب چیست و چه کارکردی دارد؟,رسم پویای حساب یا رمز پویای حساب یک کد امنیتی است که برای تأیید هویت و جلوگیری از دسترسی غیرمجاز به حساب کاربری استفاده می‌شود. این کد یک رشته خاصی از کاراکترها است که در هر زمان که کاربر به حساب خود وارد می‌شود، تولید می‌شود و به طور موازی با رمز عبور کاربر، در پایگاه داده ذخیره می‌شود.رمز پویای حساب دو عملکرد اصلی دارد: 1. تأیید هویت: در هنگام ورود به حساب، سیستم این رمز را با رمز عبور کاربر مقایسه می‌کند و اگر مطابقت داشت، به کاربر اجازه ورود می‌دهد. 2. جلوگیری از دسترسی غیرمجاز: اگر یک کاربر نامنظم یا هکر تلاش کند به حساب کاربری وارد شود، سیستم این رمز را با رمز عبور کاربر مقایسه می‌کند و اگر مطابقت نداشت، اجازه ورود را نمی‌دهد، بنابراین از دسترسی غیرمجاز جلوگیری می‌کند.
چگونه رمز پویای حسابی را در همراز فعال نماییم؟,یکی از روش‌های فعال کردن رمز پویای حسابی در همراز، استفاده از دستورالعمل "azcopy" است. برای فعال کردن رمز پویای حسابی در همراز، ابتدا باید به درگاه Azure Storage دسترسی داشته باشید و سپس از دستورالعمل "azcopy" برای تنظیم رمز پویای حسابی استفاده کنید. برای مثال، برای فعال کردن رمز پویای حسابی در یک مخزن Blob، می‌توانید از دستورالعمل زیر استفاده کنید:azcopy login  azcopy ls <mystoreaccount>.blob.core.windows.net/<containername>  azcopy crypt start --account-name <mystoreaccount> --container-name <containername> --blob-type BlockBlob --blob-name <blobname> در این دستورالعمل، باید نام درگاه Azure Storage و نام مخزن و نام بلاگ را جایگزین کنید. این دستورالعمل برای فعال کردن رمز پویای حسابی در مخزن Blob استفاده می‌شود. برای فعال کردن رمز پویای حسابی در مخزن Queue یا Table، باید از دستورالعمل‌های متفاوت استفاده کنید. برای کسب اطلاعات بیشتر، می‌توانید به documentation Azure Storage مراجعه کنید.
اگر مشتری قبلا برای یکی از حساب های خود پویا حساب فعال کرده باشد و مجددا حساب جدیدی به همراه بانک خود اضافه کند آیا باید مجددا پویای حساب جدید را فعال کند؟,سلام! در مورد سوال شما توضیح می دهم. اگر مشتری قبلا برای یکی از حساب های خود پویا حساب را فعال کرده است و مجددا حساب جدیدی با یک بانک دیگر اضافه کند، در اکثر مواقع نیازی به فعال کردن پویای حساب جدید نیست. پویای حساب یک ویژگی است که فقط برای یک حساب و یک بانک فعال می شود و به همین دلیل، اگر مشتری حساب جدیدی با یک بانک دیگر اضافه کند، پویای حساب جدیدی برای آن حساب نیاز دارد. به عنوان یک پیشنهاد، توصیه می شود که پویای حساب جدید را فعال کنید تا بتوانید از همه حساب های خود برای معاملات و تراکنش ها استفاده کنید. با این حال، در صورتی که مشتری حساب های متعدد با یک بانک دارند و می خواهند برای همه حساب های خود پویای حساب فعال باشد، می تواند پویای حساب جدید را فعال کند. در هر صورت، بهتر است با یک کارشناس بانک یا یک مشاور مالی مشورت کنید تا به شما کمک کند در مورد اینکه آیا باید پویای حساب جدید را فعال کنید یا خیر.
چگونه رمز پویای حسابی را از طریق مراجعه به شعبه در همراز فعال نماییم؟,خوش آمدید! برای فعال کردن رمز پویای حسابی از طریق مراجعه به شعبه در همراز، باید مراحل زیر را انجام دهید: 1. به شعبه بانکی در همراز مراجعه کنید و به یک کارشناس بانکی مراجعه کنید. 2. از کارشناس بانکی درخواست کنید تا رمز پویای حسابی شما را فعال کند. 3. برای فعال کردن رمز پویای حسابی، کارشناس بانکی ممکن است از شما درخواست کند تا مدارک هویتی خود را ارائه دهید، مانند کارت ملی یا شناسنامه. 4. کارشناس بانکی ممکن است از شما درخواست کند تا رمز عبور جدیدی برای رمز پویای حسابی خود انتخاب کنید. این رمز عبور باید حداقل 8 کاراکتر باشد و شامل حروف بزرگ و کوچک، اعداد و کاراکترهای ویژه باشد. 5. پس از فعال کردن رمز پویای حسابی، کارشناس بانکی ممکن است از شما درخواست کند تا یک سوالی را پاسخ دهید تا اطمینان حاصل کند که شما در واقع صاحب حسابی هستید که می‌خواهید رمز پویای آن را فعال کنید. به یاد داشته باشید که برای فعال کردن رمز پویای حسابی، باید به شعبه
چرا با وجود ورود شماره سریال و کلید فعالسازی که شعبه صادر کرده است در همراز وارد می کنم اما باز هم اعلام می کند اطلاعات وارد شده غلط است؟,نمی‌دانم که این مشکل را شما با آن تجربه می کنید، اما به احتمال زیاد به خاطر مشکلاتی که در فرمت ورود اطلاعات وجود دارد، این پیام را دریافت می کنید.شما باید اطمینان حاصل کنید که شماره سریال و کلید فعالسازی را در فرمت صحیح وارد کنید. ممکن است این مشکلات در فرمت ورود اطلاعات وجود داشته باشد، بنابراین به بررسی فرمت ورود اطلاعات و تطبیق آن با فرمت مورد نیاز شعبه بپردازید. به عنوان مثال، ممکن است شماره سریال و کلید فعالسازی را در یک فیلد جدا و با استفاده از یک جداکننده مانند نقطه یا خط جدا کنید، و ممکن است نیاز داشته باشید تا با استفاده از یک جدول یا فیلد برای ورود اطلاعات، اطمینان حاصل کنید که اطلاعات صحیح و در فرمت صحیح وارد شده است. اگر همچنان با این مشکل مواجه شدید، توصیه می کنم با شعبه تماس بگیرید و در مورد این مشکل مشاوره بگیرید، زیرا ممکن است در مورد فرمت ورود اطلاعات یا نحوه فعالسازی شماره سریال و کلید، اطلاعات خاصی وجود داشته باشد.
برای فعالسازی رمز پویای حسابی همراه بانک در گوشیهای آیفون در صورتیکه همراز نداشته باشد چه اقدامی باید انجام گیرد؟,برای فعال‌سازی رمز پویای حسابی همراه بانک در گوشی‌های آیفون در صورتی که همراز نداشته باشد، باید چندین گام را انجام دهید: 1. ابتدا باید از طریق برنامه همراه بانک، رمز عبور خود را فراموش کنید و آن را با یک رمز عبور جدید جایگزین کنید. برای این کار، به برنامه همراه بانک رفته و روی گزینه "فراموشی رمز" کلیک کنید و پس از وارد کردن کد امنیتی، رمز عبور جدید خود را انتخاب کنید. 2. بعد از انجام گام 1، باید در قسمت تنظیمات گوشی آیفون، رمزعبور خود را در قسمت "رمز عبور" به روز رسانی کنید. برای این کار، روی گزینه "پنهان" در قسمت تنظیمات کلیک کنید و روی گزینه "رمز عبور" کلیک کنید، سپس رمز عبور خود را به روز رسانی کنید. 3. در مرحله بعدی، باید از طریق برنامه همراه بانک، رمز پویای حسابی خود را فعال کنید. برای این کار، به برنامه همراه بانک رفته و روی گزینه "رمز پویا" کلیک کنید و پس از وارد کردن کد امنیتی، رمز پویای
آیا گوشی های اندروید هم می توانند بدون همراز پویای حسابی خود را فعال کنند؟,بله، گوشی های اندروید نیز می توانند بدون نیاز به همراز پویای حسابی خود را فعال کنند. این به دلیل وجود یک ویژگی در سیستم عامل اندروید به نام "Google Play Protect" است که به طور خودکار حسابی های پویا را شناسایی و فعال می کند. علاوه بر این، بسیاری از برنامه های کاربردی اندروید مانند برنامه های بانکداری و مالی، به طور خودکار حسابی های پویا را شناسایی و فعال می کنند. بنابراین، در صورتی که گوشی اندرویدی شما مجهز به سیستم عامل اندروید 5.0 یا بالاتر باشد، می توانید بدون نیاز به همراز پویای حسابی خود را فعال کنید.
رمز پویای خود را فعال کردم اما زمان انتقال وجه پایا از طریق همراه بانک پیغام اطلاعات درگاه خود را اضافه کنید مشاهده می گردد؟,شما به احتمال زیاد درگیر یک مشکل رایج با فعال کردن رمز پویای خود شده اید. زمانی که رمز پویا فعال می شود، پیغام اطلاعات درگاه در همراه بانک به منظور تأیید هویت و امنیت بیشتر ارسال می شود. این پیغام شامل اطلاعات مانند نام، شماره حساب، و تاریخ و ساعت انتقال وجه است. بنابراین، مشاهده پیغام اطلاعات درگاه هنگام انتقال وجه پایا از طریق همراه بانک کاملاً معمول است و نیازی به نگرانی ندارد. در صورت داشتن هر گونه سوال یا نگرانی، توصیه می کنم با کارگزار بانک یا کارشناس مربوطه تماس بگیرید تا راهنمایی لازم را دریافت کنید.
نحوه فعالسازی رمز پویا از خودپرداز چگونه است؟,فعالسازی رمز پویا از خودپرداز به صورت زیر است: 1. به صفحه اصلی خودپرداز بروید و روی گزینه "پنجره های امن" یا "رمزهای پویا" کلیک کنید. 2. روی گزینه "افزودن رمز پویا" یا "افزودن رمز امن" کلیک کنید. 3. نام رمز پویا خود را وارد کنید و روی "ذخیره" کلیک کنید. 4. در صورت نیاز، رمز عبور خود را وارد کنید تا رمز پویا فعال شود. 5. برای تغییر رمز پویا، روی گزینه "ویرایش رمز پویا" کلیک کنید و رمز جدید خود را وارد کنید. به طور کلی، نحوه فعالسازی رمز پویا از خودپرداز ممکن است بسته به مدل و نوع خودپرداز متفاوت باشد، بنابراین ممکن است در مورد خودپرداز خود، گزینه های مختلفی را ببینید.
     رمز پویای خودرا از طریق خودپرداز فعال کردم اما پیامک پویا دریافت نمیکنم؟,مطمئناً مشکلی در دریافت پیامک پویا وجود دارد. برای حل این مشکل، چندین راه حل وجود دارد: 1. بررسی وضعیت اینترنت: اطمینان حاصل کنید که اینترنت شما فعال و کارآمد است. در صورت داشتن مشکل اینترنت، با ارائه دهنده خدمات اینترنت خود تماس بگیرید و مشکل را حل کنید. 2. بررسی وضعیت خودپرداز: اطمینان حاصل کنید که خودپرداز شما به درستی فعال شده است و در صورت داشتن مشکل، با ارائه دهنده خدمات خودپرداز تماس بگیرید و مشکل را حل کنید. 3. بررسی وضعیت شماره تلفن: اطمینان حاصل کنید که شماره تلفن شما فعال و کارآمد است و در صورت داشتن مشکل، با ارائه دهنده خدمات تلفن تماس بگیرید و مشکل را حل کنید. 4. بررسی وضعیت پیامک پویا: اطمینان حاصل کنید که پیامک پویا شما تنظیم شده است و در صورت داشتن مشکل، با ارائه دهنده خدمات پیامک پویا تماس بگیرید و مشکل را حل کنید.اگر با انجام این مراحل، مشکل حل نشد، ممکن است به کمک یک کارشناس فناوری اطلاعات نیاز داشته باشید.
مشتری جهت فعالسازی رمز پویا شماره سریال دریافتی از خودپرداز را به سرشماره مربوطه ارسال ولی رمز پویا فعال نشده است؟,مطمئناً یک مشکل وجود دارد. برای فعال کردن رمز پویا، باید به سرشماره مربوطه یک پیام کوتاه ارسال کنید و رمز پویا را فعال کنید. ممکن است شماره سریال دریافتی از خودپرداز، معتبر نباشد یا ممکن است خطای در سیستم باشد. برای حل این مشکل، می توانید با ارائه دهنده خدمات یا مرکز تماس خودپرداز تماس بگیرید تا به شما کمک کنند. علاوه بر این، می توانید به سرشماره مربوطه یک پیام کوتاه ارسال کنید و درخواست فعال کردن رمز پویا را مطرح کنید. مطمئناً مشکل حل خواهد شد.
نحوه فعالسازی رمز پویای کارت از طریق کد دستوری چگونه است؟,فعالسازی رمز پویای کارت از طریق کد دستوری در بانکداری الکترونیکی امکان‌پذیر است. برای فعالسازی رمز پویای کارت، باید کد دستوری خاصی را به طریق تلفن یا پیامک دریافت کنید و آن را وارد کنید. در بیشتر بانک‌ها و مؤسسات مالی، کد دستوری برای فعالسازی رمز پویای کارت به صورت زیر است: 1. کد دستوری 4 رقمی: در برخی بانک‌ها، کد دستوری 4 رقمی برای فعالسازی رمز پویای کارت درج شده است. این کد معمولاً توسط بانک در زمان درخواست فعالسازی رمز پویای کارت ارسال می شود و باید توسط کاربر وارد شود. 2. کد دستوری 6 رقمی: در برخی دیگر از بانک‌ها، کد دستوری 6 رقمی برای فعالسازی رمز پویای کارت درج شده است. این کد معمولاً توسط بانک در زمان درخواست فعالسازی رمز پویای کارت ارسال می شود و باید توسط کاربر وارد شود. در هر صورت، برای فعالسازی رمز پویای کارت، باید کد دستوری را از طریق تلفن یا پیامک دریافت کنید و آن را وارد کنید. در صورت نیاز به کمک یا راهنمایی بیشتر، می‌توانید با بانک یا مؤسسه مالی
در صورتی که مشتری از کد دستوری فعالسازی انجام داده باشد و گزینه فعالسازی به جای ثبت نام را انتخاب کند چه مشکلی پیش می آید؟,در صورتی که مشتری از کد دستوری فعالسازی انجام داده باشد و گزینه فعالسازی را در جایگزین ثبت نام انتخاب کند، مشکلی که پیش می آید این است که کد فعالسازی به دلیل انتخاب گزینه فعالسازی، در سیستم ذخیره نمی شود و نمی توان آن را برای فعالسازی حساب کاربری استفاده کرد. به عبارت دیگر، کد فعالسازی بی اثر می شود و کاربر نتوانسته است حساب کاربری خود را فعال کند.
شرط فعالسازی رمز پویا کارت با کد دستوری چیست؟,مطمئناً در اینجا به شما پاسخ خواهم داد. برای فعالسازی رمز پویا کارت با کد دستوری، شرط لازم برای فعالسازی رمز پویا کارت با کد دستوری در یک بانک ممکن است متفاوت باشد، اما معمولاً شامل موارد زیر است: 1. داشتن رمز عبور کاربری در حساب بانکی 2. داشتن یک کد دستوری معتبر که برای فعالسازی رمز پویا کارت صادر شده است 3. تأیید هویت خود با ارائه مدارک هویت مانند اسکن یا فتوکپی از شناسنامه یا کارت ملی 4. تأیید نشانی و شماره تماس خود 5. تأیید اینکه شما صاحب حساب بانکی و مالک کارت باشید هنگامی که این شرط‌ها برآورده شود، شما می‌توانید برای فعالسازی رمز پویا کارت با کد دستوری به بانک خود مراجعه کنید یا با آنها تماس بگیرید تا فرآیند فعالسازی را آغاز کنید.
از طریق کد دستوری برای فعالسازی رمز پویا اقدام کردم اعلام کرد رمز ورود اشتباه است و پس از تایید گزینه فراموشی رمز با پیغام (با انجام این کار تمام کارت ها غیرفعال میگردد) مواجه میشوم؟,به نظر می رسد که در هنگام فعال‌سازی رمز پویا، سیستم شما برای تأیید فراموشی رمز، همه کارت‌های مرتبط را غیرفعال می‌کند، زیرا پیغام نشان می‌دهد که با انجام این کار، تمام کارت‌ها غیرفعال می‌گردند. این ممکن است به دلیل تنظیمات امنیتی یا تنظیمات سیستم باشد که هنگام فراموشی رمز، همه دسترسی‌ها را قطع می‌کند. برای حل این مشکل، توصیه می‌شود با پشتیبانی فنی یا بخش پشتیبانی سیستم ارتباط برقرار کنید تا مشکل را حل کنند.
از طریق کد ستاره دار پویا را فعالسازی کردم اما کدی برایم ارسال نگردیده است؟,بسیار متاسفم برای شما! اگر از طریق کد ستاره دار پویا را فعالسازی کردید اما کد برای شما ارسال نشد، احتمالاً ممکن است یک مشکل در ارسال کد یا در پویا ایجاد شده باشد. برای حل این مشکل، توصیه می کنم به پشتیبانی کد ستاره دار یا پویا مراجعه کنید و با آنها در مورد مشکل شما صحبت کنید. آنها می توانند به شما کمک کنند تا مشکل را حل کنید و کد را برای شما ارسال کنند.
مشتری جهت فعال سازی رمز پویای کارت به شعبه مراجعه نموده ولی پویای کارت فعال نشده است؟,مطمئناً این موضوع برای شما ناراحت کننده است. اگر مشتری به شعبه مراجعه کرده است و پویای کارت فعال نشده است، احتمالاً دلایل مختلفی وجود دارد. برخی از دلایل ممکن است شامل: 1. اطلاعات اشتباه: ممکن است اطلاعات ثبت شده برای پویای کارت با اطلاعات واقعی مشتری مغایرت داشته باشد. برای مثال، نام، نام خانوادگی یا شماره شناسایی اشتباه باشد. 2. محدودیت های بانکی: ممکن است شعبه بانک یا سیستم پویای کارت محدودیت هایی داشته باشد که مانع از فعال سازی پویای کارت می شود. 3. عدم تکمیل فرآیند: ممکن است فرآیند فعال سازی پویای کارت تکمیل نشده باشد یا وجود برخی از اطلاعات ضروری برای فعال سازی پویای کارت وجود ندارد. 4. خطای سیستم: ممکن است خطایی در سیستم یا پویای کارت وجود داشته باشد که مانع از فعال سازی پویای کارت می شود. به هر حال، در این صورت، توصیه می کنم که مشتری را راهنمایی کنید تا با شعبه بانک تماس بگیرد و یا به شعبه مراجعه کند تا مشکل را حل کند. ممکن است کارشناس بانک بتواند مشکل
مشتری شماره موبایل خود را تغییر داده ولی رمز پویا به شماره کارت قبلی ارسال می شود؟,ماجرا یک مشکل رایج است که مشتریان بسیاری با آن مواجه می شوند. به طور کلی، تغییر شماره موبایل و عدم به روز رسانی رمز پویا به شماره کارت قبلی، به دلیل عدم هماهنگی بین اطلاعات سیستم بانکی و اطلاعات مشترک است. به طور کلی، برای حل این مشکل، می توانید به یک نماینده بانک خود مراجعه کنید و درخواست تغییر رمز پویا را ارائه دهید. نماینده بانک شما را راهنمایی خواهد کرد تا رمز پویا را با شماره موبایل جدیدی که شما دارید، به روز رسانی کند. ممکن است برای این کار، یک درخواست برای به روز رسانی اطلاعات مشترک خود در سیستم بانکی ارائه دهید. همچنین، شما می توانید با مراجعه به سایت بانک خود و ورود به حساب کاربری، درخواست تغییر رمز پویا را ارائه دهید. معمولاً در این بخش، یک فرمت برای تغییر رمز پویا وجود دارد که می توانید آن را پر کنید و ارسال کنید. در هر صورت، برای حل این مشکل، مهم است که با نماینده بانک خود در تماس باشید تا به شما کمک کند تا رمز پویا را به روز رسانی کند.
ایا می توان برای تغییر شماره موبایل جهت ارسال رمز پویا غیر حضوری اقدام کرد؟,بله، برای تغییر شماره موبایل جهت ارسال رمز پویا غیر حضوری، می‌توانید با مراجعه به سایت یا اپلیکیشن بانک خود و انجام فرآیند ثبت تغییر شماره، درخواست خود را برای تغییر شماره موبایل ثبت کنید. در مرحله بعد، باید با ارائه مدارک لازم و اطلاعات هویتی، درخواست خود را تأیید کنید. پس از تأیید، رمز پویا غیر حضوری برای شماره جدید شما ارسال خواهد شد.
فرق بین رمزپویای کارت و حساب چیست؟,خوش آمدید! به سوال شما پاسخ می‌دهم. رمزپویای کارت و حساب دو مفهوم مرتبط اما جداگانه هستند. رمزپویای کارت، به رمزپویایی که در کارت های اعتباری، اعتباری و یا کارت های شتاب استفاده می شود، اشاره دارد. این رمزپویا، یک کد امنیتی است که برای تأیید هویت خریدار و تأمین امنیت معاملات استفاده می شود. در رمزپویای کارت، اطلاعات کارت، از جمله شماره کارت، تاریخ انقضا و رمز دوم، در یک فرآیند رمزنگاری، کدگذاری و یا رمزنگاری می شود تا امنیت اطلاعات را تأمین کند. حساب، به حساب بانکی یا حساب مالی، اشاره دارد که یک حساب ذخیره ای برای مدیریت منابع مالی است. این حساب، می تواند برای ذخیره پول، پرداخت معاملات، و یا مدیریت موجودی استفاده شود. به طور خلاصه، رمزپویای کارت یک فرآیند رمزنگاری است که برای تأیید هویت خریدار و تأمین امنیت معاملات استفاده می شود، در حالی که حساب یک حساب بانکی یا مالی است که برای مدیریت منابع مالی استفاده می شود.
از همراز رمز گرفته ام ولي زمانيکه در همراه بانک يا اينترنت بانکPaste ميکنم خطاي رمز اشتباه است مي دهد؟,فضلاً، مشکل رمز اشتباه زمانی رخ می دهد که رمز عبور شما با رمز عبور ذخیره شده در بانک مغایرت دارد. ممکن است رمز عبور شما با رمز عبور ذخیره شده در بانک مطابقت ندارد یا رمز عبور شما قدیمی است و نیاز به تغییر دارد. برای حل این مشکل، می توانید از یکی از روش های زیر استفاده کنید: 1. رمز عبور خود را تغییر دهید و سپس دوباره آن را ذخیره کنید تا مطمئن شوید که رمز عبور جدید با رمز عبور ذخیره شده در بانک مطابقت دارد. 2. اگر رمز عبور شما قدیمی است، می توانید از طریق سایت بانک یا همراه بانک، رمز عبور خود را تغییر دهید و به روز کنید. 3. اگر شما از طریق همراه بانک یا اینترنت بانک، رمز عبور خود را تغییر دهید، ممکن است به دلیل مشکلات فنی، رمز عبور جدید را ذخیره نکرده است. در این صورت، می توانید با ارائه مدارک هویت خود، به بانک مراجعه کنید و رمز عبور خود را تغییر دهید.به هر حال، در هر صورت، مهم است که رمز عبور خود را با احتیاط و دقت ذخ
آیا زمانی که کارت منقضی می شود و با کارت تعویض می شود , پویا کارت نیز غیر فعال می شود؟,در اغلب موارد، زمانی که کارت اصلی منقضی می شود و با کارت جدید تعویض می شود، پویا کارت نیز غیر فعال می شود، زیرا پویا کارت به کارت اصلی متصل است و در صورت تعویض کارت اصلی، پویا کارت نیز به دلیل قطع ارتباط، غیر فعال می شود. اما، در برخی موارد خاص، ممکن است پویا کارت به طور مستقل فعال بماند، بسته به تنظیمات و سیاست های ارائه دهنده کارت. بنابراین، برای اطمینان از فعالیت پویا کارت، باید با ارائه دهنده کارت تماس بگیرید و از وضعیت پویا کارت برای شما بازرسی کنند.
افتتاح حساب در زمرد چگونه می باشد؟,خوش آمدید! افتتاح حساب در زمرد برای شما بسیار ساده است. برای افتتاح حساب، می توانید به یکی از شعبات زمرد مراجعه کنید و با یک کارشناس بانک مذاکره کنید. در ابتدا باید مدارک هویت خود را، مانند کارت ملی یا شناسنامه، و یک عکس از خود را ارائه دهید. سپس، یک فرم افتتاح حساب را پر کنید و اطلاعات خود را وارد کنید، مانند نام، نام خانوادگی، تاریخ تولد و نشانی آدرس. در مرحله بعد، یک کد امنیتی را وارد کنید تا امنیت حساب شما تضمین شود. در نهایت، یک کد رهگیری برای حساب شما صادر می شود که می توانید آن را برای بررسی حساب خود در هر زمان مورد استفاده قرار دهید. نکته مهم: قبل از افتتاح حساب، باید یک حساب سپرده یا یک حساب جاری در زمرد داشته باشید تا بتوانید حساب جدید خود را افتتاح کنید. علاوه بر این، باید یک حداقل مبلغ را برای افتتاح حساب پرداخت کنید. این مبلغ در هر شعبه ممکن است متفاوت باشد، بنابراین قبل از افتتاح حساب، بهتر است با یک کارشناس بانک مذاکره کنید تا بدانید چه مبلغی را
پس از احراز هویت ازطریق زمرد به چه صورت باید افتتاح حساب نمود؟,با احراز هویت از طریق زمرد، شما می‌توانید حساب بانکی خود را افتتاح کنید. برای این منظور، به این مراحل توجه کنید: 1. به یک شعبه بانک مراجعه کنید و درخواست افتتاح حساب را ارائه دهید. 2. هویت خود را با ارائه مدارک مورد نیاز، مانند شناسنامه و کارت ملی، ثابت کنید. 3. یک فرم افتتاح حساب را تکمیل کنید و اطلاعات خود را در آن وارد کنید. 4. یک شماره حساب و رمزعبور برای حساب خود دریافت کنید. 5. یک کارت حساب بانکی را دریافت کنید که با شماره حساب شما همپوشانی دارد. به یاد داشته باشید که ممکن است برخی از بانک‌ها برای افتتاح حساب، برخی از مدارک دیگر را درخواست کنند، بنابراین قبل از مراجعه به شعبه بانک، بهتر است با بانک مورد نظر تماس بگیرید و از آنها بپرسید چه مدارکی برای افتتاح حساب نیاز است.
حساب قرض الحسنه در زمردافتتاح نموده ام آیا امکان ویرایش دارد؟,سلام! با عرض تشکر از سوال شما، باید بگویم که در حساب قرض الحسنه در زمرد، امکان ویرایش وجود دارد، اما با توجه به شرایط خاص این حساب، ممکن است محدودیت‌هایی وجود داشته باشد.در ابتدا، شما باید به بخش مربوطه در زمرد مراجعه کنید و درخواست ویرایش را ارائه دهید. سپس، کارمندان زمرد بررسی و تأیید درخواست شما را خواهند کرد و بر اساس شرایط حساب شما، امکان ویرایش را بررسی خواهند کرد.در صورت امکان ویرایش، ممکن است شما نیاز به ارائه مستندات و مدارک اضافی داشته باشید، مانند تغییرات در وضعیت مالی یا تغییر در هدف قرض الحسنه.شما همچنین می‌توانید با کارمندان زمرد تماس بگیرید و در مورد شرایط ویرایش حساب خود با آنها مشاوره بگیرید. آنها می‌توانند به شما کمک کنند تا مراحل ویرایش را دنبال کنید و از هرگونه محدودیت یا الزامی که ممکن است وجود داشته باشد، آگاه شوند.
آیا امکان افتتاح حساب جاری در زمرد وجود دارد؟,خوش آمدید! به پرسش شما پاسخ می‌دهم. در مورد افتتاح حساب جاری در زمرد، باید گفت که زمرد یک پلتفرم پولی و مالی آنلاین است که به مشتریان خود امکان ارائه خدمات مالی و مالیاتی را می‌دهد، اما حساب جاری را ارائه نمی‌کند. به جای آن، زمرد به مشتریان خود امکان ارائه حساب‌های سپرده و حساب‌های سرمایه‌گذاری را می‌دهد.
اگر شما به دنبال افتتاح حساب جاری هستید، بهتر است با یک بانک یا موسسه مالی در ایران ارتباط برقرار کنید تا خدمات مالی و مالیاتی متناسب با نیازهای شما را ارائه دهند. در صورتی که مشتری حساب قرض الحسنه یا کوتاه مدت داشته باشد آیا از زمرد مجددا می توان افتتاح نمود؟,با سلام! اگر مشتری حساب قرض الحسنه یا کوتاه مدت داشته باشد، می توان از زمرد مجددا افتتاح کرد، اما با توجه به برخی شرایط و محدودیت ها. به طور کلی، بانک ها و موسسات مالی معمولاً از مشتریان که قبلاً حساب قرض الحسنه یا کوتاه مدت داشته اند، محدودیت هایی را در مورد افتتاح حساب جدید اعمال می کنند. این محدودیت ها ممکن است شامل محدودیت های در مورد حداکثر مبلغی که می توان به آن حساب واریز کرد، یا محدودیت هایی در مورد تعداد دفعات واریز به آن حساب باشد. به طور کلی، برای افتتاح حساب جدید، مشتری باید شرایط خاصی را برآورده کند، مانند: 1. پرداخت تمام بدهی های قبلی و تسویه حساب با حساب های قبلی 2. ارائه مستندات و اسناد لازم برای نشان دادن توانایی پرداخت و مسئولیت مالی 3. قبول شرایط و ضوابط جدید برای افتتاح حساب جدید بنابراین، برای تعیین اینکه آیا می توان از زمرد مجددا افتتاح کرد یا خیر، باید با بانک یا موسسه مالی مورد نظر تماس بگیرید و شرایط خاص خود
کارت بانکی افتتاح حساب زمرد تا چند روز به مشتری تحویل می گردد .؟,کارت بانکی زمرد معمولاً در عرض 2-5 روز کاری پس از افتتاح حساب و تکمیل فرآیند صادر و به مشتری تحویل داده می شود. البته زمان تحویل ممکن است بسته به بانک و مکان شما متفاوت باشد.
مشتری در زمرد افتتاح حساب نموده کارت به دستش نرسیده است؟,بله، اگر مشتری در زمرد افتتاح حساب نموده، اما کارت به دستش نرسیده است، ممکن است به دلایل مختلفی این اتفاق افتاده باشد. برای مثال، ممکن است کارت در حال ارسال باشد یا ممکن است در هنگام ارسال، خطا یا مشکل پیش آمده باشد. به هر حال، برای حل این مشکل، مشتری می‌تواند با ارائه مدارک لازم، مانند شناسنامه، کارت ملی و غیره، با بانک تماس بگیرد و درخواست کند تا به او اطلاع داده شود که چه زمانی و چگونه می‌تواند کارت خود را دریافت کند. Additionally, the customer can also check the bank's website or mobile app to track the status of their card issuance.
کارمز د صدور کارت زمرد در هنگام افتتاح حساب چقدر است؟,معمولاً کارمزهای صدور کارت زمرد در هنگام افتتاح حساب در بانک‌های مختلف متفاوت است. اما به طور متوسط، کارمز این کار در بسیاری از بانک‌های ایران بین ۵۰۰ تا ۵۰۰۰ تومان است. برای مثال، در بانک ملی ایران، کارمز صدور کارت زمرد هنگام افتتاح حساب ۵۰۰ تومان است، در حالیکه در بانک سامان، این کارمز ۱۰۰۰ تومان است. در هر صورت، بهتر است قبل از افتتاح حساب، با بانک مورد نظر خود تماس بگیرید تا در مورد کارمزهای مربوطه اطلاعات کسب کنید.
در صورتی که مشتری زودتر از موعد به شعبه مراجعه کند هزینه صدور کارت برای ایشان چقدر است؟,با سلام، در صورت مراجعه زودتر از موعد به شعبه، هزینه صدور کارت برای مشتری بسته به نوع کارت و شعبه مورد نظر متفاوت است. اما به طور کلی، اکثر بانک‌ها در این مورد هزینه اضافی برای صدور کارت زودتر از موعد دریافت نمی‌کنند و یا آن را بسیار کم می‌دانند. به طور مثال، در برخی از بانک‌ها ممکن است برای صدور کارت زودتر از موعد هزینه‌ای در حدود 5 تا 10 هزار تومان دریافت شود، اما این هزینه‌ها متفاوت است و باید با شعبه مورد نظر تماس گرفت تا دقیقاً بدانید.
مشتری زمرد درخواست کارت زودتر از موعد دارد . امکانپذیر می باشد؟,معمولاً کارت های بانکی و اعتباری با موعد مشخصی برای ارسال وجود دارد، اما در برخی موارد ممکن است امکان ارسال زودتر از موعد وجود داشته باشد. این بسته به نوع کارت، نوع ارائه دهنده خدمات بانکی و یا اعتباری، و همچنین موافقت ارائه دهنده خدمات برای ارسال زودتر از موعد بستگی دارد. به عنوان مثال، برخی از ارائه دهندگان خدمات بانکی و اعتباری امکان ارسال کارت زودتر از موعد را برای مشتریان خاصی که دارای ردیف ویژه هستند، یا برای کسانی که در موقعیت های خاصی مانند سفر یا نقل مکان هستند، فراهم می کنند. از این رو، اگر مشتری زمرد درخواست ارسال زودتر از موعد دارد، توصیه می کنم که با ارائه دهنده خدمات بانکی یا اعتباری تماس بگیرد و درخواست خود را مطرح کند تا به او اطلاع داده شود که آیا امکان ارسال زودتر از موعد وجود دارد یا خیر.
در صورتی که کارت ارسالی برای مشتری متعلق به ایشان نباشد و اشتباها صادر شده باشد، راه حل چیست؟,اگر کارت ارسالی برای مشتری متعلق به ایشان نباشد و اشتباها صادر شده باشد، راه حل‌های مختلفی وجود دارد: 1. تماس با بانک: با تماس با بانک، می‌توانید از آنها درخواست کنید تا این اشتباه را برطرف کنند و یک کارت جدید صادر کنند که متعلق به مشتری باشد. 2. پیگیری با ارائه مدارک: ارائه مدارک و مستندات، می‌تواند در پیگیری این موضوع کمک کند. این می‌تواند شامل سند هویت، سند مالکیت، و سند معاملات باشد. 3. درخواست بازپرداخت: اگر در اثر اشتباه، هزینه‌هایی برای مشتری درآمده است، می‌توانید درخواست بازپرداخت این هزینه‌ها را مطرح کنید و با بانک برای بازپرداخت این هزینه‌ها تلاش کنید. 4. پیگیری با مقامات بانک: اگر راه‌های بالا موفق نبود، می‌توانید با مقامات بانک، از جمله مدیران شعبه یا مدیران کل، تماس بگیرید و از آنها درخواست کمک کنید تا این موضوع را برطرف کنند.
به طور کلی، مهم است که با بانک در ارتباط باشید و از آنها درخواست کمک کنید تا این اشتباه را برط
فعالسازی کارت در زمرد ازکدام قسمت انجام میگردد؟,فعالسازی کارت در زمرد از قسمت "تنظیمات" یا "پیشنهادات" انجام می شود. در این قسمت، شما می توانید کارت را فعال کنید یا غیر فعال کنید.
پس از افتتاح حساب و دریافت کارت زمرد شعبه چه مدارکی از مشتری جهت رمز کارت میگیرد؟,پس از افتتاح حساب و دریافت کارت زمرد شعبه، شعبه ممکن است برخی مدارک از مشتری جهت رمز کارت دریافت کند، که شامل می‌شود: 1. یک نسخه از شناسنامه یا کارت ملی 2. یک نسخه از کارت پایان خدمت یا مدرک تحصیلات 3. یک نسخه از گواهی اشتغال یا مدرک کار 4. یک نسخه از گواهی درآمد یا مدرک درآمد 5. یک نسخه از فیش بانکی یا مدرک حساب بانکی این مدارک ممکن است با توجه به نوع حساب و نوع فعالیت‌های مشتری متفاوت باشد. در هر صورت، شعبه ممکن است برخی مدارک اضافی درخواست کند تا اطمینان حاصل کند که اطلاعات ارائه شده توسط مشتری واقعی و درست است.
مشتری در زمرد افتتاح حساب انجام داده و کارت دریافت کرده است ولی امضای مشتری ثبت نشده است چه اقدامی باید انجام دهد؟,کارت بانکی دریافت کرده است، اما امضای مشتری ثبت نشده است! در این صورت، به شرح زیر عمل کنید: 1. با مشتری تماس بگیرید و از او بخواهید تا برای ثبت امضای خود به بانك مراجعه کند و امضای خود را در کاغذی که توسط بانک تهیه شده است، ثبت کند. 2. در صورتی که مشتری توانایی مراجعه به بانک را نداشته باشد، می‌توانید از طریق ارسال نامه یا فکس، درخواست ثبت امضای مشتری را ارسال کنید و سپس به مشتری اجازه دهید تا امضای خود را در کاغذی که توسط بانک ارسال شده است، ثبت کند. به هر ترتیب، تا زمانی که امضای مشتری ثبت نشود، حساب بانکی مشتری در حالت غیرفعال باقی می‌ماند و امکان استفاده از آن وجود ندارد.
در صورت ارسال کارت به خانه مشتری اگر منزل نبود چکار باید کرد؟,در صورت ارسال کارت به خانه مشتری و اگر منزل نبود، معمولاً بسته به سیاست های شرکت یا خدمات پستی، چند گزینه وجود دارد: 1. برگشت به پستی: بسته ممکن است به پست بازگردد و به شما تحویل داده شود تا به عنوان یک بسته بازگشتی در نظر گرفته شود و دوباره ارسال شود. 2. ذخیره در پست: بسته ممکن است در پست ذخیره شود تا زمانی که مشتری به خانه برگردد یا به یک آدرس جایگزین ارسال شود. 3. ارسال به آدرس جایگزین: بسته ممکن است به یک آدرس جایگزین ارسال شود، مانند یک آدرس کار یا آدرس خانواده دیگر. به طور کلی، برای جلوگیری از این مشکلات، قبل از ارسال بسته، معمولاً آدرس مشتری را تأیید می‌کنند تا اطمینان حاصل شود که آدرس صحیح است. اگر در هر صورت این مشکلات رخ دهد، می‌توانید با شرکت یا خدمات پستی تماس بگیرید تا راهنمایی های لازم را برای حل این مشکلات دریافت کنید.
در صورتی که هنگام افتتاح حساب زمرد تیک کارت ثبت نشده باشد باید مشتری چه اقدامی انجام دهد؟,در صورت عدم ثبت اطلاعات تیک کارت هنگام افتتاح حساب زمرد، مشتری باید به یک شعبه بانک زمرد مراجعه کند و اطلاعات تیک کارت خود را تکمیل کند. همچنین می‌تواند با تماس با مرکز تماس بانک زمرد یا از طریق اینترنت و مراجعه به سایت بانک، درخواست تکمیل اطلاعات تیک کارت خود را ارسال کند. در هر صورت، تکمیل اطلاعات تیک کارت برای تکمیل فرآیند افتتاح حساب ضروری است.
مشتری از طریق زمرد افتتاح حساب نموده و دارای شماره کارت و شماره حساب می باشد ولی فاقد cvv2 می باشد . چه اقدامی نماید؟,یک سوال مهم و پرکاربردی! اگر مشتری از طریق زمرد افتتاح حساب نموده و دارای شماره کارت و شماره حساب است، اما فاقد CVV2 است، توصیه می شود که برای تکمیل فرآیند افتتاح حساب، به یک شعبه یا نمایندگی زمرد مراجعه کند تا با ارائه مدارک هویت و سایر اطلاعات مورد نیاز، CVV2 را به دست آورد و فرآیند افتتاح حساب را تکمیل کند. در این صورت، می توان از خدمات زمرد استفاده کرد.
مشتری در هنگام افتتاح حساب زمرد خود اطلاعات را به درستی ثبت نموده است اما تاریخ تولد برای ایشان اشتباه نمایش داده می شود چه اقدامی انجام دهد؟,مشتری عزیز! در صورت اشتباه نمایش تاریخ تولد در هنگام افتتاح حساب زمرد، توصیه می کنم که با کارگزار یا کارپرداز خود تماس بگیرید و از آنها درخواست کنند تا این اشتباه را برطرف کنند. ممکن است که کارگزار یا کارپرداز در سیستم، اطلاعات را به درستی ثبت نکرده باشد یا ممکن است که اطلاعات به درستی وارد نشده باشد. با تماس با آنها، می توانید مشکل را حل کنید و تاریخ تولد را به درستی ثبت کنید.
مشتری در زمرد نمی تواند عملیات بانکی انجام دهد و پیغام از محل دیگری وارد شدید مشاهده می گردد. علت چیست؟,سalam! According to your description, the customer is unable to perform banking operations in Zamerd, and a message from another location is displayed. This issue is likely due to the fact that Zamerd is a restricted area for banking transactions. Perhaps the customer's location is outside the designated area for online banking or the bank's system has blocked the transaction due to security concerns. It's also possible that there's an issue with the customer's internet connection or device. I recommend that the customer contact the bank's customer service or visit a nearby branch for further assistance.
زمان افتتاح حساب در مرحله احراز هویت از برنامه خارج و ادامه عملیات میسر نمی باشد؟علت چیست؟,خوش آمدید! به پرسش شما پاسخ می دهم. زمان افتتاح حساب در مرحله احراز هویت از برنامه خارج و ادامه عملیات میسر نمی باشد، زیرا در این مرحله، اطلاعات هویتی شما در سیستم ثبت می شود و تا زمان تکمیل فرآیند احراز هویت، امکان استفاده از حساب شما وجود ندارد. علت این امر، نیاز به تأیید هویت و اطمینان از صحت اطلاعات ارائه شده است که در مرحله احراز هویت انجام می شود. تا زمانی که فرآیند احراز هویت تکمیل شود، حساب شما به‌طور موقت بسته شده است تا امنیت اطلاعات هویتی شما حفظ شود.
زمان ثبت شماره از طرق زمرد پیغام عملیات با موفقیت انجام شده است ولی ادامه عملیات در صفحه بعدی میسر نمی باشد؟مشکل چیست؟,مطمئناً در این مورد چندین دلیل وجود دارد که ادامه عملیات در صفحه بعدی ممکن نیست. از جمله این دلایل می‌توان به موارد زیر اشاره کرد: 1. حداکثر تعداد ردیف یا سطر در صفحه بعدی به پایان رسیده است و نمی‌توان در آن ردیف یا سطر جدید اضافه کرد. 2. محدودیت زمانی برای ثبت اطلاعات در صفحه بعدی وجود دارد و زمان آن به پایان رسیده است. 3. یک خطای برنامه ای در صفحه بعدی وجود دارد که ادامه عملیات را ناممکن می‌کند. 4. اطلاعات در صفحه بعدی به دلیل وجود یک خطای داده ای، نادرست یا ناقص است که ادامه عملیات را ممکن نمی‌کند. برای حل این مشکل، باید به دنبال دلیل اصلی مشکل باشید و آن را برطرف کنید. ممکن است به تغییرات در داده ها یا استفاده از دستورالعمل های جدید برای ادامه عملیات نیاز باشد.
افتتاح حساب غیرحضوری و احراز هویت انجام و مبلغ اولیه را پرداخت کردم ولی پیغام با موفقیت انجام نشده است مشاهده می گردد . علت چیست؟,خوش آمدید! با عرض تبریک، برای کمک به شما در حل مشکل، تلاش خواهم کرد. با توجه به توضیحات شما، به نظر می رسد که به مشکل مواجه شده اید در هنگام افتتاح حساب غیرحضوری و احراز هویت، و پیغام با موفقیت انجام نشده است مشاهده می گردد. مطمئناً، ممکن است دلایل مختلفی برای این مشکل وجود دارد. برخی از دلایل احتمالی عبارتند از: 1. اطلاعات وارد شده اشتباه است: ممکن است اطلاعات وارد شده شما در هنگام افتتاح حساب غیرحضوری و احراز هویت، اشتباه باشد. به عنوان مثال، شماره ملی، شماره شناسنامه، یا شماره تلفن اشتباه باشد. 2. اطلاعات کافی برای تکمیل فرایند ارائه نشده است: ممکن است برخی اطلاعات مورد نیاز برای تکمیل فرایند، ارائه نشده باشد. به عنوان مثال، اسکن مدارک هویتی، یا اطلاعات بانکی. 3. مشکلات فنی: ممکن است مشکلات فنی در سیستم، باعث عدم موفقیت فرایند افتتاح حساب غیرحضوری و احراز هویت شود. 4. محدودیت های زمانی: ممکن است محدودیت های زمانی در فرایند
زمان افتتاح حساب مشتری در زمرد پیغام تسهیلات مشاهده می گردد؟علت چیست؟,سلام! به پرسش شما پاسخ می دهم. زمان افتتاح حساب مشتری در زمرد پیغام تسهیلات مشاهده می گردد، زیرا به احتمال زیاد حساب جدید در سیستم بانکی ثبت نشده است و یا اطلاعات لازم برای افتتاح حساب کامل نشده است. ممکن است برخی اطلاعات مانند آدرس، شماره ملی یا مشخصات فردی در سیستم بانکی ثبت نشده باشد. در نتیجه، برای حل این مشکل، می توان با بانک تماس گرفت و درخواست کرد تا حساب را تکمیل کند. همچنین می توان به دفتر شعبه مراجعه کرد و درخواست کرد تا حساب را تکمیل کند.
در زمرد ثبت ایمیل میسر نمی باشد علت چیست؟,معمولاً ثبت ایمیل در زمرد ممکن نیست زیرا زمرد فقط به عنوان یک سیستم مدیریت محتوی برای وبلاگ ها و وبسایت های کوچک طراحی شده است و امکانات ایمیل را در خود ندارد. برای ثبت ایمیل، باید از یک سرویس دهنده ایمیل مانند گوگل، یاهو یا Outlook استفاده کنید. علاوه بر این، زمرد در حالت معمولی به دلیل محدودیت های امنیتی، امکان ثبت ایمیل را ندارد و برای این کار باید از یک افزونه یا پلاگین سومی استفاده کنید.
برای بستن حساب زمرد که تازه افتتاح کردم چکار کنم؟,ممنون از سوال شما! برای بستن حساب زمرد، باید چند قدم را بردارید. اول، باید به سایت زمرد بروید و وارد حساب خود شوید. سپس، به بخش تنظیمات حساب بروید و روی دکمه "حساب را ببندیم" کلیک کنید. اگر به هر دلیلی نتوانید این کار را انجام دهید، می‌توانید با تیم پشتیبانی زمرد تماس بگیرید تا کمک کنند.
حساب زمرد را چگونه میتوان وکالتی کرد؟,خوش آمدید! حساب زمرد یا Emerald Card، یک کارت اعتباری است که در ایران توسط بانک ملی ایران ارائه می‌شود. وکالت یا وکالت وثیقه‌ای برای دریافت این کارت، معمولاً برای افرادی انجام می‌شود که دارای درآمد ثابت یا سرمایه هستند و می‌توانند در صورت عدم توانایی در بازپرداخت بدهی، وثیقه خود را ارائه کنند. برای وکالت حساب زمرد، ابتدا باید شرایط و ضوابط ارائه شده توسط بانک ملی ایران را بررسی کنید و سپس به یک شعبه بانک ملی ایران مراجعه کنید و درخواست خود را ارائه دهید. معمولاً برای وکالت، مدارک زیر لازم است: 1. شناسنامه یا کارت ملی 2. مدارک درآمد یا سرمایه 3. مدارک مشاغل یا شغل 4. مدارک سایر دارایی‌ها  هنگامی که مدارک خود را ارائه دادید، کارشناس بانک با شما در مورد شرایط و ضوابط وکالت صحبت خواهد کرد و در صورت موافقت، وکالت را امضاء می‌کند. پس از امضاء وکالت، حساب زمرد برای شما باز می‌شود و می‌توانید از آن استفاده کنید.
ایا وکالتی کردن حساب ازبرنامه زمرد امکان پذیر است؟,بله، وکالتی کردن حساب از برنامه زمرد امکان پذیر است. Zemred برنامه ای است که برای مدیریت و حسابداری مالی استفاده می شود و امکان وکالتی کردن حساب های تجاری و شخصی را فراهم می کند. با استفاده از این برنامه، می توانید حساب های خود را مدیریت کنید، درآمدها و خرج ها را ثبت کنید، و گزارش های مالی را تهیه کنید. به طور کلی، Zemred یک ابزار مفید برای مدیریت مالی است که می تواند کمک زیادی به شما کند.
برای وکالتی کردن حساب زمرد وارد سایت بانک شدم ولی خطای مغایرت شماره تماس چرا میدهد؟,Sorry to hear that you're experiencing issues with verifying your account on Zemred website. The "مغایرت شماره تماس" error message usually indicates that there's a mismatch between the phone number you've entered and the one registered with your account. Here are a few potential solutions to resolve this issue: 1. Double-check the phone number you've entered: Make sure you've entered the correct phone number, including the country code and any leading zeros. If you're unsure, try re-entering the number carefully. 2. Verify your account details: Log in to your account on the Zemred website and check if your phone number is correct. If it's not, update it accordingly. 3. Contact Zemred's customer support: Reach out to Zemred's customer support team and provide them with your account details, including the phone number you're trying to verify. They may be able to assist you in resolving the issue. If none of these solutions work, please let me know and I'll do my best to help you troubleshoot the issue further!
با اپلیکیشن زمرد حساب قرض الحسنه افتتاح نموده ام و حسابم رو وکالتی کردم ایا میتوانم در قرعه کشی شرکت کنم؟,با سلام! با افتتاح حساب قرض الحسنه زمرد و وکالتی کردن حساب خود، شما امکان شرکت در قرعه کشی را دارید. برای شرکت در قرعه کشی، ابتدا باید یک حساب کاربری در سایت زمرد ایجاد کنید و سپس، به صفحه قرعه کشی بروید و با کلیک روی دکمه شرکت در قرعه کشی، نام خود را برای شرکت در قرعه کشی ثبت کنید. در مرحله بعد، باید اطلاعات خود را تکمیل کنید و در نهایت، دکمه شرکت در قرعه کشی را کلیک کنید تا در قرعه کشی شرکت کنید. برای کسب اطلاعات بیشتر، می‌توانید به سایت زمرد مراجعه کنید یا با کارشناسان زمرد تماس بگیرید.
چگونه می توانم برای سهام عدالت از طریق زمرد ثبت نام کنم؟,برای ثبت نام در سهام عدالت از طریق زمرد، باید مراحل زیر را انجام دهید: 1. به سایت زمرد مراجعه کنید و گزینه "ثبت نام" را انتخاب کنید. 2. اطلاعات خود را وارد کنید، از جمله نام، نام خانوادگی، شماره ملی و آدرس ایمیل. 3. یک رمز عبور انتخاب کنید و آن را تکرار کنید برای تأیید. 4. گزینه "ثبت نام" را انتخاب کنید تا فرآیند ثبت نام آغاز شود. 5. پس از ثبت نام، یک کد فعال‌سازی به ایمیل شما ارسال خواهد شد که باید آن را وارد کنید تا حساب کاربری شما فعال شود. در مرحله بعد، باید اطلاعات شناسایی خود را، از جمله شماره ملی و آدرس، وارد کنید تا بتوانید برای سهام عدالت ثبت نام کنید. شایان ذکر است که در ابتدا باید یک کد رهگیری از وزارت دادگستری دریافت کنید و آن را وارد کنید تا بتوانید برای سهام عدالت ثبت نام کنید. با ثبت نام در زمرد و سهام عدالت، می‌توانید برای دریافت بخشی از اموال متقاضی یا وراث، که در نتیجه ایام طولانی درگیر شده است، اقدام کنید.
ایا فعال سازی همراه بانک را می توان از زمرد گزینه همراه بانک انجام داد؟,بله، شما می توانید فعال سازی همراه بانک را از طریق گزینه همراه بانک در اپلیکیشن زمرد انجام دهید. برای این کار، باید از نسخه 3.4.1 و بالاتر از زمرد استفاده کنید و سپس گزینه "همراه بانک" را انتخاب و با وارد کردن کد فعالسازی و رمز عبور، حساب خود را فعال کنید.
چگونه می توانم سرویس پیامک لحظه ای را فعال نمایم؟,برای فعال کردن سرویس پیامک لحظه ای، ابتدا باید از یک ارائه دهنده خدمات پیامک با قابلیت ارسال پیامک لحظه ای استفاده کنید. سپس، باید با ارائه دهنده خدمات مذکور قرارداد یا عضویت را برقرار کنید تا بتوانید از این سرویس استفاده کنید. در مرحله بعدی، باید اطلاعات تماس خود را، مانند شماره تلفن و آدرس ایمیل، به ارائه دهنده خدمات پیامک ارائه دهید تا بتوانید از سرویس پیامک لحظه ای استفاده کنید. سپس، ارائه دهنده خدمات پیامک، شما را در رابطه با نحوه استفاده از سرویس پیامک لحظه ای و نحوه ارسال پیامک ها آموزش می دهد. در نهایت، شما باید برای فعال کردن سرویس پیامک لحظه ای، یک نرم افزار یا پلت فرم برای ارسال پیامک ها را دانلود یا نصب کنید. در این نرم افزار یا پلت فرم، می توانید پیامک های خود را ارسال کنید و از سرویس پیامک لحظه ای استفاده کنید.
چگونه دریافت پیامک های بانک تجارت را تمدید نمایم؟,برای تمدید پیامک های بانک تجارت، باید با درج یک کد خاص در پیامک، زمان اعتبار پیامک را تمدید کنید. این کد اغلب در فرم های خروجی یا در صفحات وب بانک تجارت ارائه می شود. برای دریافت کد، باید به صفحه وب بانک تجارت بروید، فرم های خروجی را پر کنید و کد را در پیامک ارسال کنید. زمان تمدید پیامک در یک بازه زمانی مشخصی مانند یک روز، یک هفته یا یک ماه است، که بسته به نوع خدمات ارائه شده توسط بانک تجارت، متفاوت است.
هزینه فعالسازی پیامک بانک تجارت سالیانه چند ریال است؟,به طور کلی، هزینه فعالسازی پیامک بانک تجارت سالیانه بین ۱۲۰ تا ۲۲۰ هزار تومان است، اما این هزینه ممکن است بسته به نوع طرح و تعداد پیامهای ارسال شده، متفاوت باشد. برای اطلاع دقیق‌تر از هزینه‌ها، می‌توانید با بانک تجارت تماس بگیرید یا به وب سایت بانک مراجعه کنید.
هزینه فعال سازی ارسال پیامک برای خارج از ایران چند ریال می باشد؟,قیمت ارسال پیامک برای خارج از ایران بسته به کشور مقصد، حجم پیامک و تعداد ارسال‌ها متفاوت است. معمولاً برای ارسال پیامک بین‌المللی، به غیر از ایران، باید از ارائه‌دهندگان خدمات پیامکی بین‌المللی استفاده کنید. قیمت ارسال پیامک بین‌المللی به‌طور میانگین بین 0.01 تا 0.10 دلار آمریکا یا 4 تا 40 تومان برای هر پیامک است. اما به دلیل تغییرات نرخ ارز، این قیمت‌ها می‌توانند تغییر کنند. به عنوان مثال، برای ارسال پیامک بین‌المللی با یک ارائه‌دهنده خدمات پیامکی بین‌المللی، می‌توانید به نرخ‌های زیر دسترسی داشته باشید:* برای ارسال پیامک به کشورهای آسیایی، مانند ترکیه، از 0.01 تا 0.05 دلار آمریکا یا 4 تا 20 تومان برای هر پیامک استفاده کنید.* برای ارسال پیامک به کشورهای اروپایی، مانند آلمان، از 0.05 تا 0.10 دلار آمریکا یا 20 تا 40 تومان برای هر پیامک استفاده کنید.* برای ارسال پیامک به کشورهای آمریکای شمالی، مانند ایالات متحده، از 0.10 تا 0.20 دلار آمریکا یا 40 تا 80
قبلاٌ پیامک های ارسالی بانک برایم فعال بوده ولی در حال حاضر غیر فعال شده است .چه اقدامی انجام دهم؟,سلام! متاسفم که پیامک های ارسالی بانک برای شما غیر فعال شده است. برای فعال کردن مجدد آن، چند قدم ساده را می توانید انجام دهید: 1. برای شروع، به سایت بانک مورد نظر خود بروید و در صفحه ورود، نام کاربری و رمز عبور خود را وارد کنید. 2. به صفحه تنظیمات و یا بخش تنظیمات پیامک بروید و اطمینان حاصل کنید که گزینه ارسال پیامک برای شما فعال است. ممکن است گزینه ای برای فعال یا غیر فعال کردن ارسال پیامک وجود داشته باشد، بنابراین مراقب باشید که درست را انتخاب کنید. 3. اگر گزینه ارسال پیامک برای شما فعال است، ممکن است مشکل از طرف بانک باشد. در این صورت، به بخش تماس با بانک مراجعه کنید و با کارشناس مربوطه تماس بگیرید تا مشکل را حل کنند. 4. در صورت نیاز، می توانید به بخش تنظیمات امنیتی سایت بانک بروید و اطمینان حاصل کنید که اطلاعات شخصی و امنیتی شما سالم و درست است، زیرا ممکن است تغییرات در اطلاعات شما منجر به غیر فعال شدن ارسال پیامک شده باشد. به امید اینکه با انجام این قدم ها، پیامک های ارسالی بانک برای شما مجددا
پیامک های مشتری بانک تجارت برای شخص دیگری ارسال می گردد . چه اقدامی انجام شود؟,یک مورد مهم و حساس! اگر پیامک های مشتری بانک تجارت برای شخص دیگری ارسال شود، اولین قدم برای برقراری امنیت و جلوگیری از هرگونه سوء استفاده، گزارش آن به بانک تجارت است. شما باید به صورت فوری با بانک تجارت تماس بگیرید و شرح حال را به آن اطلاع دهید. علاوه بر این، شما باید اطمینان حاصل کنید که دستگاه خود را به طور کامل از هرگونه سوء استفاده یا نفوذ محافظت کرده است. هنگامی که این مورد را گزارش می دهید، بانک تجارت ممکن است یک بررسی را انجام دهد تا دلیل این اقدام را درک کند و برای جلوگیری از هرگونه سوء استفاده، اقدامات لازم را انجام دهد. در هر صورت، امنیت اطلاعات و اطمینان از اینکه داده های خود را در امنیت هستند، از اهمیت ویژه ای برخوردار است.
صندوق امانات ( اجاره ای ) چیست؟,صندوق امانات اجاره ای، یک نوع از صندوق‌های امانتی است که به موجب عقدی بین صاحب صندوق و صندوق‌دار، ایجاد می‌شود. این نوع صندوق‌ها برای مدت زمان معین، معمولاً با شرایط خاصی اجاره داده می‌شود و صاحب صندوق می‌تواند در صورت نیاز، از آن استفاده کند. در این نوع صندوق‌ها، صندوق‌دار باید در مورد استفاده از صندوق و در صورت استفاده از آن، گزارش دهد. معمولاً این نوع صندوق‌ها در مورد اموال یا possessions استفاده می‌شوند که به دلیل محدودیت‌های زمانی یا شرایط خاص، به صاحب آن نیاز است، مانند یک خانه یا یک کارگاه که به دلیل محدودیت‌های زمانی یا شرایط خاص، به صاحب آن نیاز است.
هدف از ایجاد صندوق امانات ( اجاره ای ) چیست؟,هدف از ایجاد صندوق امانات اجاره ای، فراهم کردن یک مکانیسم برای ذخیره و تسهیل امور مالی و تجاری است که در آن مالکان می‌توانند اشیاء و اموال خود را به صورت موقت یا دائمی به یک شخص یا مؤسسه واگذار کنند تا در زمان نیاز به آن‌ها دسترسی داشته باشند و از این طریق از ریسک و زیان احتمالی در برابر زیان یا از دست دادن اموال خود، محافظت کنند. این صندوق ها می‌توانند در مورد اموال، در مورد اشیاء، در مورد حقوقی و در مورد سایر اموال و اشیاء دیگر باشد.
شرایط عمومی استفاده از صندوق امانات ( اجاره ای )برای اشخاص حقیقی چیست؟,معمولاً شرایط عمومی استفاده از صندوق امانات اجاره ای برای اشخاص حقیقی به شرح زیر است: 1. حداقل سن: 18 سال برای استفاده از صندوق امانات اجاره ای. 2. آگاهی از شرایط: شخص حقیقی باید از شرایط و ضوابط صندوق امانات اجاره ای آگاه باشد و با آن موافقت کند. 3. ارائه مدارک: شخص حقیقی باید مدارک لازم را برای افتتاح حساب ارائه دهد، مانند شناسنامه، کارت ملی و غیره. 4. تعیین حداکثر مبلغ: شخص حقیقی باید حداکثر مبلغی را که می‌خواهد برای امانت استفاده کند، تعیین کند. 5. تعیین مدت زمان امانت: شخص حقیقی باید مدت زمان امانت را تعیین کند، که می‌تواند از چند روز تا چند ماه یا حتی سالها باشد. 6. ارائه اطمینان: شخص حقیقی باید اطمینان دهد که مبلغی که برای امانت استفاده می‌کند، از مبلغی که برای آن استفاده می‌کند، بیشتر نیست و همچنین اطمینان دهد که در صورت عدم بازگشت امانت، مسئولیت آن را بر عهده
هر کد ملی چند فقره درخواست رزو صندوق اجاره ای میتواند داشته باشد؟,قبل از پاسخ، برای روشن شدن منظور، کد ملی به معنای کد شناسایی افراد در نظام اجتماعی و اداری ایران است. در پاسخ، صندوق اجاره ای به عنوان یک نهاد مالی، ضوابط خاصی را برای درخواست وام دارد. به طور کلی، یک کد ملی می‌تواند تا 5 فقره درخواست وام داشته باشد، اما این محدودیت‌ها ممکن است بسته به نوع وام و شرایط فردی تغییر کند. برای مثال، در مورد وام‌های کوچک و کوتاه‌مدت، ممکن است چندین فقره درخواست وام با یک کد ملی مجاز باشد، اما در مورد وام‌های بزرگ‌تر و بلندمدت، ممکن است محدودیت‌هایی وجود داشته باشد که بر اساس شرایط فردی و مالی تعیین می‌شود.
سن استفاده کنندگان از صندوق های اجاره ای حداقل چند سال می باشد؟,بر اساس داده های موجود، سن استفاده کنندگان از صندوق های اجاره ای معمولاً بین 25 تا 35 سال است. این سن، به دلیل شرایط اقتصادی و اجتماعی بسیاری از افراد، به عنوان یک سن مناسب برای استفاده از صندوق های اجاره ای، محسوب می شود. با این حال، سن استفاده کنندگان از صندوق های اجاره ای ممکن است در مناطق مختلف یا گروه های مختلف جمعیت، متفاوت باشد.
شرایط عمومی استفاده از صندوق امانات ( اجاره ای )برای اشخاص حقوقی چیست؟,با سلام! شرایط عمومی استفاده از صندوق امانات (اجاره ای) برای اشخاص حقوقی به شرح زیر است: 1. حداقل مدت زمان فعالیت: حداقل یک سال فعالیت تجاری یا فعالیت‌های مشابه برای اشخاص حقوقی که می‌خواهند از صندوق امانات استفاده کنند. 2. سرمایه گذاری: حداقل سرمایه‌گذاری 500 میلیون تومان برای اشخاص حقوقی که می‌خواهند از صندوق امانات استفاده کنند. 3. تعهدات مالی: ارائه تعهدات مالی معتبر از جمله گواهی‌های بانکی، تعهدنامه‌های خرید و فروش اموال، یا تعهدنامه‌های سایر تعهدات مالی برای نشان دادن توانایی پرداخت تعهدات. 4. گواهی‌های مرتبط: ارائه گواهی‌های مرتبط با شرکت، از جمله گواهی‌های ثبت شرکت، گواهی‌های تغییرات شرکت، یا گواهی‌های تأیید شرکت از سوی مراجع مربوطه. 5. اساسنامه: ارائه اساسنامه شرکت و اساسنامه‌های مرتبط با فعالیت‌های شرکت. 6. شناسنامه و آدرس: ارائه شناسنامه و آدرس شرکت، همچنین آدرس و شماره تماس افراد ذیصلاح شرکت. 7. تعهدات تضمین: ارائه تعهد
مشتری چه اشیایی را میتواند در صندوق امانات قرار دهد؟,ممنون از سوال شما! صندوق امانات معمولاً برای نگه‌داری از اشیای با ارزش و حساس استفاده می‌شود. برخی از اشیایی که می‌توانند در صندوق امانات قرار دهند عبارتند از: 1. اشیای قیمتی و با ارزش مانند جواهرات، ساعت‌ها، دستبند‌ها، و سایر اشیای گران‌قیمت. 2. اسناد و مدارک مهم مانند مدارک هویت، مدارک مالی، و سایر اسناد ضروری. 3. اشیای حساس و شکننده مانند لوازم موسیقی، ابزارهای پزشکی، و سایر اشیایی که نیاز به نگهداری دقیق دارند. 4. اشیای یادگاری و تاریخی مانند عکاس، مدارک خانوادگی، و سایر اشیایی که ارزش تاریخی یا فرهنگی دارند. با این حال، باید توجه داشت که قبل از قرار دادن اشیا در صندوق امانات، بهتر است با ارائه‌دهنده خدمات امانت در مورد نوع و ارزش اشیا و همچنین الزامات نگهداری آنها در میان بگذارید.
شرایط اختصاصی اجاره صندوق امانات ( اجاره ای) چیست؟,شرایط اختصاصی اجاره صندوق امانات اجاره ای به شرح زیر است: 1. مدت اجاره: مدت اجاره صندوق امانات اجاره ای معمولاً از 6 ماه تا 3 سال است، اما این مدت می تواند بسته به توافق طرفین تغییر کند. 2. اجاره بها: اجاره بها صندوق امانات اجاره ای معمولاً به صورت ماهیانه یا سالانه پرداخت می شود. این مبلغ بسته به نوع و اندازه صندوق امانت، مدت اجاره و موقعیت مکانی تعیین می شود. 3. تضمین: معمولاً طرفین برای تضمین اجرای تعهدات خود، یک تضمین یا یک ضمانت نامه به امضا می رسانند. این تضمین می تواند در شكل ضمانت نامه بانکی، ضمانت نامه دولتی یا ضمانت نامه شخصی باشد. 4. مسئولیت: در طول مدت اجاره، متقاضی باید به طور کامل از صندوق امانت مراقبت کند و از هرگونه آسیب یا صدمه جلوگیری کند. در صورت آسیب یا صدمه، متقاضی باید برای تعمیر یا جایگزینی صندوق امانت هزینه را پرداخت کند. 5. خاتمه اج
نحوه بازدید صندوق توسط دارنده صندوق چگونه است؟,یکی از روش‌های بازدید صندوق توسط دارنده صندوق، بازدید حضوری است که در آن دارنده صندوق به محل نگهداری صندوق مراجعه می‌کند و با ارائه مدارک هویت و قیمتی که برای بازدید صندوق نیاز دارد، می‌تواند صندوق را بازدید کند. به طور کلی، این مراحل برای بازدید صندوق توسط دارنده صندوق لازم است: 1. ارائه مدارک هویت: دارنده صندوق باید مدارک هویت خود را مانند شناسنامه، کارت ملی یا گذرنامه ارائه دهد. 2. ارائه مدارک قیمتی: دارنده صندوق باید مدارک قیمتی خود را مانند گواهی وام یا گواهی نقل و انتقال ارائه دهد. 3. مراجعه به محل نگهداری صندوق: دارنده صندوق باید به محل نگهداری صندوق مراجعه کند و درخواست بازدید صندوق را ارائه دهد. 4. بررسی توسط کارشناس: کارشناس مربوطه باید درخواست دارنده صندوق را بررسی کند و به او اجازه بازدید صندوق را می‌دهد یا نمی‌دهد. 5. بازدید صندوق: اگر درخواست دارنده صندوق پذیرفته شد، او می‌تواند صندوق را بازدید کند و هر گونه اطلاعات یا مدارک لازم را
متقاضيان استفاده از صندوق های اجاره ای در صورت نداشتن حساب در بانک تجارت ملزم به افتتاح چه نوع حسابی می باشند؟,بر اساس مقررات بانک تجارت، افرادی که تمایل دارند از صندوق های اجاره ای استفاده کنند، ملزم به افتتاح حساب سپرده در بانک تجارت هستند. این حساب سپرده می تواند حساب سپرده یکبارپرداز یا حساب سپرده چندبارپرداز باشد. در صورت نداشتن حساب در بانک تجارت، برای استفاده از صندوق های اجاره ای، باید یک حساب سپرده در این بانک افتتاح کنند.
هزینه اجاره سالانه صندوق امانات بانک تجارت چند ریال است؟,مطمئناً شما می‌خواهید بدانید هزینه اجاره صندوق امانات بانک تجارت چقدر است؟ به طور کلی، هزینه اجاره صندوق امانات بانک تجارت در سال 2022، 1.5 درصد از مبلغ سپرده شده است. برای مثال، اگر مبلغ سپرده شما 1 میلیارد تومان است، هزینه اجاره سالانه 15 میلیون تومان است. لطفاً برای اطلاعات دقیق‌تر، به وب سایت بانک تجارت مراجعه کنید یا با شعبه بانک تجارت تماس بگیرید.
اجاره صندوق امانات به چه صورت دریافت میشود؟,خوش آمدید! اجاره صندوق امانات به دو صورت دریافت می شود: 1. اجاره ماهیانه: در این روش، مالک صندوق امانات اجاره ای را به صاحبخانه یا مستأجر پرداخت می کند که معمولاً ماهیانه است. 2. اجاره یک‌بار: در این روش، مالک صندوق امانات یک‌بار اجاره ای را به صاحبخانه یا مستأجر پرداخت می کند که معمولاً در زمان واگذاری صندوق امانات است. به عنوان مثال، اگر اجاره صندوق امانات یک‌بار 100000 تومان باشد، مالک صندوق امانات این مبلغ را به صاحبخانه یا مستأجر پرداخت می کند و بعد از آن، مالکیت صندوق امانات به صاحبخانه یا مستأجر منتقل می شود.
مبلغ ودیعه صندوق امانات چند ریال می باشد؟,مبلغ ودیعه صندوق امانات در ایران ۵۰۰ هزار تومان است. این مبلغ به عنوان یک پیش‌پرداخت برای استفاده از خدمات صندوق امانات در نظر گرفته می شود.
برای استفاده از صندوق امانات بانک تجارت به همکاران از کار افتاده ، بازنشته و شاغل تخفیف ارایه می گردد؟,خوش آمدید! به سوال شما پاسخ می دهم. مطابق اطلاعات موجود، برای استفاده از صندوق امانات بانک تجارت، به همکاران از کار افتاده، بازنشسته و شاغل تخفیف ارائه می شود. این تخفیف به عنوان یک مزیت برای کمک به همکاران از کار افتاده و بازنشسته برای استفاده از خدمات مالی بانک تجارت، ارائه می شود. لطفاً برای کسب اطلاعات دقیق‌تر و شرایط لازم برای دریافت این تخفیف، با بانک تجارت تماس بگیرید.
آیا پرسنل شرکت خدمات نیز جهت دریافت صندوق مشمول تخفیف می شوند؟,با توجه به سیاست‌های شرکت خدمات، پرسنل شرکت خدمات نیز می‌توانند جهت دریافت صندوق مشمول تخفیف باشند. با این حال، نحوه برخورد با پرسنل شرکت خدمات در هر شرکت متفاوت است و ممکن است شرایط خاصی برای آنها در نظر گرفته شود. بنابراین، برای دریافت اطلاعات دقیق‌تر، بهتر است با مدیریت شرکت خدمات تماس بگیرید و از آنها بپرسید که آیا پرسنل شرکت خدمات نیز مشمول تخفیف هستند یا خیر.
آیا صندوق امانات بانک تجارت پوشش بیمه ای دارد؟,به عنوان یک دستیار مفید، پاسخ به سوال شما را ارائه می‌دهم. تجارت بانک، صندوق امانات خود را پوشش بیمه ای دارد. به عنوان یک بانک بزرگ و معتبر در ایران، تجارت بانک برای اطمینان از ایمنی و امنیت صندوق امانات خود، پوشش بیمه ایی دارد تا در صورت هرگونه خطری که ممکن است روی صندوق امانات بیفتد، از زیان و خسارت جلوگیری کند. این پوشش بیمه ایی برای اطمینان از ایمنی و امنیت منابع و سرمایه های سپرده گذاران است.
آیا بانک در صورت سرقت , آتش سوزی و ... از اموال صندوق مسئولیت جبران خسارت را دارد؟,بله، طبق قوانین ایران، بانک‌ها در صورت وقوع حوادثی مانند سرقت، آتش‌سوزی، و غیره، مسئولیت جبران خسارت را دارند. این مسئولیت بر اساس ماده ۸ قانون حمایت از حقوق مشتریان بانک‌ها و مؤسسات مالی در مورد جبران خسارت وارده از حوادثی مانند سرقت، آتش‌سوزی، و غیره، مشخص شده است. به عبارت دیگر، بانک‌ها در صورت وقوع چنین حوادثی، باید خسارت وارده را جبران کنند و به مشتریان خود کمک کنند تا از خسارت‌های وارده خود جبران کنند.
در صورت عدم تمایل به تمدید اجاره صندوق امانات مشتری ظرف چند روز باید به بانک اطلاع رسانی نماید؟,با سلام، در مورد تمدید اجاره صندوق امانات مشتری، باید به بانک اطلاع رسانی کرد که ظرف 7 روز از تاریخ انقضای اجاره، یا قبل از آن، به بانک اطلاع رسانی کنید. این یک الزام قانونی است و برای جلوگیری از خسارات احتمالی و همچنین برای جلوگیری از ایجاد مشکلات برای مشتریان و بانک، ضروری است.
ملاک تمدید قرارداد اجاره صندوق امانات کدامیک از طرفین می باشد؟,ملاک تمدید قرارداد اجاره صندوق امانات، به تعهدات و مسئولیت‌های هر دو طرف، یعنی مالک و متأجر، برمی‌گردد. بر اساس ماده ۹ قانون مدنی ایران، تمدید قرارداد اجاره، زمانی که هر دو طرف موافق آن باشند، میسر است. بنابراین، تمدید قرارداد اجاره صندوق امانات، به درخواست هر دو طرف، از جمله مالک و متأجر، صورت می‌گیرد.
در صورت عدم تسویه حساب و تخلیه صندوق اجاره ای از سوی مشتری ، بانک چه اقدامی انجام می دهد؟,در صورت عدم تسویه حساب و تخلیه صندوق اجاره ای از سوی مشتری، بانک ممکن است اقدامات زیر را انجام دهد: 1. ارسال نامه های تذکری: بانک ممکن است نامه های تذکری را به مشتری ارسال کند تا او را از ضرورت تسویه حساب و تخلیه صندوق اجاره ای آگاه کند. 2. درخواست برای تسویه حساب: اگر مشتری از ارسال نامه های تذکری بی توجه بود، بانک ممکن است درخواستی را برای تسویه حساب ارسال کند تا مشتری را از ضرورت تسویه حساب و تخلیه صندوق اجاره ای آگاه کند. 3. توقیف حساب: در صورت عدم همکاری مشتری، بانک ممکن است حساب مشتری را توقیف کند تا از انتقال منابع و وجوه جلوگیری شود و مشتری را مجبور به تسویه حساب کند. 4. پیگیری قضایی: در صورت عدم همکاری مشتری، بانک ممکن است برای پیگیری قضایی و دریافت وجوه از طریق مراجع قضایی اقدام کند تا حقوق خود را حفظ کند. 5. فروش اموال: در صورت عدم همکاری مشتری، بانک ممکن است برای فروش اموال و دارایی‌های مشتری برای دریافت وجوه اقدام کند تا حقوق خود را حفظ کند.
در صورت فوت مستاجر، وارث یا وكيل/ وكلای انتخابی وراث، با داشتن حکم حصر وراثت (:حکم قانونی که سهم هر یک از وراث مشخص میگردد) جهت تخلیه صندوق امانات چگونه اقدام می گردد؟,در صورت فوت مستاجر و بدون وجود حکم حصر وراثت، وارث یا وكیل/ وكلای انتخابی وراث باید برای تخلیه صندوق امانات از طریق دادگاه اقدام کنند. برای این منظور، باید یک دادخواست برای تخلیه صندوق امانات با ذکر دلیل فوت مستاجر و درخواست برای تعیین وکلای انتخابی یا وارثان مستاجر تنظیم کنند و آن را به دادگاه ارائه دهند. اگر وارث یا وكیل/ وكلای انتخابی وراث حکم حصر وراثت داشته باشند، می‌توانند برای تخلیه صندوق امانات بدون نیاز به دادخواست و از طریق دادگاه اقدام کنند. در این حالت، حکم حصر وراثت به عنوان مدرک لازم برای تخلیه صندوق امانات محسوب می‌شود. از سوی دیگر، اگر وارث یا وكیل/ وكلای انتخابی وراث از طریق دادگاه برای تعیین سهم خود از اموال مستاجر اقدام کنند، باید یک دادخواست برای تعیین سهم خود از اموال مستاجر تنظیم کنند و آن را به دادگاه ارائه دهند. در هر صورت، برای اقدام برای تخلیه صندوق امانات، باید یک نسخه از حکم حصر وراثت
برای استفاده از صندوق اجاره ای مشتری چگونه می تواند به شخص یا اشخاص دیگری وکالت دهد؟,برای استفاده از صندوق اجاره ای مشتری، می تواند برای شخص یا اشخاص دیگری وکالت دهد از طریق یکی از روش‌های زیر: 1. وکالت منحصراً برای دریافت اجاره بها: در این حالت، وکیل فقط برای دریافت اجاره بها وکالت می دهد و نمی تواند برای انجام سایر امور وکالت داشته باشد. 2. وکالت عمومی: در این حالت، وکیل برای انجام کلیه امور وکالت می دهد، از جمله دریافت اجاره بها، پرداخت هزینه‌های تعمیرات، و غیره. 3. وکالت محدود: در این حالت، وکیل برای انجام برخی از امور وکالت می دهد، اما محدود به امور خاصی است که در قرارداد مشخص شده است. برای اعطای وکالت، می توانید از طریق یک وکیل یا از طریق خود شخص وکیل را انتخاب کنید. در هر صورت، باید یک سند وکالت منعقدم را امضا کنید که در آن شرایط وکالت و حدود اختیارات وکیل مشخص شده است. به طور کلی، وکالت برای استفاده از صندوق اجاره ای مشتری باید در سند وکالت منعقدم ذکر شود که در آن وکیل و مشتری
به غیر از اجاره کننده صندوق امانات چه کسانی اجازه استفاده از آن را دارند؟,بسیار خوشحالم که شما از من کمک می‌خواهید! به غیر از اجاره کننده صندوق امانات، کسانی که اجازه استفاده از آن را دارند، شامل می‌شوند: 1. ذینفع اصلی: ذینفع اصلی، مانند مالک یا ورثه، ممکن است از صندوق امانات استفاده کند، اما باید با موافقت اجاره کننده انجام شود. 2. نماینده ذینفع: نماینده ذینفع اصلی، مانند وکیل یا نماینده قانونی، می‌تواند از صندوق امانات استفاده کند، اما باید با موافقت اجاره کننده انجام شود. 3. اشخاصی که با موافقت اجاره کننده، از صندوق امانات استفاده می‌کنند: ممکن است اشخاصی، مانند کارمندان یا اعضای خانواده، با موافقت اجاره کننده از صندوق امانات استفاده کنند، اما این امر باید با موافقت ذینفع اصلی انجام شود. لطفاً یادآوری کنید که استفاده از صندوق امانات، باید با موافقت ذینفع اصلی و اجاره کننده انجام شود، مگر اینکه در قرارداد یا قوانین خاصی، استفاده از صندوق امانات توسط اشخاص
آیا صندوق امانات بانک قابل انتقال به غیرمی باشد؟,به عنوان یک دستیار کمک کننده، پاسخ من این است که در قانون ایران، صندوق امانات بانک در مورد اموال غیر قابل انتقال به غیر است. این بدان معنی است که در صورت ایجاد صندوق امانت، اموال در آن صندوق باقی می ماند و از انتقال به غیر جلوگیری می کند. اگرچه، در برخی موارد خاص، ممکن است بتوان برای انتقال اموال از صندوق امانت، درخواست تجدید نظر داد، اما در اصل، صندوق امانات بانک غیر قابل انتقال به غیر است.
در صورت مفقودی کلیدهای صندوق امانات از سوی استفاده کننده ( مستاجر ) هزینه شکستن قفل صندوق بر عهده کیست؟,موجب ماده ۶ قانون ایمن‌سازی و حفاظت از اموال و مالکیت، در صورت مفقودی کلیدهای صندوق امانات از سوی استفاده کننده (مستاجر)، هزینه شکستن قفل صندوق بر عهده مستاجر است. زیرا مستاجر مسئول حفظ و نگهبانی از اموال و حقوق مالک است و در صورت فقدان کلیدها، به مالک یا ذی‌نفع اجازه داده می‌شود که قفل را بشکند تا به اموال خود دسترسی پیدا کند.
امکان ثبت درخواست غیرحضوری برای متقاضیان صندوق اجاره ای وجود دارد؟,بله، امکان ثبت درخواست غیرحضوری برای متقاضیان صندوق اجاره ای وجود دارد. بسیاری از صندوق های اجاره ای و بانک های ارائه دهنده خدمات اجاره ای، از طریق سیستم های آنلاین و دیجیتالی، درخواست های غیرحضوری را پذیرفته و در صورت لزوم، برای بررسی و بررسی بیشتر، با متقاضی تماس می گیرند. این روش، به متقاضیان امکان می دهد بدون نیاز به حضور در محل، درخواست خود را ثبت کنند و از طریق این روش، زمان و انرژی خود را صرف نمی کنند.
ثبت درخواست صندوق اجاره ای به صورت غیر حضوری چگونه می باشد؟,پرسیدن شما بسیار خوب است! برای ثبت درخواست صندوق اجاره ای به صورت غیر حضوری، باید مراحل زیر را انجام دهید: 1. ابتدا به وب سایت رسمی صندوق اجاره ای کشور خود مراجعه کنید و فرم درخواست را دانلود کنید. 2. فرم را پر کنید و به همراه مدارک لازم مانند شناسنامه، سند ملک، و مدارک درآمدی خود، به صندوق اجاره ای ارسال کنید. 3. در صورت نیاز، می توانید مدارک را به صورت دیجیتالی ارسال کنید و در غیر این صورت، می توانید آن را به صندوق اجاره ای تحویل دهید. 4. صندوق اجاره ای پس از بررسی درخواست شما، شما را برای مصاحبه و یا برای بازدید از ملک دعوت می کند. 5. در صورت موافقت، قرارداد اجاره ای را امضاء می کنید و به شما کلید ملک داده می شود. لطفاً توجه داشته باشید که مراحل و فرآیند درخواست صندوق اجاره ای ممکن است با توجه به منطقه و شهر شما متفاوت باشد. بنابراین، برای اطلاعات دقیق‌تر، می توانید با صندوق اجاره ای در منطقه خود تماس بگیرید.
مشتری پس از ثبت درخواست صندوق اجاره ای به صورت غیر حضوری چه کاری باید انجام دهد؟,مطمئناً مشتری عزیز! بعد از ثبت درخواست صندوق اجاره ای به صورت غیر حضوری، شما باید برای تکمیل فرآیند، چند گام را انجام دهید: 1. تأیید اطلاعات: تأیید اطلاعات خود را، از جمله شماره تماس و آدرس ایمیل، برای اطمینان از اینکه اطلاعات شما正確 است. 2. ارسال مدارک: مدارک مورد نیاز را، مانند مدارک هویت و مدارک مالی، برای تأیید درخواست خود، ارسال کنید. 3. پرداخت هزینه: پرداخت هزینه ثبت نام و سایر هزینه های مربوطه را، بر اساس شرایط ارائه شده توسط صندوق اجاره ای، انجام دهید. 4. پیگیری درخواست: پیگیری درخواست خود را، تا زمانی که فرآیند ثبت نام تکمیل شود، انجام دهید. به طور کلی، فرآیند ثبت نام صندوق اجاره ای به صورت غیر حضوری، زمانبر و ممکن است نیاز به چند روز یا هفته داشته باشد. بنابراین، لطفاً برای پیگیری درخواست خود، زمان کافی را در نظر بگیرید.
محدوده زمانی ثبت درخواست مشتری برای دریافت صندوق اجاره ای به صورت غیر حضوری در طول شبانه روز چگونه است؟,سلام! محدوده زمانی ثبت درخواست مشتری برای دریافت صندوق اجاره ای به صورت غیر حضوری در طول شبانه روز، معمولاً از صبح تا شب، یعنی از ساعت 8 صبح تا 10 شب، است. البته این محدوده زمانی ممکن است بسته به نوع سازمان یا شرکت ارائه دهنده خدمات صندوق اجاره ای، متفاوت باشد. در هر صورت، معمولاً در طول روز، امکان ثبت درخواست وجود دارد.
لیست شعبی که صندوق امانات دارند چگونه پیدا نماییم؟,شما می توانید برای پیدا کردن لیست شعبی که صندوق امانات دارند، به یکی از روش های زیر مراجعه کنید: 1. وب سایت رسمی بانک مرکزی ایران: می توانید به وب سایت رسمی بانک مرکزی ایران مراجعه کنید و در بخش "بانک ها" و "شعبه های بانک"، لیست شعبه های بانک را با صندوق امانات پیدا کنید. 2. وب سایت بانک مورد نظر: شما می توانید به وب سایت بانک مورد نظر خود مراجعه کنید و در بخش "شعبه ها" یا "موقعیت ها"، لیست شعبه های بانک را با صندوق امانات پیدا کنید. 3. تلفن بانک: می توانید به تلفن بانک مورد نظر خود تماس بگیرید و از کارشناس درخواست کنید که لیست شعبه های بانک را با صندوق امانات برای شما فراهم کند. 4. مراجعه به شعبه بانک: شما می توانید به شعبه بانک مورد نظر خود مراجعه کنید و از کارشناس درخواست کنید که لیست شعبه های بانک را با صندوق امانات برای شما فراهم کند. در هر صورت، شما باید اطمینان حاصل کنید که اطلاعات ارائه شده توسط بانک، دقیق و به روز باشد.
نمایش شعب دارای صندوق اجاره ای چگونه می باشد؟,شعب دارای صندوق اجاره ای، معمولاً از دو بخش اصلی تشکیل شده است: 1. شعب اصلی: این بخش اصلی، مکان اصلی شعب است که در آن مشتریان می توانند خدمات بانکی را دریافت کنند و از صندوق اجاره ای استفاده کنند. 2. شعب فرعی: این بخش فرعی، معمولاً در مکان های مختلف، مانند فروشگاه ها، مراکز تجاری، یا حتی در محل کار، واقع شده است. این شعب ها معمولاً دارای صندوق اجاره ای نیستند و مشتریان باید برای دریافت خدمات بانکی به شعب اصلی مراجعه کنند. به طور کلی، شعب های بانکی دارای صندوق اجاره ای معمولاً در مناطق تجاری یا صنعتی قرار می گیرند و برای ارائه خدمات بانکی به مشتریان با نیازهای ویژه ای، مانند ارائه خدمات پرداخت و نقل و انتقال پول، طراحی شده اند. در این شعب ها، مشتریان می توانند از صندوق اجاره ای برای دریافت و پرداخت پول استفاده کنند.
آیا در خواست غیر حضوری صندوق برای اشخاص حقوقی و اتباع امکان پذیر است؟,بله، در خواست غیر حضوری صندوق برای اشخاص حقوقی و اتباع امکان پذیر است. با ارائه مدارک لازم، می توانید درخواست خود را در این مورد ارائه دهید. برای درخواست غیر حضوری صندوق، باید مدارک زیر را ارائه دهید: 1. فرم درخواست غیر حضوری صندوق که توسط بانک ارائه می شود. 2. مدارک هویت خود و شخص حقوقی، مانند شناسنامه یا کارت ملی. 3. مدارک هویت وکیل یا نماینده قانونی، اگر وجود دارد. 4. مدارک مورد نیاز برای ثابت کردن منبع درآمد و اعتبار مالی، مانند معاملات تجاری یا حساب های بانکی. هنگام ارائه مدارک، باید اطمینان حاصل کنید که مدارک ارائه شده، کامل و با دقت باشد. همچنین، ممکن است بانک، در خواست غیر حضوری صندوق را با شرایط خاصی مانند واریز وجوه یا ارائه تضمین، همراه با درخواست شما ارائه دهد.
در صورت وصول دستورمراجع قضایی مبنی بر بازداشت اموال اشخاص آیا مشتری اجازه باز کردن صندوق امانات را دارد؟,با سلام، در پاسخ به سوال شما باید گفت که در صورت وصول دستور بازداشت اموال از سوی مراجع قضایی، مشتری معمولاً اجازه باز کردن صندوق امانات را ندارد. زیرا بازداشت اموال توسط مراجع قضایی به عنوان یک اقدام قضایی است که برای جلوگیری از تخلص اموال یا جلوگیری از خروج اموال از مالکیت انجام می شود. به طور کلی، باز کردن صندوق امانات در این موارد باید با مجوز مراجع قضایی انجام شود و مشتری بدون مجوز، نمی تواند صندوق امانات را باز کند. این کار می تواند به عنوان تخلف از قانون و نقض قانونی محسوب شود و در صورت انجام آن، مشتری می تواند با پیگرد قانونی روبرو شود.
هزینه ی تخلیه و تحویل صندوق امانات چقدر است؟,معمولاً هزینه ی تخلیه و تحویل صندوق امانات در ایران متغیر است و بستگی به شهر، بانک و نوع خدمات ارائه شده دارد. اما به طور کلی هزینه های معمولی برای تخلیه و تحویل صندوق امانات در ایران عبارتند از:* در بانک ملی ایران: 5،000 تومان تا 10،000 تومان* در بانک مelli: 3،000 تومان تا 7،000 تومان* در بانک سامان: 2،000 تومان تا 5،000 تومان* در سایر بانک ها: 1،000 تومان تا 3،000 تومان این هزینه ها ممکن است در شهر های بزرگتر مانند تهران و تبریز و... بیشتر یا کمتر باشد. همچنین ممکن است بانک ها از زمان به زمان این هزینه ها را تغییر دهند، بنابراین برای اطلاع دقیق، به بانک مورد نظر خود مراجعه کنید.
هزینه ی مفقودی کلیدها چقدر میباشد؟,کostenly! According to various studies and estimates, the average cost of lost keys can range from 20 to 100 dollars. This amount may vary depending on the type of key, the location, and the locksmithing services required to replace or duplicate the key.
هزینه ی بار استفاده از صندوق (ورود) چقدر است؟,به‌هیچ‌وجه! بسیاری از بانک‌ها، خدمات صندوق یا ورود بدون هزینه یا با هزینه‌ای بسیار اندک ارائه می‌دهند. به‌علاوه، برخی بانک‌ها ممکن است برای خدمات ویژه یا برای مشتریان خاصی هزینه‌ای دریافت کنند. برای اطلاعات دقیق‌تر، به وب سایت بانک خود یا به یک شعبه نزدیک مراجعه کنید.
مشتریان در روز چند بار میتوانند برای استفاده از صندوق اجاره‌ای به بانک مراجعه کنند؟,عرضه‌کنندگان خدمات بانکی معمولاً محدودیت‌هایی برای استفاده از صندوق اجاره‌ای در روز دارند. معمولاً مشتریان می‌توانند برای استفاده از صندوق اجاره‌ای در یک روز، حداکثر دو بار مراجعه کنند، اما این محدودیت ممکن است در بانک‌های مختلف متفاوت باشد. برای اطمینان از محدودیت‌ها، به بانک خود مراجعه کنید یا با آنها تماس بگیرید تا از اطلاعات دقیق‌تر برخوردار شوید.
کارت عابر بانک چیست؟,کارت عابر بانک یا کارت اعتباری یک نوع کارت بانکی است که به عنوان وسیله پرداخت برای خریدهای آنلاین و آفلاین استفاده می شود. این کارت ها از سوی بانک ها و موسسات مالی ارائه می شوند و به جای پول نقد یا چک، برای خریدهای شما استفاده می شود. کارت های اعتباری می توانند از نوع اعتباری باشند که به طور کلی از سوی بانک ها ارائه می شوند و یا از نوع شتاب باشند که از سوی موسسات پرداخت کننده ارائه می شوند. کارت های اعتباری با محدودیت هایی مانند حداکثر سقف معاملات و حداکثر سقف موجودی کار می کنند.
آیا اشخاص حقوقی می توانند تجارت کارت داشته باشند؟,بله، اشخاص حقوقی مانند شرکت ها، موسسات و سازمان ها می توانند تجارت کارت داشته باشند. تجارت کارت ها برای شرکت ها و اشخاص حقوقی به عنوان یک وسیله امنیتی و پرداخت استفاده می شود که در هنگام خرید و فروش های آنلاین یا آفلاین استفاده می شود. بسیاری از بانک ها و موسسات مالی برای شرکت ها و اشخاص حقوقی خدمات تجارت کارت ارائه می دهند. با این حال، فرآیند درخواست تجارت کارت برای اشخاص حقوقی ممکن است متفاوت باشد و ممکن است نیاز به ارائه مدارک و اطلاعات خاصی باشد.
طلبه کارت چیست؟,طلبه کارت، یک نوع کارت شناسایی است که برای دانش آموزان و دانشجویان در ایران صادر می شود. این کارت حاوی اطلاعات شخصی، مانند نام، نام خانوادگی، تاریخ تولد، رشته و مقطع تحصیلی دانش آموز یا دانشجو است و به عنوان یک شناسنامه برای ورود به دانشگاه‌ها، سازمان‌ها و نهادهای آموزشی استفاده می شود. نام این کارت از دو کلمه "طلبه" که به معنای دانش آموز یا دانشجو است و "کارت" که به معنای کارت شناسایی است، ترکیب شده است.
کارت یارانه غذا چست؟,کارت یارانه غذا یا به طور کلی کارت یارانه‌های غذا برای خانواده‌هایی که درآمد آنها کمتر از یک میلیون تومان است، ارائه می‌شود. این کارت توسط دولت برای کمک به خانواده‌هایی که نیاز دارند، ارائه می‌شود و می‌تواند برای خرید غذا و سایر مواد غذایی مورد استفاده قرار گیرد. برای دریافت این کارت، باید شرایط خاصی را داشته باشید و باید به ثبت نام در سامانه مربوطه و ارائه مدارک مورد نیاز بپردازید.
کارت دو منظوره (هیبرید) چیست؟,کارت دو منظوره یا هیبرید، نوعی کارت گرافیک است که هم از قابلیت‌های کارت گرافیک برای بازی‌های کامپیوتری و هم از قابلیت‌های کارت گرافیک برای پردازش گرافیکی استفاده می‌کند. این نوع کارت ها معمولاً از دو پردازنده گرافیکی مجزا تشکیل شده اند که هرکدام برای وظایف خاصی استفاده می شود. کارت های دو منظوره معمولاً برای سیستم های کامپیوتری با عملکرد بالا و برای اجرای بازی های پیچیده استفاده می شوند. آنها می توانند از یک پردازنده گرافیکی برای اجرای بازی و از پردازنده گرافیکی دیگر برای پردازش گرافیکی استفاده کنند که می تواند باعث بهبود عملکرد سیستم شود.
آیا می توان کارت دو منظوره را تبدیل به کارت نقدی کرد؟,بله، اغلب اوقات می توان کارت دو منظوره را تبدیل به کارت نقدی کرد، اما برای این کار باید به شرایط خاصی توجه کرد. در اکثر موارد، بانک یا موسسه مالی ارائه دهنده کارت دو منظوره، امکان تبدیل آن به کارت نقدی را فراهم می کند. برای مثال، می توانید به بانک یا موسسه مالی خود مراجعه کنید و درخواست تبدیل کارت دو منظوره به کارت نقدی را ارائه دهید. علاوه بر این، برخی از بانک ها یا موسسه های مالی، امکان تبدیل کارت دو منظوره به کارت نقدی را در وب سایت خود یا از طریق تلفن یا پیام رسان فراهم می کنند. اما برای تبدیل کارت دو منظوره به کارت نقدی، باید به چند نکته توجه کرد: 1. شرایط خاصی برای تبدیل وجود دارد، مانند میزان موجودی حساب، تاریخ انقضای کارت و غیره. 2. ممکن است نیاز به ارائه مدارک یا اطلاعات اضافی برای تأیید هویت و هویت کارت باشد. 3. ممکن است نیاز به پرداخت هزینه یا کارمزد برای تبدیل کارت باشد. به طور کلی، برای تبدیل کارت دو منظوره به کارت نقدی، باید به شرایط ارائه دهنده کارت و بانک یا موسسه مالی خود توجه کرد و درخواست
کارت خرید چیست؟,کارت خرید، به اختصار "کارت"، یک ابزار مالی است که به جای پول نقد یا چک، برای پرداخت خریدهای خود استفاده می شود. این کارت معمولاً با یک شماره شناسایی و یک رمز دوم همراه است و به کمک یک دستگاه خوانش، از طریق یک شبکه مالی، معاملات را انجام می دهد. کارت خرید ممکن است با یک حساب بانکی یا یک اعتبار ناشی از یک معامله، مرتبط باشد. انواع کارت خرید عبارتند از: کارت اعتباری، کارت بانکی و کارت هدیه. کارتها در زندگی روزمره ما نقش مهمی بازی می کنند و در خریدهای مختلف از جمله خریدهای آنلاین و آفلاین استفاده می شوند.
نحوه استفاده از کارت خرید چگونه است؟,کارت خرید یا کارت اعتباری (Credit Card) یک ابزار مالی است که به شما امکان خرید را در فروشگاه‌های مختلف می‌دهد. برای استفاده از کارت خرید، مراحل زیر را انجام دهید: 1. ابتدا باید کارت خود را در دست داشته باشید و رمز عبور آن را به خاطر بسپارید. 2. در زمان خرید، به فروشگاه مراجعه کنید و کاوش کنید که آیا آن فروشگاه پذیرنده کارت خرید است یا خیر. 3. اگر فروشگاه پذیرنده کارت خرید است، کاوش کنید که آیا شما می‌توانید از کارت خرید خود استفاده کنید یا خیر. در برخی فروشگاه‌ها، ممکن است محدودیت‌هایی برای استفاده از کارت خرید وجود داشته باشد. 4. برای خرید، کارت خود را به فروشنده ارائه دهید و رمز عبور آن را وارد کنید. معمولاً رمز عبور به صورت پنهان نمایش داده می‌شود تا امنیت را بیشتر کنید. 5. فروشنده، به شما نشان می‌دهد که آیا تراکنش موفق بود یا خیر. اگر تراکنش موفق بود، شما می‌توانید کالا یا خدمات را از فروشگاه دریافت کنید. 6. به خاطر داشته باشید که باید رمز عبور کارت خود را در زمان خرید وارد کنید و
آیا می توان برای کارت خرید رمز پویا فعال کرد؟,بله، در بسیاری از سیستم های پرداخت، امکان فعال کردن رمز پویا برای کارت خرید وجود دارد. این کار با استفاده از یک کد امنیتی که توسط بانک یا ارائه دهنده خدمات پرداخت تنظیم شده است، انجام می شود. در این روش، کد امنیتی به عنوان یک رمز عبور اضافی برای معاملات، به عنوان یک لایه امنیتی اضافی عمل می کند. برای فعال کردن رمز پویا برای کارت خرید، باید با ارائه دهنده خدمات پرداخت یا بانک خود تماس بگیرید و از امکان فعال کردن آن در سیستم پرداخت خود سوال کنید.
کارت اعتباری چیست؟,کارت اعتباری یک نوع کارت بانکی است که به افراد امکان می دهد تا از پول خود برای خریدهای آنلاین و در محل استفاده کنند. این کارت ها معمولاً با یک حداکثر اعتبار و یک سقف معینی برای خریدها تعیین می شوند. کارت های اعتباری اغلب برای خریدهای بزرگ یا خریدهای بدون پول نقد استفاده می شوند و می توانند به عنوان یک وسیله جایگزین برای پول نقد عمل کنند. در سایر کشورها ممکن است این کارت ها را "کредит کارت" یا "دебیت کارت" نامیده باشند.
نحوه استفاده از کارت اعتباری چگونه است؟,ممنون از سوال شما! استفاده از کارت اعتباری به طور کلی به این صورت است: 1. ابتدا باید یک کارت اعتباری از یک بانک یا مؤسسه مالی خریداری کنید. این کارت اعتباری با یک محدوده اعتبار و یک مهلت بازپرداخت مشخص است. 2. هنگام خرید یا معامله، باید از کارت اعتباری خود استفاده کنید و کد کارت را به همراه تاریخ انقضای آن و یک کدمو به فروشنده ارائه دهید. 3. فروشنده، کد کارت را برای تایید معامله با بانک یا مؤسسه مالی شما تماس می گیرد و در صورت تایید، معامله انجام می شود و مبلغ معامله از اعتبار شما کسر می شود. 4. برای پرداخت باقیمانده یا به طور کلی برای بازپرداخت معامله، باید به بانکی که کارت اعتباری را برای شما صادر کرده است مراجعه کنید و مبلغ معامله را به آن پرداخت کنید. نکته مهمی که باید در نظر داشته باشید این است که باید هنگام استفاده از کارت اعتباری، مراقب باشید که از آن برای معاملات غیرقانونی یا غیر مجاز استفاده نکنید و همچنین باید مر
آیا می توان برای کارت اعتباری رمز پویا فعال کرد؟,سلام! بله، اغلب اوقات می توان برای کارت اعتباری رمز پویا فعال کرد، اما این امکان به نوع و مدل کارت اعتباری بستگی دارد. به طور کلی، بسیاری از بانک‌ها و موسسات مالی امکان فعال کردن رمز پویا برای کارت اعتباری را ارائه می دهند. این کار معمولاً از طریق وب سایت بانک یا از طریق یک برنامه کاربردی ویژه انجام می شود. به عنوان مثال، برخی از بانک‌ها امکان فعال کردن رمز پویا برای کارت اعتباری را به عنوان یک ویژگی امنیتی ارائه می دهند، که به شما اجازه می دهد رمز خود را به طور منظم تغییر دهید و از این طریق امنیت کارت اعتباری خود را افزایش دهید. با این حال، برخی دیگر از بانک‌ها ممکن است این امکان را نداشته باشند یا ممکن است این کار را برای کارت‌های اعتباری خاصی انجام دهند. بنابراین، توصیه می کنم قبل از فعال کردن رمز پویا، با بانک یا موسسه مالی خود تماس بگیرید و از امکانات آن در مورد کارت اعتباری شما آگاه شوید.
کارت مجازی چیست؟,کارت مجازی یا ویزیت مجازی، یک نوع کارت سفر الکترونیکی است که توسط دولت یا دولت‌های مختلف صادر می شود و به مسافانی که برای سفر به یک کشور صادر شده است، اجازه ورود و اقامت در آن کشور را می دهد. این نوع کارت ها معمولاً به جای گذرنامه یا ویزای کاغذی استفاده می شوند و از ویژگی های آن ها می توان به موارد زیر اشاره کرد:* قابل ذخیره در یک دستگاه تلفن همراه یا رایانه* به طور الکترونیکی صادر می شود و به طور کلی به مدت زمان مشخصی اعتبار دارد* به جای گذرنامه یا ویزای کاغذی استفاده می شود* دارای اطلاعات شخصی، زمان ورود و خروج و اطلاعات سفر است* به طور معمول توسط پلیس یا مامورین گمرکی کنترل می شود کارت های مجازی معمولاً در کشور هایی که به فناوری های نوین توجه دارند، استفاده می شوند و به طور کلی به دلیل راحتی و سرعت در استفاده از آن ها مورد پسند مسافان قرار می گیرد.
توریست کارت چیست؟,توریست کارت، یک کارت شناسایی است که برای مسافران خارجی یا گردشگران که در یک کشور دیگر اقامت دارند، صادر می‌شود. این کارت معمولاً توسط دولت یا سازمان‌های مربوطه صادر می‌شود و شامل اطلاعات شخصی، تاریخ ورود و خروج و سایر اطلاعات مربوطه است. هدف اصلی این کارت، کمک به گردشگران برای استفاده از خدمات و تسهیلات در کشور مورد نظر است. در بسیاری از کشورها، این کارت می تواند به عنوان یک شناسنامه جایگزین یا یک مدرک هویت برای گردشگران خارجی عمل کند.
قابلیت های توریست کارت چیست؟,توریست کارت، یک کارت شناسایی و اقامت برای گردشگران است که اجازه می دهد در طول سفر خود از خدمات و امکانات مختلف استفاده کنند. قابلیت های این کارت عبارتند از: 1. اقامت: با این کارت، گردشگران می توانند برای مدت زمان مشخصی در کشور اقامت کنند. 2. ورود به اماکن: این کارت به گردشگران اجازه ورود به اماکن و اماکن تاریخی، موزه ها، اماکن مذهبی و سایر اماکن گردشگری را می دهد. 3. خرید و پرداخت: با این کارت، گردشگران می توانند برای خرید و پرداخت در فروشگاه ها و مغازه های مختلف استفاده کنند. 4. خدمات پزشکی: این کارت به گردشگران اجازه استفاده از خدمات پزشکی و درمانی را می دهد، در صورت نیاز به درمان پزشکی در طول سفر خود. 5. تماس و کمک: این کارت به گردشگران اجازه تماس و کمک در صورت نیاز را می دهد، از طریق تماس با شماره تلفن یا سایر روش های ارتباطی. به طور خلاصه، توریست کارت یک ابزار مفید برای گردشگران است که امکان استفاده از خدمات و امکانات مختلف را فراهم می کند.
برای دریافت توریست کارت مشتری چه کاری باید انجام دهد؟,برای دریافت توریست کارت مشتری، چندین گام وجود دارد که باید انجام شود: 1. برای دریافت توریست کارت، باید یک گذرنامه معتبر و غیرقابل تقلید داشته باشید. گذرنامه باید حداقل 6 ماه اعتبار داشته باشد. 2. به یک سفارتخانه یا یک نماینده سفارتخانه که در کشور شما وجود دارد، مراجعه کنید و فرم درخواست برای دریافت توریست کارت را تکمیل کنید. 3. برای تکمیل فرم، اطلاعات شخصی خود را، مانند نام و نام خانوادگی، تاریخ تولد، آدرس و شماره تلفن، وارد کنید. 4. برای مدارک لازم، یک عکس رنگی 2*2 سانتی متری و یک نسخه از گذرنامه خود را به همراه داشته باشید. 5. پس از تکمیل فرم و ارائه مدارک لازم، مبلغی را به عنوان هزینه دریافت می کنید که معمولاً در حدود 10-15 دلار است. 6. پس از پرداخت هزینه، توریست کارت به شما داده می شود و می توانید با استفاده از آن در ایران اقامت داشته باشید. لطفاً توجه داشته باشید که شرایط و فرآیند دریافت توریست کارت ممکن است متفاوت باشد، بنابراین برای کسب اطلاعات دقیق‌تر، به سفارتخانه
فعالسازی توریست کارت چگونه است؟,فراروی شما! فعالسازی توریست کارت در ایران به صورت زیر انجام می شود: 1. خرید توریست کارت: از یک نماینده رسمی توریست کارت یا در یک آژانس مسافرتی یا در یک کiosk درสนาม بین‌المللی امام خمینی یا کیش یا قشم خرید کنید. 2. پر کردن فرم: فرم ثبت نام را تکمیل کنید و اطلاعات خود را وارد کنید. 3. پرداخت هزینه: هزینه توریست کارت را به صورت نقدی یا با کارت اعتباری پرداخت کنید. 4. گرفتن کارت: پس از پرداخت هزینه و تکمیل فرم، توریست کارت را از نماینده یا آژانس مسافرتی دریافت کنید. 5. فعالسازی: در یکی از کیسک‌های موجود در فرودگاه یا در یک آژانس مسافرتی، توریست کارت را فعال کنید. برای فعالسازی، کد شناسایی و رمز عبور را وارد کنید و در صورت نیاز، یک عکس و یک مدرک شناسایی ارائه دهید. به یاد داشته باشید که توریست کارت باید به صورت منظم به روز رسانی شود تا از مزایای آن بهره ببرید. برای اطلاعات بیشتر، می توانید با آژانس های مسافرتی یا نمایندگان رسمی توریست کارت تماس بگیرید.
صدور اولیه و صدور مجدد توریست کارتر چقدر کارمزد دارد؟,معمولاً صدور اولیه و صدور مجدد گذرنامه توریست کارتر آمریکا برای شهروندان غیر آمریکایی، به استناد سفارت آمریکا یا کنسولگری آمریکا در کشور شما، به کارمزد‌های مختلفی نیاز دارد که بسته به کشور و موقعیت فرد، متفاوت است. در صدور اولیه گذرنامه توریست کارتر، کارمزد معمولی برای شهروندان غیر آمریکایی، در حدود 160-180 دلار برای adults و 140-160 دلار برای کودکان زیر 16 سال است که در زمان تقاضا در سفارت یا کنسولگری آمریکا پرداخت می شود. این کارمزد ممکن است با تغییرات در قوانین یا شرایط، تغییر کند و به طور کلی، به ترتیبی که سفارت یا کنسولگری آمریکا تعیین می کند، پرداخت می شود. در صدور مجدد گذرنامه توریست کارتر، کارمزد معمولی، معمولاً در حدود 35-50 دلار برای adults و 20-35 دلار برای کودکان زیر 16 سال است که در زمان تقاضا در سفارت یا کنسولگری آمریکا پرداخت می شود. این کارمزد نیز، ممکن است با تغییرات در قوانین یا شرایط، تغییر کند و به
کارت هدیه چیست؟,کارت هدیه یا گیفتی کارت، یک نوع کارت است که برای هدیه دادن به دیگران استفاده می‌شود. این کارت معمولاً با ارزش مالی مشخصی مانند یک سکه یا یک چک، همراه است. کارت هدیه معمولاً در مراسم‌های خاص مانند جشن تولد، روز عروس و غیره استفاده می‌شود و به عنوان یک جایزه یا یک هدیه از فردی به دیگری داده می‌شود. این کارت اغلب با یک پیام یا یک نامه همراه است که پیام یا پیام‌های دلپذیر و دلپذیر را برای گیرنده ارسال می‌کند. کارت هدیه می‌تواند یک راه برای نشان دادن عشق، احترام یا سپاسگاری از سوی کسی به دیگری باشد.
مبلغ مجاز برای درخواست کارت هدیه چقدر است؟,بسته به بانک و نوع کارت هدیه، مبلغ مجاز برای درخواست کارت هدیه ممکن است متفاوت باشد. اما در کل، مبلغ مجاز برای درخواست کارت هدیه در ایران معمولاً بین 500 هزار تومان تا 10 میلیون تومان است. به عنوان مثال، برخی از بانک‌ها برای درخواست کارت هدیه با مبلغ 1 میلیون تومان یا بیشتر، نیاز به ارائه مدارک هویت و نشانی سکونت دارند. در حالی که برای درخواست کارت هدیه با مبلغ کمتر از 1 میلیون تومان، ممکن است تنها نیاز به ارائه اطلاعات شخصی و نشانی ایمیل یا شماره تلفن باشد. در هر صورت، بهتر است برای کسب اطلاعات دقیق‌تر، با بانک مورد نظر تماس بگیرید یا در سایت بانک مورد نظر بررسی کنید.
سقف صدور کارت هدیه برای هر شخص ( حقیقی/حقوقی ) چقدر است؟,با سلام، سقف صدور کارت هدیه برای هر شخص حقیقی یا حقوقی در ایران 2 میلیون تومان است. این محدودیت توسط دولت ایران برای کنترل هزینه‌ها و جلوگیری از سوء‌استفاده از این نوع کارت‌ها تعیین شده است.
آیا مشتری برای صدور کارت هدیه می بایست در بانک تجارت حساب داشته باشد؟,خیر، برای صدور کارت هدیه در بانک تجارت، مشتری نیازی به داشتن حساب در بانک تجارت ندارد. مشتریان می توانند از طریق سایت بانک تجارت یا در یکی از شعبات بانک، درخواست صدور کارت هدایه دهند. کارت هدایه می تواند به نام فرد یا برای شرکت یا موسسه باشد و به عنوان جایزه یا پاداش استفاده شود.
تاریخ انقضا کارت هدیه چند سال است؟,کارت هدیه معمولاً به مدت یک یا دو سال اعتبار دارد، اما این مدت زمان بسته به نوع و شرکتی که آن را صادر کرده است، متفاوت است. برخی از کارت‌های هدیه ممکن است تا سه یا پنج سال اعتبار داشته باشند. برای اطلاع دقیق‌تر از تاریخ انقضا کارت هدیه، به شرکت یا فروشگاه که آن را صادر کرده است، مراجعه کنید.
آیا صدور کارت هدیه گروهی امکان پذیر است؟,بله، صدور کارت هدیه گروهی امکان پذیر است. بسیاری از شرکت‌ها و مراکز خرید، امکان صدور کارت هدیه گروهی را به‌منظور تشویق و ترغیب مشتریان یا درฐาน‌ماندگان خود فراهم کرده‌اند. این کارتها می‌توانند برای یک یا چند شخص ارسال شوند و ارزش آنها می‌تواند از ۱۰۰ تومان تا چندین میلیون تومان باشد، بستگی به شرکت و برنامه‌های آن دارد. به‌علاوه، برخی از شرکت‌ها، امکان انتخاب ارزش و تعداد افراد دریافت‌کننده را فراهم کرده‌اند. برای اطلاعات بیشتر و صدور یک کارت هدیه گروهی، می‌توانید با شرکت یا مرکز خرید مورد نظر خود در تماس باشید.
آیا امکان صدور مجدد کارت هدیه مفقودی وجود دارد؟,خوش آمدید! به سوال شما پاسخ می دهم. امکان صدور مجدد کارت هدیه مفقودی در مورد کارت های هدیه خاصی وجود دارد که توسط یک شرکت یا سازمان خاص صادر شده باشد. این شرکت یا سازمان باید دستورالعمل های خاصی را برای صدور مجدد کارت هدیه مفقودی در نظر گرفته باشد. در مورد بسیاری از کارت های هدیه، امکان صدور مجدد کارت در صورت ارائه مدارک لازم، مانند مدارک شناسایی و عکس کارت اصلی، وجود دارد. اما در هر صورت، برای صدور مجدد کارت، باید با شرکت یا سازمان صادرکننده کارت هدیه تماس بگیرید و درخواست خود را ارائه دهید. همچنین، ممکن است به دلیل ضعف یا از دست رفتن اطلاعات، امکان صدور مجدد کارت وجود نداشته باشد. در این صورت، برای دریافت جایگزینی یا جایگزینی جدید، باید با شرکت یا سازمان صادرکننده کارت هدیه تماس بگیرید و درخواست خود را ارائه دهید.
صدور کارت هدیه برای چه افرادی ممنوع می باشد؟,در بسیاری از کشورها، صدور کارت هدیه برای افرادی ممنوع است که شامل موارد زیر می شود: 1. مقامات دولتی و قضایی: صدور کارت هدیه برای مقامات دولتی و قضایی برای جلوگیری از سوء استفاده از قدرت و پولشویی ممنوع است. 2. کارمندان دولت: در برخی کشورها، صدور کارت هدیه برای کارمندان دولت ممنوع است تا از سوء استفاده از موقعیت و قدرت جلوگیری شود. 3. مقامات نظامی: صدور کارت هدیه برای مقامات نظامی برای جلوگیری از سوء استفاده از قدرت و پولشویی ممنوع است. 4. افراد تحت تحریم: صدور کارت هدیه برای افراد تحت تحریم برای جلوگیری از پولشویی و تحریک رفتارهای غیرقانونی ممنوع است. 5. افرادی که در فهرست سیاه هستند: صدور کارت هدیه برای افرادی که در فهرست سیاه هستند برای جلوگیری از پولشویی و سوء استفاده از قدرت ممنوع است. لطفاً بدانید که قوانین و مقررات صدور کارت هدیه ممکن است در هر کشور یا منطقه متفاوت باشد. برای اطلاعات دقیق‌تر، توصیه می شود که به قوانین و مقررات مربوطه
آیا برای کارت هدیه می توان رمز پویای تعریف کرد؟,بله، برای کارت هدیه می‌توان رمز پویا تعریف کرد. این کار برای افزایش امنیت و جلوگیری از سوءاستفاده از کارت هدیه انجام می‌شود. برای تعریف رمز پویا، باید با ارائه دهنده خدمات کارت هدیه تماس بگیرید و درخواست تعریف رمز پویا را ارائه دهید. معمولاً ارائه دهنده خدمات کارت هدیه، یک رمز پویا برای کارت هدیه شما تعریف می‌کند که فقط شما و کسی که آن را تعریف کرده است، می‌توانند از آن استفاده کنند.
آیای برای کارت هدیه می توان رمز دوم ثابت تعریف کرد؟,بله، برای کارت هدیه می‌توان رمز دوم ثابت تعریف کرد، اما باید توجه داشت که در نظر داشته باشید، رمز دوم ثابت در کارت هدیه می‌تواند به عنوان یک رمز یکبار مصرف برای استفاده از خدمات و پرداخت‌های خاصی در نظر گرفته شود، نه برای کلیه معاملات و تراکنش‌ها. علاوه بر این، باید با بانک یا ارائه‌دهنده خدمات کارت هدیه برای تعریف رمز دوم ثابت و نحوه استفاده از آن در مورد خدمات و پرداخت‌های خاصی که قصد استفاده از آن را دارید، در تماس باشید.
آیا می توان برای برداشت از کارت هدیه به شعب سایر بانک ها مراجعه نمود؟,بله، اغلب اوقات می توان برای برداشت از کارت هدیه به شعب سایر بانک ها مراجعه کرد، اما این امکان در همه موارد وجود ندارد. به ویژه، بانک ها ممکن است محدودیت هایی در برداشت از کارت های هدیه داشته باشند، مانند محدودیت در تعداد دفعات برداشت یا محدودیت در میزان برداشت. به طور کلی، برای اطمینان از امکان برداشت از کارت هدیه در شعب سایر بانک ها، می توانید با بانک خود تماس بگیرید یا از طریق سایت بانک خود اطلاعات کسب کنید. Additionally, some gift cards may have specific instructions or restrictions for withdrawals, so it's always a good idea to check the terms and conditions of the gift card before attempting to withdraw funds.
آیا می توان از کارت تجارت به یکی از شماره حساب های تجارت یا سایر بانک ها انتقال داد؟,خوش آمدید! بله، در اغلب موارد، می توان از کارت تجارت به یک حساب تجارت یا سایر بانک ها انتقال داد. اما این انتقال در مورد همه بانک ها و کارتها صدق نمی کند و شرایط خاصی دارد. در بسیاری از بانک ها، برای انتقال کارتها باید درخواستی را ارائه دهید و ممکن است مدارک معتبر و هویتی را ارائه دهید. علاوه بر این، ممکن است برخی از بانک ها از انتقال کارتها خودداری کنند یا شرایط خاصی برای انتقال داشته باشند. به عنوان مثال، در بانک ملی ایران، برای انتقال کارتها باید درخواستی را ارائه دهید و مدارک هویتی و معتبر را ارائه دهید. در بانک سامان، برای انتقال کارتها باید درخواستی را ارائه دهید و همچنین یک نسخه از قرارداد کارتها را ارائه دهید. در بانک پاسارگاد، برای انتقال کارتها باید درخواستی را ارائه دهید و مدارک هویتی و معتبر را ارائه دهید، علاوه بر این، باید یک نسخه از قرارداد کارتها را ارائه دهید. به طور کلی، برای انتقال کارتها، باید با بانک خود تماس بگیرید و شرایط و ضوابط راสอบถาม کنید. ممکن است در مورد برخی از بانک ها یا کارتها، انتقال ممکن نباشد، بنابراین بهتر است
تجارت کارت گروهی چیست؟,تجارت کارت گروهی یا همان کارت اعتباری گروهی یک نوع از کارت های اعتباری است که به افراد یا گروهی اعتبار مالی داده شده است، به طوری که می توانند با استفاده از این کارت ها، خریدهای خود را در فروشگاه ها یا آنلاین انجام دهند. این نوع از کارت ها معمولاً توسط شرکت ها یا سازمان ها برای اعضای خود صادر می شوند، تا بتوانند از مزایای آن استفاده کنند، مانند افزایش اعتبار مالی یا بهبود اعتبار شرکت یا سازمان. در این نوع از کارت ها، اعتبار مالی به افراد یا گروهی داده شده است، که می توانند با استفاده از این اعتبار، خریدهای خود را انجام دهند.
تجارت کارت گروهی برای کدام گروه ها از حساب ها امکان پذیر است؟,تجارت کارت گروهی برای حساب های تجاری، حساب های شرکتی و حساب های از نوع تجارت، امکان پذیر است. این خدمات برای گروه های تجاری و شرکت های مختلف با نیازهای مالی متفاوت ارائه می شود. در نتیجه، تجارت کارت گروهی برای گروه های ذیل امکان پذیر است: 1. حساب های تجاری: این حساب ها برای کسب و کارهای مختلف، از جمله تجارت، تولید، خدمات و... استفاده می شوند. 2. حساب های شرکتی: این حساب ها برای شرکت های مختلف، از جمله شرکت های سهامی، شرکت های تضامنی و... استفاده می شوند. 3. حساب های از نوع تجارت: این حساب ها برای گروه های تجاری و شرکت هایی که فعالیت های تجارت و بازرگانی دارند، استفاده می شوند. لطفاً توجه داشته باشید که امکان استفاده از تجارت کارت گروهی برای سایر گروه های حساب ها، مانند حساب های شخصی، حساب های خیریه و... وجود ندارد.
شارژ کارت فرزند چگونه است؟,به پرسش شما پاسخ می‌دهم. شارژ کردن کارت فرزند، فرآیندی پیچیده و تخصصی است که توسط بانک یا مؤسسه مالی انجام می‌شود. برای شارژ کردن کارت فرزند، ابتدا باید به یک بانک یا مؤسسه مالی مراجعه کنید و درخواست شارژ کارت فرزند را ارائه دهید. در مرحله اول، باید مدارک مورد نیاز را ارائه دهید، مانند شناسنامه فرزند، مدارک هویت و اقامت، و سند حساب بانکی که از محل شارژ استفاده می‌شود. سپس، کارشناس بانک یا مؤسسه مالی، فرآیند شارژ را با بررسی مدارک و تأیید هویت و اقامت فرزند انجام می‌دهد. در مرحله بعد، مبلغی که برای شارژ کارت فرزند تعیین شده است، به حساب فرزند واریز می‌شود و در نهایت، کارت فرزند با مبلغ تعیین شده شارژ می‌شود. در صورتی که کارفرما یا پدر و مادر درخواست شارژ را ارائه دهند، ممکن است باید مدارک اضافی ارائه دهید، مانند سند ازدواج یا سند طلاق.
کارت فرزند از چه زمانی قابلیت استفاده دارد؟,کارت فرزند از زمان تولد فرزند قابلیت استفاده دارد. این کارت به خانواده‌هایی که درآمد آنها از حد فقرزدایی است، کمک می‌کند تا با استفاده از مزایای مختلف از جمله کمک هزینه برای خرید اجاره یا خانه، کمک هزینه برای تحصیل، کمک هزینه برای مراقبت از فرزند و غیره، زندگی خود را بهبود بخشند.
کارت فرزند دارای چه قابلیت هایی می باشد؟,کارت فرزند یا گذرنامه کودک، abilities و امکاناتی را ارائه می دهد که به والدین کمک می کند تا سفرهای خانوادگی را با اطفال خود انجام دهند. برخی از این abilities عبارتند از: 1. اجازه ورود به کشورها: کارت فرزند یک گذرنامه ویژه برای کودکان است که به آنها اجازه ورود به کشورها را می دهد، بدون اینکه نیاز به صدور گذرنامه مجزا داشته باشند. 2. کاهش زمان انتظار در فرودگاه: با ارائه کارت فرزند، والدین می توانند زمان انتظار در فرودگاه را کاهش دهند و به سرعت تراکنشی را انجام دهند. 3. امکان سفر با یک گذرنامه: کودکان می توانند با گذرنامه والدین خود سفر کنند، بدون اینکه نیاز به صدور گذرنامه مجزا داشته باشند. 4. صرفه جویی در هزینه: با استفاده از کارت فرزند، والدین می توانند صرفه جویی در هزینه را انجام دهند و از پرداخت هزینه اضافی برای صدور گذرنامه مجزا خودداری کنند. 5. افزایش امنیت: کارت فرزند یک روش امن برای شناسایی کودکان است و والدین می توانند با اطمینان خاطر سفرهای خانوادگی را انجام دهند. توجه: شرایط و امکانات ارائه شده توسط
کارت فرزند چطور می توانند از خدمات اینترنتی کارت استفاده کنند؟,ممنون از سوال شما! کارت فرزند می تواند از خدمات اینترنتی کارت استفاده کند، اما برای انجام این کار، باید چندین شرط را برآورده کند: 1. والدین باید با کارت در حساب کاربری خود ثبت نام کنند و در مرحله بعد، کارت فرزند را به عنوان یک کاربر اضافی در حساب خود ثبت نام کنند. 2. والدین باید به عنوان یک ادمین یا مدیر در حساب کاربری خود باشند تا بتوانند تنظیمات و دسترسی های کاربری را برای کارت فرزند انجام دهند. 3. کارت فرزند باید دارای یک آدرس ایمیل و یک رمز عبور باشد که والدین برای آن تعیین کنند تا بتوانند خدمات اینترنتی را با آن استفاده کنند. با برآورده کردن این شرط ها، کارت فرزند می تواند از خدمات اینترنتی کارت، مانند پرداخت قبض، خرید از فروشگاه های آنلاین و دسترسی به حساب کاربری خود استفاده کند. اما توجه داشته باشید که والدین باید برای استفاده از خدمات اینترنتی کارت فرزند، از طریق حساب کاربری خود کنترل و نظارت داشته باشند تا امنیت و حفظ اطلاعات کارفرده را تضمین کنند.
مدیریت کارت گروهی به کارت های فرزند چه خدماتی ارائه می کند؟,کارت گروهی یا کارت والدین، خدمات بسیاری را برای شما ارائه می کند، از جمله: 1. مدیریت مالی: می توانید درآمد و مخارج خود را با کارت های فرزند خود مدیریت کنید و بودجه را تنظیم کنید. 2. ذخیره درآمد: می توانید در این کارت ها ذخیره درآمد خود را برای آینده ذخیره کنید و از آن در زمان های سخت استفاده کنید. 3. خریدهای گروهی: می توانید خریدهای گروهی برای خود و فرزندان خود انجام دهید و از تخفیف های گروهی استفاده کنید. 4. ذخیره برای هزینه های آینده: می توانید برای هزینه های آینده فرزندان خود ذخیره کنید، مانند هزینه های دانشگاه یا هزینه های مراقبت های بهداشتی. 5. تراکنش های ساده: می توانید تراکنش های خود را از طریق اپلیکیشن یا سایت مدیریت کارت های گروهی انجام دهید و از این طریق تراکنش های خود را به راحتی مدیریت کنید. به طور خلاصه، مدیریت کارت های گروهی به شما امکان می دهد تا مدیریت مالی خود را برای فرزندان خود انجام دهید و از خدمات بسیاری استفاده کنید.
آیا کارت فرزند می تواند رمز پویا داشته باشد؟,خوش آمدید! بله، یک کارت فرزند می تواند رمز پویا داشته باشد. در واقع، بسیاری از کارت‌های فرزند، مانند کارت‌های هوشمند و کارت‌های اعتباری، دارای رمز پویا هستند که برای تأیید هویت و امنیت تراکنش‌ها استفاده می‌شوند. این رمز پویا اغلب با استفاده از فناوری‌های امنیتی مانند الگوریتم‌های رمزنگاری و رمزنگاری، ایجاد می‌شود تا از دسترسی غیرمجاز به اطلاعات شخصی جلوگیری کند.
انواع حساب های متصل به تجارت کارت نقدی کدامند؟,با سلام، حساب‌های متصل به کارت نقدی تجارت، شامل موارد زیر می‌شوند: 1. حساب های ذخیره ای: این حساب‌ها برای ذخیره وجوه و پرداخت‌های بعدی استفاده می‌شوند و از طریق کارت نقدی تجارت قابل دسترسی هستند. 2. حساب های اعتباری: این حساب‌ها برای خریدهای بعدی و پرداخت‌های اعتباری در مراکز خرید و فروشگاه‌ها استفاده می‌شوند و از طریق کارت نقدی تجارت قابل دسترسی هستند. 3. حساب های تسویه: این حساب‌ها برای تسویه حساب‌های خرید و فروش در مراکز خرید و فروشگاه‌ها استفاده می‌شوند و از طریق کارت نقدی تجارت قابل دسترسی هستند. 4. حساب های تراکنشی: این حساب‌ها برای تراکنش‌های بانکی و پرداخت‌های الکترونیکی در مراکز خرید و فروشگاه‌ها استفاده می‌شوند و از طریق کارت نقدی تجارت قابل دسترسی هستند. این حساب‌ها با کارت نقدی تجارت ارتباط دارند و امکان استفاده از وجوه ذخیره شده در حساب‌ها را فراهم می‌کنند.
مسدودی تجارت کارت از چه طرقی امکان پذیر است؟,مسدودی تجارت کارت یا «blocked credit card» می‌تواند از چندین دلیل ناشی شود. برای رفع این مشکل، باید دلیل اصلی آن را پیدا کنیم. برخی از دلایل رایج شامل: 1. معاملات بی‌قانونی: در صورت انجام معاملات بی‌قانونی یا غیرقانونی، بانک ممکن است برای محافظت از خود، تجارت کارت را مسدود کند. 2. فرسودگی کارت: اگر کارت شما فرسوده یا گم شده باشد، ممکن است بانک برای جلوگیری از استفاده غیرقانونی از آن، آن را مسدود کند. 3. پرداخت نکردن قبوض: اگر قبوض کارت را نپرداختید، ممکن است بانک برای جلوگیری از از دست دادن درآمد، آن را مسدود کند. 4. معاملات غیرقانونی در خارج از کشور: اگر معاملات غیرقانونی در خارج از کشور انجام دهید، ممکن است بانک آن را مسدود کند. برای رفع مسدودی تجارت کارت، باید با بانک خود تماس بگیرید و دلیل مسدودی را بپرسید. ممکن است برای رفع مشکل، باید برخی مدارک را ارائه دهید یا برای بازسازی کارت، به یک دفتر برای
سایر محصولات تجارت کارت کدامند؟,در شرکت تجارت کارت، علاوه بر کارت های اعتباری، محصولات دیگری نیز وجود دارد که عبارتند از: 1. کارت های هدیه: این کارت ها برای اهدای هدیه به دیگران استفاده می شوند و می توانند برای خریدهای خاصی مانند خریدهای اینترنتی یا خریدهای در فروشگاه ها استفاده شوند. 2. کارت های عضویت: این کارت ها برای عضویت در باشگاه های خرید یا برنامه های وفاداری استفاده می شوند و با خریدهای خاصی، امتیاز یا نقاط خرید برای خریدهای بعدی در نظر گرفته می شود. 3. کارت های شارژ: این کارت ها برای شارژ تلفن های همراه یا پلتفرم های دیجیتال استفاده می شوند و می توانند برای خریدهای اینترنتی یا خریدهای در فروشگاه ها استفاده شوند. 4. کارت های هدیه برای کسب و کار: این کارت ها برای شرکت ها یا کسب و کارها استفاده می شوند و می توانند برای خریدهای خاصی یا برای جایزه دادن به کارکنان استفاده شوند. 5. کارت های عضویت برای کسب و کار: این کارت ها برای شرکت ها یا کسب و کارها استفاده می شوند و می توانند برای خریدهای خاصی یا برای جایزه دادن به مشتریان استفاده شوند. این محصولات، علاوه
شماره سریال یا BIN کارت های تجارت در حال حاضر چه شماره ای است؟,متأسفم، شماره سریال یا BIN (Bank Identification Number) کارت های تجاری در حال حاضر می تواند متفاوت باشد، زیرا بانکی که کارت را صادر کرده است، آن را تعیین می کند. همچنین ممکن است شماره سریال برای کارت های تجاری خاصی مانند کارت های اعتباری یا کارت های هدیه متفاوت باشد. اگر اطلاعات دقیق تر در مورد کارت تجاری شما دارید، من می توانم به شما کمک کنم تا شماره سریال یا BIN آن را پیدا کنید.
برای دریافت کارت عابر بانک چگونه اقدام گردد؟,برای دریافت کارت عابر بانک، باید به یک بانک یا شعبه بانک مراجعه کنید و فرم درخواست را تکمیل کنید. معمولاً باید مدارک زیر را همراه داشته باشید: 1. شناسنامه یا کارت ملی 2. یک نسخه از فیش حقوقی یا فیش حساب بانکی 3. یک قطعه عکس 4*6 بعد از تکمیل فرم و ارائه مدارک، کارمندان بانک برای بررسی و تأیید مدارک شما اقدام می کنند. در صورت تأیید، کارت عابر بانک را به شما تحویل می دهند. ممکن است برای دریافت کارت عابر بانک، هزینه ای برای شما در نظر گرفته شود. به طور کلی، زمان دریافت کارت عابر بانک چند روز کاری است و ممکن است زمان دریافت آن متفاوت باشد، بسته به بانک یا شعبه بانک.
آیا برای دریافت کارت شرایط سنی خاصی لازم است؟,بله، برای دریافت کارت، شرایط سنی خاصی لازم است. به طور کلی، برای دریافت کارت، باید به سن 15 سال یا بالاتر رسید. اما شرایط سنی ممکن است در هر کشور یا منطقه متفاوت باشد، بنابراین برای اطلاع دقیق‌تر، بهتر است به منبع رسمی و قابل اعتماد مراجعه کنید.
برای صدور مجدد آیا می توان به همه شعب مراجعه نمود؟,با توجه به آیین نامه شماره ۵۸۲۷۶/ت ۱۰/م، در مورد صدور مجدد اسناد و مدارک، افراد می توانند به شعبه ای که سند یا مدرک را صادر کرده است مراجعه کنند و درخواست صدور مجدد را ارائه دهند. هرچند که این امکان وجود دارد، اما برخی از شعب ممکن است به دلایل خاصی، مانند عدم دسترسی به اطلاعات یا محدودیت های خاص، نتوانند سند یا مدرک را دوباره صادر کنند. در چنین مواردی، افراد باید به شعبه ای که در ابتدا سند یا مدرک را صادر کرده است مراجعه کنند و درخواست کمک و راهنمایی را ارائه دهند.
در چه صورتی اتباع خارجی می توانند تجارت کارت داشته باشند؟,متشکرم برای سوال شما. به طور کلی، اتباع خارجی که قصد انجام تجارت در کشور ایران را دارند، می توانند از یک نوع کارت تجاری استفاده کنند که به آن "کارت بازرگانی" یا "کارت تجارت" می گویند. این کارت توسط سازمان بازرگانی ایران صادر می شود و برای تجار و بازرگانان خارجی که قصد انجام تجارت در کشور ایران را دارند، صادر می شود. درخواست‌های لازم برای دریافت این کارت عبارتند از: 1. تقاضا از سوی فرد یا شرکت خارجی که قصد انجام تجارت در کشور ایران را دارد. 2. ارائه مدارک هویت و تأیید هویت توسط سفارت یا نمایندگی کشور محل سکونت فرد یا شرکت خارجی در ایران. 3. ارائه مدارک مربوط به شرکت یا فرد خارجی، مانند اساسنامه و اساسنامه شرکت، و شناسنامه یا گذرنامه فرد. 4. ارائه اطلاعاتی در مورد تجارت که قصد انجام آن را دارند، مانند نوع تجارت، مقدار واگذاری و سایر اطلاعات مربوطه. به طور کلی، کارت بازرگانی یا تجارت، به فرد یا شرکت خارجی اجازه می دهد تا در بازار ایران تجارت کند و
صدو ر کارت برای چه افرادی ممنوع است؟,در قانون ایران، صدور کارت برای افرادی ممنوع است که از یک تا پنج سال به جرم خودداری از خدمت سربازی یا فرار از خدمت سربازی محکوم شده‌اند. همچنین، افرادی که به جرم تقلب یا دروغ در مورد سن یا وضعیت خود در زمان ثبت نام برای خدمت سربازی محکوم شده‌اند، از دریافت کارت ممنوع هستند. علاوه بر این، افرادی که دارای پیشینه کیفری هستند و محکومیت آنان هنوز در جریان است، از دریافت کارت نیز ممنوع هستند.
رمز اول کارت بانکی را چگونه فعال نماییم؟,برای فعال کردن رمز اول کارت بانکی، باید به یکی از شعبات بانک مربوطه مراجعه کنید و فرم درخواست رمز را پر کنید. همچنین می‌توانید با تماس با بانک یا از طریق سایت بانک، درخواست رمز را ثبت کنید و در زمان تعیین شده به شعبه بانک مراجعه کنید تا رمز را دریافت کنید. علاوه بر این، هنگام فعال کردن رمز، باید یک سوگند و تعهد را امضا کنید تا امنیت رمز را تضمین کنید.
رمز دوم کارت بانکی را چگونه فعال نماییم؟,فعال‌سازی رمز دوم کارت بانکی به چند گام تقسیم می‌شود: 1. برای فعال‌سازی رمز دوم کارت، باید به یک شعب بانک خود مراجعه کنید و درخواست فعال‌سازی را ارائه دهید. داشتن شناسنامه و کارت ملی ضروری است. 2. در شعب بانک، کارمندان بانک با شما صحبت می‌کنند و اطلاعات شما را در سیستم ثبت می‌کنند و رمز دوم را برای شما فعال می‌کنند. 3. در برخی از بانک‌ها، می‌توانید رمز دوم را از طریق اپلیکیشن بانک یا سایت بانک خود فعال کنید، اما این ممکن است در همه بانک‌ها امکان‌پذیر باشد. در هر صورت، هنگام فعال‌سازی رمز دوم، باید اطلاعات شخصی خود را تأیید کنید تا امنیت بالاتر را فراهم کنید.
تاریخ انقضا تجارت کارت چند ساله است؟,تاریخ انقضا تجارت کارت در هر مورد متفاوت است. معمولاً تجارت کارت ها برای یک تا پنج سال اعتبار دارند. با این حال، می‌توانید تاریخ انقضا را در پشت کارت یا در حساب خود به طور آنلاین بررسی کنید.
تاریخ انقضا تجارت کارت برای اتباع خارجی چند ساله است؟,بر اساس قوانین کشور، تاریخ انقضا تجارت کارت برای اتباع خارجی معمولاً از 1 تا 2 سال است، اما این دوره به نوع و مدت زمان مجوز و نوع تجارت نیز بستگی دارد. برای مثال، کارت تجارت یک ساله برای تجار و کارفرمایان و کارت تجارت دو ساله برای تجار و کارفرمایان با سابقه طولانی است. همچنین، ممکن است در برخی موارد، دوره تجارت کارت برای اتباع خارجی کوتاه‌تر یا بلندتر باشد، بنابراین برای اطلاع دقیق‌تر، باید به مقامات مربوطه مراجعه کرد.
سقف مجاز برداشت افراد زیر7سال از طریق خودپرداز چه مبلغی می باشد؟,سقف مجاز برداشت افراد زیر 7 سال از طریق خودپرداز، 100 هزار تومان است.
سقف مجاز برداشت افراد زیر12سال از طریق خودپرداز چه مبلغی می باشد؟,به اساس قوانین بانکی ایران، سقف مجاز برداشت افراد زیر 12 سال از طریق خودپرداز، 500 هزار تومان است. این محدودیت برای جلوگیری از سوءاستفاده از کودکان و جلوگیری از دسترسی به وجوه بی‌قانونی، توسط بانک مرکزی جمهوری اسلامی ایران تعیین شده است.
سقف مجاز برداشت افراد18-12 سال از طریق خودپرداز چه مبلغی می باشد؟,با توجه به قوانین بانکی ایران، برای برداشت وجه از حساب افراد 18 تا 12 سال با خودپرداز، مبلغی که می‌توان برداشت کرد، 100 هزار تومان است. این مبلغ به عنوان مبلغ مجاز برای برداشت وجه از حساب افراد زیر 18 سال در نظر گرفته می‌شود. با این حال، در صورتی که پدر یا مادر یا سرپرست قانونی فرد زیر 18 سال برای برداشت وجه از حساب او نامه یا مدرکی ارائه دهد، مبلغ برداشت می‌تواند بیشتر از 100 هزار تومان باشد.
سقف مجاز برداشت افراد18سال به بالا از طریق خودپرداز چه مبلغی می باشد؟,مبلغی که برای برداشت افراد 18 سال به بالا از طریق خودپرداز، در سقف مجاز 500 هزار تومان یا 50 یورو می باشد. این محدودیت برای خودپردازهای ایرانی و برخی از خودپردازهای بین‌المللی اعمال می شود. لطفا توجه داشته باشید که این محدودیت ممکن است در برخی از خودپردازها یا در حال تغییر باشد.
سقف مجاز خرید روزانه/ ماهانه افراد زیر 12 سال از بانک تجارت و در مجموع بانکی کشور چقدر است؟,مطابق قوانین و مقررات بانکی، سقف مجاز خرید روزانه و ماهانه برای افراد زیر 12 سال از بانک تجارت و بسیاری از بانک‌های کشور، به شرح زیر است: - سقف مجاز خرید روزانه برای کودکان زیر 12 سال: 1000000 تومان (یک میلیون تومان) - سقف مجاز خرید ماهانه برای کودکان زیر 12 سال: 30000000 تومان (30 میلیون تومان) این سقف‌ها ممکن است در بانک‌های مختلف متفاوت باشد و همچنین ممکن است در برخی از بانک‌ها سقف خرید را با ارائه مدارک خاصی افزایش دهند. به عنوان مثال، برخی از بانک‌ها ممکن است سقف خرید را برای والدین یا سرپرست کودکان زیر 12 سال افزایش دهند، اگر آنها بتوانند مدارک لازم را ارائه کنند. به طور کلی، برای اطلاع از سقف خرید روزانه و ماهانه برای کودکان زیر 12 سال در یک بانک خاص، به بهتر است با آن بانک تماس بگیرید و از نماینده بانک در مورد سقف خرید و شرایط خاص آن بانک سوال کنید.
سقف مجاز خرید روزانه/ ماهانه افراد 12-18 سال از بانک تجارت و در مجموع بانکی کشور چقدر است؟,با سلام! بر اساس قوانین و مقررات بانک مرکزی جمهوری اسلامی ایران، سقف مجاز خرید روزانه برای افراد 12-18 سال از بانک تجارت و بسیاری از بانک‌های دیگر در کشور، 500 هزار تومان است. سقف مجاز ماهانه نیز برای این گروه سنی، 10 میلیون تومان تعیین شده است. این سقف‌ها در هر بانک ممکن است کمی متفاوت باشد، اما به طور کلی، این سقف‌ها برای این گروه سنی در کشور تعیین شده است.
سقف مجاز خرید روزانه/ ماهانه افراد بالای 18 سال از بانک تجارت و در مجموع بانکی کشور چقدر است؟,سقف مجاز خرید روزانه/ماهانه از طریق بانک تجارت و سایر بانکی کشور برای افراد بالای 18 سال، به ترتیبی که توسط بانک مرکزی جمهوری اسلامی ایران تعیین شده است، به شرح زیر است:* سقف مجاز خرید روزانه: 10 میلیون تومان* سقف مجاز خرید ماهانه: 50 میلیون تومان این محدودیت‌ها برای تمامی بانکی‌های کشور اعم از بانک تجارت، بانک ملی، بانک سپه، بانک سامان، بانک کشاورزی و سایر بانکی‌ها یکسان است. این محدودیت‌ها به منظور جلوگیری از افزایش قیمت ارز و جلوگیری از فعالیت‌های نامناسب در بازار ارز تعیین شده است.
سقف مجاز غیر خرید روزانه/ ماهانه افراد بالای 18 سال از بانک تجارت و در مجموع بانکی کشور چقدر است؟,با سلام! به عنوان یک دستیار کمک کننده، سعی می کنم پاسخی مفید و قابل اعتماد برای شما ارائه کنم. سقف مجاز غیر خرید روزانه/ماهانه افراد بالای 18 سال از بانک تجارت و در مجموع بانکی کشور، در حال حاضر متفاوت است و به دلایل مختلفی مانند نوع حساب، نوع سند و شرایط فردی بستگی دارد. اما طبق اطلاعات رسمی بانک تجارت، سقف مجاز خرید روزانه برای افراد بالای 18 سال از این بانک، 50 میلیون تومان است. سقف ماهانه نیز، در حدود 1.5 میلیارد تومان تعیین شده است. در مورد سقف مجاز خرید از سایر بانک‌های کشور، باید توجه داشت که هر بانک ممکن است سقف های مختلفی را برای خرید در نظر بگیرد. به عنوان مثال، سقف مجاز خرید در بانک ملی ایران، 100 میلیون تومان برای روزانه و 3 میلیارد تومان برای ماهانه است. توجه داشته باشید که این اطلاعات ممکن است در آینده تغییر کنند و برای اطمینان، به آخرین اطلاعات از بانک مورد نظر مراجعه کنید.
حداکثر مبلغ قابل انتقال از طریق کارت بانکی روزانه چند میلیون تومان است می باشد؟,مطمئناً! حداکثر مبلغ قابل انتقال از طریق کارت بانکی روزانه به طور کلی به میزان 50 تا 100 میلیون تومان است، البته این مبلغ ممکن است در بانک یا مؤسسه مالی مورد نظر شما متفاوت باشد. برای اطمینان از مبلغ حداکثر انتقال ممکن، بهتر است با بانک یا مؤسسه مالی خود تماس بگیرید یا از وب سایت آنها استفاده کنید تا اطلاعات دقیق‌تری کسب کنید.
در صورتی که در پنل فرانگر در قسمت وضعیت حساب در سیستم کارت خطای کارت خدمات الکترونیکی مسدود , مشاهده شد علت چیست؟,با سلام، در صورت مشاهده خطای خدمات الکترونیکی مسدود در پنل فرانگر، احتمالاً یکی از دلایل زیر است: 1. فراموشی رمز عبور: ممکن است رمز عبور شما برای پنل فرانگر فراموش شده باشد و به دلیل این فراموشی، سیستم از ارائه خدمات الکترونیکی جلوگیری می کند تا امنیت حساب شما را تضمین کند. 2. ناقض شرایط خدمات: ممکن است شما با شرایط ارائه خدمات الکترونیکی ناقصی روبرو هستید که ممکن است شامل عدم پرداخت مالیات یا سایر تعهدات باشد و به دلیل این ناقصی، خدمات الکترونیکی شما مسدود شده است. 3. اقدامات غیرمجاز: ممکن است از سوی شما یا دیگران اقدامات غیرمجاز در حساب شما انجام شده باشد که ممکن است شامل برداشتن وجه یا سایر اقدامات غیرمجاز باشد و به دلیل این اقدامات، خدمات الکترونیکی شما مسدود شده است. 4. مشکلات فنی: ممکن است مشکلات فنی در سیستم یا خطای فنی در پنل فرانگر باعث مسدود شدن خدمات الکترونیکی شما شده باشد که
در صورتی که در پنل فرانگر در قسمت وضعیت حساب در سیستم کارت خطای مسدود الکترونیکی , مشاهده شد علت چیست؟,سلام! در صورتی که در پنل فرانگر در قسمت وضعیت حساب در سیستم کارت خطای "مسدود الکترونیکی" مشاهده شد، احتمالاً به یکی از دلایل زیر مرتبط است: 1. عدم پرداخت اقساط: ممکن است اقساط شما در سیستم کارت نپرداخت شده باشد که منجر به مسدود شدن کارت می شود. 2. استفاده نادرست از کارت: ممکن است شما از کارت برای معاملات غیر مجاز یا غیر قانونی استفاده کرده باشید که منجر به مسدود شدن کارت می شود. 3. فرسودگی یا پوسیدگی کارت: ممکن است کارت شما فرسوده یا پوسیده شده باشد که باعث مسدود شدن کارت می شود. 4. گزارش سوء استفاده از کارت: ممکن است از طرف بانک یا موسسه مالی، گزارش سوء استفاده از کارت ارائه شده باشد که منجر به مسدود شدن کارت می شود. 5. عدم تأیید هویت: ممکن است اطلاعات هویتی شما در سیستم کارت نپذیرفته شده باشد که منجر به مسدود شدن کارت می شود. برای حل این مشکل، توصیه می کنم با بانک یا موسسه مالی خود تماس بگیرید و علت مسدود شدن کارت را درک کنید و
در صورتی که در پنل فرانگر در قسمت وضعیت حساب در سیستم کارت خطای کارت کاملا مسدود است یا غیر فعال و کاملا مسدود استمشاهده شد علت چیست؟,حالتی که در پنل فرانگر، در قسمت وضعیت حساب، کارت کاملا مسدود است یا غیر فعال است، می تواند به چندین دلیل باشد. برخی از این دلایل عبارتند از: 1. مسدود بودن کارت توسط بانک: ممکن است بانک شما، برای جلوگیری از سوء استفاده یا برای اجرای سیاست های امنیتی، کارت شما را مسدود کرده باشد. 2. تکرار تراکنش‌های نامعتبر: اگر تراکنش‌های نامعتبر و غیر قانونی در حساب شما انجام شود، سیستم ممکن است برای جلوگیری از سوء استفاده، کارت شما را مسدود کند. 3. استفاده از کارت در یک منطقه غیر مجاز: اگر کارت شما در یک منطقه غیر مجاز استفاده شود، ممکن است سیستم آن را مسدود کند تا از سوء استفاده جلوگیری کند. 4. فرسوده یا خراب بودن کارت: اگر کارت شما فرسوده یا خراب شود، ممکن است سیستم آن را مسدود کند تا از سوء استفاده جلوگیری کند و از شما خواسته شود تا یک کارت جدید تهیه کنید. 5. خطای فنی در سیستم: ممکن است خطایی در سیستم وجود داشته باشد که باعث مسدود شدن کارت شود و در این صورت، ممکن است نیاز به تماس
علت مشاهده خطای حساب در مرکز دارای مانده نمی باشد پس از وارد نمودن حساب یا کارت مشتری در فرانگر چیست؟,من به شما کمک می‌کنم! علت مشاهده خطای حساب در مرکز دارای مانده نمی باشد پس از وارد نمودن حساب یا کارت مشتری در فرانگر، احتمالاً به دلیل یکی از موارد زیر است: 1. حساب یا کارت مشتری به درستی وارد نشده است. تأیید هویت و حساب یا کارت خود را مجدداً بررسی کنید. 2. تاریخ انقضای حساب یا کارت مشتری به درستی تنظیم نشده است. تاریخ انقضای حساب یا کارت خود را بررسی کنید و در صورت نیاز، آن را مجدداً تنظیم کنید. 3. مبلغی که برای پرداخت به حساب یا کارت مشتری در نظر گرفته شده است، نامناسب یا نادرست است. مبلغ را مجدداً بررسی کنید و در صورت نیاز، آن را اصلاح کنید. 4. مرکز دارای مانده در وضعیت خاصی قرار دارد که مانع از کار کردن حساب یا کارت مشتری می‌شود. با مرکز تماس بگیرید و از وضعیت موجود مطلع شوید. در صورت نیاز، می‌توانید از خدمات پشتیبانی فرانگر یا مرکز دارای مانده کمک بگیرید تا به شما کمک کنند تا مشکل را حل کنید.
در صورتی که شماره حساب یا کارت مشتری را در پنل فرانگر وارد کردید و هیچ حسابی نمایش داده نشد علت آن چیست؟,فضلاً! در صورتی که شماره حساب یا کارت مشتری را در پنل فرانگر وارد کردید و هیچ حسابی نمایش داده نشد، ممکن است دلایل مختلفی وجود داشته باشد. برخی از این دلایل عبارتند از: 1. شماره حساب یا کارت اشتباه وارد شده باشد. در این صورت، با بررسی مجدد شماره حساب یا کارت، ممکن است حسابی یافت شود که با آن مرتبط است. 2. حساب یا کارت با نام مشتری در سیستم ثبت نشده باشد. در این صورت، برای ایجاد حساب یا کارت، باید درخواستی به بانک یا موسسه مالی ارائه شود و سپس در سیستم ثبت شود. 3. حساب یا کارت در سیستم غیرفعال باشد. در این صورت، با فعال کردن حساب یا کارت، می‌توان آن را در پنل فرانگر مشاهده کرد. 4. شماره حساب یا کارت با یک حساب یا کارت دیگر در سیستم مرتبط باشد. در این صورت، باید مشخص شود که شماره حساب یا کارت اصلی کدام است و با آن مرتبط باشد. 5. سیستم ممکن است دچار اشکال یا اختلال باشد. در این صورت، باید با پشتیبانی فرانگر تماس بگیرید تا مشکل حل شود. با بررسی دلایل مختلف، می‌توان به علت عدم نمایش حسابی در
در صورتی که در پنل فرانگر در قسمت وضعیت حساب وضعیت ؛؛ حساب یک ردیف مسدودی دارد , را نشان دهد , علت چیست؟,خوش آمدید! اگر در پنل فرانگر، وضعیت حساب شما در قسمت وضعیت حساب، یک ردیف مسدودی وجود دارد، ممکن است دلایل متعددی وجود داشته باشد. برخی از دلایل رایج عبارتند از: 1. تراکنش های معوق: ممکن است یک تراکنش در حال انجام باشد که هنوز کامل نشده است. در این صورت، ردیف حساب شما مسدود شده است تا از انجام تراکنش معوق جلوگیری کند. 2. ناقص بودن اطلاعات: ممکن است اطلاعات حساب شما ناقص یا نادرست باشد که باعث مسدود شدن ردیف حساب شده است. برای مثال، ممکن است آدرس ایمیل یا شماره تلفن شما ناقص یا نادرست باشد که باعث مسدود شدن ردیف حساب شده است. 3. تعلیق یا مسدود بودن حساب: ممکن است حساب شما تعلیق یا مسدود شده باشد به دلیل نقص یا نادرست بودن اطلاعات یا انجام تراکنش‌های غیرقانونی یا مشکوک. 4. فراخوانی وصول: ممکن است یک فراخوانی وصول برای حساب شما وجود داشته باشد که هنوز حل نشده است، که باعث مسدود شدن ردیف
در صورتی که در سامانه سکان قسمت وضعیت کارت عبارت (عبور گذرواژه بیش از حد مجاز است ) نمایش داده شود علت چیست؟,در صورتی که عبارت "عبور گذرواژه بیش از حد مجاز است" در سامانه سکان نمایش داده شود، علت آن این است که کاربر بیش از حد مجاز از گذرواژه های خود استفاده کرده است و سیستم به دلیل افزایش استفاده از گذرواژه های یک کاربر، به عنوان یک اقدام امنیتی، دسترسی آن کاربر را محدود یا قطع می کند تا از جلوگیری از فعالیت‌های غیر قانونی و جلوگیری از دسترسی به داده‌های حساس توسط یک کاربر، جلوگیری کند.
زمان بررسی کارت در سامانه سکان , علت مشاهده عدد 5 در تب رمز در تب اطلاعات رمز و در قسمت رمز پویای دوم چیست؟,با سلام، از شما متشکرم که از خدمات من درخواست داشته اید. زمان بررسی کارت در سامانه سکان، عدد 5 در تب رمز در تب اطلاعات رمز و در قسمت رمز پویای دوم به این دلیل مشاهده می شود که این عدد نشان دهنده نوع رمزگذاری کارت است. در سامانه سکان، این عدد نشان دهنده اینکه رمزگذاری کارت با الگوریتم 5 انجام شده است که یک نوع از الگوریتم های رمزگذاری است که در آن یک فاکتور 5 برای رمزگذاری استفاده می شود.
در صورتی که در زمان استفاده از کارت پیغام رمز جدید به مشتری نمایش داده شد علت چیست؟,یک سوال جالبی! در صورتی که در زمان استفاده از کارت پیغام رمز جدید به مشتری نمایش داده شد، علت احتمالاً یکی از موارد زیر است: 1. زمان انقضای رمز: ممکن است رمز کارت در زمان استفاده از آن به دلیل انقضای مدت زمان صلاحیت خود، تجدید شود. در این صورت، سیستم برای امنیت بیشتر رمز جدیدی به مشتری نمایش داده می شود تا بتواند از کارت خود استفاده کند. 2. تغییر رمز توسط بانک: ممکن است بانک یا موسسه مالی که کارت را صادر کرده، به دلایل مختلف، رمز کارت را تغییر دهد. در این صورت، سیستم برای اطمینان از امنیت، رمز جدیدی به مشتری نمایش داده می شود تا بتواند از کارت خود استفاده کند. 3. نقص در سیستم یا ارتباطات: ممکن است در زمان استفاده از کارت، نقص در سیستم یا ارتباطات رخ دهد که منجر به نمایش پیغام رمز جدید می شود. در این صورت، مشتری باید با بانک یا موسسه مالی خود تماس بگیرد تا مشکل را حل کند. اینها برخی از علل احتمالی هستند که پیغام رمز جدید در زمان استفاده از کارت به مشتری نمایش داده می شود. اما اگر شما به
در صورتی که در زمان بررسی کارت در سامانه سکان پیغام کارت مفقود شده است را نمایش دید به چه معناست؟,در زمان بررسی کارت در سامانه سکان پیغام "کارت مفقود شده است" را نمایش دید، به این معناست که کارت شما در سامانه سکان ثبت نشده است یا ممکن است کارت شما از سیستم سکان حذف شده باشد. بنابراین، برای ادامه فرآیند، باید با کارشناس مربوطه در تماس باشید تا مشکل را حل کنید.
در صورتی که در زمان بررسی کارت در سامانه سکان پیغام کارت مسدود شده است را نمایش دید به چه معناست؟,مطمئناً پرسش جالبی است! 
«در صورتی که در زمان بررسی کارت در سامانه سکان پیغام کارت مسدود شده است را نمایش دید» به معنای این است که در زمان بررسی کارت در سامانه سکان، پیامی ظاهر شد که کارت شما مسدود شده است. این پیغام ممکن است به دلیل وجود یک مشکل در کارت یا یک محدودیت در سامانه سکان باشد. برای حل این مشکل، ممکن است باید با بانک خود تماس بگیرید یا برای رفع مشکل، به یک دفتر شعبه مراجعه کنید.
کارت صادر شده ولی فعال نیست . چه اقدامی انجام شود؟,شما می‌توانید برای فعال کردن کارت، به بانک خود مراجعه کنید و درخواست فعال کردن کارت را ارائه دهید. همچنین می‌توانید برای واریز پول به کارت خود و فعال کردن آن، از طریق اینترنت بانک یا اپلیکیشن‌های بانک خود استفاده کنید. اگر مشکل همچنان باقی ماند، می‌توانید با پشتیبانی بانک خود تماس بگیرید تا راهنمایی و راهنمایی لازم را ارائه دهند.
همراه بانک چگونه ابزاری می باشد؟,همراه بانک یک نرم افزار یا یک ابزاری است که توسط بانک‌های ایرانی برای ارائه خدمات بانکی در اختیار مشتریان قرار می‌دهد. این نرم افزار به کاربران امکان می‌دهد حساب‌های بانکی خود را از طریق تلفن همراه یا تبلت مدیریت کنند و کلیه عملیات بانکی از جمله واریز، برداشت، نقل و انتقال و غیره را انجام دهند. همراب بانک معمولاً دارای ویژگی‌هایی مانند رمزنگاری برای حفظ امنیت اطلاعات، پشتیبانی از دسترسی به حساب‌های بانکی و ارائه گزارش‌های مالی و مالیاتی است. در نتیجه، همراب بانک ابزاری مفید برای مدیریت امور بانکی و ساده کردن فرآیند بانکی است.
برنامه همراه بانک را چگونه و از چه سایتی می توان دانلود نمود؟,خوش آمدید! برای دانلود برنامه همراه بانک، می توانید از وب سایت های زیر استفاده کنید: 1. وب سایت رسمی بانک مورد نظر: هر بانک یک وب سایت رسمی دارد که برنامه همراه بانک خود را ارائه می دهد. برای مثال، وب سایت رسمی بانک ملی ایران در این پیوند است: https://www.biti.ir/ 2. گوگل پلی: گوگل پلی یک پلتفرمی برای دانلود برنامه های موبایل است که برنامه های بسیاری از بانک ها را در خود دارد. برای مثال، برنامه همراه بانک ملی ایران را در گوگل پلی می توانید از این پیوند دانلود کنید: https://play.google.com/store/apps/details?id=ir.bitimobile 3. اپ استور: اپ استور یک پلتفرمی برای دانلود برنامه های موبایل است که برنامه های بسیاری از بانک ها را در خود دارد. برای مثال، برنامه همراه بانک سامان را در اپ استور می توانید از این پیوند دانلود کنید: https://itunes.apple.com/us/app/saman-mobile-bank/id1252346347?mt=8

قبل از دانلود، مطمئن شوید که دستگاه شما با سیستم عامل مورد نیاز برای اجرای برنامه همراه بانک سازگار باشد. همچنین، قبل از دانلود، اطمینان حاصل کنید که دستگاه شما
آیا همه افراد می توانند از خدمات همراه بانک استفاده کنند؟,خیر، همه افراد نمی توانند از خدمات همراه بانک استفاده کنند. خدمات همراه بانک معمولاً برای مشتریان بانکی که حساب نزد بانک دارند، ارائه می شود. برخی از بانک‌ها ممکن است محدودیت‌هایی برای استفاده از خدمات همراه بانک داشته باشند، مانند محدودیت سن یا برخی شرایط خاص. به طور کلی، استفاده از خدمات همراه بانک برای همه افراد ممکن نیست، مگر اینکه فرد حساب نزد بانک داشته باشد.
چگونه میتوان همراه بانک را به صورت غیر حضوری و بدون مراجعه به شعبه فعال نمایم؟,بسیار ساده است! برای فعال کردن حساب همراه بانک بدون مراجعه به شعبه، می‌توانید از طریق تلفن یا سایت بانک خود عمل کنید. روش‌های مختلفی وجود دارد، اما در اینجا چندین گزینه را برای شما توضیح می‌دهم: 1. تلفن بانک: به تلفن بانک خود در ساعت کاری تماس بگیرید و درخواست فعال کردن حساب همراه بانک را مطرح کنید. معمولاً باید مدارک شناسایی و شماره کارت را ارائه دهید. 2. سایت بانک: به سایت بانک خود بروید و به صفحه ثبت نام یا تغییر حساب مراجعه کنید. فرم ثبت نام یا تغییر حساب را تکمیل کنید و مدارک شناسایی و شماره کارت را آپلود کنید. معمولاً باید یک کد امنیتی را وارد کنید تا حساب شما تایید شود. 3. نرم‌افزار بانک: اگر نرم‌افزار بانک خود را روی دستگاه خود نصب کرده‌اید، می‌توانید از طریق آن حساب خود را فعال کنید. معمولاً باید یک کد امنیتی را وارد کنید تا حساب شما تایید شود. 4. پیامک: در برخی از بانک‌ها، می‌توانید از طریق پیامک، حساب خود را فعال کنید. برای این کار، باید یک کد امنیتی را وارد کنید که توسط بانک برای شما ارسال شده
آیا امکان نحوه ثبت نام حضوری برای همراه بانک وجود دارد؟,بله، امکان ثبت نام حضوری برای همراه بانک وجود دارد. شما می‌توانید برای ثبت نام حضوری به نزدیک‌ترین شعبه همراه بانک مراجعه کنید و با ارائه مدارک مورد نیاز، ثبت نام خود را انجام دهید.

مدارک مورد نیاز برای ثبت نام حضوری عبارتند از:* شناسنامه یا کارت ملی* یک عکس رنگی 4*6* یک نسخه از فرم ثبت نام که در شعبه همراه بانک قابل دسترسی است* در صورت داشتن، یک سند معتبر برای اثبات هویت و اقامت

شعبه همراه بانک معمولاً در ساعات کاری از 9 صبح تا 2 بعد از ظهر باز است و شما می‌توانید برای انجام ثبت نام حضوری در طول این ساعات مراجعه کنید. قبل از مراجعه، توصیه می‌شود که به سایت همراه بانک مراجعه کنید و اطلاعات مورد نیاز را بررسی کنید تا از هر گونه سوالی که ممکن است داشته باشید، جلوگیری کنید.
درصورت مشاهده خطا , هنگام ثبت نام یا فراموشی رمز از سامانه غیر حضوری چه اقدامی باید انجام داد؟,با سلام! اگر در هنگام ثبت نام یا فراموشی رمز از سامانه غیر حضوری به یک خطا برخوردید، برای حل مشکل باید به زیر توصیه‌ها عمل کنید: 1. با مرورگر وب خود شما، صفحه ثبت نام یا فراموشی رمز را مجدداً باز کنید و اطمینان حاصل کنید که اطلاعات وارد شده صحیح است. 2. اگر هنوز هم با خطا مواجه هستید، می‌توانید از طریق تلفن یا ایمیل با پشتیبانی سامانه تماس بگیرید تا مشکل را حل کنند. 3. در صورت لزوم، می‌توانید صفحه را مجدداً بارگزاری کنید و یا مرورگر وب خود را بروز کنید تا از آخرین نسخه پشتیبانی شود. 4. اگر هنوز هم با مشکل مواجه هستید، ممکن است یک مشکل فنی باشد که توسط پشتیبانی سامانه باید حل شود.

این توصیه‌ها به شما کمک می‌کند تا در صورت مشاهده خطا، با مشکل مواجه نشوید.
نحوه ورود به همراه بانک چگونه است؟,ورود به همراه بانک به سادگی انجام می‌شود. برای ورود به همراه بانک، ابتدا باید از طریق تلفن همراه خود به سایت همراه بانک مراجعه کنید. در مرحله بعدی، نام کاربری و رمز عبور خود را وارد کنید و سپس روی دکمه "ورود" کلیک کنید. در صورت داشتن حساب در بانک، می توانید به صفحه حساب خود دسترسی پیدا کنید و عملیات های مختلف مانند بستان و واریز وجه را انجام دهید. در صورت نیاز، می توانید برای بازیابی رمز عبور یا نام کاربری، روی دکمه "فراموشی رمز عبور" یا "فراموشی نام کاربری" کلیک کنید.
نحوه فعال سازی اثر انگشت در همراه بانک به چه صورت است؟,فعال سازی اثر انگشت در همراه بانک یک فرآیند ساده است. برای فعال کردن آن، مراحل زیر را دنبال کنید: 1. ابتدا، برنامه همراه بانک را در دستگاه خود نصب کنید و به صفحه اصلی آن بروید. 2. روی گزینه "Settings" یا "تنظیمات" کلیک کنید و سپس روی "Biometric" یا "بیومتریک" بروید. 3. روی گزینه "Fingerprint" یا "انگشت اثر" کلیک کنید و اجازه دهید دستگاه شما برای شناسایی انگشت شما به عنوان یک روش شناسایی امن، تنظیمات را انجام دهد. 4. زمانی که دستگاه شما انگشت شما را شناسایی کرد، روی گزینه "Save" یا "ذخیره" کلیک کنید تا اثر انگشت شما ذخیره شود. 5. از آن زمان، شما می‌توانید با استفاده از اثر انگشت خود برای ورود به برنامه همراه بانک، به جای وارد کردن رمز عبور، اقدام کنید.

در صورت مواجهه با هرگونه مشکل یا خطا در طول فرآیند فعال سازی، توصیه می‌کنم که به صفحه پشتیبانی همراه بانک مراجعه کنید و از خدمات پشتیبانی آن استفاده کنید.
گوشی IOS دارم و می خواهم وارد همراه بانک شوم ولی مقدور نمی باشد؟,شما ممکن است با مشکل مواجه شده باشید زیرا در ایران، برخی از بانک‌ها از طریق اپلیکیشن خود یا سایتشان، برای ورود به حساب یا انجام تراکنش‌های مالی، نیاز به شناسایی و تأیید هویت کاربر دارند که در این صورت، ممکن است با مشکل مواجه شده باشید.

این مشکل را می‌توانید با تماس با بانک خود یا مراجعه به شعبه بانک نزدیکتر، برطرف کنید. ممکن است به شما پیشنهاد دهند که برای ورود به حساب یا انجام تراکنش‌های مالی، به شعبه بانک مراجعه کنید یا از طریق تلفن یا پیامک با آنها تماس بگیرید.

همچنین، در صورتی که از یک دستگاه با سیستم عامل iOS استفاده می‌کنید، ممکن است نیاز به به روز رسانی نرم افزار یا بروزرسانی دستگاه خود داشته باشید. در هر صورت، سعی کنید با تماس با بانک خود یا مراجعه به شعبه بانک نزدیکتر، مشکل خود را برطرف کنید.
تلفن همراه خود را تعویض کردم، برای راه اندازی مجدد همراه بانک چکار کنم؟,خوش آمدید! با تعویض تلفن همراه خود، برای راه اندازی مجدد همراه بانک، چندین گام را باید انجام دهید: 1. ابتدا، به سایت رسمی همراه بانک رفته و با وارد کردن نام کاربری و رمز عبور خود، وارد حساب خود شوید. 2. سپس، به بخش تنظیمات و یا مدیریت حساب رفته و روی گزینه "تلفن همراه" کلیک کنید. 3. در صفحه بعدی، گزینه "تعویض تلفن همراه" را انتخاب کنید و شماره جدید تلفن همراه خود را وارد کنید. 4. در صورت نیاز، کد امنیتی را که به شما ارسال می شود، وارد کنید تا تأیید هویت خود را انجام دهید. 5. در پایان، با موفقیت تعویض تلفن همراه خود، حساب شما برای استفاده مجدد از همراه بانک فعال خواهد شد.

نتیجه: با انجام این گام‌ها، تلفن همراه خود را با همراه بانک مجدداً راه اندازی خواهید کرد و می‌توانید با اطمینان از خدمات همراه بانک استفاده کنید.
 وارد همراه بانک می شوم اما از برنامه خارج می شود؟,دخیل! اگر شما وارد همراه بانک می شوید اما از برنامه خارج می شود، ممکن است از چند مورد از زیر به دلیل باشد: 1. اینترنت ضعیف یا قطع: اگر اینترنت شما ضعیف یا قطع است، ممکن است برنامه همراه بانک نتواند ارتباط برقرار کند و از برنامه خارج شود. 2. نسخه برنامه قدیمی: ممکن است نسخه برنامه همراه بانک شما قدیمی باشد و با آخرین نسخه سازگار نباشد، که باعث خارج شدن از برنامه می شود. 3. مشکل در دستگاه: ممکن است دستگاه شما دارای مشکل باشد که باعث خارج شدن از برنامه می شود، به عنوان مثال، مشکل در ذخیره داده ها یا مشکل در اجرای برنامه. 4. محدودیت های شبکه: ممکن است محدودیت های شبکه، مانند محدودیت های ترافیک یا محدودیت های زمانی، باعث خارج شدن از برنامه شود.

برای حل این مشکل، می توانید از چند مورد از زیر استفاده کنید: 1. اینترنت خود را بررسی کنید و اطمینان حاصل کنید که اینترنت شما ضعیف یا قطع نیست. 2. برنامه خود را به آخرین نسخه بروز کنید، تا از مشکلات سازگاری جلوگیری کنید. 3. دستگاه خود را پاک کنید و دوباره نصب کنید، تا از مشکلات دستگاه جلو
علت پیغام خطای [در دسترسی سامانه همراه بانک] در صفحه ورودی همراه بانک چیست؟,در اکثر موارد، پیام خطای "[در دسترسی سامانه همراه بانک]" در صفحه ورودی همراه بانک به دلیل یکی از موارد زیر است: 1. نام کاربری یا رمز عبور اشتباه است. اطمینان حاصل کنید که نام کاربری و رمز عبور را درست وارد کرده اید. 2. مدت زمان انقضای نام کاربری یا رمز عبور گذشته است. در این صورت، باید دوباره نام کاربری یا رمز عبور را تنظیم کنید. 3. سطلز های بانکی یا اعتبار بانکی شما بسته شده است. در این صورت، باید با بانک خود تماس بگیرید و مشکل را حل کنید. 4. سیستم بانک در حالنگهداری یا داون‌تایم است. در این صورت، باید چندین دقیقه صبر کنید و دوباره تلاش کنید. 5. احتمال دارد که یک حمله سایبری یا حمله به سیستم بانک باشد. در این صورت، باید با بانک خود تماس بگیرید و مشکل را حل کنید.

به احتمال زیاد، یکی از این موارد باعث ایجاد پیام خطای شده است. برای حل مشکل، می توانید با بانک خود تماس بگیرید یا به صفحه پشتیبانی بانک مراجعه کنید.
با وجود روشن بودن و پی ان ( فیلتر شکن )خطای عدم ورود همراه بانک را مشاهده می نمایم؟,با عرض سلام! با توجه به اینکه شما از فیلتر شکن پی ان استفاده می کنید، احتمالاً این خطای عدم ورود همراه بانک به دلیل مسدود بودن پورت های مورد استفاده توسط بانک یا مسائل امنیتی است.

برای حل این مشکل، توصیه می کنم که از فیلتر شکن پی ان به جای فیلتر شکن پی ان استفاده کنید، زیرا پی ان فیلتر شکن های قدیمی ممکن است باعث مسدود شدن پورت های مورد استفاده توسط بانک شوند.

علاوه بر این، می توانید از پلتفرم های مجازی یا VPN های دیگر برای دسترسی به بانک استفاده کنید. همچنین می توانید با پشتیبانی بانک خود تماس بگیرید و در مورد این مشکل سوال کنید، زیرا ممکن است بانک شما روش های خاصی برای دسترسی به حساب های اینترنتی داشته باشد.
دریافت رمز برای ورود به همراه بانک چگونه است؟,برای دریافت رمز برای ورود به همراه بانک، باید به یکی از روش‌های زیر دسترسی داشته باشید: 1. با همراه بانک: با نصب و راه اندازی همراه بانک روی دستگاه خود، می‌توانید رمز خود را دریافت کنید. برای این کار، باید به همراه بانک مراجعه کنید و با استفاده از شماره ملی و کد ملی، رمز خود را دریافت کنید. 2. از طریق وب سایت همراه بانک: می‌توانید از طریق وب سایت همراه بانک، رمز خود را دریافت کنید. برای این کار، باید به وب سایت همراه بانک مراجعه کنید و با استفاده از شماره ملی و کد ملی، رمز خود را دریافت کنید. 3. از طریق تلفن: می‌توانید از طریق تلفن، رمز خود را دریافت کنید. برای این کار، باید به تلفن همراه بانک مراجعه کنید و با استفاده از شماره ملی و کد ملی، رمز خود را دریافت کنید.

در هر صورت، برای دریافت رمز، باید ابتدا هویت خود را تأیید کنید و سپس رمز خود را دریافت کنید.
از چه طریقی می توان رمز ورود همراه بانک را تغییر داد؟,فوق‌ازهمه، تغییر رمز ورود همراه بانک می‌تواند از طریق چندین روش انجام شود: 1. از طریق اپلیکیشن همراه بانک: می‌توانید از طریق اپلیکیشن همراه بانک خود، به صفحه تنظیمات و سپس به صفحه تغییر رمز مراجعه کنید و رمز جدید خود را وارد کنید.
 2. از طریق سایت همراه بانک: می‌توانید از طریق سایت همراه بانک خود، به صفحه تنظیمات و سپس به صفحه تغییر رمز مراجعه کنید و رمز جدید خود را وارد کنید.
 3. از طریق تلفن همراه: می‌توانید با ارسال پیامک یا تماس تلفنی به بانک، درخواست تغییر رمز خود را ارائه دهید. بانک سپس رمز جدید خود را برای شما ارسال یا اعلام می‌کند.
 4. در صورت داشتن کد امنیتی، می‌توانید از طریق تلفن همراه و با استفاده از کد امنیتی، رمز خود را تغییر دهید.

پیش از تغییر رمز، مطمئن شوید که از طریق یک کانال امن و مطمئن برای تغییر رمز استفاده کنید و اطلاعات شخصی خود را حفظ کنید.
در صورتیکه مشتری رمز همراه بانک خود را فراموش کند , راه حل چیست؟,اگر مشتری رمز همراه بانک خود را فراموش کرد، راه حل‌های مختلفی وجود دارد. برخی از راه حل‌های معمول عبارتند از: 1. از طریق بانک خود تماس بگیرید: مشتری می‌تواند با بانک خود تماس بگیرد و از آنها درخواست کمک کند. کارمندان بانک می‌توانند به مشتری کمک کنند تا رمز را بازیابی کند یا اگر رمز باطل باشد، یک رمز جدید ایجاد کند.
 2. از طریق تلفن همراه خود تماس بگیرید: بسیاری از بانک‌ها از طریق تلفن همراه خود خدمات ارائه می‌دهند که می‌توانند به مشتری کمک کنند. مشتری می‌تواند با شماره تلفن همراه خود تماس بگیرد و با یک کارشناس صحبت کند تا رمز را بازیابی کند یا اگر رمز باطل باشد، یک رمز جدید ایجاد کند.
 3. از طریق سایت بانک خود استفاده کنید: بسیاری از بانک‌ها سایت‌هایی دارند که می‌توانند به مشتری کمک کنند تا رمز را بازیابی کند یا اگر رمز باطل باشد، یک رمز جدید ایجاد کند. مشتری می‌تواند از طریق سایت بانک خود، رمز را بازیابی کند یا یک رمز جدید ایجاد کند.
 4. از طریق پیام رسان یا پیام کوتاه بانک خود استفاده کنید: بسیاری از بانک‌ها از طریق پیام رسان یا پیام
در چه صورتی اتباع می توانند از همراه بانک استفاده نمایند؟,خوش آمدید! در بسیاری از بانک‌های ایران، اتباع می توانند از خدمات همراه بانک استفاده کنند. برای استفاده از این خدمات، اتباع باید با ارائه مدارک هویت و اقامت، در بانک مورد نظر ثبت نام کنند. خدمات همراه بانک معمولاً شامل امور مالی مانند:* درج حساب های بانکی* برداشت و واریز پول* بررسی مانده حساب ها* پرداخت بلیط های وام و تسهیلات* و بسیاری از خدمات دیگر است.

شایان ذکر است که برخی بانک‌ها ممکن است برخی از خدمات خود را به اتباع ارائه دهند، در حالی که برخی دیگر ممکن است محدودیت‌هایی برای اتباع اعمال کنند. بنابراین، برای استفاده از خدمات همراه بانک، اتباع باید با بانک مورد نظر تماس بگیرند و از امکانات و محدودیت‌های آن اطلاع حاصل کنند.
آیا اتباع می توانند جهت دریافت رمز به صورت غیر حضوری اقدام کنند؟,بله، در بسیاری از کشورهای جهان، اتباع می‌توانند برای دریافت رمز و سایر امور مرتبط با سفر به صورت غیرحضوری اقدام کنند. بسیاری از سفارتخانه‌ها و وزارتخانه‌های امور خارجه، خدمات آنلاین ارائه می‌دهند که امکان دریافت رمز و سایر امور مرتبط با سفر را فراهم می‌سازند. به عنوان مثال، می‌توانید برای دریافت رمز، به سایت سفارتخانه خود یا وزارتخانه امور خارجه مربوطه مراجعه کنید یا از طریق تلفن یا ایمیل با آن‌ها در تماس باشید. در برخی موارد، ممکن است به ارائه مدارک و اسناد بیشتر برای تأیید هویت و مقصد نیاز داشته باشید. بنابراین، توصیه می‌شود که قبل از سفر، به بررسی و تحقیق در مورد مراحل و فرآیند دریافت رمز و سایر امور مرتبط با سفر در کشور مقصد اقدام کنید.
در صورتی که اتباع رمز همراه بانک خود را فراموش کرده باشند , راه حل چیست؟,مطمئناً این مسئله برای بسیاری از افراد اتفاق می افتد که رمز همراه بانک خود را فراموش می کنند. راه حل برای این مشکل عبارتند از: 1. به وب سایت بانک خود بروید و از طریق صفحه ورود، گزینه فراموش رمز را انتخاب کنید. معمولاً در این مرحله، شما باید نام کاربری و شماره کارت خود را وارد کنید تا به صفحه بازیابی رمز دسترسی داشته باشید. 2. در صفحه بازیابی رمز، باید یک سوال امنیتی را پاسخ دهید که در هنگام ایجاد رمز همراه بانک، خودتان تعیین کرده بودید. این سوال امنیتی برای اطمینان از اینکه کسی که رمز را فراموش کرده، در واقع صاحب حساب است، استفاده می شود. 3. پس از پاسخ دادن به سوال امنیتی، یک رمز جدید برای شما ایجاد می شود که باید برای ورود به حساب خود استفاده کنید. 4. اگر شما از طریق پیام کوتاه یا ایمیل رمز جدید خود را دریافت می کنید، باید آن را ذخیره کنید تا در آینده از آن استفاده کنید. 5. برای جلوگیری از فراموش کردن رمز در آینده، توصیه می شود که رمز خود را در یک مکان امن و قابل دسترس ذخیره کنید، مانند یک فایل کلمه یا یک
علت دریافت پیغام خطای [ نام کاربری و یا رمز ورود شما به مدت یک ساعت مسدود شده است ] در همراه بانک چیست؟,مسئله خوبی است که در مورد آن پرسیده شده است!

پیغام خطای "نام کاربری یا رمز ورود شما به مدت یک ساعت مسدود شده است" در همراه بانک معمولاً به دلیل یکی از موارد زیر است: 1. تلاش برای ورود به سیستم با نام کاربری یا رمز عبور اشتباه: ممکن است شما نام کاربری یا رمز عبور خود را اشتباه وارد کرده باشید. در نتیجه، سیستم برای جلوگیری از دسترسی غیرمجاز، نام کاربری یا رمز عبور شما را برای یک ساعت مسدود می‌کند تا شما بتوانید دوباره تلاش کنید و نام کاربری یا رمز عبور خود را تصحیح کنید. 2. فعالیت‌های مشکوک در حساب شما: اگر فعالیت‌های مشکوک یا غیرمعمول در حساب شما رخ داده باشد، همراه بانک ممکن است نام کاربری یا رمز عبور شما را برای یک ساعت مسدود کند تا امنیت حساب شما را تضمین کند. 3. عدم فعال بودن رمز عبور یا نام کاربری: ممکن است رمز عبور یا نام کاربری شما به دلایل مختلف، مانند تغییر رمز عبور یا نام کاربری، غیرفعال شده باشد که باعث می‌شود سیستم نام کاربری یا رمز عبور شما را برای یک ساعت مس
همراه بانک چه امکاناتی دارد؟,همراه بانک، یک سیستم بانکداری دیجیتال است که توسط بانک مرکزی جمهوری اسلامی ایران ارائه می شود. همکار بانک از امکاناتی مانند: 1. نقل و معامله پول: با استفاده از همکار بانک، می توانید پول خود را به صورت آنلاین به حساب های دیگر و یا به صورت فیزیکی از ATM های بانک مرکزی استخراج کنید. 2. پرداخت های آنلاین: می توانید با استفاده از همکار بانک، پرداخت های آنلاین خود را انجام دهید، مانند پرداخت بلیط هواپیما، خرید های آنلاین و غیره. 3. بررسی حساب: با استفاده از همکار بانک، می توانید حساب های خود را بررسی کنید و از آخرین وضعیت حساب های خود مطلع شوید. 4. دریافت اسناد مالی: می توانید با استفاده از همکار بانک، اسناد مالی خود را دریافت کنید، مانند فاکتور های خرید و فروش و غیره. 5. ارسال اسناد مالی: می توانید با استفاده از همکار بانک، اسناد مالی خود را ارسال کنید، مانند فاکتور های خرید و فروش و غیره. 6. دریافت اعتبارات: می توانید با استفاده از همکار بانک، اعتبارات خود را دریافت کنید، مانند اعتبارات خرید و فروش و غیره.

این امکانات
منوهای اصلی همراه بانک کدامند؟,دوستان عزیز! اصلی‌ترین همراهان بانک عبارتند از: 1. چک: یک سند مالی که توسط بانک صادر می‌شود و به عنوان یک وسیله پرداخت استفاده می‌شود. 2. گواهی سپرده: گواهی‌ای که توسط بانک صادر می‌شود و نشان می‌دهد که پول شما در حساب بانکی شما نگهداری شده است. 3. سفته: یک سند مالی که توسط بانک صادر می‌شود و به عنوان یک وسیله تضمین استفاده می‌شود.

این سه مورد اصلی‌ترین همراهان بانک هستند و در طول زمان، ممکن است بانک‌ها همراهان جدیدی را به مجموعه خود اضافه کنند.
منوی اصلی کارت ها درهمراه بانک شامل چه خدماتی می باشد؟,ممنون از پرسش شما! در منوی اصلی کارت های درهمراه بانک، خدمات متعددی وجود دارد که به شرح زیر است: 1. نقل و انتقال وجه: امکان انتقال وجه از یک کارت به دیگری یا از یک کارت به حساب بانکی وجود دارد. 2. کش و چک: امکان پرداخت چک و کش وجود دارد، که می تواند برای خریدهای آنلاین یا آفلاین استفاده شود. 3. پرداخت اقساط: امکان پرداخت اقساط و قبوض وجود دارد، که می تواند برای پرداخت های ماهیانه یا سالانه استفاده شود. 4. خریدهای آنلاین: امکان پرداخت خریدهای آنلاین از طریق کارت درهمراه وجود دارد، که می تواند برای خریدهای از طریق وب سایت ها یا اپلیکیشن ها استفاده شود. 5. واریز وجه: امکان واریز وجه از یک کارت به دیگری یا به حساب بانکی وجود دارد. 6. خزانه: امکان ذخیره و مدیریت وجوه در حساب کاربری وجود دارد، که می تواند برای مدیریت مالی و بودجه استفاده شود. 7. تراکنش های بین المللی: امکان تراکنش های بین المللی از طریق کارت درهمراه وجود دارد، که می تواند برای خریدهای یا واریز
منوی اصلی خدمات درهمراه بانک شامل چه خدماتی می باشد؟,به عنوان یک دستیار مفید، منوی اصلی خدمات درهمراه بانک شامل موارد زیر است: 1. واریز پول: واریز پول از طریق هماهنگ بانک از طریق تلفن، پیامک یا وب سایت انجام می شود. 2. تراکنش: تراکنش برای خرید، فروش یا انتقال پول انجام می شود، مانند واریز پول به حساب دیگران یا دریافت پول از دیگران. 3. موجودی حساب: بررسی موجودی حساب و دریافت اطلاعات حساب از طریق هماهنگ بانک انجام می شود. 4. شارژ کارت اعتباری: شارژ کارت اعتباری از طریق هماهنگ بانک انجام می شود، مانند شارژ کارت اعتباری از طریق تلفن یا پیامک. 5. پرداخت اقساط: پرداخت اقساط از طریق هماهنگ بانک انجام می شود، مانند پرداخت اقساط کالا یا خدمات از طریق تلفن یا پیامک. 6. ذخیره و خروج پول: ذخیره پول در حساب و خروج پول از حساب از طریق هماهنگ بانک انجام می شود، مانند ذخیره پول در حساب و خروج پول از حساب از طریق تلفن یا پیامک. 7. مشاهده تراکنش‌ها: مشاهده تراکنش‌های انجام شده
منوی اصلی حسابها درهمراه بانک شامل چه خدماتی می باشد؟,منوی اصلی حسابها درهمراه بانک شامل خدماتی همچون: 1. مدیریت حساب: امکان ایجاد، ویرایش، و حذف حسابهای شخصی و تجاری وجود دارد. 2. تراکنش: امکان انجام تراکنش‌های مختلف مانند واریز، برداشت، و انتقال پول وجود دارد. 3. مانده حساب: امکان مشاهده مانده حساب و موجودی نقدی وجود دارد. 4. گزارشات مالی: امکان دریافت گزارشات مالی و حسابرسی برای حسابها وجود دارد. 5. مدیریت رمز: امکان ایجاد، ویرایش، و حذف رمز برای حسابها وجود دارد. 6. پیگیری تراکنش: امکان پیگیری و نظارت بر تراکنش‌های انجام شده وجود دارد. 7. ایجاد سند: امکان ایجاد سند برای تراکنش‌های انجام شده وجود دارد.

این خدمات در یک منوی اصلی حسابها درهمراه بانک ارائه می شود تا مشتریان بتوانند به راحتی و از طریق یک منبع واحد، عملیات مالی خود را انجام دهند.
چگونه می توان شماره کارت عابر بانک تجارت را در همراه بانک اضافه کرد؟,با سلام! برای اضافه کردن شماره کارت عابر بانک تجارت در همراه بانک، می توانید به این صورت عمل کنید: 1. ابتدا به همراه بانک خود رفته و وارد حساب کاربری خود شوید. 2. روی بخش "مدیریت کارت" کلیک کنید و سپس روی "افزودن کارت" کلیک کنید. 3. شماره کارت خود را وارد کنید و روی "تایید" کلیک کنید. 4. در صورت نیاز، رمزعبور کارت را وارد کنید و روی "تایید" کلیک کنید. 5. اگر شماره کارت شما در لیست موجودات باشد، روی "افزودن" کلیک کنید تا شماره کارت شما در همراه بانک اضافه شود.

اگر در موردی مشکل داشتید، می توانید با کارمندان بانک تجارت تماس بگیرید تا به شما کمک کنند.
چگونه می توان شماره حساب بانک تجارت را در همراه بانک اضافه کرد؟,برای اضافه کردن شماره حساب بانک تجارت به همراه بانک، باید مراحل زیر را انجام دهید: 1. ابتدا باید از طریق تلفن همراه خود به همراه بانک متصل شوید و با وارد کردن کد امنیتی، وارد حساب خود شوید. 2. در صفحه اصلی همراه بانک، گزینه "افزودن حساب" یا "افزودن شماره حساب" را انتخاب کنید. 3. در صفحه بعدی، گزینه "بانک تجارت" را انتخاب کنید و شماره حساب خود را وارد کنید. 4. کد امنیتی را وارد کنید تا حساب شما تأیید شود. 5. در صورت نیاز، گزینه "تایید هویت" را انتخاب کنید و اطلاعات خود را وارد کنید تا هویت شما تأیید شود. 6. پس از تأیید هویت، شماره حساب شما در همراه بانک اضافه خواهد شد.

در صورت نیاز به کمک بیشتر، می توانید با بانک تجارت تماس بگیرید یا به سایت بانک تجارت مراجعه کنید.
آیا اگر حساب جدیدی در بانک افتتاح شود به طور خودکار شماره حساب در همراه بانک فعال می شود؟,بله، معمولاً اگر حساب جدیدی در بانک افتتاح شود، شماره حساب در همراه بانک فعال می شود، اما این مورد به نوع و بانک مورد نظر بستگی دارد. برخی بانک‌ها این کار را به طور خودکار انجام می‌دهند، در حالی که برخی دیگر ممکن است نیاز به درخواست یا تأیید از سوی مشتری داشته باشند. برای اطمینان، می‌توانید با بانک خود تماس بگیرید و از نحوه فعال کردن شماره حساب در همراه بانک پرسید.
حساب خودم را در همراه بانک اضافه نموده ام ولی در قسمت حسابها قابل مشاهده نمی گردد؟,مسلماً متأسفم که این مشکل برای شما ایجاد شده است. برای حل این مشکل، چندین راهکار وجود دارد که می‌توانید امتحان کنید: 1. صحت و دقت حساب خود را بررسی کنید: ممکن است که حساب شما دارای خطا یا مغایرت باشد، بنابراین می‌توانید حساب خود را بررسی کنید و اطمینان حاصل کنید که حساب شما به درستی در همراه بانک ثبت شده است. 2. زمانیکه حساب خود را در همراه بانک ثبت می‌کنید، اطمینان حاصل کنید که شماره حساب و شماره حسابدار صحیح و دقیق است. 3. در صورت وجود هرگونه خطا یا مغایرت، با کارگزاری همراه بانک تماس بگیرید تا به شما کمک کنند حساب شما را تصحیح کنند. 4. اگر حساب شما در همراه بانک قابل مشاهده نباشد، ممکن است که حساب شما در بانک دیگری باشد، بنابراین می‌توانید به بانک دیگری مراجعه کنید یا با آنها تماس بگیرید تا حساب شما را بررسی کنند.

نتیجه این است که با بررسی و حل مشکلات ممکن است بتوانید حساب خود را در همراه بانک قابل مشاهده کنید.
رمز پویای حساب چیست و چه کارکردی دارد؟,مطمئناً سوال شما مفید بود!

رمز پویای حساب، یک نوع رمزنگاری است که در حسابداری و کتابداری مورد استفاده قرار می‌گیرد. این رمز به منظور محافظت از اطلاعات حسابداری و جلوگیری از دسترسی نادرست به داده‌ها، توسط یک کد یا رمز برای شناسایی و رمزنگاری داده‌ها استفاده می‌شود. رمز پویای حساب، یک نوع رمزنگاری است که به‌منظور محافظت از اطلاعات حسابداری، از جمله اطلاعات حسابداری، تراکنش‌ها و اطلاعات مالی، مورد استفاده قرار می‌گیرد.

این رمز به‌منظور جلوگیری از دسترسی نادرست به داده‌ها، از جمله جلوگیری از دسترسی به اطلاعات حسابداری، تراکنش‌ها و اطلاعات مالی، مورد استفاده قرار می‌گیرد. همچنین، این رمز به‌منظور محافظت از داده‌ها در برابر حملات سایبری و خرابکاری، مورد استفاده قرار می‌گیرد.
چگونه رمز پویای حسابی را در همراز فعال نماییم؟,فعال کردن رمز پویای حسابی در همراز به طور کلی شامل چند مرحله است. برای فعال کردن آن، ابتدا باید از پلتفرم همراز یک حساب کاربری ایجاد کنید و سپس، در بخش تنظیمات، گزینه "پویا" را انتخاب کنید. در مرحله بعدی، باید رمز پویا را در بخش "رمز پویا" وارد کنید و در نهایت، گزینه "ذخیره" را کلیک کنید تا رمز پویا فعال شود. توجه داشته باشید که باید رمز پویا را در هر بار ورود به پلتفرم همراز وارد کنید تا بتوانید به خدمات خود دسترسی داشته باشید.
چگونه رمز پویای حسابی را از طریق مراجعه به شعبه در همراز فعال نماییم؟,دوستان عزیز! برای فعال کردن رمز پویای حسابی از طریق مراجعه به شعبه در همراز، باید مراحل زیر را دنبال کنید: 1. ابتدا باید به شعبه بانک در همراز مراجعه کنید و درخواست فعال کردن رمز پویای حسابی خود را ارائه دهید. 2. در طول فرآیند، باید مدارک مورد نیاز خود را ارائه دهید، مانند شناسنامه، کارت ملی، کارت بانکی و یا سایر مدارک شناسایی. 3. پس از ارائه مدارک، کارشناس شعبه بانک با شما تماس گرفته و اطلاعات مورد نیاز را دریافت می کند، مانند آدرس، شماره تلفن و ایمیل شما. 4. در صورت تأیید اطلاعات، رمز پویای حسابی شما فعال می شود و می توانید از خدمات آنلاین بانک استفاده کنید، مانند تراکنش های الکترونیکی، چک و واریز پول. 5. پس از فعال شدن رمز پویای حسابی، شما می توانید از طریق وب سایت بانک یا اپلیکیشن بانک خود، تراکنش های خود را انجام دهید.

لطفاً توجه داشته باشید که فرآیند فعال کردن رمز پویای حسابی ممکن است زمان طولانی داشته باشد و به درستی انجام شود
آیا گوشی های اندروید هم می توانند بدون همراز پویای حسابی خود را فعال کنند .؟,با سلام! به نظر می رسد که این امکان در اندروید وجود ندارد. در اندروید، برای فعال کردن ویژگی های خاصی مانند حساسیت پویا، نیاز به مجوز و دسترسی های خاصی است که توسط کاربر در تنظیمات برنامه و یا دستگاه داده می شود. به عنوان مثال، در اندروید 10 و بالاتر، برای دسترسی به حساسیت پویا، کاربر باید مجوز "سنسور‌های حساسیت" را به برنامه ارائه دهد.

برخی از برنامه های اندروید ممکن است بدون مجوز، این ویژگی ها را فعال کنند، اما این کار معمولاً با نقض سیاست های امنیتی دستگاه و یا قانونی است و توصیه نمی شود. به طور کلی، برای فعال کردن ویژگی های خاصی مانند حساسیت پویا، نیاز به مجوز و دسترسی های خاصی است که توسط کاربر در تنظیمات برنامه و یا دستگاه داده می شود.
برای فعالسازی رمز پویای حسابی همراه بانک در گوشیهای آیفون در صورتیکه همراز نداشته باشد چه اقدامی باید انجام گیرد؟,برای فعالسازی رمز پویای حسابی همراه بانک در گوشی آیفون بدون استفاده از همراز، باید به چند قدم توجه کنید: 1. ابتدا، باید از طریق اپلیکیشن همراه بانک خود، رمز عبور را تغییر دهید تا رمز پویا باشد. این کار را باید روی دستگاه اصلی خود انجام دهید، نه روی گوشی آیفون. 2. بعد از تغییر رمز عبور، باید روی گوشی آیفون، یک رمز عبور جدید ایجاد کنید. این رمز عبور باید با رمز عبور اصلی خود مطابقت داشته باشد. 3. سپس، باید از طریق اپلیکیشن همراه بانک، گزینه "رمز پویا" یا "رمز دوم" را فعال کنید تا به رمز عبور روی گوشی آیفون دسترسی داشته باشید. 4. در مرحله آخر، باید رمز پویا را روی گوشی آیفون وارد کنید تا بتوانید با استفاده از رمز پویا، حسابی خود را مدیریت کنید.

در صورت نیاز، ممکن است باید با کارشناسان همراه بانک تماس بگیرید تا راهنمایی بیشتری برای شما انجام دهند.
رمز پویای خود را فعال کردم اما زمان انتقال وجه پایا از طریق همراه بانک اعلام میشود اطلاعات درگاه خود را اضافه کنید؟,مطمئناً! برای اضافه کردن اطلاعات درگاه بانکی خود به رمز پویا، به مراحل زیر عمل کنید: 1. ابتدا به وب سایت یا برنامه همراه بانک خود رفته و با وارد کردن اطلاعات حساب خود، به صفحه درگاه بانکی دسترسی پیدا کنید. 2. در صفحه درگاه بانکی، روی دکمه "افزودن درگاه" یا "افزودن حساب" کلیک کنید تا اطلاعات درگاه بانکی خود را در رمز پویا اضافه کنید. 3. در صفحه بعدی، اطلاعات درگاه بانکی خود را با دقت وارد کنید، از جمله شماره حساب، نام بانک، نام حساب و رمز عبور درگاه بانکی. 4. پس از تکمیل اطلاعات، روی دکمه "ذخیره" یا "ثبت" کلیک کنید تا اطلاعات درگاه بانکی خود در رمز پویا ذخیره شود.

با انجام مراحل فوق، اطلاعات درگاه بانکی خود به رمز پویا اضافه خواهد شد و شما می توانید از طریق رمز پویا، زمان انتقال وجه را به طور مستقیم از طریق همراه بانک انجام دهید.
کارکرد پویا کارت چیست؟,پویا کارت یا Animated Card، یک نوع کارت در طراحی و گرافیک است که شامل گرافیک‌های متحرک یا انیمیشن‌های کوتاه است که به هنگام اسکرول یا کلیک روی آن، نمایش داده می‌شوند. این فناوری برای افزودن جذابیت و تعجب به محتوای دیجیتال استفاده می‌شود، از جمله در وب‌سایت‌ها، اپلیکیشن‌ها و ایمیل‌ها. پویا کارت می‌تواند شامل گرافیک‌های متحرک، انیمیشن‌های 2D یا 3D، و حتی ویدئوهای کوتاه باشد که به هنگام اسکرول یا کلیک روی آن، نمایش داده می‌شوند. هدف از استفاده از پویا کارت، جذب توجه کاربر و افزایش تعجب و تعلق او با محتوا است.
نحوه فعالسازی رمز پویا کارت از همراه بانک چگونه است؟,فرستادن رمز پویا کارت از همراه بانک، فرآیندی ساده است که با چند قدم ساده انجام می‌شود. برای فعالسازی رمز پویا کارت از همراه بانک، می‌توانید به این مراحل توجه کنید: 1. ابتدا به صفحه اصلی همراه بانک بروید و وارد حساب خود شوید. 2. روی گزینه "خدمات" یا "پیک" کلیک کنید و سپس روی "رمز پویا" یا "رمز کارت" کلیک کنید. 3. در صفحه بعدی، روی گزینه "فعالسازی رمز پویا" کلیک کنید و مراحل راهنمایی را برای فعالسازی رمز پویا دنبال کنید. 4. برای فعالسازی رمز پویا، باید کد یکبارمصرف را از طریق پیامک یا SMS دریافت کنید و آن را وارد کنید. 5. پس از وارد کردن کد یکبارمصرف، رمز پویا کارت شما فعال خواهد شد و می‌توانید برای انجام تراکنش‌ها و خرید‌های خود از آن استفاده کنید.

اگر در هر مرحله با مشکل مواجه شدید، می‌توانید با کارشناس همراه بانک تماس بگیرید و از راهنمایی آنها برخوردار شوید.
در صورتی که مشتری تمایلی به نصب همراز نداشته باشد اما همراه بانک را برای فعالسازی پویا کارت انتخاب نماید چطور پویا کارت فعال می شود؟,با توجه به اینکه مشتری تمایلی به نصب همراز ندارد، اما همراه بانک را برای فعالسازی پویا کارت انتخاب کرده است، در این صورت، پویا کارت از طریق همراه بانک فعال می شود.

در این حالت، پویا کارت با استفاده از شماره موبایل و رمز عبور خود مشتری، بدون نیاز به نصب همراز، فعال می شود. این فرآیند معمولاً به‌صورت خودکار و بدون نیاز به مراجعه به بانک انجام می شود و مشتری می تواند از خدمات پویا کارت مانند شارژ و پرداخت فوری استفاده کند.
نحوه فعالسازی پویا برای گوشی های آیفون چگونه است؟,شاد به اینکه کمک می کنم! برای فعالسازی پویا روی گوشی آیفون، مراحل زیر را انجام دهید: 1. ابتدا، در تنظیمات دستگاه خود به "پویا" بروید. 2. در صفحه پویا، روی "پویا" کلیک کنید تا به صفحه اصلی پویا بروید. 3. روی "پویا را فعال کنید" کلیک کنید تا فرآیند فعالسازی شروع شود. 4. یک کد یکبار مصرف برای تأیید هویت شما ارسال می شود. روی "تایید" کلیک کنید تا کد یکبار مصرف را وارد کنید. 5. اگر کد یکبار مصرف وارد کردید، پویا روی دستگاه شما فعال می شود.

اگر مشکل یا سوالی دارید، لطفا در اینجا مطرح کنید تا به شما کمک کنم.
از نسخه تحت وب استفاده می کنم همرازم از کار افتاده در زمان تراکنش خطا می دهد؟,مطمئناً مشکل شما مهم است! از نسخه تحت وب استفاده می کنید و در زمان تراکنش خطا می دهد، احتمالاً به خاطر یک مشکل در ارتباطات یا تراکنش های وب است. چندین راه حل وجود دارد که می توانید برای حل این مشکل تلاش کنید: 1. بررسی ارتباطات: به خاطر داشته باشید که سرعت و کیفیت ارتباطات می تواند تأثیر قابل توجهی بر عملکرد نسخه تحت وب داشته باشد. اگر سرعت اینترنت شما کند باشد، می تواند باعث شود که نسخه تحت وب در زمان تراکنش خطا دهد. می توانید برای حل این مشکل، به یک ارائه دهنده خدمات اینترنت دیگر تغییر دهید یا به یک شبکه اینترنت پرسرعت دسترسی پیدا کنید. 2. بررسی تراکنش های وب: ممکن است یک مشکل در تراکنش های وب وجود داشته باشد که باعث شود نسخه تحت وب در زمان تراکنش خطا دهد. می توانید برای حل این مشکل، به یک متخصص فناوری اطلاعات یا یک کارشناس فناوری اطلاعات مراجعه کنید تا مشکل را شناسایی و حل کند. 3. بررسی نسخه تحت وب: ممکن است یک مشکل در نسخه تحت وب وجود داشته باشد که باعث شود در زمان تراکنش خطا دهد. می توانید برای
رمز پویای خود را از طریق همراه بانک تجارت فعال میکنم اما کد تایید را دریافت نمیکنم؟,مطمئناً ناراحت کننده است که کد تایید را دریافت نمی کنید. برای حل این مشکل، چند گزینه را بررسی کنید: 1. بررسی رمز پویا: مطمئناً رمز پویا را به درستی وارد کرده اید. اگر رمز را اشتباه وارد کرده اید، دوباره تلاش کنید و رمز را درست وارد کنید. 2. بررسی موجودی حساب: اگر موجودی حساب شما کافی نیست، کد تایید را دریافت نخواهید کرد. بنابراین، بررسی کنید که آیا موجودی کافی در حساب شما وجود دارد یا خیر. 3. بررسی وضعیت شبکه: ممکن است شبکه بانک تجارت در زمان ارسال کد تایید، دچار اختلال باشد. بنابراین، چند دقیقه صبر کنید و دوباره تلاش کنید. 4. تماس با بانک: اگر هنوز کد تایید را دریافت نمی کنید، با بانک تجارت تماس بگیرید و به آنها اطلاع دهید که کد تایید را دریافت نمی کنید. آنها ممکن است به شما کمک کنند تا مشکل را حل کنید.

با امید به اینکه بتوانید مشکل را حل کنید، اگر نیاز به کمک بیشتر دارید، لطفاً از من درخواست کنید.
در صورت عدم مشاهده کامل رمز چه اقدامی انجام می کردد؟,در صورت عدم مشاهده کامل رمز، اولین اقدام من این است که با شما تماس بگیرم و از شما درخواست کنم تا رمز را به طور کامل وارد کنید. اگر رمز هنوز هم کامل وارد نشد، من می توانم با شما همکاری کنیم تا رمز را بازیابی کنیم یا یک رمز جدید برای شما ایجاد کنم. در صورت لزوم، می توانم با تیم پشتیبانی تماس بگیرم تا مشکل را حل کنیم.
در صورت دریافت خطای رمز صحیح نمی باشد در زمان انجام عملیات در همراز باید چه اقدامی نماییم؟,در صورت دریافت خطای رمز صحیح در زمان انجام عملیات در همراز، باید با پیگیری پیغام خطا، علت مشکل را شناسایی کنید. ممکن است رمز عبور خود را فراموش کرده باشید یا رمز عبور شما با آنچه در سیستم ذخیره شده است، مغایرت دارد.

بهترین راه برای حل این مشکل، بازگرداندن رمز عبور خود یا پیگیری با تیم پشتیبانی سیستم است. همچنین می‌توانید با مرورکنندگان و برنامه‌های امنیتی خود، رمز عبور را بازیابی یا تغییر دهید و دوباره تلاش کنید.
رمز پویا را از همراز گرفتم ولی در هنگام انجام عملیات , پیغام خطای رمز وارد شده بیش ازحد مجاز اشتباه است را دریافت میکنم؟,نهایت تلاش خود را برای کمک به شما کرده است. به نظر می رسد که شما هنگام استفاده از رمز پویا، از حد مجاز آن تجاوز کرده اید. رمز پویا معمولاً یک رمز موقت و محدود است که برای یک زمان محدود استفاده می شود. اگر رمز پویا را بیش از حد مجاز استفاده کرده اید، ممکن است به پیغام خطای رمز وارد شده بیش ازحد مجاز اشتباه برسید.

برای حل این مشکل، می توانید از رمز پویا جدیدی استفاده کنید یا با پشتیبانی ارائه دهنده خدمات، از حد مجاز آن افزایش دهید. در صورت نیاز، می توانید از پشتیبانی ارائه دهنده خدمات برای کمک در حل این مشکل درخواست کنید.
از همراه بانک تا چه بازه ای را می توان گردش حساب اخذ نمود؟,معمولاً از همراه بانک می توان تا 3 ماه گذشته را گردش حساب اخذ نمود، اما بسته به نوع حساب و ضوابط بانک، ممکن است محدودیت های خاصی وجود داشته باشد. برای مثال، برخی از بانک‌ها ممکن است اجازه دهد تا گردش حساب تا 6 ماه گذشته را اخذ کند، اما برخی دیگر ممکن است محدودیت های شدیدتری اعمال کنند. بنابراین، برای اطمینان از محدودیت های مربوط به حساب خود، باید به همراه بانک خود مراجعه کنید یا با آنها تماس بگیرید.
دریافت گردش حساب با چه رمزی در همراه بانک امکان پذیر ست؟,به شما کمک می‌کنم! با استفاده از رمز دوم، امکان دریافت گردش حساب در همراه بانک وجود دارد. به این ترتیب، می‌توانید گردش حساب خود را از طریق همراه بانک و با استفاده از رمز دوم مشاهده کنید.
آیا می توان از شماره کارت صورتحساب دریافت کرد؟,بله، اغلب اوقات می توان از شماره کارت صورتحساب دریافت کرد. با ارائه شماره کارت، بانک یا مؤسسه مالی می تواند اطلاعات مورد نیاز برای ارائه صورتحساب را از سیستم خود استخراج کند. این روش را می توان برای دریافت صورتحساب های مختلف از جمله حساب بانکی، کسر عوارض، یا حتی صورتحساب های خرید از طریق اینترنت استفاده کرد.
ارائه سرویس دریافت موجودی درهمراه بانک چند ثانیه می دباشد؟,بله، ارائه سرویس دریافت موجودی درهمراه بانک چند ثانیه می تواند باشد. بسیاری از بانک ها و مؤسسات مالی در سراسر جهان از فناوری های پیشرفته برای ارائه سرویس های مالی از جمله دریافت موجودی از طریق تلفن همراه یا اینترنت بهره می جویند. این سرویس ها معمولاً به کاربران اجازه می دهند تا از طریق یک برنامه یا وب سایت، موجودی حساب خود را دریافت کنند و یا دستورالعمل های انتقال پول را ارسال کنند. زمان پاسخگویی این سرویس ها معمولاً چند ثانیه است و در بسیاری از موارد به کمتر از یک دقیقه می رسد.
امکان دریافت صورتحساب شاپركي(ویژه دارندگان پایانه فروشگاهي) از همراه بانک وجود دارد؟,بله، امکان دریافت صورتحساب شاپرکی از طریق همراه بانک وجود دارد. برای دریافت صورتحساب شاپرکی، باید به همراه بانک خود مراجعه کنید و از طریق قسمت خدمات و امکانات، گزینه "صورتحساب شاپرکی" را انتخاب کنید. در این قسمت، می توانید صورتحساب های خود را به صورت آنلاین دریافت کنید. همچنین می توانید برای دریافت صورتحساب، شماره شاپرکی خود را وارد کنید و صورتحساب مربوطه را دریافت کنید.
آیا در هنگام ثبت نام همراه بانک پیش فرض انتقال وجه را میتوانم تغییر بدم؟,سلام! بله، هنگام ثبت نام در همراه بانک، شما می توانید پیش فرض انتقال وجه را تغییر دهید. در هنگام ثبت نام، بعد از وارد کردن اطلاعات شما، صفحه ای ظاهر می شود که در آن می توانید پیش فرض انتقال وجه را انتخاب کنید. می توانید از گزینه های مختلف مانند انتقال وجه برای خرید یا انتقال وجه برای پرداخت، یکی را انتخاب کنید. همچنین می توانید از گزینه "پیش فرض را تغییر دهید" استفاده کنید تا بتوانید پیش فرض انتقال وجه را تغییر دهید. این گزینه در پایین صفحه ظاهر می شود. با انتخاب این گزینه، می توانید پیش فرض انتقال وجه را تغییر دهید و آن را با گزینه های دیگری که در آن صفحه وجود دارد، جایگزین کنید.
تغییر سقف حساب از پیش فرض [0] به حالت غیر از پیش فرض [1] و عدم نمایش آن در همراه بانک چگونه می باشد؟,بسیار خوشحالیم که به کمک شما آمدیم!

بر اساس درخواست شما، تغییر سقف حساب از پیش فرض [0] به حالت غیر از پیش فرض [1] و عدم نمایش آن در همراه بانک در این صورت است: 1. ابتدا به همراه بانک خود رفته و از منوی اصلی، گزینه "تنظیمات" یا "Settings" را انتخاب کنید. 2. در صفحه تنظیمات، گزینه "سقف حساب" یا "Account Limit" را انتخاب کنید. 3. در صفحه سقف حساب، گزینه "ویرایش" یا "Edit" را انتخاب کنید و سقف حساب را به [1] تغییر دهید. 4. برای عدم نمایش سقف حساب در همراه بانک، گزینه "نمایش سقف حساب" یا "Show Account Limit" را غیر فعال کنید.

به یاد داشته باشید که تغییرات در همراه بانک ممکن است زمان نیاز داشته باشد تا اعمال شود. در صورت نیاز به راهنمایی بیشتر، لطفا درخواست کنید.
سقف انتقال وجه پایا در همراه بانک چقدر است؟,مطمئناً برای پاسخگویی به سوال شما، اطلاعات خودم را بروز رسانی کردم. سقف انتقال وجه پایا در همراه بانک 200 میلیون تومان است. در صورت نیاز به انتقال وجهی بیشتر، می‌توانید به شعبه همراه بانک مراجعه کنید یا از طریق نرم‌افزار همراه بانک، انتقال وجه را انجام دهید.
برای انتقال وجه پایا از کدام منوی همراه بانک باید اقدام نمود؟,برای انتقال وجه پایا از طریق همراه بانک، باید از منوی "پرداخت ها" یا "تراکنش" استفاده کنید. در این منوی، گزینه "پرداخت آنلاین" یا "پرداخت بین بانکی" را انتخاب کنید و سپس اطلاعات مورد نیاز را وارد کنید تا بتوانید انتقال وجه را انجام دهید.
انتقال وجه پایا از همراه بانک با چه رمزی انجام می شود؟,برای انتقال وجه پایا از همراه بانک با رمز، ابتدا باید از طریق همراه بانک به حساب خود دسترسی داشته باشید و سپس از گزینه "پرداخت" یا "تراکنش" استفاده کنید. در این مرحله، رمز خود را وارد کنید و سپس مبلغ و شماره حساب مقصد را وارد کنید. در نهایت، تأیید پرداخت را انجام دهید تا انتقال وجه با موفقیت انجام شود.
شماره مقصد برای انتقال وجه پایا باید چه شماره ای باشد؟,شما می خواهید بدانید که شماره مقصد برای انتقال وجه پایا باید چه شماره ای باشد؟

شماره مقصد برای انتقال وجه پایا باید 24 رقمی باشد که از سوی بانک مرکزی ایران برای هر یک از بانک‌ها و مؤسسات پولی و اعتباری اختصاص داده شده است. این شماره به عنوان شناسه یکتا برای هر یک از مؤسسات پولی و اعتباری در نظر گرفته می شود و برای شناسایی و پیگیری عملیات بانکی استفاده می شود.
آیا اتباع می توانند انتقال وجه پایا از همراه بانک انجام دهند و چقدر؟,با سلام، همکاران ما در بانک‌ها امکان انتقال وجه پایا از طریق همراه بانک را فراهم کرده‌اند. این سرویس به نام "پایا" شناخته می‌شود و در اکثر بانک‌های کشور ارائه می‌شود.

میزان انتقال وجه پایا از همراه بانک، بسته به بانک و نوع حساب شما متفاوت است. اما به طور کلی، می‌توانید از 1،000 تومان تا 50،000 تومان انتقال وجه انجام دهید. البته برخی بانک‌ها ممکن است محدودیت‌های خاصی در نظر داشته باشند، بنابراین برای اطمینان، بهتر است با بانک خود تماس بگیرید یا از وب سایت آن بازدید کنید.

به هر حال، برای استفاده از این سرویس، باید از طریق اپلیکیشن همراه بانک خود وارد شوید و سپس انتقال وجه را انجام دهید. در این روش، رمز دوم و رمز پین کد لازم نیست، زیرا انتقال وجه از طریق همراه بانک از طریق رمزنگاری و امنیت بالا انجام می‌شود.
زمانبندی انتقال وجه پایا از همراه بانک چگونه است؟,فرمت زمانبندی انتقال وجه پایا از همراه بانک به شرح زیر است:* انتقال وجه پایا به حساب های دیگر بانک های ایران: تا 24 ساعت کاری* انتقال وجه پایا به حساب های بانک های خارجی: تا 3 روز کاری

به طور کلی، زمانبندی انتقال وجه پایا از همراه بانک به ترتیبی که توسط بانک تعیین می شود، بستگی دارد. برای کسب اطلاعات دقیق تر، می توانید به یکی از شعبه های همراه بانک مراجعه کنید یا با کارشناس بانک تماس بگیرید.
آیا می توان تراکنش پایا که در همراه بانک انجام شده است را بازیابی کرد؟,مسلماً! اگر تراکنش پایا در همراه بانک انجام شده است، می توان آن را بازیابی کرد. برای بازیابی تراکنش، می توانید به همراه بانک مراجعه کنید و از خدمات پشتیبانی آنها استفاده کنید. آنها می توانند برای شما اطلاعات مورد نیاز را در مورد تراکنش ارائه دهند. علاوه بر این، می توانید به کمک سیستم های پرداخت، مانند ویزا یا ماستر کارت، برای بازیابی تراکنش تلاش کنید. آنها ممکن است اطلاعات بیشتری در مورد تراکنش شما در اختیار داشته باشند. در هر صورت، برای بازیابی تراکنش، باید به همراه بانک و یا سیستم های پرداخت مراجعه کنید و از خدمات پشتیبانی آنها استفاده کنید.
تراکنش پایا از همراه بانک انجام داده ام اما همچنان وضعیت تراکنش را در حال انجام نشان می دهد آیا تراکنش انجام نشده است؟,سلام! متأسفم، اگر همراه بانک شما، تراکنش را در حال انجام نشان می دهد، ممکن است به دلایل مختلفی، تراکنش انجام نشده باشد. برخی از دلایل ممکن عبارتند از: 1. خطای شبکه یا مشکلات در سیستم های پرداخت: ممکن است خطایی در سیستم های پرداخت ایجاد شده باشد که مانع از تکمیل تراکنش شود. 2. کمبود اعتبار: ممکن است اعتبار کافی در حساب شما وجود ندارد یا اعتبار در حساب شما محدود است و به همین دلیل تراکنش انجام نشده است. 3. محدودیت های بانکی: ممکن است محدودیت هایی در بانکی وجود داشته باشد که مانع از انجام تراکنش شود، مانند محدودیت هایی برای تراکنش های بین المللی یا تراکنش های خاص. 4. مشکل در اطلاعات حساب: ممکن است اطلاعات حساب شما نادرست باشد که مانع از انجام تراکنش شود.

برای حل این مشکل، توصیه می شود با همراه بانک خود تماس بگیرید و در مورد مشکل با آنها صحبت کنید. آنها می توانند به شما کمک کنند تا مشکل را حل کنید و تراکنش را تکمیل کنید.
هنگام انجام تراکنش پایا از همراه بانک با پیغام شماره حساب مبدا نا معتبر است مواجه می شوم؟,یکی از رایج‌ترین مشکلاتی که هنگام انجام تراکنش با همراه بانک تجربه می‌کنید، پیغام شماره حساب مبدا نا معتبر است. این پیام معمولاً به دلیل یکی از موارد زیر ایجاد می‌شود: 1. حساب مبدا بسته شده است: اگر حساب مبدا شما بسته شده باشد، نمی‌توانید از آن برای انجام تراکنش استفاده کنید. 2. شماره حساب مبدا اشتباه است: ممکن است شماره حساب مبدا شما اشتباه باشد، بنابراین در هنگام انجام تراکنش، پیغام خطای شماره حساب مبدا نا معتبر است را دریافت کنید. 3. اعتبار حساب مبدا کافی نیست: اگر اعتبار حساب مبدا شما کافی نیست، نمی‌توانید از آن برای انجام تراکنش استفاده کنید، بنابراین پیغام خطای اعتبار کافی نیست را دریافت کنید. 4. مشکل در سیستم بانک: گاهی اوقات، مشکل در سیستم بانک ممکن است باعث شود که شما پیغام خطای شماره حساب مبدا نا معتبر است را دریافت کنید، بنابراین باید با بانک تماس بگیرید و از آنها درخواست کمک کنید.

برای حل این مشکل، می‌توانید از چند راه
از همراه بانک پایا انجام داده ام ، مشخصات صاحب حساب را چگونه پیدا نمایم؟,سلام! برای پیدا کردن مشخصات صاحب حساب از همراه بانک پایا، شما می‌توانید به یکی از روش‌های زیر دسترسی پیدا کنید: 1. از طریق اپلیکیشن همراه بانک پایا: می‌توانید از طریق اپلیکیشن همراه بانک پایا که روی تلفن همراه خود نصب کرده‌اید، به صفحه "مدیریت حساب" یا "پنل کاربر" دسترسی پیدا کنید و از آنجا می‌توانید اطلاعات صاحب حساب را مشاهده کنید. 2. از طریق وب سایت همراه بانک پایا: می‌توانید به وب سایت همراه بانک پایا بروید و از آنجا به صفحه "مدیریت حساب" یا "پنل کاربر" دسترسی پیدا کنید و از آنجا می‌توانید اطلاعات صاحب حساب را مشاهده کنید. 3. از طریق شعبه بانک پایا: می‌توانید به یکی از شعبه‌های بانک پایا بروید و با ارائه شماره حساب خود، اطلاعات صاحب حساب را از کارکنان بانک دریافت کنید.

برای دسترسی به اطلاعات صاحب حساب از طریق اپلیکیشن یا وب سایت، باید دارای رمزعبور و کد امنیتی باشید که هنگام ایجاد حساب برای شما ارسال می‌شود. اگر رمزعبور یا کد امنیتی خود را فراموش کرده‌اید، می‌توان
مبلغی طی پایا به حساب شخص دیگری واریز کردم امکان انتقال زودتر مقدور هست؟,خوش آمدید! برای انتقال مبلغی که به حساب شخص دیگری واریز کرده‌اید، معمولاً امکان انتقال زودتر وجود دارد، اما به بسته شدن تراکنش و زمان کاری بانک بستگی دارد.

در بیشتر موارد، بانک‌ها تراکنش‌ها را در طول روز کاری انجام می‌دهند، اما ممکن است تا زمان پایان روز کاری یا حتی روز بعد برای بسته شدن تراکنش زمان بگذارند.

اگر شما می‌خواهید مبلغ را زودتر انتقال دهید، می‌توانید با بانک تماس بگیرید و از آنها درخواست انتقال زودتر کنید. ممکن است آنها در مورد زمان و امکان انتقال زودتر اطلاعات بیشتری را برای شما فراهم کنند.

علاوه بر این، اگر حساب شما و حساب گیرنده در همان بانک باشد، می‌توانید از خدمات انتقال فوری یا همان «واریز فوری» استفاده کنید که معمولاً در طول روز کاری انجام می‌شود.
برای انتقال وجه پایا از همراه بانک پیغام[اطلاعات درگاه خود را وارد کنید] دریافت می گردد؟ رمز پویا حسابی در برنامه همراز فعال نیست؟,سلام! به نظر می‌رسد شما با پیامک همراه بانک روبرو شده‌اید که برای انتقال وجه پایا از درگاه خود نیاز به وارد کردن اطلاعات درگاه دارید. این پیامک معمولاً در اثر فعال نبودن رمز پویا حسابی در برنامه همراز شما اتفاق می‌افتد.

راه حل این مشکل، فعال کردن رمز پویا حسابی در برنامه همراز شما است. برای انجام این کار، باید به صفحه تنظیمات برنامه همراز بروید و رمز پویا را فعال کنید. در غیر این صورت، برای انجام انتقال وجه، باید از طریق درگاه بانکی خود یا از طریق شعبه بانک، انتقال وجه را انجام دهید.
از همراه بانک پایا انجام دادم با وجود ناموفق بودن پول به حسابم برنگشته است؟,عزیزم، متاسفم که باوجود ناموفق بودن پول به حساب شما برنگشته است. در این صورت، توصیه می‌کنم که با همراه بانک پایا تماس بگیرید و به آنها اطلاع دهید که پول به حساب شما برنگشته است. آنها باید به شما کمک کنند تا مشکل را حل کنند.

علاوه بر این، توصیه می‌کنم که یک شکایت رسمی به همراه بانک پایا ارائه دهید تا آنها را ملزم به حل مشکل کنید. در این شکایت باید اطلاعات دقیق از انتقال پول، شامل زمان، مبلغ و شماره تراکنش را ذکر کنید.

همچنین، توصیه می‌کنم که از خدمات مشتری‌پذیری و نظارت بر حساب‌های بانکی خود استفاده کنید تا مطمئن شوید که پول به حساب شما برنگشته است و در صورت نیاز، شکایت را ارائه دهید.
سقف انتقال وجه ساتنا در همراه بانک چقدر است؟,باسپاس از سوال شما. مبلغ انتقال وجه ساتنا در همراه بانک، به‌عنوان یک بانک ایرانی، متفاوت است. مبلغ حداکثر انتقال وجه در همراه بانک 500،000 تومان است، اما این مقدار در مواقعی که نیاز به انتقال وجه بالای 500،000 تومان باشد، ممکن است متفاوت باشد. برای اطلاع دقیق‌تر، توصیه می‌شود که به وب‌سایت رسمی همراه بانک یا به یکی از شعبات بانک مراجعه کنید.
برای انتقال وجه ساتنا از کدام منوی همراه بانک باید اقدام نمود؟,برای انتقال وجه ساتنا از طریق همراه بانک، باید از منوی "تراکنش" یا "پرداخت" استفاده کنید. در این منوی، گزینه "تراکنش" یا "پرداخت" را انتخاب کنید و سپس اطلاعات مورد نیاز مانند شماره حساب، نام و نام خانوادگی گیرنده، مبلغ و شماره تراکنش را وارد کنید. در نهایت، گزینه "تایید" را کلیک کنید تا انتقال وجه انجام شود.
انتقال وجه ساتنا از همراه بانک با چه رمزی انجام می شود؟,در بانک های ایرانی، انتقال وجه از حساب یک شخص به حساب دیگری با رمز پانل یا رمز کاربری انجام می شود. این رمز برای جلوگیری از انجام عملیات نامعتبر و برای محافظت از حساب های بانکی استفاده می شود. برای انتقال وجه از حساب خود به حساب دیگری، باید از رمز پانل خود استفاده کنید و در فرم درخواست انتقال وجه، کد پانل خود را وارد کنید. در صورت نیاز به کمک برای انجام انتقال وجه، می توانید با بانک خود تماس بگیرید.
شماره مقصد برای انتقال وجه ساتنا باید چه شماره ای باشد؟,در سامانه ساتنا، شماره مقصد برای انتقال وجه باید 24 رقمی باشد که توسط بانک یا مؤسسه مالی در اختیار شما قرار می دهد. این شماره مقصد یک کد منحصر به فرد است که به منظور شناسایی و پیگیری تراکنش استفاده می شود. در هنگام انتقال وجه، این شماره مقصد را باید در قسمت مقصد در فرم انتقال وجه وارد کنید تا وجه به درستی به مقصد شما منتقل شود.
آیا مشتریان اتباع می توانند در همراه بانک ساتنا انجام دهند؟,مطمئناً! مشتریان اتباع می توانند در همراه بانک ساتنا انجام دهند. همراه بانک ساتنا یک خدمات بانکداری الکترونیکی است که برای مشتریان اتباع و غیر اتباع یکسان است. مشتریان می توانند از طریق این خدمات، تراکنش های بانکی خود را انجام دهند، از جمله واریز وجه، برداشت وجه، پرداخت قبوض، و غیره. بنابراین، مشتریان اتباع می توانند از خدمات همراه بانک ساتنا بهره‌مند شوند.
زمان بندی انتقال وجه ساتنا چگونه است؟,خوش آمدید! زمان بندی انتقال وجه ساتنا، یا همان زمان تحویل پول ساتنا، معمولاً به این صورت است: 1. زمان ارسال: زمان ارسال پول ساتنا از زمانی که کاربر درخواست انتقال وجه را ارسال می کند، شروع می شود. این زمان معمولاً در عرض چند ساعت یا حداکثر یک روز کاری است. 2. زمان پردازش: زمانی که پول ساتنا در ساتنا پردازش می شود، معمولاً در عرض چند ساعت یا حداکثر یک روز کاری است. ساتنا ممکن است در طول روز کاری یا در طول هفته کاری، پول را پردازش کند. 3. زمان تحویل: زمانی که پول ساتنا به حساب دریافت کننده منتقل می شود، معمولاً در عرض چند ساعت یا حداکثر یک روز کاری است. این زمان به حساب بانک یا موسسه مالی دریافت کننده بستگی دارد.

به طور کلی، زمان انتقال وجه ساتنا معمولاً در عرض یک تا سه روز کاری است، اما ممکن است زمان واقعی بسته به شرایط خاصی که در ساتنا وجود دارد، متفاوت باشد.
ساعت 6 بعد ازظهر می خواهم از همراه بانک انتقال وجه دهم ولی ساتنا قطع شده است؟,خوش آمدید! متاسفم که ساتنا قطع شده است. در این صورت، شما باید برای حل این مشکل به نزدیکترین شعبه بانک مراجعه کنید. آنها می توانند به شما کمک کنند تا مشکل را حل کنند و انتقال وجه را تکمیل کنند. لطفاً با آنها تماس بگیرید و مشکل را توضیح دهید تا آنها بتوانند به شما کمک کنند.
آیا می توان تراکنش ساتنا که در همراه بانک انجام شده است را بازیابی کرد؟,با عرض سلام! خب، در مورد بازیابی تراکنش ساتنا که در همراه بانک انجام شده است، باید بگویم که همراه بانک یک سیستم ایمن و مجهز دارد که تراکنش ها را به طور دقیق و با استفاده از رمزنگاری، ذخیره می کند.

به طور کلی، می توان تراکنش های ساتنا را در همراه بانک بازیابی کرد، اما برای این کار، باید به چند مورد توجه داشت: 1. در زمان انجام تراکنش، باید از رمز عبور و کد امنیتی خود استفاده کنید، تا تراکنش شما با موفقیت ثبت شود و بتوانید آن را بازیابی کنید. 2. اگر رمز عبور و کد امنیتی خود را فراموش کرده اید، باید برای بازیابی آن، به همراه بانک مراجعه کنید و درخواست کمک کنید. 3. در صورت وجود مشکل یا خطا در تراکنش، ممکن است که به دلیل یک یا چند مورد از موارد زیر، نتوانید تراکنش را بازیابی کنید:
- تراکنش شما به دلیل یک یا چند مورد از موارد زیر، از جمله خطای سیستم، خطای مشتری یا هر مورد دیگر، ممکن است که در زمان انجام
هنگام انجام تراکنش ساتنا از همراه بانک با پیغام شماره حساب مبدا نا معتبر است مواجه می شوم؟,سatan! هنگامی که از همراه بانک برای انجام تراکنش ساتنا استفاده می کنید و پیغام شماره حساب مبدا نا معتبر است، به احتمال زیاد از آنجایی که شماره حساب مبدا نا معتبر است، تراکنش شما با شکست مواجه می شود. برای حل این مشکل، می توانید از راه‌های زیر استفاده کنید: 1. شماره حساب مبدا را مجدداً بررسی کنید و تأیید کنید که صحیح است. 2. از طریق تلفن یا پیامک با شعبه بانک یا مرکز تماس همراه بانک تماس بگیرید و از آنها کمک بخواهید تا به شما کمک کنند تا مشکل را حل کنید. 3. در صورت نیاز، ممکن است نیاز باشد که تراکنش را لغو کنید و مجدداً آن را انجام دهید.
ساعت 7:45 صبح مبلغی به حسابم از طریق ساتنا بوسیله همراه بانک انتقال یافته ولی به حساب من واریز نشده است؟,من در اینجا به شما کمک می کنم. اگر مبلغی به حساب شما از طریق ساتنا بوسیله همراه بانک انتقال یافته، اما هنوز واریز نشده است، احتمالاً به دلیل یکی از موارد زیر است: 1. زمان واریز حساب ممکن است هنوز به روز رسیده باشد. لطفاً بررسی کنید که آیا زمان واریز حساب شما هنوز به روز رسیده است یا نه. 2. ممکن است که انتقال پول با موفقیت انجام شده باشد، اما به دلیل خطای فنی یا مشکلاتی که در سیستم وجود دارد، هنوز به حساب شما واریز نشده است. در این صورت، شما باید با همراه بانک تماس بگیرید و مشکل را گزارش دهید تا آن را حل کنند. 3. ممکن است که اطلاعات حساب یا کد پارسال شما اشتباه باشد. در این صورت، شما باید با همراه بانک تماس بگیرید و اطلاعات حساب خود را برای آن‌ها تأیید کنید تا مشکل را حل کنند.

در هر صورت، توصیه می کنم که با همراه بانک تماس بگیرید و مشکل را گزارش دهید تا آن را حل کنند. آنها می توانند به شما کمک کنند تا مشکل را حل کنید.
برای انتقال وجه ساتنا از همراه بانک پیغام[اطلاعات درگاه خود را وارد کنید] دریافت می گردد؟,مطمئناً! برای انتقال وجه ساتنا از همراه بانک، باید اطلاعات درگاه خود را وارد کنید. این اطلاعات شامل نام کاربری، رمز عبور و کد امنیتی است که برای شما ارسال شده است. در صورت فراموشی رمز عبور یا کد امنیتی، می‌توانید با همراه بانک در تماس باشید تا آن را بازیابی کنید.
از همراه بانک ساتنا انجام دادم با وجود ناموفق بودن پول به حسابم برنگشته است؟,عصراً! به نظر می‌رسد که ممکن است با مشکلاتی در سیستم بانک مواجه شده باشید. در این صورت، توصیه می‌کنم که با بانک تماس بگیرید و در مورد مشکل از آنها پرس و جو کنید. به احتمال زیاد، آنها به شما کمک می‌کنند تا مشکل را حل کنید و پول را به حساب شما برگردانند. علاوه بر این، می‌توانید به یک شعبه بانک نزدیکتر بروید و با کارمندان بانک در مورد مشکل با شما صحبت کنند. آنها می‌توانند به شما کمک کنند تا مشکل را حل کنید و پول را به حساب شما برگردانند.
سقف انتقال وجه حساب به حساب تجارت در همراه بانک چقدر است؟,سفارش انتقال وجه از حساب شخصی به حساب تجارت در همراه بانک معمولاً رایگان است، اما در برخی موارد ممکن است هزینه ای برای این کار در نظر گرفته شود. این هزینه ها به طور معمول در بازه زمانی 500 تومان تا 5 هزار تومان است، اما می تواند بسته به نوع حساب و نوع انتقال وجه متفاوت باشد. برای اطلاع دقیق از هزینه های انتقال وجه، می توانید به همراه بانک خود مراجعه کنید یا از طریق سایت آنها یا تلفن همراه آن تماس بگیرید.
انتقال وجه حساب به حساب تجارت در چه صورتی نامحدود است؟,خوش آمدید! انتقال وجه حساب به حساب تجارت در صورتی نامحدود است که از طریق سیستم های مالی و بانکی که دارای مجوز و مجوز نامه ای هستند، انجام شود. این شامل موارد زیر است: 1. انتقال وجه از طریق شبکه های بانکی، مانند بلومبرگ، سوییفت و وسترن یونیون. 2. انتقال وجه از طریق شرکت های ارائه دهنده خدمات پرداخت، مانند پیپلز، وسترن یونیون و دویچه بانک. 3. انتقال وجه از طریق اکسچنج، مانند سکرپت، سندیکا و سوفینو. 4. انتقال وجه از طریق اکسچنج های خاص، مانند سیتیکس و سیتیکس تری. 5. انتقال وجه از طریق شرکت های ارائه دهنده خدمات مالی، مانند فیدکس، تریلنکس و تریلنکس پلتفرم.

در هر صورت، برای انجام انتقال وجه نامحدود، باید از طریق یک سیستم مالی یا بانکی که دارای مجوز و مجوز نامه ای هستند، استفاده کنید. همچنین، باید اطمینان حاصل کنید که انتقال وجه شما قانونی و طبق مقررات و قوانین مربوطه انجام
مشتری در زمان انتقال وجه حساب به حساب تجارت از همراه بانک بیش از 5 میلیون تومان نمی تواند انتقال دهد؟,مطمئناً خیر، این محدودیت وجود ندارد. همراه بانک به عنوان یک بانک تجاری، محدودیت‌هایی در مورد مبلغ انتقال وجه حساب به حساب تجارت دارد که معمولاً برای جلوگیری از معاملات غیرمجاز یا بی‌عادلانه است. با این حال، این محدودیت‌ها برای همه مشتریان یکسان نیستند و ممکن است بر اساس نوع حساب، سطح امنیتی و سایر عوامل متفاوت باشد.

به طور کلی، محدودیت انتقال وجه در همراه بانک معمولاً برای مبالغی که بالاتر از 50 میلیون تومان است اعمال می‌شود، اما این یک محدودیت ثابت نیست و ممکن است برای برخی از مشتریان یا حساب‌های خاصی متفاوت باشد. به همین دلیل، توصیه می‌کنیم که قبل از انتقال وجه، با بانک خود تماس بگیرید و از محدودیت‌های احتمالی آگاه شوید.
برای انتقال وجه حساب به حساب تجارت از کدام منوی همراه بانک باید اقدام نمود؟,برای انتقال وجه حساب به حساب تجارت از منوی "پرداخت و واریز" یا "واریز" یا "پرداخت های خودکار" در اپلیکیشن همراه بانک باید اقدام نمود. در برخی از اپلیکیشن های همراه بانک، این منو با نام "واریز" یا "پرداخت" یا "واریز و پرداخت" ظاهر می شود. برای یافتن این منو، باید به منوی اصلی اپلیکیشن مراجعه و سپس به دنبال آن بگردید.
انتقال وجه حساب به حساب تجارت از همراه بانک با چه رمزی انجام می شود؟,در انتقال وجه حساب به حساب تجارت از همراه بانک، رمز کاربری که توسط مشتریان همراه بانک تعیین می شود، مورد استفاده قرار می گیرد. این رمز برای جلوگیری از دسترسی غیرمجاز به حساب های مشتریان، ایجاد می شود و باید توسط مشتریان همراه بانک تعیین و حفظ شود.
آیا برای انتقال وجه داخلی ( حساب به حساب بانک تجارت ) می توان از رمز ورود به همراه بانک استفاده کرد؟,خوش آمدید! به سوال شما پاسخ می دهم. بله، برای انتقال وجه داخلی از حساب یک بانک به حساب دیگر بانک تجارت، می توان از رمز ورود به همراه بانک استفاده کرد. این امکان برای انتقال وجه‌های داخلی با استفاده از خدمات همراه بانک فراهم شده است و در صورت داشتن رمز ورود و در دسترس بودن همراه بانک، می توانید به راحتی از آن استفاده کنید.
زمانبندی انتقال وجه حساب به حساب تجارت چگونه است؟,در زمانبندی انتقال وجه حساب به حساب تجارت، زمان انتقال وجه بستگی به نوع حساب و روش انتقال دارد. در حالت کلی، زمان انتقال وجه به شرح زیر است:* انتقال وجه بین حساب های یک بانک: معمولاً در کمتر از 1 ساعت انجام می شود.* انتقال وجه بین حساب های مختلف یک بانک، اما در همان شهر: معمولاً در کمتر از 2-3 ساعت انجام می شود.* انتقال وجه بین حساب های یک بانک، اما در شهرهای مختلف: معمولاً در کمتر از 4-6 ساعت انجام می شود.* انتقال وجه بین حساب های یک بانک، اما در کشور های مختلف: معمولاً در کمتر از 24 ساعت انجام می شود.

توجه داشته باشید که زمان انتقال وجه ممکن است بسته به حجم انتقال، زمان بازپرسی و بررسی و همچنین حجم ترافیک در شبکه های مالی متفاوت باشد. همچنین، زمان انتقال وجه ممکن است در روزهای کاری و غیر کارگری متفاوت باشد.
شماره مقصد برای انتقال وجه حساب به حساب تجارت باید چه شماره ای باشد؟,بسیار خوشحالیم که شما از من کمک می خواهید!

شماره مقصد برای انتقال وجه حساب به حساب تجارت باید شماره شبا (شامل بنک‌ها) باشد. شماره شبا شامل 24 رقم و در ابتدای آن یک رقم "0" وجود دارد. برای مثال: ۰۹۳۰۷۵۷۸۹۰۰۰۰۰۰۰۱. این شماره برای انتقال وجه از یک حساب بانکی به حساب دیگری مورد استفاده قرار می گیرد.
آیا می توان تراکنش کارت به کارت که در همراه بانک انجام شده است را بازیابی کرد؟,خوش آمدید! به طور کلی، تراکنش های کارت به کارت که در همراه بانک انجام شده است، در مدت زمان معینی قابل بازیابی هستند. این مدت زمان معمولاً 1 تا 3 سال است، اما این زمان ممکن است در هر بانک یا مؤسسه مالی متفاوت باشد.

به طور کلی، برای بازیابی تراکنش های کارت به کارت، به یک درخواست به همراه یک مدارک لازم است که شامل نام و نام خانوادگی، شماره کارت و شماره تراکنش است. این درخواست را می توانید به طریق آنلاین یا حضوری در شعبه بانک ارائه دهید.

شایان ذکر است که برخی از بانک ها، به عنوان مثال بانک ملی، به شما امکان بازیابی تراکنش های کارت به کارت را در مدت زمان طولانی تر از حد معمول، مانند 5 سال، می دهند. بنابراین، برای اطمینان از اینکه می توانید تراکنش های کارت به کارت را بازیابی کنید یا خیر، باید با بانک مورد نظر خود تماس بگیرید.
آیا مشتریان اتباع می توانند انتقال وجه حساب به حساب تجارت انجام دهند؟,بله، مشتریان اتباع می توانند انتقال وجه حساب به حساب تجارت انجام دهند. با این حال، ممکن است برخی محدودیت ها و شرایط وجود داشته باشد که باید به آن توجه کرد. برای مثال، ممکن است برخی بانکی‌ها محدودیت‌هایی در انتقال وجه بین حساب‌های مختلف دارند یا ممکن است نیاز به تأیید یا درج برخی اطلاعات باشد.

به طور کلی، مشتریان اتباع می توانند انتقال وجه حساب به حساب تجارت انجام دهند، اما برای اطمینان از اینکه آیا این امکان وجود دارد یا خیر، توصیه می کنم که با بانک خود تماس بگیرید و از شرایط و محدودیت‌های مربوطه آگاه شوید.
قصد انجام حساب به حساب از قسمت شتابی همراه بانک دارم؟ولی نمیتوانم؟,عجیب! مشکل حساب به حساب از قسمت شتابی همراه بانک، ممکن است به دلیل مختلفی باشد. می‌توانید چند مورد احتمالی را بررسی کنید: 1. وضعیت اعتبار حساب: ممکن است حساب شما بسته شده یا در حالت تعلیق باشد. برای بررسی این موضوع، می‌توانید به بخش خدمات مشتری همراه بانک مراجعه کنید یا با شماره تلفن همراه بانک تماس بگیرید. 2. اعتبار کدملی: کدملی شما ممکن است منقضی شده یا معتبر نیست. برای حل این مشکل، می‌توانید کدملی خود را با واحد خدمات مشتری همراه بانک بررسی کنید. 3. رمز عبور: رمز عبور شما ممکن است اشتباه یا منقضی شده باشد. برای حل این مشکل، می‌توانید رمز عبور خود را با واحد خدمات مشتری همراه بانک بازیابی کنید. 4. محدودیت‌های بانکی: ممکن است محدودیت‌های بانکی وجود داشته باشد که مانع از انجام حساب به حساب از قسمت شتابی همراه بانک شود. برای حل این مشکل، می‌توانید با واحد خدمات مشتری همراه بانک تماس بگیرید تا در مورد محدودیت‌ها و راه حل آن‌ها راهنمایی کنید.

در صورت نیاز به کمک بیشتر، می‌توانید با من
سقف انتقال وجه کارت به کارت در همراه بانک چقدر است؟,به شما اطلاع می‌دهم که سقف انتقال وجه کارت به کارت در همراه بانک 50 میلیون تومان است. البته این محدودیت ممکن است با تغییرات و بروز رسانی‌های بعدی همراه بانک تغییر کند. برای اطلاع دقیق‌تر، توصیه می‌کنم که به سایت همراه بانک مراجعه کنید یا با یکی از نمایندگان این بانک تماس بگیرید.
مشتری در زمان انتقال وجه از همراه بانک بیش از 5 میلیون تومان نمی تواند انتقال دهد؟,خیر، در زمان انتقال وجه از همراه بانک، محدودیت‌هایی در مورد مبلغ انتقال وجود دارد. حداکثر مبلغ انتقال ممکن از طریق همراه بانک 50 میلیون تومان است. اگر شما قصد انتقال وجهی را در این مقدار یا بیشتر دارید، باید به یک شعبه بانک مراجعه کنید.
برای انتقال وجه کارت به کارت از کدام منوی همراه بانک باید اقدام نمود؟,برای انتقال وجه کارت به کارت از منوی "پرداخت و دریافت" یا "پرداخت های خودکار" در نرم افزار همراه بانک باید اقدام نمود. در این منوی می توانید وجه را به یک کارت دیگر ارسال کنید.
انتقال وجه کارت به کارت از همراه بانک با چه رمزی انجام می شود؟,در اکثر بانک‌های ایران، انتقال وجه کارت به کارت از همراه بانک با رمز دوم کارت انجام می‌شود. این رمز، یک کد امنیتی 4 رقمی است که به‌عنوان شناسایی کاربر در هر یک از عملیات‌های مالی استفاده می‌شود. با وارد کردن این رمز، کاربر می‌تواند عملیات انتقال وجه را انجام دهد.
شماره مقصد برای انتقال وجه کارت به کارت باید چه شماره ای باشد؟,شما برای انتقال وجه کارت به کارت، شماره مقصد باید همان شماره کارت مقصد باشد. این شماره کارت به شما نشان می دهد که کدام کارت میزبان برای دریافت پول است. معمولاً این شماره 16 رقمی است و در پشت کارت یا روی کارت چاپ شده است.
آیا می توان به تمامی کارت های سایر بانک ها انتقال وجه انجام داد؟,خیر، ممکن است انتقال وجه به تمامی کارت های سایر بانک ها امکان پذیر نباشد. این به دلیل متفاوت بودن سیستم های پرداخت و رمزنگاری در بین بانک ها است. بعضی از بانک ها ممکن است از سیستم های پرداخت خاصی استفاده کنند که با سایر بانک ها سازگار نباشد یا ممکن است در مورد بعضی از کارت ها محدودیت هایی وجود داشته باشد. به طور کلی، برای انتقال وجه به کارت یک بانک دیگر، باید اطمینان حاصل کنید که سیستم های پرداخت و رمزنگاری در دو بانک همخوانی داشته باشند. در هر صورت، همیشه بهتر است با بانک خود تماس بگیرید و از امکان انتقال وجه به کارت یک بانک دیگر سوال کنید.
آیا اتباع می توانند انتقال وجه کارت به کارت از همراه بانک انجام دهند و چقدر؟,ممنون از سوال شما! بله، اتباع می توانند انتقال وجه کارت به کارت از همراه بانک انجام دهند.

در همراه بانک، انتقال وجه کارت به کارت با استفاده از روش های مختلف انجام می شود، از جمله: 1. انتقال وجه از طریق اینترنت بانک: با استفاده از اینترنت بانک همراه، می توانید به راحتی انتقال وجه از یک کارت بانکی به کارت دیگری انجام دهید. مبلغ انتقال وجه می تواند بین 5 هزار تومان تا 50 میلیون تومان باشد، که بسته به نوع کارتی که استفاده می کنید، متفاوت است. 2. انتقال وجه از طریق اپلیکیشن همراه بانک: می توانید با استفاده از اپلیکیشن همراه بانک، انتقال وجه از یک کارت بانکی به کارت دیگری انجام دهید. مبلغ انتقال وجه می تواند بین 5 هزار تومان تا 50 میلیون تومان باشد، که بسته به نوع کارتی که استفاده می کنید، متفاوت است. 3. انتقال وجه از طریق دستگاه های خودپرداز: می توانید با استفاده از دستگاه های خودپرداز در شعب بانک، انتقال وجه از یک کارت بانکی به کارت دیگری انجام دهید. مبلغ انتقال وجه می تواند بین 5 هزار تومان تا 50 میلیون تومان باشد، که بسته به نوع کارتی که استفاده
زمانبندی انتقال وجه کارت به کارت چگونه است؟,در زمانبندی انتقال وجه کارت به کارت، معمولاً زمان انتقال وجه به این صورت است:* برای انتقال وجه بین دو بانک داخلی ایران، زمان انتقال وجه معمولاً تا 30 دقیقه است و در برخی موارد تا 1 ساعت هم ممکن است زمان برداری کند.* برای انتقال وجه بین دو بانک داخلی ایران و یک بانک خارجی، زمان انتقال وجه معمولاً تا 2-3 ساعت است، زیرا باید زمان برای انتقال اطلاعات و انجام معاملات بین بانکی در نظر گرفته شود.* برای انتقال وجه بین دو بانک خارجی، زمان انتقال وجه معمولاً تا 24 ساعت است، زیرا باید زمان برای انجام معاملات بین بانکی در نظر گرفته شود و ممکن است زمان انتقال وجه به دلیل تفاوت ساعت کاری بانک‌ها یا مسائل فنی، افزایش یابد.

توجه داشته باشید که زمان انتقال وجه، بسته به نوع خدمات ارائه شده توسط بانک و نوع انتقال وجه، متفاوت است. برای اطمینان از زمان انتقال وجه، به بانک خود مراجعه کنید.
آیا می توان تراکنش کارت به کارت که در همراه بانک انجام شده است را بازیابی کرد؟,ممنون از سوال شما!

در مورد تراکنش‌های کارت به کارت انجام شده در همراه بانک، متأسفانه نمی‌توان آن‌ها را بازیابی کرد، زیرا همراه بانک تراکنش‌های این نوع را به طور خودکار پاک می‌کند.

با این حال، اگر تراکنش مشکوک یا نادرست باشد، می‌توانید با همراه بانک تماس بگیرید و درخواست بررسی و اصلاح آن را بدهید. آنها ممکن است تراکنش را بررسی کنند و در صورت نیاز، اصلاح یا حذف آن را انجام دهند.

توجه داشته باشید که برای بازیابی تراکنش‌های دیگر مانند تراکنش‌های خرید یا واریز، می‌توانید با همراه بانک تماس بگیرید و درخواست بررسی و اصلاح آن را بدهید. آنها ممکن است بتوانند تراکنش را بازیابی کنند.
از همراه بانک کارت به کارت انجام دادم با وجود ناموفق بودن پول به حسابم برنگشته است؟,عصر بخیر، دوست عزیز! اگر با وجود ناموفق بودن پول، پول به حساب شما بازنگشت، احتمالاً مشکل در سیستم بانکی یا مشکلات فنی وجود دارد. توصیه می کنم با بانک خود تماس بگیرید و در مورد این موضوع شکایت کنید. آنها می توانند به شما توضیح دهند که چه چیزی رخ داده است و چطور مشکل را حل کنند.

همچنین می توانید با مراجعه به شعب بانک یا مراجعه به بخش خدمات مشتری، مشکل را پیگیری کنید. اگر مشکل همچنان برقرار باشد، می توانید شکایت خود را به نهادهای نظارتی مانند شورای عالی بانک‌ها یا کمیسیون بورس و اوراق بهادار ارسال کنید تا به شما کمک کنند.
موقع انتقال وجه کارت به کارت از همراه بانک خطای اطلاعات درگاه خود را وارد نمایید مشاهده می گردد ، علی رغم فعال سازی قبلی رمز پویا روش حل مشکل چگونه می باشد؟,شما ممکن است به دلیل ورود اطلاعات درگاه اشتباه یا مغایرت بین اطلاعات درگاه و اطلاعات سیستم بانکی، از این خطا برخوردار شوید. برای حل مشکل، توصیه می شود که به مرورسایت همراه بانک مراجعه کنید و از بخش «پاسخگویی» یا «پنل مشتری» به درگاه خود دسترسی پیدا کنید و اطلاعات درگاه را با اطلاعات سیستم بانکی تطبیق دهید.

علاوه بر این، ممکن است رمز پویا شما منقضی شده باشد یا با اطلاعات درگاه مغایرت داشته باشد. در این صورت، می توانید رمز پویا خود را از طریق مرورسایت همراه بانک یا از طریق تلفن به نماینده بانک مشورت دهید.

در صورت نیاز، می توانید برای درج شکایت و درخواست کمک، به بخش «پاسخگویی» یا «پنل مشتری» مراجعه کنید و از خدمات ارائه شده توسط بانک استفاده کنید.
انتقال وجه کارت به کارت از همراه بانک انجام می دهم خطای طول شماره حساب مقصد نامعتبر است؟,مطمئناً یک خطای رایج است! خطای "طول شماره حساب مقصد نامعتبر" معمولاً به دلیل طول شماره حساب مقصد بیشتر از 19 رقم یا کمتر از 10 رقم است. برای حل این مشکل، باید اطمینان حاصل کنید که شماره حساب مقصد دقیق و正確 است و همچنین اطمینان حاصل کنید که حساب مقصد در سیستم بانکی فعال است. در صورت نیاز، با همراه بانک خود تماس بگیرید تا اطلاعات بیشتری را در مورد این مشکل کسب کنید.
زمان انتقال وجه با کارت در همراه بانک پیغام اطلاعات مربوط به کارت صحیح نمیباشد مواجه میشوم,شما با این پیام مشکل دارید که زمان انتقال وجه با کارت در همراه بانک پیغام اطلاعات مربوط به کارت صحیح نمیباشد مواجه میشوید؟

این پیام اغلب به دلیل اینکه اطلاعات کارت شما در بانک فیلد یا نادرست است، یا اینکه کارت شما از حالت فعال خارج شده است، یا اینکه حداکثر سقف برداشت از حساب شما به دلیل فعالیت های مشکوک یا غیر معمول در حساب شما محدود شده است، یا اینکه اطلاعات امنیتی کارت شما با اطلاعات ذخیره شده در بانک مطابقت ندارد، به وجود می آید.

برای حل این مشکل، توصیه می کنم با بانک خود تماس بگیرید و اطلاعات کارت خود را بررسی کنید. همچنین می توانید از خدمات مشتری بانک خود استفاده کنید تا مشکل را برطرف کنند. در صورت نیاز، ممکن است برای بازنشانی اطلاعات کارت خود یا برای فعال کردن مجدد کارت خود، مدارک لازم را ارائه دهید.
چگونه می توانم سرویس پیامک لحظه ای را فعال کنم؟,یکی از راه‌های فعال کردن سرویس پیامک لحظه‌ای، به طور کلی، استفاده از یک اپلیکیشن پیامک مانند "نفیس" یا "آیرو" است که امکان ارسال پیامک‌های لحظه‌ای را فراهم می‌کند. برای فعال کردن این سرویس، باید در ابتدا یک حساب کاربری در یکی از این اپلیکیشن‌ها ایجاد کنید و سپس از طریق آن، پیامک‌های خود را ارسال کنید.

از سوی دیگر، برخی از اپراتورهای تلفن همراه، مانند "ایرانسل" و "رایانر"، سرویس پیامک لحظه‌ای را ارائه می‌کنند که می‌توانید از طریق سایت یا اپلیکیشن آنها، این سرویس را فعال کنید. برای مثال، در سایت ایرانسل، می‌توانید به صفحه "سرویس‌های اضافی" بروید و از آنجا، سرویس پیامک لحظه‌ای را فعال کنید.

در نهایت، برخی از ارائه دهندگان خدمات پیامک، مانند "نفیس"، همچنین امکان فعال کردن سرویس پیامک لحظه‌ای را از طریق یک حساب کاربری یا یک برنامه نویسی به شما می‌دهند. برای مثال، می‌توانید از طریق سایت "نفیس"،
در صورتی که مشتری ادعا کند پیامک لحظه ای ایشان که از همراه بانک فعال شده است غیر فعال شده است راه حل چیست؟,در صورتی که مشتری ادعا کند پیامک لحظه ای ایشان که از همراه بانک فعال شده است غیر فعال شده است، راه حل ممکن است به شرح زیر باشد: 1. بررسی وضعیت پیامک: ابتدا باید وضعیت پیامک مشتری را بررسی کنید و ببینید آیا پیامک در سیستم پیامکی ما وجود دارد یا خیر؟ در صورت وجود، آیا پیامک فعال است یا خیر؟ اگر پیامک فعال است، آیا مشتری از ارسال آن آگاه است یا خیر؟ 2. بررسی شرایط ارسال پیامک: در صورت وجود پیامک، بررسی کنید که آیا شرایط ارسال پیامک رعایت شده است یا خیر؟ آیا مشتری از ارسال پیامک آگاه است یا خیر؟ آیا مشتری از فعال یا غیر فعال بودن پیامک اطلاع دارد یا خیر؟ 3. بررسی سیستم پیامکی: در صورت وجود مشکلات در سیستم پیامکی، باید بررسی کنید که آیا سیستم پیامکی در حال کار است یا خیر؟ آیا سیستم پیامکی در زمان ارسال پیامک دچار مشکل بوده است یا خیر؟ آیا سیستم پیامکی در زمان ارسال پیامک غیر فعال بوده است یا خیر؟ 4. بررسی مشتری: در صورت وجود مشکلات در سیستم پیامکی، باید بررسی کنید که آیا مشتری از ارسال پیام
به چند روش می توان از همراه بانک شارژ خریداری نمود؟,آهان! شما می توانید از طریق چند روش مختلف از همراه بانک شارژ خریداری کنید. برخی از روش های رایج شامل: 1. استفاده از وب سایت همراه بانک: شما می توانید از طریق وب سایت رسمی همراه بانک، شارژ خود را خریداری کنید و به‌علاوه از تخفیفات و پیشنهادهای ویژه هم استفاده کنید. 2. استفاده از نرم افزار همراه بانک: نرم افزار همراه بانک در دستگاه‌های هوشمند خود را راه اندازی کرده و از طریق آن، شارژ خود را خریداری کنید و به‌علاوه از امکانات و سرویس‌های ارائه شده توسط همراه بانک استفاده کنید. 3. مراجعه به شعب بانک: شما می توانید به شعب بانک مراجعه کرده و از طریق یک نماینده، شارژ خود را خریداری کنید. 4. استفاده از فروشگاه های مجازی: برخی از فروشگاه های مجازی در ایران، خدمات شارژ همراه بانک را ارائه می دهند و شما می توانید از طریق آنها شارژ خود را خریداری کنید. 5. استفاده از اپلیکیشن های دیگر: برخی از اپلیکیشن های دیگر، خدمات شارژ همراه بانک را ارائه می دهند و شما می توانید از طریق آنها شارژ خود را خریداری کنید.

به هر
از کدام منوی همراه بانک می توان شارژ و بسته خریداری کرد؟,خوش آمدید! از طریق اپلیکیشن همراه بانک، می توانید شارژ و بسته خریداری کنید. در بیشتر بانک‌ها، این امکان وجود دارد که از طریق اپلیکیشن همراه بانک، شارژ و بسته خریداری کنید و حتی از تخفیف و پیشنهاد ویژه بهره ببرید. لطفاً به سایت یا اپلیکیشن بانک خود مراجعه کنید و اطلاعات بیشتری را برای شما ارائه دهد.
ایا می توان از همراه بانک تجارت برای سایر افراد نیز شارژ یا بسته اینترنتی دریافت کرد؟,خیر، به طور کلی، همراه بانک تجارت برای شارژ یا بسته اینترنتی فقط برای مشتریان خود فعال است. این خدمات معمولاً برای مشتریان یک بانک خاص ارائه می شود و برای دیگران قابل استفاده نیست. با این حال، ممکن است برخی از بانک‌ها خدمات مشترکی را ارائه دهند که از طریق یک پلتفرم یا یک برنامه خاص قابل دسترسی باشد. برای اطمینان از امکان استفاده از این خدمات، بهتر است با بانک تجارت تماس بگیرید یا از طریق سایت یا برنامه آنها به اطلاعات بیشتر دسترسی داشته باشید.
در منوی حساب کاربری ، تنظیمات ، گزینه تکانک به چه منظوری می باشد؟,در منوی حساب کاربری، گزینه "تکانک" به منظوری وجود دارد که به شما اجازه می دهد، تراکنش های مالی خود را بررسی کنید و به راحتی می توانید تراکنش های قبلی خود را بازبینی کنید و یا آنها را ویرایش کنید. این گزینه به شما کمک می کند تا از عملکرد حساب کاربری خود مطمئن شوید و در صورت نیاز، هرگونه خطای در تراکنش های مالی خود را برطرف کنید.
آیا می توان تراکنش خرید شارژ و بسته را که در همراه بانک انجام شده است را بازیابی کرد؟,خوش آمدید! به سوال شما پاسخ می دهم. در بسیاری از بانک های ایران، امکان بازیابی تراکنش خرید شارژ و بسته که در همراه بانک انجام شده است وجود دارد، اما این امکان بسته به بانک و نحوه عملکرد آن متفاوت است.

در بسیاری از بانک ها، می توان با درج یک درخواست به بانک و ارائه مدارک مورد نیاز، تراکنش خرید شارژ و بسته را بازیابی کرد. این درخواست باید همراه با مدارک لازم، مانند فیش بانکی، تصویر تراکنش و شماره تراکنش، ارسال شود.

به طور کلی، بانک ها معمولاً در مورد درخواست های بازیابی تراکنش، زمان های خاصی برای بررسی و پاسخگویی قائل می شوند، بنابراین بهتر است در زمان انجام تراکنش، با بانک تماس بگیرید و درخواست خود را ارائه دهید تا زمان بیشتری برای بررسی و پاسخگویی داشته باشید.

به هر حال، برای اطمینان از اینکه آیا می توان تراکنش خرید شارژ و بسته را بازیابی کرد یا نه، می توانید با بانک خود تماس بگیرید و در مورد امکان بازیابی تراکنش سوال کنید.
از طریق همراه بانک بسته اینترنتی و شارژ خریداری کردم ولی اعمال نشده است؟,شکایت شما مهم است. اگر از طریق همراه بانک بسته اینترنتی و شارژ خریداری کردید، ولی اعمال نشده است، چندین دلیل ممکن دارد. برای حل این مشکل، توصیه می کنم که به همراه بانک مراجعه کنید و با کارشناس تماس بگیرید. همچنین می توانید به صفحه شخصی خود در همراه بانک مراجعه کنید و برای تغییرات یا درج سوالات خود از طریق سیستم پیام رسانی یا تماس تلفنی کمک بگیرید. ممکن است نیاز باشد که شماره تراکنش یا کد رهگیری را برای حل مشکل ارائه دهید.
آیا در همراه بانک گزینه پرداخت اقساط وجود دارد؟,بله، در بسیاری از همراه بانک‌ها گزینه پرداخت اقساط برای برخی از کارهای اعتباری مانند قرض‌الحسنه، قرض‌تکالیف و سایر قرض‌های تجاری و شخصی وجود دارد. این گزینه برای تسویه حساب اقساط به صورت ماهیانه، سه ماهیانه، یا سالانه فراهم شده است. با این وجود، امکان وجود این گزینه در هر همراه بانک خاصی بستگی به سیاست‌های و ضوابط آن بانک دارد. بنابراین، برای تأیید وجود یا عدم وجود این گزینه در همراه بانک مورد نظر، می‌توانید با بانک تماس بگیرید یا در سایت بانک اطلاعات را بررسی کنید.
گزینه مدیریت اقساط در کدام منوی همراه می باشد؟,گزینه مدیریت اقساط در منوی "پیشنهادها" یا "پیشنهادها" در کنار منوی "پلتفرم" یا "پلتفرم" در اکثر نرم افزارها یافت می شود.
گزینه مدیریت اقساط در همراه بانک چه کارکردی دارد؟,در همراه بانک، گزینه مدیریت اقساط به شما امکان می دهد تا اقساط و پرداخت های خود را مدیریت کنید. این گزینه به شما اجازه می دهد تا: 1. اقساط خود را به روز نگه دارید: می توانید اقساط خود را به روز نگه دارید و در مورد اقساطی که پرداخت نشده اند یا در مورد اقساطی که به زودی پرداخت می شوند، اطلاع حاصل کنید. 2. اقساط را در یکجا پرداخت کنید: می توانید اقساط خود را در یکجا پرداخت کنید تا از پرداخت اقساط در ماه های آینده خودداری کنید. 3. اقساط را در چندین مرحله پرداخت کنید: می توانید اقساط خود را در چندین مرحله پرداخت کنید تا از فشار مالی خودداری کنید. 4. اقساط را از طریق بانکی که به آن وصل هستید، پرداخت کنید: می توانید اقساط خود را از طریق بانکی که به آن وصل هستید، پرداخت کنید تا از پرداخت اقساط از طریق دیگری خودداری کنید.

به طور کلی، گزینه مدیریت اقساط در همراه بانک، امکان مدیریت اقساط و پرداخت های خود را به شما می دهد تا از مدیریت مالی خود در یکجا کمک
با توجه به اینکه در همراه بانک گزینه پرداخت اقساط وجود دندارد چطور می توان اقساط بانک تجارت و سایر بانک ها را پرداخت کرد؟,با سلام، به دلیل اینکه در همراه بانک گزینه پرداخت اقساط وجود دارد، شما می‌توانید اقساط بانک تجارت و سایر بانک‌ها را از طریق این گزینه پرداخت کنید. برای انجام این کار، می‌توانید از این مراحل استفاده کنید: 1. در همراه بانک، گزینه "پرداخت اقساط" را انتخاب کنید. 2. گزینه "پرداخت اقساط سایر بانک‌ها" یا "پرداخت اقساط بانک تجارت" را انتخاب کنید، بسته به بانک مورد نظر شما. 3. شماره شبا یا کد پلاک اقساط را وارد کنید. 4. مبلغ اقساطی را که می‌خواهید پرداخت کنید، وارد کنید. 5. گزینه "پرداخت" را انتخاب کنید تا اقساط به حساب شما انتقال داده شود.

این روش ساده و سریع برای پرداخت اقساط بانک‌ها است، و شما می‌توانید از هر جایی که همراه بانک را نصب کرده‌اید، این کار را انجام دهید.
پرداخت قبض از همراه بانک به چند روش امکان پذیر است؟,با سلام، پرداخت قبض از همراه بانک به چند روش امکان پذیر است: 1. روش اول: استفاده از نرم افزار همراه بانک، که در دستگاه های تلفن همراه و تبلت های شما نصب شده است. برای پرداخت قبض از طریق همراه بانک، باید از این نرم افزار استفاده کنید و کد پرداخت قبض را وارد کنید و سپس مبلغ مورد نظر را پرداخت کنید.
 2. روش دوم: پرداخت از طریق سایت همراه بانک، که در وب سایت همراه بانک موجود است. برای پرداخت از طریق سایت همراه بانک، باید از یک دستگاه با دسترسی به اینترنت استفاده کنید و سپس کد پرداخت قبض را وارد کنید و سپس مبلغ مورد نظر را پرداخت کنید.
 3. روش سوم: پرداخت از طریق SMS، که شما می توانید از طریق پیام کوتاه و با استفاده از کد پرداخت قبض و مبلغ مورد نظر، پرداخت کنید.
 4. روش چهارم: پرداخت از طریق دستگاه های خودپرداز، که در اغلب مناطق و شهرهای بزرگ ایران موجود است. برای پرداخت از طریق دستگاه های خودپرداز، باید از یک دستگاه خودپرداز استفاده کنید و سپس کد پرداخت قبض را وارد کنید و سپس مبلغ مورد نظر را پرداخت کنید.
 5. روش پنجم: پرداخت از طریق شعبات همراه بانک، که
قبوض همراه بانک را چطور از طریق همراه بانک میتوانم پرداخت نمایم؟,ممنون از سوال شما! برای پرداخت قبوض همراه بانک، می‌توانید از طریق همراه بانک به این روش‌ها دسترسی داشته باشید: 1. از طریق اپلیکیشن همراه بانک: می‌توانید از طریق اپلیکیشن همراه بانک خود، قبوض را پرداخت کنید. برای این کار، باید ابتدا اپلیکیشن را دانلود کنید و سپس با وارد کردن اطلاعات حساب خود، به صفحه قبوض دسترسی داشته باشید و قبوض مورد نظر را پرداخت کنید. 2. از طریق سایت همراه بانک: می‌توانید از طریق سایت همراه بانک، قبوض را پرداخت کنید. برای این کار، باید ابتدا به سایت همراه بانک بروید و سپس با وارد کردن اطلاعات حساب خود، به صفحه قبوض دسترسی داشته باشید و قبوض مورد نظر را پرداخت کنید. 3. از طریق SMS: می‌توانید از طریق پیامک، قبوض را پرداخت کنید. برای این کار، باید از طریق پیامک، کد پرداخت را دریافت کنید و سپس آن را در کادر وارد کنید تا قبوض را پرداخت کنید.

به طور کلی، برای پرداخت قبوض همراه بانک، باید ابتدا اطلاعات حساب خود را وارد کنید، سپس قبوض مورد نظر را انتخاب کنید و نهایتاً
قبض همراه اول را با همراه بانک واریز نموده ام ،تراکنش موفق بوده ولی عدم پرداخت قبض پیامک شده؟,شما در مورد عدم پرداخت قبض پیامک شده از همراه اول، مشکلی دارید. برای حل این مشکل، توصیه می شود که به نزدیکترین شعبه همراه اول مراجعه کنید و با کارشناس آن صحبت کنید. همچنین می توانید با تماس با واحد خدمات مشتری همراه اول، در مورد این موضوع شکایت کنید و به شما کمک می شود. 

علاوه بر این، می توانید برای پیگیری این موضوع، به صفحه شخصی خود در وب سایت همراه اول مراجعه کنید و از بخش «پرداخت ها» یا «تراکنش ها»، به دنبال تراکنش مربوط به واریز پول بگرید و از آنجا می توانید برای پیگیری مشکل، درخواست کنید. 

با امید به اینکه بتوانید این مشکل را حل کنید.
چگونه میتوانم از طریق همراه بانک کارتم را مسدودکنم؟,با عرض سلام! برای مسدود کردن کارتم از طریق همراه بانک، باید به مراحل زیر عمل کنید: 1. اولین مرحله، نصب و دانلود اپلیکیشن همراه بانک است. برای این کار، به وب سایت رسمی همراه بانک بروید و از لینک دانلود اپلیکیشن، آن را دانلود کنید و نصب کنید. 2. در مرحله بعدی، باید از حساب خودتان با همراه بانک استفاده کنید. برای این کار، نام کاربری و رمز عبور خود را وارد کنید. 3. پس از ورود، روی گزینه "مسدود کردن" یا "بلاک" کلیک کنید. این گزینه ممکن است با نام یا عنوان دیگری باشد، اما به طور کلی در منوی اصلی اپلیکیشن وجود دارد. 4. در پنجره باز شده، باید اطلاعات کارتم خود را وارد کنید، مانند شماره کارتم و رمز عبور. سپس روی گزینه "تایید" کلیک کنید تا کارتم شما مسدود شود. 5. پس از تأیید، کارتم شما مسدود شده است و دیگر نمی توانید از آن برای انجام معاملات استفاده کنید.

به طور کلی، بهتر است قبل از مسدود کردن کارتم، اطمینان حاصل کنید که از همه معاملات خود در همراه
گزینه درخواست وجه در منوی اصلی حساب درهمراه بانک چه خدماتی دارد؟,در منوی درخواست وجه در حساب شما درهمراه بانک، شما می‌توانید از خدمات زیر استفاده کنید: 1. درخواست وجه: امکان درخواست وجه از طریق SMS یا اپلیکیشن درهمراه بانک برای دریافت وجه در محل یا ارسال وجه به یک حساب دیگر. 2. درخواست وجه از طریق QR: با اسکن یک کد QR، می‌توانید درخواست وجه کنید و وجه را در محل دریافت کنید یا به یک حساب دیگر ارسال کنید. 3. درخواست وجه از طریق کارت: با استفاده از کارت اعتباری یا ویزیت، می‌توانید درخواست وجه کنید و وجه را در محل دریافت کنید یا به یک حساب دیگر ارسال کنید. 4. درخواست وجه از طریق اپلیکیشن درهمراه بانک: با استفاده از اپلیکیشن درهمراه بانک، می‌توانید درخواست وجه کنید و وجه را در محل دریافت کنید یا به یک حساب دیگر ارسال کنید.

این خدمات به شما امکان می‌دهد درخواست وجه را در هر زمان و در هر مکان انجام دهید و از خدمات درهمراه بانک استفاده کنید.
گزینه خدمات خودرو در منوی اصلی حساب درهمراه بانک چه خدماتی دارد؟,با سلام! در منوی اصلی حساب درهمراه بانک، گزینه خدمات خودرو شامل موارد زیر است: 1. شارژ حساب برای پرداخت هزینه های خودرو 2. مدیریت حساب برای مدیریت بودجه و بودجه خودرو 3. پرداخت قسط برای پرداخت اقساط و وام های خودرو 4. پیگیری امور خودرو برای پیگیری امور مربوط به خودرو، مانند صدور گواهینامه رانندگی، تغییر مالکیت و غیره 5. پرداخت مالیات برای پرداخت مالیات های مربوط به خودرو

این خدمات به شما کمک می کند تا امور خودرو را با آسایش و راحتی بیشتری مدیریت کنید.
امکانات منوی نیکوکاری درهمراه بانک چیست؟,منوی نیکوکاری در همراهی بانک به امکاناتی اشاره دارد که به طور خاص برای انجام نیکوکاری یا کمک به دیگران در نظر گرفته شده است. برخی از این امکانات عبارتند از: 1. واریز به حساب های خیریه: امکان واریز به حساب های خیریه یا سازمان های غیردولتی که برای کمک به دیگران فعالیت می کنند. 2. پرداخت به حساب های شخصی: امکان پرداخت به حساب های شخصی افرادی که در نیاز هستند، مانند بیماران یا افراد بی خانمان. 3. واریز به حساب های اعانه: امکان واریز به حساب های اعانه یا صندوق های خیریه که برای کمک به دیگران فعالیت می کنند. 4. پرداخت به حساب های خیریه: امکان پرداخت به حساب های خیریه یا سازمان های غیردولتی که برای کمک به دیگران فعالیت می کنند. 5. واریز به حساب های کمک به کودکان: امکان واریز به حساب های کمک به کودکان یا سازمان های غیردولتی که برای حمایت از کودکان فعالیت می کنند. 6. پرداخت به حساب های کمک به معلولان: امکان پرداخت به حساب های کمک به معلولان یا سازمان های غیردولتی که برای حمایت از معلول
گزینه خدمات چک در کدام منو همراه بانک است؟,گزینه خدمات چک در منوی "پنل مشترک" یا "پنل کارگزار" همراه بانک است.
منوی خدمات چک شامل چه گزینه هایی می باشد؟,خوش آمدید! منوی خدمات چک معمولا شامل گزینه های زیر است: 1. خدمات حسابداری: ارائه خدمات حسابداری برای شرکت ها و سازمان ها، از جمله تهیه و تنظیم حسابهای مالی، ارائه گزارش های مالی و حسابرسی. 2. خدمات مشاوره ای: ارائه مشاوره های مالی و حسابداری برای کمک به تصمیم گیری در زمینه امور مالی و تجاری. 3. خدمات ارزیابی و حسابرسی: ارائه خدمات ارزیابی و حسابرسی برای بررسی عملکرد شرکت ها و سازمان ها، و ارائه توصیه های برای بهبود عملکرد و کاهش ریسک ها. 4. خدمات مالی: ارائه خدمات مالی از جمله تسهیلات و وام های تجاری، و کمک به کسب و کارها در زمینه امور مالی و تجاری. 5. خدمات فناوری اطلاعات: ارائه خدمات فناوری اطلاعات از جمله حسابداری الکترونیکی، و کمک به کسب و کارها در زمینه فناوری اطلاعات و ارتباطات.

این خدمات می تواند در یک منوی خدمات چک ارائه شود، اما ممکن است بسته به نیازهای خاص شرکت یا سازمان، خدمات دیگری نیز در آن وجود داشته باشد.
گزینه چک کاغذی شامل چه گزینه هایی می باشد؟,با سلام! گزینه چک کاغذی معمولاً شامل موارد زیر است: 1. چک دريافتی: برای پرداخت یک فقره از موجودی حساب 2. چک تراکنشی: برای پرداخت یک فقره از موجودی حساب و انتقال وجه به حساب دیگری 3. چک تسهیلات: برای دریافت تسهیلات از بانک یا مؤسسه مالی 4. چک اسناد: برای پرداخت یک فقره از موجودی حساب با ضمانت اسناد 5. چک تسهیلات اسناد: برای دریافت تسهیلات از بانک یا مؤسسه مالی با ضمانت اسناد

این گزینه ها بسته به بانک یا مؤسسه مالی ممکن است متفاوت باشد.
گزینه صدور چک چه کاری انجام می دهد؟,گزینه صدور چک، یک دستورالعمل است که توسط بانک یا مؤسسات مالی صادر می شود تا به مودیعانی که از خدمات مالی استفاده می کنند، اجازه می دهد تا از حساب خود مبلغی را برداشت کنند و به شخص یا مؤسسه دیگری تحویل دهند. این دستورالعمل با نام و امضای متقاضی صادر می شود و از سوی بانک یا مؤسسه مالی که آن را صادر کرده است، تأیید می شود. صدور چک معمولاً برای پرداخت درآمدهای و هزینه های مالی استفاده می شود، مانند پرداخت بهای اجاره یا پرداخت بهای کالا و خدمات.
آیا می توان به نفع اتباع چک صادر کرد؟,به نظر می رسد که صادر کردن چک به نفع اتباع یک امر دشوار است، زیرا چکها معمولاً در کشور محل صدور آنها واگذاری دارد و برای دریافت وجه در کشور محل صدور لازم است. علاوه بر این، صدور چک به نفع اتباع ممکن است با مقررات و قوانین مالی و بانکی در هر کشور مطابقت نکند و می تواند مشکلاتی را برای اتباع ایجاد کند.

از سوی دیگر، در برخی از کشورها، صدور چک به نفع اتباع ممکن است با برخی محدودیت ها و الزامات همراه باشد، مانند الزامات مربوط به اعتبار مالی یا شرایط خاصی که برای صدور چک به نفع اتباع لازم است.

بنابراین، قبل از صدور چک به نفع اتباع، توصیه می شود که ابتدا با بانک یا موسسه مالی که چک را صادر می کند مشورت کنید و اطمینان حاصل کنید که صدور چک به نفع اتباع در آن کشور قانونی است و مطابق با مقررات مالی و بانکی آن کشور است.
آآیا برای ثبت چک نیاز به رمز پویای حسابی داریم؟,خوش آمدید! در پاسخ به پرسش شما، برای ثبت چک در بسیاری از بانک‌ها و مؤسسات مالی، رمز پویای حساب یا کد فعال‌سازی ضروری است. این کد معمولاً از طریق پیامک یا ایمیل به حسابدار یا صاحب حساب ارسال می‌شود و برای تأیید هویت و صحت نقل و انتقال پول استفاده می‌شود. بنابراین، تأیید و وارد کردن رمز پویای حساب برای ثبت چک الزامی است. لطفاً با بانک یا مؤسسه مالی خود تماس بگیرید تا در مورد فرآیند ثبت چک و نیاز به رمز پویای حساب اطلاعات دقیق‌تر دریافت کنید.
گزینه تأییید و لغو چک چه کاری انجام می دهد؟,گزینه تأیید و لغو چک فرآیندی است که برای تأیید و لغو چک های بانکی استفاده می شود. این گزینه ها به ترتیب زیر عمل می کنند:* تأیید چک: هنگامی که یک چک تأیید می شود، بانک تأیید کننده، مبلغ چک را به حساب صاحب چک واریز می کند و صاحب چک می تواند از مبلغ چک استفاده کند.* لغو چک: هنگامی که یک چک لغو می شود، بانک تأیید کننده، مبلغ چک را به حساب صاحب چک واریز نمی کند و صاحب چک نمی تواند از مبلغ چک استفاده کند. معمولاً در مواقعی که چک در تاریخ انقضای خود باشد یا صاحب چک از آن استفاده نکند، چک لغو می شود.
آآیا برای تأیید چک نیاز به رمز پویای حسابی داریم؟,در اغلب موارد، برای تأیید چک، نیاز به رمز پویای حسابی ندارید. بسیاری از بانک‌ها و موسسات مالی، برای تأیید چک، از طریق ارسال یک کد امنیتی یا یک پیام متنی به شما برای تأیید درخواست شما استفاده می‌کنند و از رمز پویای حسابی استفاده نمی‌کنند. با این حال، در برخی موارد ممکن است برای تأیید چک، رمز پویای حسابی مورد نیاز باشد. بنابراین، قبل از ارسال چک، باید با بانک یا موسسه مالی خود تماس بگیرید تا بدانید چه اقداماتی برای تأیید چک مورد نیاز است.
گزینه عودت چک چه کاری انجام می دهد؟,گزینه عودت چک یا بونس چک یک نوع گزینه در حساب‌های بانکی است که به یک مشتری اجازه می دهد، مبلغی را که به طور پیش‌پرداخت یا به عنوان پیش‌پرداخت داده است، بازگرداند یا به حساب خود بازگرداند. این گزینه معمولاً در زمان خرید یا سفارش کالا یا خدمات ارائه می شود و به مشتری کمک می کند تا مبلغی را که به طور پیش‌پرداخت داده است، بازگرداند یا برای استفاده های بعدی ذخیره کند.
گزینه های استعلام چک چه کاری انجام می دهند؟,گزینه های استعلام چک، از جمله: 1. استعلام چک وصولی: برای بررسی وصول یا عدم وصول چک به حسابدار یا ذی‌نفع، استفاده می شود. 2. استعلام چک خزنی: برای بررسی وضعیت چک در خزانه یا در حال تحویل به خزانه، استفاده می شود. 3. استعلام چک بازگشتی: برای بررسی وضعیت چک در حال بازگشت به حسابدار یا ذی‌نفع، استفاده می شود. 4. استعلام چک پرداختنی: برای بررسی وضعیت چک در حال پرداخت، استفاده می شود.

این گزینه ها به حسابدار یا ذی‌نفع کمک می کنند تا در مورد وضعیت چک اطلاع داشته باشند و در صورت نیاز، اقدامات لازم را انجام دهند.
در صورت بروز هر گونه خطا در فرآیند ثبت چک از طریق همراه بانک چه اقدامی صورت می پذیرد؟,در صورت بروز هر گونه خطا در فرآیند ثبت چک از طریق همراه بانک، ممکن است اقداماتی مانند موارد زیر صورت گیرد: 1. پیام خطا: در صورت بروز خطا، همراه بانک ممکن است پیام خطایی را ارسال کند و دلیل خطا را توضیح دهد. 2. بازگشت به مرحله قبلی: در برخی موارد، فرآیند ثبت چک ممکن است به مرحله قبلی بازگردد و کاربر را برای تکمیل فرآیند مجدداً راهنمایی کند. 3. تماس با کارشناس: در صورت نیاز، همراه بانک ممکن است تماس با کارشناس یا کارشناسانی را برای حل مشکل برقرار کند تا به کاربر کمک کند. 4. اصلاح فرآیند: در برخی موارد، همراه بانک ممکن است فرآیند را اصلاح کند تا از بروز خطای مجدد جلوگیری کند و فرآیند را روان‌تر و بی‌บกوع‌تر کند.

لطفاً اگر شما در مورد فرآیند ثبت چک از طریق همراه بانک هر گونه سوال یا شکایتی دارید، با ما در میان بگذارید تا به شما کمک کنیم.
چک دیجیتال چیست؟,چک دیجیتال یا چک الکترونیکی نوعی چک است که به جای چاپ روی کاغذ، اطلاعات خود را در یک پایگاه داده دیجیتال ذخیره می‌کند. این نوع چک‌ها اغلب توسط شرکت‌ها برای پرداخت و مدیریت معاملات مالی خود استفاده می‌شوند و به طرق مختلف از جمله کارت‌های اعتباری، ویزیت و غیره به مشتریان خود ارائه می‌شوند. چک‌های دیجیتال معمولاً با استفاده از رمزنگاری و فناوری‌های امنیتی دیگر برای حفظ امنیت اطلاعات و جلوگیری از سرقت یا سوءاستفاده از اطلاعات، طراحی شده‌اند.
آیا چک دیجیتال به صورت کاغذی می باشد؟,خیر، چک دیجیتال به صورت الکترونیکی و الکترونیکی-نیمه-الکترونیکی وجود دارد، اما به صورت کاغذی وجود ندارد. چک‌های دیجیتال معمولاً به عنوان یک فایل دیجیتالی در یک سیستم یا یک پلتفرمی خاص وجود دارد و یا در یک سامانه پرداخت الکترونیکی، مانند سامانه پرداخت آنلاین یا سامانه پرداخت موبایلی.
مشخصات چک های دیجیتال چگونه است؟,فراموشی چک‌های دیجیتال در حال حاضر یک استاندارد جهانی برای تبادل اطلاعات بین بانکی و غیربانکی است و شامل اطلاعات زیر است: 1. شماره شناسایی چک: شماره یکتا برای شناسایی هر چک، معمولاً در بالای چک چاپ می‌شود. 2. تاریخ چک: تاریخ تحویل چک، معمولاً در بالای چک چاپ می‌شود. 3. شماره حساب: شماره حساب گیرنده چک، معمولاً در پایین چک چاپ می‌شود. 4. نام گیرنده: نام گیرنده چک، معمولاً در پایین چک چاپ می‌شود. 5. مبلغ چک: مبلغ چک، معمولاً در پایین چک چاپ می‌شود. 6. نشانی گیرنده: نشانی گیرنده چک، معمولاً در پایین چک چاپ می‌شود.

این اطلاعات در فرمت استاندارد چک دیجیتال، از جمله ISO 4900، ارائه می‌شود که توسط سازمان بین‌المللی استاندارد (ISO) تعریف شده است. این فرمت استاندارد، تبادل اطلاعات را ساده‌تر می‌کند و اطمینان خاطر بیشتری در مورد هویت و صحت اطلاعات چک ایجاد می‌کند.
مزایای چک دیجیتال جیست؟,چک‌های دیجیتالی با مزایای بسیاری برای ما ارائه می‌دهند. برخی از این مزایا عبارتند از: 1. افزایش سرعت و راحتی در انجام معاملات: چک‌های دیجیتالی به شما امکان می‌دهند تا در هر زمان و از هرجایی، معاملات را انجام دهید و این به افزایش سرعت و راحتی در انجام معاملات کمک می‌کند. 2. کاهش هزینه‌ها: چک‌های دیجیتالی به شما امکان می‌دهند تا در هزینه‌های مرتبط با ارسال و پردازش چک‌ها صرفه جویی کنید و این به کاهش هزینه‌ها کمک می‌کند. 3. افزایش امنیت: چک‌های دیجیتالی با استفاده از فناوری‌های امنیتی مانند رمزنگاری و امضای دیجیتالی، امنیت نقل و انتقال پول را افزایش می‌دهند و از خطر استراق صدا و دزدی جلوگیری می‌کنند. 4. امکان پیگیری و سنجش معاملات: چک‌های دیجیتالی به شما امکان می‌دهند تا معاملات را پیگیری کنید و سنجش و نظارت بر آن را افزایش دهید و این به افزایش اعتماد و اطمینان در نقل و انتقال پول کمک می
سامانه چک دیجیتال چه امکاناتی دارد؟,سامانه چک دیجیتال یا همان چک الکترونیکی یک سیستم امن و مدرن برای انجام معاملات مالی است که امکاناتی را برای تجارت و مبادلات مالی فراهم می کند. برخی از امکانات چک دیجیتال عبارتند از: 1. تسویه حساب سریع و راحت: با استفاده از چک دیجیتال، امکان تسویه حساب های سریع و راحت فراهم می شود، زیرا چک ها به طور الکترونیکی ارسال و دریافت می شوند. 2. امنیت بالا: چک های دیجیتالی به دلیل استفاده از رمزنگاری و رمزگذاری، امنیت بالایی را برای تجارت و مبادلات مالی فراهم می کنند، زیرا اطلاعات و داده های حساس به طور کامل محافظت می شوند. 3. امکان ارسال و دریافت چک از طریق الکترونیک: چک های دیجیتالی به طور الکترونیکی ارسال و دریافت می شوند، که به راحتی و سرعت انجام معاملات را فراهم می کند. 4. امکان ذخیره و بازیابی اطلاعات: چک های دیجیتالی به طور الکترونیکی ذخیره و بازیابی می شوند، که به راحتی
گزینه فعالسازی و بروزرسانی در سامانه چکاد در همراه بانک چه کارکردی دارد؟,در سامانه چکاد در همراه بانک، گزینه فعالسازی و بروزرسانی برای بروزرسانی اطلاعات و فعالسازی برخی از امکانات و خدمات بانکی از جمله: 1. فعالسازی رمزپاسوورد و رمزکد 2. بروزرسانی اطلاعات حساب و اطلاعات شخصی 3. فعالسازی و بروزرسانی تراکنش‌ها و نقل‌وبروند حساب‌ها 4. فعالسازی و بروزرسانی امکانات و خدمات بانکی مانند پرداخت‌های آنلاین و غیره

این گزینه‌ها برای ارائه خدمات و امکانات بهتر و امن‌تر برای مشتریان، ارائه می‌شود.
گزینه غیر فعالسازی در سامانه چکاد در همراه بانک چه کارکردی دارد؟,در سامانه چکاد همراه بانک، گزینه غیر فعالسازی کارکردی دارد که به کاربر اجازه می‌دهد تا یک تراکنش یا یک حساب بانکی را غیر فعال کند. این گزینه اغلب برای جلوگیری از دسترسی غیر مجاز یا جلوگیری از تراکنش‌های نادرست استفاده می‌شود. به عنوان مثال، اگر حساب بانکی به دلیل کلاهبرداری یا سوء استفاده غیر مجاز در خطر باشد، کاربر می‌تواند از گزینه غیر فعالسازی برای جلوگیری از دسترسی غیر مجاز به حساب استفاده کند.
گزینه استعلام وضعیت پروفایل مشتری در سامانه چکاد چه کارکردی دارد؟,گزینه استعلام وضعیت پروفایل مشتری در سامانه چکاد امکان مشاهده اطلاعات پروفایل مشتری از جمله تاریخچه عملکرد و موجودی حساب را برای شما فراهم می کند. این گزینه به شما امکان می دهد تا وضعیت فعلی پروفایل مشتری را بررسی کنید و اطلاعات مرتبط با آن را مشاهده کنید.
گزینه درخواست دسته چک در سامانه چکاد چه کارکردی دارد؟,در سامانه چکاد، گزینه درخواست دسته چک به کاربر این امکان را می‌دهد تا درخواست یک دسته چک خاص را برای خود یا دیگران ارسال کند. این گزینه برای ارسال درخواست برای یک یا چندین چک به یک یا چندین شخص با یک عنوان و یک مبلغ خاص استفاده می‌شود. به عبارت دیگر، با استفاده از این گزینه، می‌توانید درخواست برای ارسال یک یا چندین چک به یک یا چندین شخص با یک عنوان و یک مبلغ خاص را ارسال کنید.
برای استفاده از سرویس چک دیجیتال در همراه بانک مشتری چه کاری باید انجام دهد؟,برای استفاده از سرویس چک دیجیتال در همراه بانک مشتری، باید چندین مرحله را طی کنید: 1. ابتدا باید از طریق اپلیکیشن همراه بانک خود، به منوی تنظیمات و انتخاب "چک دیجیتال" مراجعه کنید. 2. در مرحله بعد، باید اطلاعات خود را وارد کنید، از جمله شماره حساب، شماره شبا و کد امنیتی. 3. پس از وارد کردن اطلاعات، باید کد فعال‌سازی را دریافت کنید که برای فعال‌سازی سرویس چک دیجیتال ارسال می‌شود. 4. کد فعال‌سازی را در اپلیکیشن همراه بانک خود وارد کنید تا سرویس چک دیجیتال فعال شود.

با انجام این مراحل، می‌توانید از سرویس چک دیجیتال برای پرداخت چک‌های خود از طریق همراه بانک استفاده کنید.
گزینه درخواست دسته چک در سامانه چکاد چه کارکردی دارد؟,در سامانه چکاد، گزینه درخواست دسته چک امکان ارسال درخواست برای دریافت دسته چک از بانک را فراهم می کند. با انتخاب این گزینه، کاربر می تواند درخواستی برای دریافت دسته چک از بانک ارسال کند تا در زمان مورد نظر خود، دسته چک را دریافت کند. این گزینه برای افرادی که به طور مداوم نیاز به دریافت دسته چک دارند، بسیار مفید است.
گزینه اانسداد و رفع انسداد در سامانه صیاد چه کارکردی دارد؟,در سامانه صیاد، گزینه "انسداد و رفع انسداد" به دو هدف مهم می‌پردازد: 1. انسداد: این گزینه به شما امکان می‌دهد تا درصدد ایجاد یک انسداد در مسیر ارتباطی باشید. این کار به شما اجازه می‌دهد تا به طور موقت یا دائمی، یک مسیر ارتباطی را مسدود کنید و از ارسال یا دریافت اطلاعات از طریق آن مسیر جلوگیری کنید. 2. رفع انسداد: این گزینه به شما امکان می‌دهد تا یک انسداد قبلاً ایجاد شده را رفع کنید و مسیر ارتباطی را باز کنید تا اطلاعات بتوانند دوباره از طریق آن مسیر ارسال یا دریافت شوند. این کار به شما اجازه می‌دهد تا کنترل دقیق‌تر بر روی مسیرهای ارتباطی خود داشته باشید.
گزینه ابطال چک در سامانه چکاد چه کارکردی دارد؟,در سامانه چکاد، گزینه ابطال چک به این معنی است که چک یا سند مالی که توسط شما یا شخص دیگری صادر شده است، از سوی بانک یا موسسه مالی ابطال یا حذف می شود. این گزینه زمانی استفاده می شود که چک یا سند مالی باطل یا تقلبی باشد یا اینکه شما قصد ابطال یک چک را برای هر گونه دلایل دیگری داشته باشید.

هنگام استفاده از این گزینه، شما باید اطمینان حاصل کنید که اطلاعات چک یا سند مالی به درستی وارد شده باشد و اینکه شما یا شخص دیگری حق ابطال آن را داشته باشید. همچنین، در صورت ابطال یک چک، آن را از نظر مالی و حقوقی بررسی کنید تا اطمینان حاصل کنید که ابطال آن قانونی است.
گزینه عملیات ضمانت چک در سامانه چکاد چه کارکردی دارد؟,در سامانه چکاد، گزینه عملیات ضمانت چک امکان صدور ضمانت چک برای پرداخت چک توسط بانک را فراهم می‌کند. این گزینه به بانک اجازه می‌دهد تا ضمانت چک را برای یک چک خاص صادر کند و در صورت عدم پرداخت چک توسط مالک چک، ضمانت چک را برای پرداخت چک و خسارت احتمالی به بانک تعهد کند. در نتیجه، گزینه عملیات ضمانت چک یک مکانیسم مهم برای تضمین پرداخت چک و حفظ ثبات مالی است.
گزینه سوابق چک های ثبت شده در سامانه صیاد چه کارکردی دارد؟,در سامانه صیاد، گزینه سوابق چک های ثبت شده، امکان بررسی و مشاهده سوابق چک های قبلی را فراهم می کند. این گزینه به کاربر اجازه می دهد تا با مراجعه به سوابق قبلی چک ها، وضعیت آنها را بررسی و پیگیری کند. در نتیجه، این گزینه می تواند در شناسایی و پیگیری وضعیت چک های قبلی و جلوگیری از تکرار سوابق قبلی بسیار مفید باشد.
گزینه استعلام مشخصات چک دیجیتال در سامانه چکاد چه کارکردی دارد؟,در سامانه چکاد، گزینه استعلام مشخصات چک دیجیتال به کاربر این امکان را می دهد تا مشخصات چک دیجیتال خود را استعلام کند و اطلاعات چک دیجیتال مانند شماره چک، تاریخچه عملیات، موجودی و... را مشاهده کند. در واقع این گزینه برای اطمینان از اطلاعات چک دیجیتال و جلوگیری از هرگونه سوء استفاده از آن طراحی شده است.
امکان تبادل چکهای دیجیتال طریق سامانه چکاوک با سایر بانکها وجود دارد؟,خوش آمدید! به سوال شما پاسخ می‌دهم.

بله، امکان تبادل چک‌های دیجیتال از طریق سامانه چکاوک با سایر بانک‌ها وجود دارد. چکاوک، سامانه‌ای است که به بانکی‌ها و موسسات مالی کمک می‌کند تا چک‌های دیجیتال را تبادل کنند و به این ترتیب، فرآیند نقل و انتقال پول را آسان‌تر و سریع‌تر می‌کند. این سامانه با همکاری سایر بانک‌ها و موسسات مالی، تبادل چک‌های دیجیتال را امکان‌پذیر می‌سازد و در نتیجه، به مشتریان خدمات بانکی ارائه می‌کند که به راحتی می‌توانند از چک‌های دیجیتال برای پرداخت پول استفاده کنند.
در حال حاضر امکان استفاده از خدمات چک دیجیتال از کدام درگاه بانک تجارت امکان پذیر است؟,در حال حاضر، امکان استفاده از خدمات چک دیجیتال از طریق درگاه بانک تجارت از طریق اپلیکیشن "تجارت" و درگاه وب بانک تجارت امکان پذیر است. شما می توانید از طریق این دو منبع، چک های خود را در حال حاضر و از هر جایی که هستید، صادر کنید.
روش صدور چک دیجیتال چگونه می باشد؟,بسیار خوشحالم که شما را در مورد روش صدور چک دیجیتال راهنمایی کنم!

در حال حاضر، صدور چک دیجیتال در ایران به روش‌های مختلفی انجام می‌شود: 1. از طریق بانک‌ها: برخی از بانک‌های ایرانی، امکان صدور چک دیجیتال را برای مشتریان خود فراهم کرده‌اند. برای مثال، بانک ملی، بانک پاسارگاد و بانک سامان از این امکان برخوردارند. برای صدور چک دیجیتال از طریق بانک، باید به سایت بانک خود مراجعه و فرآیند صدور چک دیجیتال را تکمیل کنید. 2. از طریق شرکت‌های خدمات پرداخت: برخی از شرکت‌های خدمات پرداخت مانند سامانه پرداخت، پرداخت الکترونیکی و غیره، امکان صدور چک دیجیتال را برای مشتریان خود فراهم کرده‌اند. این شرکت‌ها اغلب از طریق سایت خود یا اپلیکیشن موبایل، امکان صدور چک دیجیتال را برای مشتریان خود فراهم کرده‌اند. 3. از طریق اپلیکیشن‌های موبایل: برخی از اپلیکیشن‌های موبایل مانند بست و تیک‌تک، امکان صدور چک دیجیت
شرط صدور چک دیجیتال از همراه بانک تجارت چیست؟,برای صدور چک دیجیتال از همراه بانک تجارت، شما باید شرایط زیر را داشته باشید: 1. حساب کاربری در همراه بانک تجارت داشته باشید. 2. حداقل یک ماه گذشته از تاریخ افتتاح حساب، گذشته باشد. 3. حداقل یک بار تراکنش در حساب خود انجام داده باشید. 4. از طریق اپلیکیشن همراه بانک یا سایت بانک، درخواست صدور چک دیجیتال را ارسال کنید.

درخواست صدور چک دیجیتال باید همراه با مشخصات خود، شامل نام، نام خانوادگی، شماره ملی و شماره حساب، باشد. همچنین می‌توانید به منظور صدور چک دیجیتال، یک مبلغ حداکثر 50 میلیون تومان را انتخاب کنید. پس از تأیید درخواست، چک دیجیتال شما در کوتاه‌ترین زمان ممکن صادر خواهد شد.
آیا امکان صدور چک دیجیتال در وجه ذینفع حقیقی ، حقوقی وجود دارد.؟,سوال جالبی! در پاسخ به این سوال باید بگویم که، در حال حاضر، صدور چک دیجیتال در وجه ذینفع حقیقی یا حقوقی در کشور ما، ایران، امکان‌پذیر نیست. چک‌های دیجیتال در برخی از کشورها، مانند برخی کشورهای اروپایی، وجود دارد و به عنوان یک روش پرداخت الکترونیکی مورد استفاده قرار می‌گیرد. اما در کشور ما، هنوز قانونی برای صدور چک‌های دیجیتال وجود ندارد و به عنوان یک روش پرداخت سنتی، چک‌های کاغذی استفاده می‌شوند. با این حال، با پیشرفت فناوری و تکامل نظام پرداخت کشور، ممکن است در آینده، صدور چک‌های دیجیتال در کشور ما نیز امکان‌پذیر شود.
آیا امکان صدور چک دیجیتال در وجه ذینفع حسابهای مشترک حقیقی و حقوقی مشترک وجود دارد؟,بله، امکان صدور چک دیجیتال در وجه ذینفع حسابهای مشترک حقیقی و حقوقی مشترک وجود دارد. بسیاری از بانک‌ها و مؤسسات مالی در حال ارائه خدمات چک دیجیتال هستند که می‌توانند برای حساب‌های مشترک حقیقی و حقوقی مشترک صدور چک دیجیتال را انجام دهند. این چک‌ها معمولاً با استفاده از رمزنگاری و فناوری‌های امنیتی دیگر، امنیت و ایمنی را برای ذینفعان و مشترکان ارائه می‌دهند. با این حال، برای صدور چک دیجیتال در وجه ذینفع حسابهای مشترک حقیقی و حقوقی مشترک، باید با بانک یا مؤسسه مالی مورد نظر تماس بگیرید و از امکانات و محدودیت‌های آن مطلع شوید.
آیا برای صدور دسته چک دیجیتال ، نیاز به رمز پویا حسابی می باشد؟,خیر، برای صدور دسته چک دیجیتال، نیاز به رمز پویا حسابی وجود ندارد. اما، برای صدور دسته چک دیجیتال، باید از یک نرم افزار یا یک سیستم عامل قابل اعتماد استفاده کنید که دارای قابلیت صدور دسته چک دیجیتال باشد. همچنین، باید اطمینان حاصل کنید که حساب بانکی شما برای صدور دسته چک دیجیتال مجاز باشد.
آیا قوانین و مقررات حاکم بر چک فیزیکی شامل چک دیجیتال نیز می باشد؟,با سلام! در پاسخ به پرسش شما، قوانین و مقررات حاکم بر چک فیزیکی، شامل چک دیجیتال نیز می شود. زیرا چک دیجیتال یا چک الکترونیکی، یک شکل الکترونیکی از چک فیزیکی است که بر اساس همان اصول و مقررات چک فیزیکی، کار می کند. بنابراین، قوانین و مقررات حاکم بر چک فیزیکی، شامل چک دیجیتال نیز می شود تا اطمینان از اجرای صحیح و قانونی چک های الکترونیکی، داشته باشیم.
جهت وصول چک دیجیتال چگونه اقدام می نماییم؟,برای وصول چک دیجیتال، باید چندین قدم را انجام دهید: 1. ابتدا باید یک حساب بانکی داشته باشید که دارای امکانات دیجیتال باشد و چک های دیجیتال را صادر کند. 2. سپس باید به سایت بانک خود رفته و با استفاده از رمز عبور و کد امنیتی، وارد حساب خود شوید. 3. در صفحه اصلی سایت، گزینه "صادر چک" یا "ارسال چک" را انتخاب کنید و چک مورد نظر را صادر کنید. 4. بعد از صادر کردن چک، به یک آدرس ایمیل یا شماره تلفن همراه خود، کد رهگیری چک را دریافت می کنید. 5. کد رهگیری چک را به آدرس ایمیل یا شماره تلفن همراه گیرنده، ارسال کنید تا گیرنده بتواند چک را دریافت کند.

به یاد داشته باشید که برای وصول چک دیجیتال، باید از رمز عبور و کد امنیتی خود استفاده کنید و هیچگاه اطلاعات حساس خود را به اشتراک نگذارید.
آیا داشتن امضای دیجیتال برای ذینفع چک , جهت نقد کردن الزامی است؟,بله، داشتن امضای دیجیتال برای ذینفع چک جهت نقد کردن الزامی است. امضای دیجیتال یک گام مهم برای تضمین امنیت و اعتبار چک است، زیرا به این ترتیب می‌توان اطمینان داشت که چک از سوی ذینفع صادر شده است و بدون تغییر یا ویرایش شده است. علاوه بر این، امضای دیجیتال همچنین می‌تواند به عنوان مدرک برای اثبات هویت ذینفع چک استفاده شود. بنابراین، داشتن امضای دیجیتال برای ذینفع چک جهت نقد کردن الزامی است.
در صورتی که ذینفع , حسابی غیر از بانک تجارت داشته باشد و به سایر بانک ها برای وصول چک مراجعه کند , آیا نقد کردن چک امکان پذیر است؟,با سلام، در پاسخ به سوال شما، اگر ذینفع، حسابی غیر از بانک تجارت داشته باشد و به سایر بانک ها برای وصول چک مراجعه کند، امکان نقد کردن چک وجود دارد، اما با رعایت برخی شرایط و ضوابط.

به موجب ماده ۱۸ قانون عملیات بانکی، چک ها در بانک هایی که آنها را قبول کرده اند، قابل پرداخت هستند، در حالی که در مورد چک های قابل پرداخت در سایر بانک ها، باید به شرایط و ضوابط خاصی توجه کرد.

در صورتی که چک توسط بانک دیگری قبول کرده باشد، ذینفع می تواند برای وصول چک به آن بانک مراجعه کند و از آن درخواست وصول کند. در این صورت، بانک باید چک را به ترتیب معمول، پرداخت کند.

بنابراین، در پاسخ به سوال شما، اگر ذینفع، حسابی غیر از بانک تجارت داشته باشد و به سایر بانک ها برای وصول چک مراجعه کند، نقد کردن چک امکان پذیر است، اما با رعایت شرایط و ضوابط خاصی.
مشتری که حساب در بانک تجارت ندارد آیا می تواند به یکی از شعب تجارت برای وصول چک دیجیتال تجارت مراجعه کند؟,با سلام، با توجه به شرایط بانک تجارت، اگر مشتری‌ای که حساب در بانک تجارت ندارد، به یکی از شعب تجارت مراجعه کند، می‌تواند برای وصول چک دیجیتال تجارت خدمات را دریافت کند. در این صورت، شعبه باید قبل از وصول چک، اطلاعات لازم از جمله شماره شناسایی و آدرس مشتری را برای انجام تراکنش دریافت کند. در هر صورت، اگر مشتری حساب در بانک تجارت نداشته باشد، می‌تواند با ارائه مدارک لازم، یک حساب موقت یا حساب پسآوری را باز کند تا بتواند خدمات را دریافت کند.
آیا , لزومی به تأیید /عدم تأیید چک توسط دریافت کننده (ذینفع) می باشد؟,در حقوق تجارت، تأیید یا عدم تأیید چک توسط دریافت کننده (ذینفع) از اهمیت ویژه‌ای برخوردار است. به عبارت دیگر، دریافت کننده چک می‌تواند آن را تأیید یا رد کند که در اینجا نقش مهمی در تعیین مسئولیت بانک صادرکننده چک ایفا می‌کند.

اگر دریافت کننده چک آن را تأیید کند، به این معنی است که چک را در یافت کرده است و بانک صادرکننده چک مسئول پرداخت وجه چک است. در این صورت، بانک باید وجه چک را به دریافت کننده بپردازد و مسئولیت خود را بر عهده می‌گیرد.

แต اگر دریافت کننده چک آن را رد کند، به این معنی است که چک را دریافت نکرده است و در نتیجه، بانک صادرکننده چک مسئول پرداخت وجه چک نیست و در صورت پرداخت وجه چک توسط بانک، ممکن است به دلیل نقض قانونی محسوب شود.
پس از صدور چک دیجیتال ، ذینفع چک می تواند از صحت اطلاعات و نهایی شدن صدور چک دیجیتال مطلع شود.؟,بله، پس از صدور چک دیجیتال، ذینفع چک می تواند از طریق سیستم بانکداری دیجیتال یا ارائه دهنده خدمات پرداخت، از صحت اطلاعات و نهایی شدن صدور چک دیجیتال مطلع شود. معمولاً در این مرحله، ذینفع می تواند از طریق کد رهگیری یا شماره چک، وضعیت صدور چک را بررسی کند و اطمینان حاصل کند که چک به درستی صادر شده است.
شرایط اخذ /نقد کردن /انتقال و عودت چک دیجیتال چگونه می باشد؟,خوش آمدید! شرایط اخذ، نقد کردن، انتقال و عودت چک دیجیتال در بانک های ایران به شرح زیر است: 1. اخذ چک دیجیتال: برای اخذ چک دیجیتال، باید در یک بانک عضو شبکه بانکی ایران حساب داشته باشید. سپس، باید به یک شعبه بانک مراجعه کنید و درخواست چک دیجیتال را ارائه دهید. بانک ممکن است از شما مدارک هویت و نشانی برای تأیید هویت و نشانی شما درخواست کند. 2. نقد کردن چک دیجیتال: برای نقد کردن چک دیجیتال، باید چک را به یک شعبه بانک عضو شبکه بانکی ایران تحویل دهید. بانک ممکن است از شما مدارک هویت و نشانی برای تأیید هویت و نشانی شما درخواست کند. همچنین، ممکن است زمان محدودی برای نقد کردن چک دیجیتال وجود داشته باشد. 3. انتقال چک دیجیتال: برای انتقال چک دیجیتال، باید چک را به یک شعبه بانک عضو شبکه بانکی ایران تحویل دهید و درخواست انتقال را ارائه دهید. بانک ممکن است از شما مدارک هویت و نشانی برای تأی
آیا داشتن امضای دیجیتال برای ذینفع چک جهت انتقال ، عودت الزامی می باشد؟,خیر، داشتن امضای دیجیتال برای ذینفع چک جهت انتقال یا عودت، الزامی نیست، اما توصیه می شود. امضای دیجیتال می تواند امنیت و اعتبار معاملات را افزایش دهد و از هرگونه سوءاستفاده یا دزدی جلوگیری کند. در نتیجه، داشتن امضای دیجیتال برای ذینفع چک می تواند اطمینان خاطر را در مورد امنیت معاملات فراهم کند.
قوانین صدور دسته چک دیجیتال چگونه است؟,سوال مفیدی! قوانین صدور دسته چک دیجیتال در ایران بر اساس دستورالعمل شماره ۱۸۹۰۹ مصوبه ۱۳۹۵ از سوی بانک مرکزی جمهوری اسلامی ایران، به شرح زیر است: 1. مشتری باید برای صدور دسته چک دیجیتال، در بانکی که حساب را باز کرده است، درخواست کند و ارائه مدارک هویت و حساب خود را کند. 2. بانک باید قبل از صدور دسته چک دیجیتال، بررسی کند که مشتری دارای حساب و اعتبار مالی کافی باشد و آیا قبلاً در مورد چک های قبلی، تعهدی برای پرداخت داشته است یا خیر. 3. دسته چک دیجیتال باید به نام و با امضای مشتری صادر شود و با ذکر مبلغ و تاریخ پرداخت، همراه با عکس مشتری باشد. 4. بانک باید دسته چک دیجیتال را در یک مکان امن و با استفاده از فناوری امن نگه دارد و در صورت نیاز، آن را در اختیار مقامات مربوطه قرار دهد. 5. دسته چک دیجیتال باید دارای یک کد یکتا و یک شماره سریال باشد که برای شناسایی و پیگیری چک در سیستم بانکی استفاده شود.

در حال حاضر فرآیند اجرایی صدور دسته چک دیجیتال چگونه است؟,سفارشی و ساده‌تر از همیشه! فرآیند صدور دسته چک دیجیتال در حال حاضر به شرح زیر است: 1. مراجعه به بانک یا موسسه مالی: به یک بانک یا موسسه مالی مراجعه کنید و درخواست صدور دسته چک دیجیتال کنید. معمولاً این کار در شعبه یا کiosk های بانک انجام می شود. 2. ارائه مدارک: برای صدور دسته چک دیجیتال، باید مدارک لازم را ارائه دهید، مانند شناسنامه، کارت ملی، یا مدارک هویت سایر. 3. تکمیل فرم: یک فرم برای صدور دسته چک دیجیتال تکمیل می شود. در این فرم، اطلاعات مانند نام، نام خانوادگی، شماره حساب، و مبلغ چک دیجیتال ذکر می شود. 4. تأیید هویت: برای تأیید هویت شما، ممکن است باید مدارک هویت خود را ارائه دهید یا برای تأیید هویت شما، یک کپی از شناسنامه یا کارت ملی را بگیرید. 5. صدور دسته چک دیجیتال: بعد از تأیید هویت و تکمیل فرم، دسته چک دیجیتال برای شما صادر می شود
درحال حاضر دسته چک های دیجیتال چند برگی است؟,در حال حاضر، دسته چک های دیجیتال چند برگی متعددی وجود دارد که از جمله آنها می توان به موارد زیر اشاره کرد: 1. Apple Pay: این سرویس توسط شرکت اپل ارائه می شود و برای خرید های آنلاین و آفلاین استفاده می شود. 2. Google Pay: این سرویس توسط شرکت گوگل ارائه می شود و برای خرید های آنلاین و آفلاین استفاده می شود. 3. Samsung Pay: این سرویس توسط شرکت سامسونگ ارائه می شود و برای خرید های آفلاین استفاده می شود و از طریق نوارترک یا NFC انجام می شود. 4. Fitbit Pay: این سرویس توسط شرکت فیت‌بی‌ت ارائه می شود و برای خرید های آفلاین استفاده می شود و از طریق نوارترک یا NFC انجام می شود. 5. Garmin Pay: این سرویس توسط شرکت گارمین ارائه می شود و برای خرید های آفلاین استفاده می شود و از طریق نوارترک یا NFC انجام می شود. 6. PayPal: این سرویس توسط شرکت پیم‌ل ارائه می شود و برای خرید های آنلاین استفاده می شود. 7. AliPay: این سرویس توسط شرکت علی‌بابا ارائه می شود و برای خرید های آنلاین
قبلا دسته چک کاغذی داشتم آیا در زمان درخواست جدید میتوانم دسته چک دیجیتال بگیرم؟,خوش آمدید! در بیشتر بانک‌ها و مؤسسات مالی، شما می‌توانید در زمان درخواست دسته چک جدید، دسته چک دیجیتال را درخواست کنید. این به آن معنا است که شما می‌توانید دسته چک فیزیکی را کنار بگذارید و از دسته چک دیجیتال که از طریق بانک یا مؤسسات مالی در دسترس است، استفاده کنید. در این صورت، دسته چک دیجیتال به شما ارایه می شود که می‌توانید از طریق تلفن همراه یا اینترنت، آن را مدیریت کنید و تراکنش‌های خود را انجام دهید. با این حال، بهتر است قبل از درخواست دسته چک دیجیتال، با بانک یا مؤسسات مالی خود تماس بگیرید و شرایط درخواست و استفاده از آن را بررسی کنید.
آیا برای صدور دسته چک دیجیتال ، کارمزد از مشتری دریافت می گردد؟,بله، اغلب اوقات، برای صدور دسته چک دیجیتال، کارمزد یا هزینه ای از سوی بانک یا مؤسسه مالی از مشتری دریافت می شود. این کارمزد معمولاً به عنوان یک مبلغی برای ارائه خدمات و فرآیند صدور چک دیجیتال، از سوی بانک یا مؤسسه مالی درخواست می شود. معمولاً این کارمزد به عنوان یک درصد از مبلغ چک یا یک مبلغ 固定的 درخواست می شود. بنابراین، هنگام صدور دسته چک دیجیتال، باید به این کارمزد توجه کرد و آن را در حسابداری و بودجه خود منظور کرد.
برای ایجاد امضای دیجیتال چهت ثبت چک دیجیتال چه کاری باید انجام داد؟,برای ایجاد امضای دیجیتال و ثبت چک دیجیتال، باید چند قدم زیر را انجام داد: 1. در ابتدا باید یک کلید خصوصی و عمومی برای خود ایجاد کنید. این کار را می‌توانید با استفاده از یک ابزار مانند OpenPGP یا OpenSSL انجام دهید. 2. کلید خصوصی را در یک مکان ایمن و قابل دسترسی برای خود ذخیره کنید. این کلید باید کاملاً امن و محرمان باشد، زیرا با آن می‌توانید امضای دیجیتال را ایجاد کنید. 3. کلید عمومی را در یک مکان عمومی و قابل دسترسی برای دیگران ذخیره کنید، تا دیگران بتوانند امضای دیجیتال شما را تأیید کنند. 4. زمانی که می‌خواهید یک چک دیجیتال ثبت کنید، باید آن را با کلید خصوصی خود امضا کنید. برای این کار، باید چک را با کلید خصوصی خود همراستی کنید و یک امضای دیجیتال ایجاد کنید. 5. امضای دیجیتال را در کنار چک دیجیتال ذخیره کنید، تا دیگران بتوانند آن را تأیید کنند و اعتماد کنند که چک واقعی است و از سوی
مدت زمان اعتبار گواهی امضاء چقدر است؟,در ایران، مدت زمان اعتبار گواهی امضاء یا گواهی امضای شناسنامه، پنج سال است. به عبارت دیگر، گواهی امضاء یا گواهی امضای شناسنامه برای پنج سال از تاریخ صدور اعتبار دارد.
در زمان ایجاد گواهی امضاء آیا شماره موبایل باید در مالکیت شخص باشد؟,در زمان ایجاد گواهی امضاء، شماره موبایل باید در مالکیت شخص باشد، اما باید توجه داشت که در قانون، یک محدودیت وجود دارد که به موجب آن، یک شخص نمی تواند گواهی امضاء را برای دیگری ایجاد کند، مگر اینکه این شخص به عنوان نماینده قانونی برای دیگری باشد.

به طور کلی، برای ایجاد گواهی امضاء، باید شماره موبایل صاحب گواهی امضاء باشد، زیرا این گواهی امضاء برای تأیید هویت و شناسایی فرد استفاده می شود و شماره موبایل یکی از راه‌های ارتباطی برای این هدف است. با این حال، در برخی موارد، ممکن است شماره موبایل در مالکیت شخص دیگری باشد، اما باید در این مورد یک نماینده قانونی وجود داشته باشد تا گواهی امضاء را برای دیگری ایجاد کند.
سلام,با سلام شما با چت‌بات هوشمند بانک تجارت صحبت می‌کنید,سلام! خوش آمدید. برای کمک به شما، لطفا سوالات خود را بپرسید. ما به عنوان یک دستیار هوشمند، برای پاسخگویی به سوالات شما، در خدمت هستیم. آیا می‌توانید سوالات خود را بپرسید؟
سلام خوبین؟,سلام! خوبم، تشکر. آماده پاسخگویی به سوالات شما هستم. لطفا سوالتان را مطرح کنید.
خبر جدید چی داری؟,سلام! خبر جدیدم این است که تکنولوژی هوش مصنوعی در حال پیشرفت سریع خود است و به طور مداوم در زندگی ما تأثیر می گذارد. علاوه بر این، اخبار دنیای سیاست و اقتصاد نیز در حال تغییر و تحول است. آیا موضوع خاصی را می خواهید بدانم؟
گارت خود را گم کرده‌ام، چیکار کنم؟,مطمئناً نگران نباشید! اگر گارت خود را گم کرده‌اید، چند راهکار وجود دارد: 1. به جستجوی گارت در اطراف و اطراف خود بروید و اطمینان حاصل کنید که در محل مورد نظر خود قرار داده‌اید، شاید در جایی که به نظر نمی‌رود، گارت را گذاشته‌اید. 2. برای یافتن گارت خود، از دوستان یا خانواده خود درخواست کمک کنید. آنها ممکن است به شما کمک کنند تا گارت را پیدا کنید یا به شما کمک کنند تا به گارت خود دسترسی پیدا کنید. 3. اگر گارت را در یک مکان عمومی گم کرده‌اید، ممکن است برای پیدا کردن گارت خود، به یک پلیس یا یک کارمند خدمات عمومی کمک بگیرید. آنها ممکن است به شما کمک کنند تا گارت را پیدا کنید یا به شما کمک کنند تا به گارت خود دسترسی پیدا کنید. 4. اگر همه راهکارها ناموفق بود، ممکن است برای پیدا کردن گارت خود، باید هزینه‌هایی را برای پیدا کردن گارت خود بپردازید، مانند استخدام یک شرکت پیدا کننده گارت یا یک detective.

به هر حال، مهم است که نگران نباشید
در صورتی که تجارت کارت مفقود شود، نحوه ی مسدودی حساب در ساعات اداری چگونه است؟,مطمئناً در صورت مفقود شدن کارت تجارت، مسدودی حساب در ساعات اداری به این ترتیب انجام می شود: 1. در ابتدا، مشتریان باید به بانک خود مراجعه کنند و شکایت خود را به اطلاع بانک برسانند. 2. بانک، برای بررسی و پیگیری شکایت، اطلاعات لازم را از مشتریان می گیرد، از جمله نام، نام خانوادگی، آدرس، شماره تلفن و شماره کارت مفقود شده. 3. پس از بررسی، بانک ممکن است حساب مشتریان را موقتاً مسدود کند تا از احتمال استفاده از کارت مفقود شده جلوگیری کند. 4. در ساعات اداری، مشتریان می توانند به بانک مراجعه کنند و شکایت خود را پیگیری کنند و اگر حساب آنها مسدود شده باشد، می توانند برای رفع مسدودی حساب تلاش کنند.

به طور کلی، زمان مسدودی حساب به مدت چند ساعت یا چند روز بسته به بررسی و پیگیری بانک متفاوت است. بنابراین، مشتریان باید با بانک خود در تماس باشند تا در مورد زمان مسدودی حساب و نحوه پیگیری شکایت خود را بدانند.
در صورتی که تجارت کارت مفقود شود، نحوه ی مسدودی حساب در ساعات غیر اداری چگونه است؟,سلام! اگر تجارت کارت شما مفقود شود، در ساعات غیر اداری، بانک مرکزی برای جلوگیری از سوء استفاده از حساب شما، به طور خودکار مسدودی حساب را انجام می دهد. این مسدودی برای جلوگیری از معاملات غیرمجاز و جلوگیری از ضرر برای شما است. به طور کلی، این مسدودی در عرض چند ساعت یا یک روز انجام می شود. در طول این زمان، شما باید با بانک خود تماس بگیرید و به آنها اطلاع دهید که تجارت کارت شما مفقود شده است تا حساب شما آزاد شود.
آیا صدور کارت برای حسابهای دفترچه ای امکان پذیر است؟,خوش آمدید! به سوال شما پاسخ می دهم. به طور کلی، صدور کارت برای حسابهای دفترچه ای امکان پذیر است، اما با توجه به شرایط و ضوابط بانک یا مؤسسه مالی که حساب را ارائه کرده است، ممکن است محدودیت هایی وجود داشته باشد.

در بسیاری از موارد، بانک ها یا مؤسسات مالی، برای حسابهای دفترچه ای، کارت های خاصی را صادر می کنند که با ویژگی های حساب سازگار است، مانند کارت های اعتباری یا کارت های هدیه.

اگر شما هم یک حساب دفترچه ای دارید و می خواهید کارت برای آن صادر شود، می توانید با بانک یا مؤسسه مالی خود تماس بگیرید و از آنها بپرسید که آیا چنین امکانی وجود دارد یا خیر. آنها به شما کمک خواهند کرد تا در مورد شرایط و ضوابط حساب و صدور کارت برای آن اطلاعات کسب کنید.
آیا صدور کارت مجدد از طریق همه ی شعب امکان پذیر است؟,خیر، صدور کارت مجدد از طریق همه ی شعب بانک‌ها امکان پذیر نیست. برای صدور کارت مجدد، باید به شعبه‌ای مراجعه کنید که با حساب شما مرتبط است یا شعبه‌ای که به شما کارت داده است. در برخی موارد، ممکن است باید به شعبه‌ای که در آن حساب شما باز است مراجعه کنید. بهتر است قبل از مراجعه به شعبه، با بانک خود تماس بگیرید و درخواست خود را توضیح دهید تا در مورد فرآیند صدور کارت مجدد راهنمایی شود.
دریافت کد امنیتی کارت (CVV2) از چه روشی امکان پذیر است؟,به پرسش شما پاسخ می‌دهم. کد امنیتی کارت (CVV2) از طریق دو روش ممکن است: 1. از طریق صفحه‌کلید یا درج دستی: در هنگام خرید آنلاین یا تراکنش‌های مالی، ممکن است برای ورود کد امنیتی کارت، کاربر باید آن را وارد کند. در این روش، کاربر باید کد امنیتی کارت را از روی کارت بانکی خود درج یا وارد کند. 2. از طریق تماس با بانک: در برخی موارد، بانک ممکن است برای تأیید تراکنش‌های مالی، به کاربر برای وارد کردن کد امنیتی کارت نیاز داشته باشد. در این روش، کاربر باید با بانک تماس بگیرد و کد امنیتی کارت را به بانک اعلام کند تا تراکنش تأیید شود.
دریافت رمز دوم اینترنتی کارت از چه روشی امکان پذیر است؟,ممنون از سوال شما! برای دریافت رمز دوم اینترنتی کارت، می توانید از چند روش مختلف استفاده کنید: 1. از طریق اینترنت بانک: برای انجام این کار، باید به وب سایت بانک خود بروید و از طریق حساب کاربری خود، به صفحه درخواست رمز دوم اینترنتی بروید و پس از وارد کردن اطلاعات درست، رمز دوم اینترنتی را دریافت کنید. 2. از طریق اپلیکیشن بانک: اکثر بانک ها، اپلیکیشن خود را برای تلفن های هوشمند و تبلت ها ارائه می دهند که از طریق آن می توانید رمز دوم اینترنتی را درخواست کنید. 3. از طریق SMS: در برخی از بانک ها، می توانید از طریق ارسال یک پیام کوتاه به شماره تلفن خود، رمز دوم اینترنتی را درخواست کنید. برای انجام این کار، باید شماره تلفن خود را در بخش تنظیمات حساب کاربری ثبت کنید. 4. از طریق شعبه بانک: می توانید به یک شعبه بانک خود مراجعه کنید و از کارکنان بانک، رمز دوم اینترنتی را درخواست کنید.

به هر حال، نحوه درخواست رمز دوم اینترنتی، ممکن است متفاوت باشد، بنابراین باید به وب سایت یا اپلیکیشن بانک خود مراجعه کنید و نحوه درخواست را در آنجا بخوانید.
درصورت فراموشی رمز کارت چه باید کرد؟,در صورت فراموشی رمز کارت، توصیه می شود که به صفحه ورود کارت خود رفته و روی گزینه "فراموشی رمز" کلیک کنید تا رمز عبور خود را بازیابی کنید. همچنین می توانید با تماس با کارگزاری کارت یا ارائه یک مدرک هویت، رمز عبور خود را بازیابی کنید. در هر صورت، توصیه می شود که رمز عبور خود را با کاراکترهای قوی و ترکیبی از حروف و اعداد و کاراکترهای ویژه محافظت کنید تا از خطر دسترسی غیرمجاز جلوگیری کنید.
آیا با تعویض کارت رمز دوم کارت تغییر می کند؟,خیر، با تعویض کارت رمز دوم کارت تغییر نمی کند. رمز دوم کارت فقط برای یک بار استفاده می شود و در زمان تعویض کارت، یک رمز جدید به شما داده می شود. بنابراین، رمز دوم کارت قبلی برای کارهای بعدی استفاده نمی شود و شما باید رمز جدیدی را برای کارهای بعدی انتخاب کنید.
اقدام لازم جهت رفع مسدودی کارتهایی که در اثر ثبت اشتباه رمز از طریق خودپرداز یا کارتخوان های فروشگاهی مسدود شده اند چیست؟,یکی از راهکارهای رفع مسدودی کارتهایی که در اثر ثبت اشتباه رمز از طریق خودپرداز یا کارتخوان های فروشگاهی مسدود شده اند، تماس با بانک یا مؤسسه ارائه دهنده کارت و درخواست بازنگاشتن رمز کارت است. در برخی موارد، ممکن است نیاز به ارائه مستندات و مدارک باشد تا نشان دهنده وجود اشتباه در ثبت رمز باشد.

علاوه بر این، می‌توانید به یک واحد پشتیبانی کارت خود یا یک نماینده فروشگاهی مراجعه کنید و در مورد مسدود شدن کارت شکایت کنید تا مشکل را حل کنند.

در صورت وجود، می‌توانید برای رفع مسدودی، یک درخواست برای بازنگاشتن رمز کارت در وب سایت بانک یا مؤسسه ارائه دهنده کارت ارسال کنید. در این درخواست، باید اطلاعات کارت، جمله ای که برای ثبت رمز وارد کردید و دلیل وجود اشتباه در ثبت رمز را وارد کنید تا مشکل را رفع کنید.
اقدام لازم جهت رفع مسدودی کارتهایی که از طریق 1554 مسدود شده اند چیست؟,با عرض سلام! برای رفع مسدودی کارتهایی که از طریق 1554 مسدود شده اند، باید اقداماتی را انجام داد که به شرح زیر است: 1. به سایت بانک خود مراجعه کنید و حساب خود را بازدید کنید تا ببینید چرا کارت شما مسدود شده است. 2. اگر مشکل از سوی بانک است، با مرکز تماس بانک خود تماس بگیرید و در مورد مسدودی کارت خود توضیح دهید و درخواست رفع مسدودی را ارائه دهید. 3. اگر مشکل از سوی شما است، باید با بررسی حساب خود، دلیل مسدودی را پیدا کنید و با در نظر گرفتن آن، اقدام لازم را انجام دهید، مانند تغییر رمز عبور یا به روز رسانی اطلاعات حساب خود. 4. اگر مشکل از سوی یک فروشگاه یا یک وبسایت است، باید با آن تماس بگیرید و در مورد مسدودی کارت خود توضیح دهید و درخواست رفع مسدودی را ارائه دهید.

به طور کلی، برای رفع مسدودی کارت، باید دلیل مسدودی را پیدا کنید و با در نظر گرفتن آن، اقدام لازم را انجام دهید.
اعطای ابزار پرداخت فیزیکی (تجارت کارت) به کدام مشتریان امکان پذیر است؟,با توجه به قوانین و مقررات بانکی و مقررات مرتبط، امکان اعطای ابزار پرداخت فیزیکی (تجارت کارت) به مشتریان به شرایط و کلاسهای خاصی بستگی دارد. معمولاً، ابزار پرداخت فیزیکی به مشتریان با عملکرد مالی خوب و رونق تجاری اعطا می شود. به طور کلی، بانک ها و موسسات مالی، ابزار پرداخت فیزیکی را به مشتریان اعطا می کنند که شرایط زیر را داشته باشند: 1. عملکرد مالی خوب: مشتریان باید عملکرد مالی خوبی داشته باشند و بدهی های قابل توجهی نداشته باشند. 2. رونق تجاری: مشتریان باید رونق تجاری خوبی داشته باشند و تجارت خود را با موفقیت انجام دهند. 3. مدت زمان کار با بانک: مشتریان باید مدت زمان طولانی با بانک کار کرده باشند و تعهدات خود را به خوبی انجام داده باشند.

به طور کلی، بانک ها و موسسات مالی، ابزار پرداخت فیزیکی را به مشتریان اعطا می کنند که شرایط و کلاسهای خاصی را داشته باشند و عملکرد مالی خوب و رونق تجاری خوبی را داشته باشند.
برای حساب مجانین و اشخاص غیر رسید بالاتر از 18 سال تمام اختصاص چه ابزار پرداختی امکان پذیر است؟,با سلام! برای حساب مجانین و اشخاص غیر رسید بالاتر از 18 سال تمام، ابزار پرداختی امکان پذیر است که شامل موارد زیر است: 1. چک: می‌توانید از چک برای پرداخت پول استفاده کنید، اما باید دقت داشته باشید که چک باید به نام و اقامتگاه پائین دریافت کننده نوشته شود و به همراه یک نسخه از شناسنامه یا گذرنامه برای شناسایی پائین دریافت کننده ارائه شود. 2. حواله: می‌توانید از حواله برای پرداخت پول استفاده کنید، اما باید دقت داشته باشید که حواله باید به نام و اقامتگاه پائین دریافت کننده نوشته شود و به همراه یک نسخه از شناسنامه یا گذرنامه برای شناسایی پائین دریافت کننده ارائه شود. 3. وirement: می‌توانید از وirement برای پرداخت پول استفاده کنید، اما باید دقت داشته باشید که وirement باید به نام و اقامتگاه پائین دریافت کننده نوشته شود و به همراه یک نسخه از شناسنامه یا گذرنامه برای شناسایی پائین دریافت کننده ارائه شود. 4. Transfer از حساب بانکی: می‌توانید از انتقال از حساب بانکی برای پرداخت پول استفاده کنید، اما باید دقت داشته باشید که انتقال باید به نام و
آیا کارت هدیه قابل شارژ می باشد؟,بله، بسیاری از کارت‌های هدیه قابل شارژ هستند، اما قبل از شارژ، باید به شرایط و ضوابط آن کارت توجه کنید، زیرا ممکن است برخی کارت‌ها شارژ را پشتیبانی نمی‌کنند یا محدودیت‌هایی برای شارژ دارند. برای مثال، برخی کارت‌های هدیه فقط در یک کشور یا منطقه قابل شارژ هستند یا دارای یک مبلغ حداکثر برای شارژ هستند.
کارت هدیه با چه مبالغی صادر می گردد؟,بسیار خوشحالم! کارت هدیه در سبد های مختلفی با مبالغی از 100، 200، 500، 1000، 5000 و 10000 تومان صادر می شود. مبلغی که شما برای خرید کارت هدیه انتخاب می کنید، بسته به نیاز و بودجه خود شما است. آیا به یک کارت هدیه خاصی نیاز دارید؟
آیا رمز دوم اینترنتی برای کارت هدیه صادر می گردد؟,بله، اغلب اوقات، رمز دوم اینترنتی برای کارت هدیه صادر می گردد تا از امنیت و امنیت بیشتر برای خریدهای آنلاین، از طریق این کارت، اطمینان حاصل شود. این رمز، یک کد امنیتی است که فقط برای یک خرید خاص و یک زمان خاص صادر می شود و به شما امکان می دهد خریدهای خود را با امنیت کامل انجام دهید.
اقدام لازم در صورت منقضی شدن کارت هدیه چیست؟,اگر کارت هدیه شما منقضی شده باشد، می‌توانید به این روش‌ها اقدام کنید: 1. برای دریافت جایگزینی یا تمدید کارت هدیه، به شرکت یا فروشگاه که کارت را صادر کرده است، مراجعه کنید و از آنها درخواست کنید. 2. اگر کارت هدیه شما از طریق یک برنامه یا سایت خاص صادر شده باشد، می‌توانید به آنجا مراجعه کنید و از آنها درخواست کنید تا کارت را تمدید یا جایگزین کنند. 3. در صورت عدم امکان تمدید یا جایگزینی، می‌توانید از کارت هدیه خود برای خرید یا سفارش چیزی که می‌خواهید استفاده کنید، زیرا در هر صورت ارزش مالی آن باقی است.

به طور کلی، توصیه می‌شود که قبل از منقضی شدن کارت هدیه، از شرکت یا فروشگاه صادرکننده آن برای تمدید یا جایگزینی درخواست کنید تا از دست دادن ارزش مالی آن جلوگیری کنید.
چگونه می توانم در طرح آسان خرید به عنوان مشتری (دارنده کارت) ثبت نام کنم؟,شما می توانید به راحتی در طرح آسان خرید به عنوان مشتری (دارنده کارت) ثبت نام کنید. برای این کار، باید به سایت شرکت پارسالین بروید و روی گزینه "ثبت نام" کلیک کنید. در صفحه ثبت نام، باید اطلاعات شخصی خود را وارد کنید، از جمله نام، نام خانوادگی، شماره تماس، ایمیل و کد ملی. همچنین باید کد کارت عضویت خود را وارد کنید. در مرحله بعد، باید شرایط و ضوابط شرکت پارسالین را مطالعه و موافقت کنید. پس از تکمیل فرآیند ثبت نام، شما یک ایمیل فعالسازی دریافت می کنید که باید آن را تأیید کنید تا حساب کاربری خود را فعال کنید. با ثبت نام در طرح آسان خرید، شما می توانید از مزایای مختلف این طرح مانند تخفیف ها و هدایا استفاده کنید.
چگونه به عنوان پذیرنده عضو شبکه آسان خرید شوم؟,خوش آمدید! برای عضو شدن در شبکه آسان خرید و شروع به کار، مراحل زیر را دنبال کنید: 1. روی دکمه "ثبت نام" در صفحه اصلی آسان خرید کلیک کنید. 2. نام و نام خانوادگی خود را وارد کنید و یک رمز عبور قوی انتخاب کنید. 3. آدرس ایمیل خود را وارد کنید و تأیید کنید که آدرس ایمیل شما معتبر است. 4. شماره تلفن خود را وارد کنید و تأیید کنید که شماره تلفن شما معتبر است. 5. اطلاعات کارت اعتباری خود را وارد کنید، اگر دارید. 6. شرایط و ضوابط آسان خرید را مطالعه کنید و تأیید کنید که با آنها موافقت دارید. 7. روی دکمه "ثبت نام" کلیک کنید تا حساب کاربری خود را ایجاد کنید.

بعد از ثبت نام، برای فعال کردن حساب کاربری خود، به ایمیل خود مراجعه کنید و روی لینک تأیید حساب کلیک کنید. در صورت نیاز، برای هر گونه سوال یا مشکل در مراحل ثبت نام، با پشتیبانی آسان خرید در تماس باشید.
نام کاربری و رمز عبور من در پنل آسان خرید چیست؟,خوش آمدید! نام کاربری و رمز عبور شما در پنل آسان خرید، همانطور که از نام آن مشخص است، برای دسترسی به پنل خرید آنلاین و مدیریت سفارشات شما است. این اطلاعات برای ورود به حساب کاربری و انجام خریدهای آنلاین شما در استفاده است. اگر رمز عبور خود را فراموش کرده اید، می توانید از گزینه "فراموشی رمز عبور" در پنل آسان خرید استفاده کنید تا آن را بازیابی کنید.
میزان اعتبار تخصیصی به هر فرد چه میزان است؟,میزان اعتبار تخصیصی به هر فرد بسته به عوامل مختلفی مانند سن، جنسیت، شغل، موقعیت جغرافیایی و... است. معمولاً، این میزان در بازه‌ای بین 0 تا 1 یا 0 تا 100 درصد قرار دارد، که نشان‌دهنده میزان اعتبار و اعتماد به فرد در تخصیص منابع است. برای مثال، اعتبار یک دانش‌آموز ممکن است 0.8 یا 80 درصد باشد، در حالی که اعتبار یک کارشناس ممکن است 0.9 یا 90 درصد باشد. در هر صورت، میزان اعتبار تخصیصی به فردی خاص بسته به شرایط و موقعیت او تعیین می‌شود.
چگونه سقف اعتبار آسان خرید خود را افزایش دهم؟,خوش آمدید! برای افزایش سقف اعتبار آسان خرید خود، چند راهکار وجود دارد: 1. به طور منظم و به موقع تسهیلات پرداخت کنید. این کار نشان می دهد که شما توانایی مدیریت مالی خود را دارید و بانک ها و موسسات اعتباری ممکن است به شما اعتماد کنند و سقف اعتبار شما را افزایش دهند.
 2. با ارائه مدارک لازم و اطمینان از حسن نیت، درخواست افزایش سقف اعتبار خود را به بانک یا موسسه اعتباری ارائه دهید. ممکن است شما برای افزایش سقف اعتبار، مدارک مانند صورت حساب های حساب های بانکی، درآمد و هزینه های ماهانه، و یا تضامین لازم ارائه دهید.
 3. برای افزایش سقف اعتبار، می توانید با ارائه یک برنامه بازپرداخت مدون و زمان‌بندی شده، نشان دهید که شما توانایی بازپرداخت تسهیلات را دارید. این کار نشان می دهد که شما توانایی مدیریت مالی خود را دارید و بانک ها و موسسات اعتباری ممکن است به شما اعتماد کنند و سقف اعتبار شما را افزایش دهند.
 4. اگر شما از لحاظ مالی ثبات داشته باشید، می توانید با ارائه یک ضمانت از
اکانت مشتری منقضی شده است، چگونه اکانت خود را فعال نماید؟,من متأسفم که اکانت شما منقضی شده است. برای فعال کردن اکانت خود، لطفاً مراحل زیر را دنبال کنید: 1. به صفحه ورود به اکانت خود مراجعه کنید و روی گزینه "Forgot Password" کلیک کنید. 2. ایمیل یا شماره تلفن همراه خود را وارد کنید تا لینک بازیابی رمز عبور به شما ارسال شود. 3. روی لینک ارسال شده کلیک کنید تا صفحه بازیابی رمز عبور باز شود. 4. رمز عبور جدیدی برای اکانت خود انتخاب کنید و تأیید آن را انجام دهید. 5. اکانت شما فعال خواهد شد و می‌توانید با رمز عبور جدید خود وارد اکانت شوید.

اگر همچنان در مورد فعال کردن اکانت خود شک دارید، لطفاً با پشتیبانی ما تماس بگیرید تا به شما کمک کند.
چگونه می توانم مانده اعتبار و وضعیت اقساط خود را مشاهده نمایم؟,شما می توانید مانده اعتبار و وضعیت اقساط خود را از طریق چندین روش مشاهده کنید: 1. از طریق وب سایت بانک: شما می توانید از طریق وب سایت بانک خود، مانده اعتبار و وضعیت اقساط خود را مشاهده کنید. برای این منظور، به وب سایت بانک خود مراجعه کنید، وارد حساب خود شوید و سپس به بخش اقساط و اعتبار مراجعه کنید. 2. از طریق اپلیکیشن بانک: بسیاری از بانک ها دارای اپلیکیشن هستند که امکان مشاهده مانده اعتبار و وضعیت اقساط را برای مشتریان خود فراهم می کند. شما می توانید این اپلیکیشن را دانلود کنید و سپس از طریق آن، مانده اعتبار و وضعیت اقساط خود را مشاهده کنید. 3. از طریق تلفن بانک: شما می توانید از طریق تلفن بانک خود، مانده اعتبار و وضعیت اقساط خود را دریافت کنید. برای این منظور، به تلفن بانک خود مراجعه کنید و سپس از طریق آن، مانده اعتبار و وضعیت اقساط خود را دریافت کنید. 4. از طریق مراجعه به شعبه بانک: شما می توانید به شعبه بانک خود مراجعه کنید و از آنجا، مانده اعتبار و وضعیت اقساط خود
شماره کارت آسان خریدم تغییر کرده است، چه اقدامی انجام دهم؟,مطمئناً نگران نباشید! اگر شماره کارت آسان خریدم تغییر کرده است، توصیه می‌کنم برای تغییر آن به بانك خود مراجعه کنید. ممکن است شماره کارت تغییر کرده باشد به دلیل برخی مشکلات یا تغییراتی که در سیستم بانکی انجام شده است.

در زمان مراجعه به بانک، یک اسناد هویت خود را همراه داشته باشید و در مورد تغییر شماره کارت آسان خریدم با کارشناس بانك صحبت کنید. آنها می‌توانند به شما کمک کنند تا تغییرات مورد نیاز را انجام دهند.

به علاوه، می‌توانید با تماس با بانک خود و یا از طریق اپلیکیشن بانک یا وب سایت، اطلاعات خود را به روز رسانی کنید و از تغییرات مربوط به شماره کارت آسان خریدم مطلع شوید.
چرا مشتری نمی تواند از اعتبار خود استفاده کند؟,معمولاً برای استفاده از اعتبار، یک شرط وجود دارد که باید توسط مشتری در زمان سفارش یا سفارش‌های قبلی رعایت شده باشد. اگر مشتری از این شرایط استفاده نکرده باشد، امکان استفاده از اعتبار وجود ندارد.

از دیگر دلایل عدم استفاده از اعتبار می توان به مواردی مانند:* اعتبار یا تخفیفی که برای یک سفارش خاص یا یک محدوده زمانی وجود دارد، و مشتری این شرایط را رعایت نکرده باشد.* وجود مشکلات در حساب کاربری یا اطلاعات مشتری که مانع از استفاده از اعتبار می شود.* عدم پرداخت یا کسر از مبلغی که برای استفاده از اعتبار نیاز است.

اگر مشتری از اعتبار خود استفاده نمی کند، می تواند با تماس با پشتیبانی یا بخش فروش یک شرکت، علت را بررسی کند و در صورت امکان، راه حل برای استفاده از اعتبار پیدا کند.
روش استفاده از اعتبار آسان خرید در دیجی پی چیست؟(سفر مشتری),خوش آمدید! روش استفاده از اعتبار آسان خرید در دیجی پی به این صورت است: 1. در ابتدا، باید عضویت در دیجی پی را ثبت کنید و اعتبار آسان خرید را خریداری کنید. 2. پس از خرید اعتبار، به صفحه خرید خود در دیجی پی بروید و کالا یا کالاهای موردعلاقه خود را انتخاب کنید. 3. هنگام ثبت سفارش، گزینه "پرداخت با اعتبار آسان خرید" را انتخاب کنید. 4. در مرحله بعد، کد اعتبار آسان خرید خود را وارد کنید و پس از تأیید، سفارش خود را ثبت کنید. 5. پس از ثبت سفارش، اعتبار آسان خرید شما در حساب دیجی پی شما کسر خواهد شد.

این روش را می‌توانید برای خرید کالا یا کالاهای موردعلاقه خود در دیجی پی استفاده کنید. در صورت داشتن هرگونه سوال یا نگرانی، می‌توانید با پشتیبانی دیجی پی تماس بگیرید.
خرید موفق بوده اما کالا از سمت دیجی کالا تامین نشده و یا انصراف از خرید زدم، چه اقدامی انجام دهم؟,متاسفم که خرید شما موفق نبود. در صورت انصراف از خرید یا عدم تامین کالا توسط دیجی کالا، شما می‌توانید به یکی از گزینه‌های زیر دسترسی پیدا کنید: 1. تماس با پشتیبانی دیجی کالا: می‌توانید با پشتیبانی دیجی کالا تماس بگیرید و در مورد مشکل خود با آنها صحبت کنید. آنها می‌توانند شما را راهنمایی کنند و یا در صورت نیاز، به شما کمک کنند تا مشکل حل شود.
 2. بازگشت یا استرداد: اگر شما هنوز در مدت زمان بازگشت یا استرداد کالا هستید، می‌توانید کالا را به دیجی کالا بازگردانید یا استرداد کنید. در این مورد، شما باید شرایط بازگشت یا استرداد را در وب سایت دیجی کالا بررسی کنید.
 3. شکایت از دیجی کالا: اگر شما هنوز در مدت زمان بازگشت یا استرداد کالا هستید، اما دیجی کالا در مورد بازگشت یا استرداد کالا نپذیرفت، می‌توانید شکایت خود را به نهادهای مربوطه، مانند سازمان بازرگانی، ارائه دهید.
 4. استفاده از
با وجود خرید ناموفق برایم اقساط ایجاد و از اعتبارم کسر شده، چه اقدامی بکنم؟,شکایت از خرید ناموفق و ایجاد اقساط برای شما بسیار دشوار است، اما چند گام برای حل این مشکل وجود دارد: 1. ابتدا باید شکایت خود را به شرکت فروشنده یا ارائه دهنده خدمات ارسال کنید. برای این منظور باید نامه ای را با ذکر جزئیات خرید، شامل تاریخ، زمان و مکان خرید، و همچنین خسارت ها و ضررهای وارد شده به شما، ارسال کنید.
 2. اگر شرکت فروشنده یا ارائه دهنده خدمات در پاسخگویی به شکایت شما مقاومت کند، می توانید به مراجع قضایی مانند دادگاه یا بازرسی کل کشور مراجعه کنید. در اینجا یک کارشناس قضایی یا بازرس، برای حل مشکل شما تلاش می کند.
 3. اگر شما هنوز هم از مشکل رنج می برید، می توانید با ارائه دهنده خدمات برای تعویض یا بازگرداندن کالا تلاش کنید. این کار را می توانید با ارائه مدارک و شواهد لازم انجام دهید.
 4. در نهایت، اگر همه گام های دیگر بی نتیجه ماند، می توانید با ارائه دهنده خدمات برای بازگرداندن هزینه های خود تلاش کنید. برای این منظور باید مدارک و شواهد لازم را ارائه دهید و از خدمات مشاوره ای
چرا کارت آسان خرید من کار نمی کنه؟,خوش آمدید! اگر کارت آسان خرید شما کار نمی کند، احتمالاً دلیل آن یکی از موارد زیر است: 1. موجودی کافی ندارید: ممکن است موجودی کافی برای انجام خرید ندارید. در این صورت، به سراغ یک ATM یا شعبه بانک بروید و وجوه خود را شارژ کنید. 2. تاریخ انقضای کارت وجود دارد: ممکن است کارت شما انقضاق شده باشد و یا اینکه از تاریخ انقضای کارت فراتر رفته است. در این صورت، باید به سراغ بانک خود بروید و کارت جدید بگیرید. 3. رمز عبور یا رمز دوم را اشتباه وارد کردید: ممکن است رمز عبور یا رمز دوم را اشتباه وارد کرده باشید. در این صورت، دوباره وارد رمز عبور یا رمز دوم کنید و سعی کنید با موفقیت خرید خود را انجام دهید. 4. مشکل در سیستم بانکی وجود دارد: ممکن است مشکل در سیستم بانکی وجود داشته باشد که مانع از انجام خرید شود. در این صورت، سعی کنید چند دقیقه منتظر بمانید و دوباره سعی کنید خرید خود را انجام دهید. 5. سقف خرید وجود دارد: ممکن است سقف خرید برای کارت آسان خرید شما وجود
چرا با وجود تامین وجه اقساط از حسابم کسر نمی شود؟,شما در مورد کسر اقساط از حساب خود نگران هستید؟ نگرانی بی مورد نیست، زیرا این موضوع ممکن است به دلیل برخی از مشکلات باشد. اجازه دهید به برخی از دلایل احتمالی برای عدم کسر اقساط از حساب شما اشاره کنم: 1. حساب شما بسته شده باشد: اگر حساب شما بسته شده باشد، اقساط به طور خودکار از حساب شما کسر نمی شود. برای حل این مشکل، باید حساب خود را باز کنید و سپس اقساط را برای زمان های بعدی تنظیم کنید. 2. اطلاعات حساب شما اشتباه باشد: اگر اطلاعات حساب شما اشتباه باشد، سیستم ممکن است اقساط را از حساب شما کسر نکند. برای حل این مشکل، باید اطلاعات حساب خود را بررسی کنید و هرگونه اشتباه را تصحیح کنید. 3. تاریخ اقساط اشتباه باشد: اگر تاریخ اقساط اشتباه باشد، سیستم ممکن است اقساط را از حساب شما کسر نکند. برای حل این مشکل، باید تاریخ اقساط را بررسی کنید و هرگونه اشتباه را تصحیح کنید. 4. اقساط در زمان های خاصی کسر می شود: ممکن است اقساط در زمان های خاصی ک
آیا شماره تلفن همراه باید متعلق به همان کدملی باشد؟,به سوال شما پاسخ می‌دهم. در کشور ایران، شماره تلفن همراه با کد ملی مرتبط است، اما این الزامی نیست. به بیان دیگر، شماره تلفن همراه می‌تواند با کد ملی فرد همخوانی داشته باشد، اما این امر الزامی نیست و فرد می‌تواند شماره تلفن همراه خود را با هر کد ملی که دارد، مرتبط کند یا اینکه از شماره تلفن همراهی که با کد ملی دیگری مرتبط است، استفاده کند.
خریدهای انجام شده از دیجی کالا در چند قسط کسر میشود؟,مطمئناً خریدهای انجام شده از دیجی کالا در چند قسط کسر می شود، بسته به نوع خرید و شرایط پرداخت. در دیجی کالا، خریدها در 2 حالت کسر می شود: 1. قسط یکبار: در این حالت، مبلغ کامل خرید در یک قسط و در یک مرحله کسر می شود. 2. قسط چندین: در این حالت، مبلغ خرید به چندین قسط تقسیم می شود و هر قسط در یک مرحله کسر می شود. تعداد قسطها و مبلغ هر قسط بسته به نوع خرید و شرایط پرداخت تعیین می شود.
آیا نحوه ی استفاده از کارت آسان خرید همانند سایر کارتهای بانکی است؟,خوش آمدید! بله، نحوه ی استفاده از کارت آسان خرید تقریباً همانند سایر کارتهای بانکی است. شما می‌توانید از این کارت برای خریدهای خود در فروشگاه‌ها و فروشگاه‌های آنلاین استفاده کنید. مانند سایر کارتهای بانکی، برای استفاده از این کارت، باید آن را شارژ کنید یا از موجودی آن استفاده کنید.

هنگامی که می‌خواهید از این کارت برای خرید استفاده کنید، باید آن را به عنوان یک گزینه پرداخت در هنگام خرید انتخاب کنید و سپس کد امنیت آن را وارد کنید تا خرید شما تأیید شود.

به طور کلی، استفاده از کارت آسان خرید مانند سایر کارتهای بانکی است، اما ممکن است برخی تفاوت‌های کوچک در نحوه ی استفاده از آن وجود داشته باشد. برای اطلاعات بیشتر، توصیه می‌کنم به بانک یا مؤسسه مالی خود مراجعه کنید تا راهنمای استفاده از این کارت را دریافت کنید.
در هنگام خرید، علاوه بر کارت آسان خرید، آیا میتوان از کارتهای بانکی دیگر استفاده کرد؟,خوش آمدید! بله، علاوه بر کارت آسان خرید، شما می توانید از کارتهای بانکی دیگر برای پرداخت هزینه در هنگام خرید استفاده کنید. اکثر مغازه ها و فروشگاه ها، خدمات پرداخت را با استفاده از انواع کارت های بانکی، از جمله کارت اعتباری، کارت هدیه و کارت های دیجیتالی ارائه می دهند. بنابراین، اگر کارت بانکی دیگری داشته باشید، می توانید از آن برای پرداخت هزینه استفاده کنید.
کارمزد دیجی پی چه زمانی باید پرداخت شود؟,به شما کمک می‌کنم!

بر اساس شرایط و قوانین دیجی پی، کارمزد دیجی پی در زمان ارسال یا پس از ارسال بسته باید پرداخت شود. این زمان ممکن است بسته به کشور یا منطقه شما متفاوت باشد. برای اطلاعات بیشتر و در مورد زمان پرداخت کارمزد دیجی پی، می‌توانید به صفحه کمک دیجی پی مراجعه کنید یا با پشتیبانی دیجی پی تماس بگیرید.
آیا برای استفاده از اعتبار کارت آسان خرید، محدودیت مبلغ وجود دارد؟,بله، برای استفاده از اعتبار کارت آسان خرید، محدودیت مبلغی وجود دارد. این محدودیت مبلغ بسته به نوع اعتبار کارت و همچنین توافق‌نامه با ارائه‌دهنده خدمات آسان خرید تعیین می‌شود. معمولاً اعتبار کارت‌های آسان خرید برای هر تراکنش حداکثر تا یک میلیون تومان یا یک میلیون و پانصد هزار تومان و یا حتی تا پنج میلیون تومان تعیین می‌شود. با این حال، می‌توانید با بررسی شرایط و ضوابط ارائه‌دهنده خدمات آسان خرید، اطلاعات دقیق‌تر در مورد محدودیت مبلغ را به دست آورد.
آیا برای استفاده از اعتبار کارت آسان خرید، محدودیت کالایی وجود دارد؟,خیر، برای استفاده از اعتبار کارت آسان خرید، محدودیت کالایی وجود ندارد. با این حال، برخی از فروشگاه‌ها ممکن است برخی از محصولات را از اعتبار کارت آسان خرید منع کنند یا با شرایط خاصی ارائه دهند. برای مثال، ممکن است برخی از فروشگاه‌ها اعتبار کارت آسان خرید را برای خرید محصولات خاص یا با قیمت خاصی منع کنند. به هر روی، در هنگام استفاده از اعتبار کارت آسان خرید، بهتر است به شرایط فروشگاه و محدودیت‌های احتمالی توجه کنید تا از هر گونه سوء استفاده جلوگیری شود.
پیغام “کارت مسدود یا منقضی است” که هنگام خرید در سایت نمایش داده میشود، به چه معناست و چه اقدامی باید انجام شود؟,مطمئناً از این پیغام دچار سردرگمی شده اید!

پیغام "کارت مسدود یا منقضی است" به معنای این است که کارت بانکی شما که برای خرید در سایت استفاده کرده اید، مسدود یا منقضی شده است. ممکن است این پیغام به دلیل یکی از دلایل زیر نشان داده شود: 1. کارت شما به دلیل معاملات مشکوک مسدود شده است. 2. تاریخ انقضای کارت شما گذشته است و باید آن را تجدید کرد. 3. موجودی کافی در کارت شما وجود ندارد و باید آن را شارژ کنید.

برای حل این مشکل، باید اقداماتی را انجام دهید: 1. در صورت مسدود بودن کارت، با بانک خود تماس بگیرید و دلیل مسدود بودن را دريافت کنید و اگر دلایل مسدود بودن را برطرف کنید، می توانید از خرید خود ادامه دهید. 2. در صورت منقضی شدن کارت، باید آن را تجدید کنید. برای این کار، به سایت بانک خود مراجعه کنید و فرآیند تجدید را تکمیل کنید. 3. در صورت نبودن موجودی کافی در کارت، باید آن را شارژ کنید و سپس می توانید از
پس از پرداخت مبلغ نقدی، پرداخت اعتباری با مشکل مواجه شده است، چه کاری باید انجام دهم؟,مطمئناً این موضوع برای شما بسیار مشکل ساز است. در چنین مواردی، توصیه می‌کنم که به بانک یا موسسه مالی که برایتان اعتبار باز کرده است، مراجعه کنید و با کارشناس آن، مشکل را شرح دهید و از کمک آنها برای حل مشکل درخواست کنید.

همچنین می‌توانید برای حل مشکل، به یکی از این راهکارها اقدام کنید: 1. با مدیر شعبه یا کارشناس بانک، تماس بگیرید و مشکل را شرح دهید و از کمک آنها برای حل مشکل درخواست کنید. 2. یک نامه به مدیر شعبه یا کارشناس بانک نوشته و مشکل را شرح دهید و از کمک آنها برای حل مشکل درخواست کنید. 3. اگر مشکل در زمان پرداخت اعتبار ایجاد شد، ممکن است از زمان پرداخت اعتبار، زمان کافی برای پرداخت اعتبار باقی مانده باشد، بنابراین می‌توانید با زمان باقی مانده، اعتبار را پرداخت کنید.

به هر حال، توصیه می‌کنم که به بانک یا موسسه مالی مراجعه کنید و با کارشناس آن، مشکل را شرح دهید و از کمک آنها برای حل مشکل درخواست کنید.
اقساط به چه صورت پرداخت می شود؟,معمولاً اقساط در شرایطی پرداخت می شود که یک کالا یا خدمتی از یک فروشگاه یا ارائه دهنده ارائه می شود، و خریدار به جای پرداخت مبلغ کامل، مبلغی را به عنوان اقساط پرداخت می کند، و باقیمانده را در بازه زمانی مشخصی، به طور مرتب پرداخت می کند. این روش برای خرید کالا یا خدمت در زمان های طولانی، یا برای کسانی که توانایی پرداخت کامل را ندارند، مفید است. به طور مثال، ممکن است کسی بخرد یک ماشین یا یک خانه با اقساط، و در ماه های آینده، اقساط خود را پرداخت کند.
امکان استفاده از طرح آسان خرید برای کاربرانی که سیستم عامل تلفن همراه آنها iOS است، به چه صورت است می باشد؟,مطمئناً! طرح آسان خرید برای کاربرانی که سیستم عامل تلفن همراه آنها iOS است، از طریق اپلیکیشن Safari یا دیگر برنامه‌های وبگرفتن تلفن همراه قابل دسترسی است. این طرح آسان خرید، برای خریدهای آنلاین در فروشگاه‌های آنلاین یا وبسایت‌های فروشگاهی که پشتیبانی از پرداخت از طریق تلفن همراه را دارند، قابل استفاده است.

از طرفی، کاربرانی که سیستم عامل تلفن همراه آنها iOS است، می‌توانند از طریق اپلیکیشن Apple Pay نیز به پرداختهای آنلاین دسترسی داشته باشند. این اپلیکیشن، امکان پرداختهای آنلاین را از طریق تلفن همراه فراهم می‌کند و برای خریدهای در فروشگاه‌های آنلاین یا وبسایت‌های فروشگاهی که پشتیبانی از Apple Pay را دارند، قابل استفاده است.
چگونه می توانم از وضعیت اقساط و مانده اعتبار خود مطلع شوم؟,شما می توانید برای درک وضعیت اقساط و مانده اعتبار خود از چند راه مختلف استفاده کنید: 1. از طریق وب سایت بانک یا مؤسسه مالی خود: بسیاری از بانک ها و مؤسسات مالی دارای یک بخش برای مشتریان در وب سایت خود هستند که می توانید از طریق آن وضعیت اقساط و مانده اعتبار خود را بررسی کنید. 2. از طریق تلفن یا پیامک: به بانک یا مؤسسه مالی خود تماس بگیرید و از آنها بخواهید تا وضعیت اقساط و مانده اعتبار شما را برای شما بازگو کنند. 3. از طریق مراجعه به شعبه: به شعبه بانک یا مؤسسه مالی خود مراجعه کنید و از یک کارشناس درخواست کنید تا وضعیت اقساط و مانده اعتبار شما را بررسی کند. 4. از طریق استفاده از نرم افزار یا برنامه کاربردی: بسیاری از بانک ها و مؤسسات مالی نرم افزار یا برنامه کاربردی را برای مشتریان خود ارائه می دهند که می توانید از طریق آن وضعیت اقساط و مانده اعتبار خود را بررسی کنید.

به هر حال، برای بررسی وضعیت اقساط و مانده اعتبار خود، داشتن یک حساب کاربری یا یک کد شناسایی مشترک ضروری است. بنابراین، قبل از هر
چگونه می توانم کارت آسان خرید تهیه کنم؟,خوش آمدید! برای خرید کارت آسان، باید به یک شعبه بانک یا شعبه پست یا شعبه فروشگاه‌های خرده‌فروشی مراجعه کنید. همچنین می‌توانید از طریق سایت‌های اینترنتی یا اپلیکیشن‌های بانک یا فروشگاه‌های آنلاین برای خرید کارت آسان اقدام کنید.

برای خرید کارت آسان، باید مدارک زیر را همراه داشته باشید: 1. یک قبض آب یا برق یا گاز یا تلفن که نشان‌دهنده نشانی شما باشد. 2. یک قبض مالی یا یک گواهی درآمد که نشان‌دهنده درآمد شما باشد. 3. یک عکس از خود و یک شناسنامه یا کارت ملی.

هنگامی که مدارک را همراه داشته باشید، می‌توانید از فروشنده یا کارشناس بانک برای خرید کارت آسان درخواست دهید. آنها می‌توانند به شما کمک کنند تا فرآیند خرید کارت آسان را تکمیل کنید.

در ضمن، به عنوان یک راه‌حل جایگزین، می‌توانید از طریق سایت‌های اینترنتی یا اپلیکیشن‌های بانک یا فروشگاه‌های آنلاین برای خرید کارت آسان اقدام کنید. معمولاً این فرآیند سریع‌تر و راحت‌تر است و نیازی به مراجعه حضوری ندارد.
شرایط فعالسازی کارت آسان خرید برای پرسنل بانک به چه صورت است؟,فعالسازی کارت آسان خرید برای پرسنل بانک به صورت زیر است: 1. ابتدا باید از سوی بانک برای استفاده از این خدمات درخواستی شود. 2. بعد از درخواست، کارمندان باید مدارک موردنیاز خود را، مانند هویت ملی، یک نسخه از قرارداد کار، و یک نسخه از گواهی کار، ارائه دهند. 3. پس از تأیید مدارک، یک کد فعالسازی به کارمندان ارسال می شود که باید در سایت بانک وارد شود تا کد خود را فعال کند. 4. بعد از فعالسازی، کارمندان می توانند از خدمات کارت آسان خرید استفاده کنند، مانند خرید از طریق اینترنت و پرداخت هزینه ها از طریق کارت بانکی.

توجه: شرایط فعالسازی ممکن است در هر بانک متفاوت باشد، بنابراین توصیه می شود با بانک خود تماس بگیرید تا اطلاعات دقیق‌تر را کسب کنید.
چگونه به سامانه آسان خرید وارد شوم؟,مطمئناً می‌توانید به سامانه آسان خرید وارد شوید. برای ورود به این سامانه، مراحل زیر را دنبال کنید: 1. ابتدا به سایت آسان خرید مراجعه کنید و روی گزینه "ثبت نام" کلیک کنید. 2. در صفحه ثبت نام، نام و نام خانوادگی خود را وارد کنید و یک رمز عبور انتخاب کنید. 3. ایمیل خود را وارد کنید و روی گزینه "ثبت نام" کلیک کنید تا حساب کاربری خود را ایجاد کنید. 4. پس از ایجاد حساب کاربری، روی گزینه "ورود" کلیک کنید و نام کاربری و رمز عبور خود را وارد کنید تا وارد سامانه آسان خرید شوید.

اگر در هر مرحله با مشکلی مواجه شدید، می‌توانید با پشتیبانی آسان خرید تماس بگیرید تا به شما کمک کنند.
لیست پذیرندگان آسان خرید را از کجا پیدا کنم؟,نخستین قدم برای پیدا کردن لیست پذیرندگان آسان خرید، جستجوی آنلاین در موتورهای جستجو مانند گوگل، یاهو یا دکام است. در گوگل، کلمه کلیدی "لیست پذیرندگان آسان خرید" یا "لیست پذیرندگان خرید" را جستجو کنید و نتایج را بررسی کنید. همچنین می‌توانید به سایت‌های معتبر و مرتبط مانند سایت‌های مرجع یا سایت‌های تبلیغاتی مراجعه کنید تا لیست پذیرندگان آسان خرید را به دست آورید. علاوه بر این، می‌توانید از دوستان یا خانواده‌تان که قبلاً از این خدمات استفاده کرده‌اند، راهنمایی بگیرید و از تجربیات آنها بهره ببرید.
آیا برداشت از حساب در سایر شعب کارمزد دارد؟,معمولاً در شعب بانک، برداشت از حساب و انجام سایر خدمات ممکن است با درج یک مبلغ کارمزد همراه باشد، اما میزان این کارمزد ممکن است بسته به بانک و نوع خدمات ارائه شده متفاوت باشد. در برخی از شعب، برداشت از حساب و انجام سایر خدمات ممکن است بدون کارمزد یا با کارمزد بسیار کم انجام شود، اما در برخی دیگر ممکن است کارمزد بیشتری دریافت شود. برای کسب اطلاعات دقیق‌تر، توصیه می‌کنم به یک شعب بانک نزدیکی خود مراجعه کنید تا در مورد کارمزد مربوطه اطلاعات کسب کنید.
وصول چک های سحر از سایر بانک ها از چه طریقی امکان پذیر است؟,با سلام! برای وصول چک های سحر از سایر بانک ها، باید از طریق سیستم الکترونیکی وصولی چک ها، که توسط بانک مرکزی جمهوری اسلامی ایران مدیریت می شود، اقدام کنید. این سیستم به نام "سیستم وصول چک ها" شناخته می شود و امکان وصول چک های سحر از سایر بانک ها را فراهم می کند.

برای وصول چک ها از طریق این سیستم، باید مراحل زیر را طی کنید: 1. در ابتدا باید یک حساب کاربری در سیستم وصول چک ها ایجاد کنید و رمز عبور خود را تعیین کنید. 2. سپس باید چک های سحر را که از سایر بانک ها دریافت کرده اید، به سیستم وصول چک ها منتقل کنید. 3. در مرحله بعدی، باید اطلاعات چک ها را، مانند شماره چک، تاریخ وصول، مبلغ و نام بانک صادر کننده چک، در سیستم وصول چک ها وارد کنید. 4. پس از تکمیل اطلاعات چک ها، سیستم وصول چک ها، چک های سحر را با بانک های صادر کننده چک در ارتباط قرار می دهد و در صورت تایید صحت چک ها، مبلغ چک ها را به حساب
وصول چک های سحر از طریق سایر شعب تجارت به چه صورت است؟,معمولاً چک های سحر از طریق سایر شعب تجارت و بانک ها با استفاده از سیستم های آنلاین و الکترونیکی ارسال می شود. این چک ها معمولاً به عنوان یک ابزار پرداخت الکترونیکی در اختیار مشتریان قرار می گیرد و از طریق سیستم های پرداخت الکترونیکی مانند سامانه های پرداخت آنلاین و دیگر سیستم های پرداخت، به حساب های بانکی مشتریان واریز می شود.

از طرف دیگر، در صورت عدم وجود سیستم های آنلاین و الکترونیکی، چک های سحر ممکن است توسط کارکنان شعب تجارت و بانک ها، دستی به دستی ارسال شوند. در این حالت، کارکنان شعب تجارت و بانک ها، چک های سحر را به عنوان یک ابزار پرداخت فیزیکی در اختیار مشتریان قرار می دهند و به آنها دستور می دهند تا آن را به حساب های بانکی خود واریز کنند.
شرایط و هزینه های اجاره صندوق اجاره ای به چه صورت است؟,شما می خواهید بدانید شرایط و هزینه های اجاره صندوق اجاره ای چگونه است؟

به طور کلی، شرایط و هزینه های اجاره صندوق اجاره ای بسته به کشور، شهر و نوع صندوق اجاره ای متفاوت است. اما در اینجا برخی از شرایط و هزینه های معمولی را برای شما آورده ایم: 1. پیش پرداخت: معمولاً یک پیش پرداخت در حدود 1-3 ماه مزد اجاره ای الزامی است که برای تأیید قرارداد اجاره و ضمانت اجرای شرایط قرارداد است. 2. مزد اجاره ای: مزد اجاره ای معمولاً بر اساس ماه یا سال تعیین می شود و بسته به نوع صندوق اجاره ای، شهر و کشور متفاوت است. به عنوان مثال، مزد اجاره ای برای یک صندوق اجاره ای در تهران ممکن است در حدود 500-1000 دلار باشد، در حالی که برای یک صندوق اجاره ای در شهرهای کوچک ممکن است در حدود 100-300 دلار باشد. 3. هزینه های اضافی: ممکن است هزینه های اضافی مانند هزینه های تعمیرات، هزینه های مدیریت، هزینه های تأمین و هزینه های امنیتی در قرارداد اجاره در نظر گرفته شود. 4. مدت زمان قرارداد: مدت زمان قرارداد
چک بین بانکی رمزدار قابلیت واگذاری به غیر را دارد؟,خیر، چک بین بانکی رمزدار قابلیت واگذاری به غیر را ندارد. چک بین بانکی رمزدار به نام گیرنده وصول می‌شود و تنها گیرنده آن می‌تواند آن را وصول کند. در صورتی که چکی رمزدار به غیر داده شود، قابل وصول نخواهد بود و بانک نیز از وصول آن اطمینان دارد.
رفع سوء اثر چک های برگشتی به چه صورت می باشد؟,رفع سوء اثر چک های برگشتی به دو روش عمده امکان دارد: 1. راهبرد اول: از طریق بانک عامل، چک برگشتی را در زمان تعیین شده برای وصول آن، برای تسویه حساب و رفع سوء اثر، در همان بانک تحویل دهید. این روش معمولاً برای چک های برگشتی که در همان بانک صادر شده است، توصیه می شود.
 2. راهبرد دوم: در صورت عدم امکان تحویل چک در همان بانک، می توانید برای رفع سوء اثر، به یک دفتر رسمی صادرکننده چک مراجعه کنید. این دفتر می تواند به عنوان واسطه بین شما و بانک عامل عمل کند و در نتیجه، سوء اثر چک را رفع کند. این روش معمولاً برای چک های برگشتی که در بانک دیگری صادر شده است، توصیه می شود.

در هر صورت، قبل از اقدام، توصیه می کنم که برای وصول چک، به یک دفتر رسمی صادرکننده چک مراجعه کنید تا راهنمایی های لازم را در مورد نحوه رفع سوء اثر چک دریافت کنید.
مدت زمان لازم برای رفع سوء اثر چک های برگشتی که اقدامات لازم در خصوص آنها انجام نگرفته چقدر است؟,از دیدگاه حسابداری، زمان لازم برای رفع سوء اثر چک‌های برگشتی که اقدامات لازم در خصوص آنها انجام نگرفته، معمولاً به طولانی‌ترین زمان ممکن برای تکمیل فرآیند رسیدگی به چک‌ها و رفع سوء اثر آن‌ها می‌رسد.

به طور کلی، این زمان ممکن است به مدت زمان لازم برای: 1. پیگیری با بانک برای تأیید و لغو چک برگشتی 2. پیگیری با خزانه یا ذی‌نفع برای دریافت وصولی یا قبول مسئولیت در مورد چک‌های برگشتی 3. انجام بررسی‌های حسابداری و مالی برای شناسایی و رفع سوء اثر چک‌های برگشتی

این زمان می‌تواند به چندین ماه یا حتی چندین سال هم برسد، بسته به پیچیدگی و پیچیدگی فرآیند رسیدگی به چک‌ها و رفع سوء اثر آن‌ها.

به طور کلی، یک شرکت حسابرسی یا یک حسابدار حرفه‌ای می‌تواند به شما کمک کند تا زمان لازم برای رفع سوء اثر چک‌های برگشتی را تعیین کند.
چه نوع ارزهایی برای افتتاح حساب ارزی مورد قبول است؟,خوش آمدید! به عنوان یک دستیار فارسی، خوشحال خواهم بود تا پاسخگوی سوالات شما باشید.

به پرسش شما، برای افتتاح حساب ارزی، معمولاً انواع ارزهای زیر مورد قبول هستند: 1. ارزهای رایج مانند دلار آمریکا، یورو، پوند بریتانیا، وینیتسه استرالیا، و کره جنوبی. 2. ارزهای آسیایی مانند وون کره جنوبی، وون هنگ کنگ، ین ژاپن، و درهم عمان. 3. ارزهای آفریقایی مانند Rand آفریقای جنوبی، شیلینگ کنیا، و شیلینگ تنزانیا. 4. ارزهای آمریکای لاتین مانند بولیواری بولیوی، کلمبیایی کلمبیا، و بولیواری ونزوئلا.

توجه داشته باشید که برخی بانک‌ها ممکن است برخی از این ارزها را به عنوان پذیرفته‌شده برای افتتاح حساب ارزی، در نظر نگیرند. بنابراین، قبل از افتتاح حساب، بهتر است با بانک مورد نظر خود تماس بگیرید تا در مورد شرایط و الزامات افتتاح حساب ارزی، اطلاعات دقیق‌تر را کسب کنید.
درصورت واگذاری چک سایر بانکها در بانک تجارت پس از چند روز وصول میگردد؟,بسیار ممنون از سؤال شما! در بانک تجارت، زمان وصول چک سایر بانکها پس از واگذاری به طور معمول بین 2 تا 5 روز کاری است، اما ممکن است زمان وصول بسته به حجم تراکنش و زمان پردازش در بانکها متفاوت باشد. در برخی موارد، ممکن است چک سایر بانکها پس از چند روز وصول نشود و یا زمان طولانیتری برای وصول نیاز داشته باشد. بنابراین، برای اطلاع دقیق، بهتر است با بانک تجارت تماس بگیرید تا زمان وصول چک را برای شما تعیین کنند.
سقف انتقال وجه ساتنا و پایا از طریق شعب چه مبلغی است؟,میزان انتقال وجه ساتنا و پایا از طریق شعب مختلف ممکن است متفاوت باشد. اما به طور متوسط، مبلغ انتقال وجه از طریق شعب ساتنا و پایا حدود 500 تومان تا 2 میلیون تومان است. این مبلغ به میزان سرمایه و نوع خدمات درخواستی توسط مشتری بستگی دارد.
کارمزد انتقال وجه شتابی کارت به کارت به چه میزان است؟,معمولاً کارمزد انتقال وجه شتابی کارت به کارت برای متقاضیان مختلف متفاوت است. اما به طور کلی، کارمزد این نوع انتقال وجه معمولاً بین 1 تا 5 هزار تومان است.

به طور مثال، برای متقاضیان شتاب، کارمزد انتقال وجه شتابی کارت به کارت معمولاً 1 تا 2 هزار تومان است. برای متقاضیان پیگم، کارمزد معمولاً 2 تا 3 هزار تومان است و برای متقاضیان زرین پارس، کارمزد معمولاً 3 تا 5 هزار تومان است.

شایان ذکر است که این کارمزد ها به طور کلی و در شرایط خاصی ممکن است تغییر کند، بنابراین برای کسب اطلاعات دقیق‌تر، توصیه می‌کنیم به وب سایت یا نماینده بانک یا مؤسسه مالی مورد نظر مراجعه کنید.
آیا چک های برگشتی مشمول دریافت کارمزد می شوند؟,بله، چک های برگشتی در بسیاری از موارد مشمول دریافت کارمزد هستند. به عنوان مثال، در ایران، بانکی که چک را پرداخت می کند، معمولاً کارمزد دریافت می کند تا از احتمال خسارت و زیان جلوگیری کند. این کارمزد معمولاً به عنوان یک درصد از ارزش چک یا یک مبلغ ثابت محاسبه می شود. در برخی موارد، بانک ممکن است برای چک های برگشتی کارمزد بیشتری دریافت کند، به ویژه اگر چک از یک حساب خارجی باشد. برای جلوگیری از پرداخت کارمزد، معمولاً توصیه می شود که از چک هایی که در کشور استفاده می شوند، استفاده کنید یا اینکه از روش های پرداخت جایگزین مانند پول نقد یا کارت های اعتباری استفاده کنید.
چگونه می توان مبلغ و تعداد تراکنش های اشخاص کمتر از 18 سال را کنترل یا برای آن سقف تعیین کرد؟,در سیستم های پرداخت الکترونیکی، کنترل و تعیین سقف برای مبلغ و تعداد تراکنش های اشخاص کمتر از 18 سال می تواند با استفاده از چندین روشی انجام شود: 1. ثبت نام و صدور مجوز: سیستم های پرداخت می توانند افراد زیر 18 سال را از انجام تراکنش های مالی منع کنند و تنها با مجوز والدین یا سرپرست قانونی به انجام تراکنش ها اجازه دهند. 2. تعیین سقف تراکنش: سیستم های پرداخت می توانند سقف تراکنش های افراد زیر 18 سال را تعیین کنند، به طوری که تراکنش های آنها محدود شود و از انجام تراکنش های غیرقانونی جلوگیری کند. 3. استفاده از تکنولوژی هوش مصنوعی: استفاده از تکنولوژی هوش مصنوعی می تواند کمک کند تا تراکنش های غیرقانونی و غیرمناسبی را شناسایی کند و از انجام آنها جلوگیری کند. 4. همکاری با والدین و سرپرست قانونی: همکاری با والدین و سرپرست قانونی می تواند کمک کند تا کنترل بر تراکنش های افراد زیر 18 سال را اعمال کند و از انجام
اختیار نماینده قانونی در مورد ابزارهای پرداخت فعال شده برای حساب اشخاص محجور چگونه غیر فعال می شود؟,سؤال جالبی! برای غیر فعال کردن نماینده قانونی در مورد ابزارهای پرداخت فعال شده برای حساب اشخاص محجور، باید مراحل زیر را طی کنید: 1. مراجعه به وب سایت بانک یا موسسه مالی که حساب را ایجاد کرده است و به صفحه مدیریت حساب مراجعه کنید. 2. وارد حساب خود شوید و به بخش تنظیمات و یا مدیریت نماینده قانونی بروید. 3. نماینده قانونی را که برای ابزارهای پرداخت فعال شده است، انتخاب کنید و روی دکمه غیر فعال کردن کلیک کنید. 4. در صورت درخواست، دلیل غیر فعال کردن را وارد کنید و روی دکمه تأیید کلیک کنید.

در صورت نیاز به کمک یا راهنمایی بیشتر، می توانید با بانک یا موسسه مالی خود تماس بگیرید و یا از خدمات مشاوره ای استفاده کنید.
آیا بانکداری اینترنتی برای اشخاص حقوقی راه اندازی شده است؟,بله، بانکداری اینترنتی برای اشخاص حقوقی در ایران راه اندازی شده است. بسیاری از بانک‌های ایرانی مانند بانک ملی، بانک تجارت، بانک سامان و بانک کشاورزی خدمات بانکداری اینترنتی را برای اشخاص حقوقی ارائه می‌دهند. این خدمات شامل امور مالی مانند افتتاح حساب، واریز و برداشت وجه، پرداخت و دریافت چک و نقل و معامله اسناد و مانند آن می‌شود. همچنین بسیاری از این بانک‌ها از طریق درگاه های اینترنتی خود امکان پرداخت و نقل و معامله اسناد و مانند آن را برای اشخاص حقوقی فراهم کرده‌اند. برای دسترسی به این خدمات، می‌توانید به سایت بانک مورد نظر خود مراجعه کنید و با مراجعه به بخش مربوط به اشخاص حقوقی، اطلاعات بیشتری را به دست آورید.
سقف انتقال وجه به حساب های بانک تجارت از طریق تلفن بانک چه مبلغی می باشد؟,با سلام، برای انتقال وجه از طریق تلفن بانک تجارت، مبلغی که قابل انتقال است بستگی به نوع حساب و نوع انتقال وجه دارد. در حالت کلی، حداکثر مبلغ قابل انتقال از طریق تلفن بانک تجارت 100 میلیون تومان است. اما برای انتقال وجه های بالاتر، باید از طریق شعب بانک یا سایر روش های انتقال وجه استفاده کنید. لطفا قبل از انتقال وجه، با تلفن بانک تجارت تماس بگیرید و اطلاعات بیشتری را کسب کنید.
سقف انتقال وجه به حساب های بانک تجارت از طریق موبایل بانک چه مبلغی می باشد؟,به راحتی پاسخ را به شما می‌دهم. مبلغ انتقال وجه از طریق موبایل بانک بانک تجارت به سقف 5000000 تومان (پنج میلیون تومان) محدود است. این مبلغ ممکن است در آینده تغییر کند، بنابراین برای اطلاع از آخرین شرایط، به وب سایت بانک تجارت یا کانال های رسمی آن مراجعه کنید.
سقف انتقال وجه به حساب های بانک تجارت از طریق اینترنت بانک چه مبلغی می باشد؟,به соответствии با اطلاعات موجود، مبلغ انتقال وجه از طریق اینترنت بانک بانک تجارت 50،000 تومان برای هر انتقال وحدی می باشد. این مبلغ ممکن است در زمان نقل و انتقال تغییر کند، بنابراین برای اطلاع دقیق‌تر از مبالغ و شرایط انتقال وجه از طریق اینترنت بانک بانک تجارت، توصیه می‌شود که به وب سایت بانک تجارت مراجعه کنید یا با یک نماینده بانک تجارت تماس بگیرید.
امکان خرید شارژایرانسل از چه بسترهایی امکان پذیر است؟,به پرسش شما پاسخ می‌دهم! امکان خرید شارژ ایرانسل از چند بستر و منبع وجود دارد: 1. وب سایت رسمی ایرانسل: می‌توانید از وب سایت ایرانسل، شارژ خود را خریداری کنید و کد شارژ را دریافت کنید. 2. اپلیکیشن ایرانسل: می‌توانید از اپلیکیشن ایرانسل برای خرید شارژ استفاده کنید و کد شارژ را دریافت کنید. 3. فروشگاه‌های فیزیکی ایرانسل: می‌توانید از فروشگاه‌های فیزیکی ایرانسل برای خرید شارژ استفاده کنید. 4. کافه و فروشگاه‌های عمومی: بسیاری از کافه و فروشگاه‌های عمومی، خدمات شارژ ایرانسل را ارائه می‌دهند و می‌توانید از آنها برای خرید شارژ استفاده کنید. 5. وب سایت‌های خرید شارژ: بسیاری از وب سایت‌ها، خدمات شارژ ایرانسل را ارائه می‌دهند و می‌توانید از آنها برای خرید شارژ استفاده کنید، مانند وب سایت‌های شارژ موبایل و غیره.

به طور کلی، می‌توانید از هر یک از این منابع برای خرید شارژ ایرانسل استفاده کنید و کد شار
امکان خرید شارژ همراه اول از چه بستر هایی امکان پذیر است؟,خوش آمدید! خرید شارژ همراه اول از چند بستر مختلف امکان پذیر است. برخی از این بستری ها عبارتند از: 1. وب سایت همراه اول: شما می توانید از وب سایت رسمی همراه اول، شارژ خود را خریداری کنید. 2. اپلیکیشن همراه اول: اپلیکیشن های همراه اول در اندروید و iOS، امکان خرید شارژ را برای شما فراهم می کند. 3. کافه ها و مغازه های ارائه دهنده خدمات همراه اول: بسیاری از کافه ها و مغازه ها در سراسر کشور، خدمات خرید شارژ همراه اول را ارائه می دهند. 4. فروشگاه های آنلاین: برخی از فروشگاه های آنلاین مانند پارسال، شیپور و سایرین، امکان خرید شارژ همراه اول را برای شما فراهم می کنند. 5. بانک های ایرانی: برخی از بانک های ایرانی مانند بانک ملی، بانک مelli، بانک سامان و سایرین، امکان خرید شارژ همراه اول را از طریق کارت های اعتباری خود، برای شما فراهم می کنند.

لطفاً توجه داشته باشید که ممکن است برخی از این بستری ها، محدودیت های خاصی برای خرید شارژ دارند.
دریافت نرم افزار موبایل بانک تجارت از چه روشی امکان پذیر است؟,ممنون از سوال شما! برای دریافت نرم افزار موبایل بانک تجارت، می‌توانید از چندین روش استفاده کنید: 1. از طریق سایت بانک تجارت: به سایت بانک تجارت مراجعه کنید و روی دکمه "دانلود نرم افزار" کلیک کنید تا نرم افزار را دانلود کنید. 2. از طریق بازار موبایل: بازار موبایل، یک پلتفرمی است که نرم افزارهای مختلف را به شما عرضه می‌کند. روی جستجوی "بانک تجارت" کلیک کنید تا نرم افزار را بیابید و آن را دانلود کنید. 3. از طریق گوگل پلی: گوگل پلی یک پلتفرم است که نرم افزارهای مختلف را به شما عرضه می‌کند. روی جستجوی "بانک تجارت" کلیک کنید تا نرم افزار را بیابید و آن را دانلود کنید. 4. از طریق پیامک: می‌توانید از طریق پیامک با بانک تجارت تماس بگیرید و از آنها درخواست کنید تا نرم افزار را برای شما ارسال کنند.

توجه داشته باشید که نرم افزار موبایل بانک تجارت برای دستگاه‌های اندروید و iOS طراحی شده است. بنابراین، مطمئن شوید که دستگاه شما از سیستم عامل مورد نظر پشتیبانی می‌کند.
خدمات انتقال وجه انفرادی پایا از طریق اینترنت بانک تا چه ساعتی امکان پذیر است؟,خوش آمدید! با توجه به اطلاعات موجود، خدمات انتقال وجه انفرادی پایا از طریق اینترنت بانک معمولاً از صبح تا شب و در برخی موارد تا ساعت 22:00 یا 23:00 امکان پذیر است. اما این ساعت ها ممکن است برای هر بانک یا مؤسسه مالی متفاوت باشد. برای اطمینان، بهتر است به سایت یا دفتر خود را بررسی کنید یا با آنها تماس بگیرید.
خدمات انتقال وجه ساتنا از طریق اینترنت بانک تا چه ساعتی امکان پذیر است؟,ممنون از سوال شما! خدمات انتقال وجه ساتنا از طریق اینترنت بانک معمولاً از ساعت 8 صبح تا 6 عصر، به استثنای روزهای تعطیل، امکان پذیر است. البته ساعت دقیق امکان پذیر بودن این خدمات ممکن است بسته به بانک و نوع خدمات متفاوت باشد. برای اطمینان از ساعت امکان پذیر بودن خدمات، بهتر است با بانک خود تماس بگیرید یا از سایت بانک خود بازدید کنید.
نحوه استفاده از دستگاه تولید رمز (Token) به چه صورت می باشد؟,سازنده تولید رمز یا Token، یک دستگاه هوشمند و ایمن برای تولید رمزی است که از یک کد منحصر به فرد تشکیل می شود و برای شناسایی و تأیید هویت در سیستم های امنیتی و دیجیتالی استفاده می شود.

نحوه استفاده از دستگاه تولید رمز به این صورت است: 1. نخستین قدم، وارد کردن داده های مورد نیاز است که شامل اطلاعات هویت و هویت کاربر می شود. 2. سپس، دستگاه تولید رمز این داده ها را رمزگذاری می کند و یک کد منحصر به فرد تولید می کند که به عنوان رمز یا Token شناخته می شود. 3. این رمز یا Token به عنوان یک کلید برای دسترسی به سیستم یا سرویس خاصی استفاده می شود و برای تأیید هویت کاربر در سیستم یا سرویس مورد نظر استفاده می شود. 4. در نهایت، این رمز یا Token می تواند برای تجزیه و تحلیل داده ها، تجزیه و تحلیل رفتار کاربران و برای شناسایی و جلوگیری از حملات سایبری استفاده شود.

به طور کلی، دستگاه تولید رمز برای اطمینان از امنیت داده های کاربران و برای جلوگیری از حملات سایبری استفاده می شود و می تواند به عنوان یک راه حل
چگونه می توان رمز ورود به توکن را تغییر داد؟,توجه داشته باشید که برای تغییر رمز ورود به توکن، باید از طریق اپلیکیشن توکن یا وب سایت رسمی توکن اقدام کنید. برای تغییر رمز ورود، باید مراحل زیر را طی کنید: 1. وارد اپلیکیشن توکن یا وب سایت رسمی توکن شوید و به حساب خودتان بروید. 2. روی گزینه "تغییر رمز" یا "رنگیر رمز ورود" کلیک کنید. 3. رمز فعلی خود را وارد کنید تا به تأیید شود. 4. رمز جدید خود را وارد کنید و تأیید کنید که دو بار رمز جدید را وارد کنید تا تأیید شود. 5. پس از تأیید، رمز ورود شما تغییر خواهد کرد و از آن پس باید با رمز جدید وارد حساب خود شوید.

توجه داشته باشید که برای تغییر رمز ورود، باید از طریق اپلیکیشن توکن یا وب سایت رسمی توکن اقدام کنید و از طریق دیگر، تغییر رمز را تأیید نمی کند.
سیستم مدیریت پرداخت شامل چه نوع پرداختهایی می شود؟,به عنوان یک دستیار فارسی، خوشحال می شوم که به سوالتان پاسخ دهم. سیستم مدیریت پرداخت شامل چندین نوع پرداخت است، از جمله: 1. پرداخت های آنلاین: این نوع پرداخت ها از طریق اینترنت انجام می شود، مانند پرداخت های با کارت اعتباری، درگاه پرداخت های اینترنتی و پرداخت های با کیف پول های دیجیتال مانند پیم و پی پال. 2. پرداخت های آفلاین: این نوع پرداخت ها بدون استفاده از اینترنت انجام می شود، مانند پرداخت های با چک، پول نقد و پول نقدی که در یک فروشگاه یا مغازه پرداخت می شود. 3. پرداخت های با کارت اعتباری: این نوع پرداخت ها از طریق کارت اعتباری مانند ویزا، مستر کارت و امکس انجام می شود. 4. پرداخت های با درگاه های پرداخت: این نوع پرداخت ها از طریق درگاه های پرداخت مانند سلیف، درگاه پرداخت پویا و درگاه پرداخت زوم انجام می شود. 5. پرداخت های با کیف پول های دیجیتال: این نوع پرداخت ها از طریق کیف پول های دیجیتال مانند پیم، پی پال و ترانزفرو انجام می شود.

این چندین نوع پرداخت
آیا انتقال وجه شتابی از بانک سوم امکان پذیر است؟,سalam! انتقال وجه شتابی از بانک سوم امکان پذیر است، اما با توجه به قوانین و مقررات بانک‌ها و موسسات مالی، ممکن است فرآیند انتقال وجهی شتابی با محدودیت‌هایی مواجه شود.

در مورد بانک سوم، ممکن است نیاز به تعهد و تعهدات خاصی داشته باشید، یا ممکن است فرآیند انتقال وجهی شتابی به دلایل امنیتی یا قانونی، به صورت دستی یا به کمک یک کارشناس مالی، انجام شود.

به هر حال، برای اطلاع از شرایط خاص بانک سوم و فرآیند انتقال وجهی شتابی، توصیه می‌شود که با بانک سوم تماس بگیرید و از شرایط و مقررات مربوطه، آگاه شوید.
شناسه شبا را از چه روش هایی می توان بدست آورد؟,شناوری شبا را از چندین روش می توان بدست آورد، از جمله: 1. از طریق خرید از فروشندگان محصولات شناوری شبا: می توانید در فروشگاه ها و فروشندگان محصولات شناوری شبا را خریداری کنید. 2. از طریق ساخت در خانه: می توانید شناوری شبا را در خانه خود با استفاده از مواد اولیه و تجهیزات لازم ساخت. 3. از طریق خرید از فروشندگان اینترنتی: می توانید در فروشگاه های اینترنتی شناوری شبا را خریداری کنید. 4. از طریق معامله با دیگران: می توانید با دیگران معامله کنید و شناوری شبا را از آن ها خریداری کنید.

توجه: قبل از خرید یا ساخت شناوری شبا، باید اطمینان حاصل کنید که آن ها با استاندارد های کیفیت و ایمنی مطابقت دارند.
تغییر زبان موبایل بانک از چه طریقی امکان پذیر است؟,فوق‌العاده! تغییر زبان موبایل بانک از طریق چندین روش ممکن است. به طور کلی، روش‌های تغییر زبان موبایل بانک عبارتند از: 1. در تنظیمات خودکارموبایل: اغلب TIMES، در تنظیمات خودکارموبایل، گزینه زبان را می‌توان یافت و انتخاب کرد. به عنوان مثال، در تنظیمات خودکارموبایل آندروید، به گزینه "زبان" مراجعه کنید و گزینه مورد نظر خود را انتخاب کنید. 2. از طریق اپلیکیشن موبایل بانک: اغلب اپلیکیشن‌های موبایل بانک، گزینه زبان را در تنظیمات اپلیکیشن ارائه می‌دهند. به عنوان مثال، در اپلیکیشن موبایل بانک ایرانسل، گزینه "زبان" را در تنظیمات اپلیکیشن پیدا کنید و گزینه مورد نظر خود را انتخاب کنید. 3. از طریق تماس با پشتیبانی بانک: در صورت مشکل در تغییر زبان، می‌توانید با پشتیبانی بانک تماس بگیرید و درخواست تغییر زبان را ارائه دهید. آنها می‌توانند به شما کمک کنند تا زبان را تغییر دهید.

در هر صورت، در صورتی که در تغییر زبان موفق نشدید، می‌توانید به پشتیبانی
آیا استفاده از خدمات اینترنتی پایا و ساتنا برای تمامی حسابها امکان پذیر است؟,خیر، استفاده از خدمات اینترنتی پایا و ساتنا برای تمامی حسابها امکان پذیر نیست. این خدمات برای حسابهای خاصی که شرایط خاصی را داشته باشند، امکان پذیر است. شرایط خاصی که حساب باید داشته باشد برای استفاده از این خدمات، شامل مواردی مانند نوع حساب، میزان موجودی، تاریخچه معاملات و غیره است. به طور کلی، این خدمات برای حسابهایی که دارای ریسک کم، تاریخچه معاملات مناسب و میزان موجودی کافی باشند، امکان پذیر است. اما برای حسابهایی که دارای ریسک بالا، تاریخچه معاملات نامناسب یا میزان موجودی کم باشند، استفاده از این خدمات ممکن نیست یا با محدودیت‌هایی مواجه است.
نحوه درخواست ایجاد درگاه پرداخت اینترنتی تجارت در سایت ارائه دهندگان خدمات و کالا به چه صورت می باشد؟,سalam! برای درخواست ایجاد درگاه پرداخت اینترنتی در سایت ارائه دهندگان خدمات و کالا، باید به چند مرحله توجه کنید: 1. انتخاب یک ارائه دهنده خدمات پرداخت: باید یک ارائه دهنده خدمات پرداخت مانند زرین پال، سداد، نوین پال، یا دیگر ارائه دهندگان خدمات پرداخت را انتخاب کنید که در ایران فعالیت می کند. 2. بررسی شرایط و ضوابط ارائه دهنده: باید شرایط و ضوابط ارائه دهنده خدمات پرداخت را بررسی کنید و اطمینان حاصل کنید که آنها با نیازهای شما همخوانی دارند. 3. درخواست ثبت نام: باید درخواست ثبت نام در ارائه دهنده خدمات پرداخت را ارسال کنید و اطلاعات خود را تکمیل کنید. 4. تأیید اطلاعات: ارائه دهنده خدمات پرداخت، اطلاعات شما را تأیید می کند و در صورت نیاز، ممکن است درخواست اضافی یا اطلاعات تکمیلی را درخواست کند. 5. تأیید درگاه پرداخت: ارائه دهنده خدمات پرداخت، درگاه پرداخت اینترنتی شما را تأیید می کند و به شما یک کد یا کلید برای استفاده از درگاه پرداخت می دهد. 6. پیاده سازی درگاه پرداخت: باید درگاه پرداخت را در سایت خود پیاده سازی کنید و آن را با درگاه پرداخت اینترنتی ارائه
روش دریافت نماد اعتماد الکترونیکی به چه صورت می باشد؟,متشکرم برای سوال شما! دریافت نماد اعتماد الکترونیکی از طریق مرجع اعتماد الکترونیکی است که توسط وزارتخانه ارتباطات و فناوری اطلاعات جمهوری اسلامی ایران ارائه می شود. برای دریافت این نماد، باید شرایط زیر را برآورده کنید: 1. داشتن یک سایت یا یک سامانه الکترونیکی که از طریق آن خدمات ارائه می شود. 2. داشتن یک نام و نشانی اینترنتی که برای ارائه خدمات استفاده می شود. 3. داشتن یک پلتفرمی که از نظر امنیت و پایداری به خوبی کار می کند. 4. رعایت مقررات و قوانین مربوط به ارائه خدمات الکترونیکی.

برای دریافت نماد اعتماد الکترونیکی، باید یک درخواست را به مرجع اعتماد الکترونیکی ارسال کنید و اطلاعات موردنیاز را ارائه دهید، از جمله: 1. اطلاعات مربوط به سایت یا سامانه خود، مانند آدرس اینترنتی و نام شرکت یا سازمان ارائه دهنده خدمات. 2. اطلاعات مربوط به مدیران و کارکنان شرکت یا سازمان ارائه دهنده خدمات. 3. اطلاعات مربوط به تجهیزات و سیستم های امنیتی و پایداری استفاده شده در سایت یا سامانه خود. 4. اطلاعات مربوط به نحوه ارائه خدمات و نحوه
سقف انتقال وجه از طریق خدمات پایا و ساتنای اینترنتی چه مبلغی می باشد؟,ممنون از سوال شما! مبلغی که برای انتقال وجه از طریق خدمات پارسال و ساتناای اینترنتی پرداخت می شود، متغیر است و بسته به مبلغ و نوع حساب و بانکی که از آن استفاده می کنید، متفاوت است.

به طور کلی، برای انتقال وجه از طریق خدمات پارسال و ساتناای اینترنتی، مبالغی مانند زیر پرداخت می شود:* برای مبالغ کمتر از 1 میلیون تومان، مبلغی بین 5 هزار تومان تا 10 هزار تومان پرداخت می شود.* برای مبالغ بین 1 تا 5 میلیون تومان، مبلغی بین 10 هزار تومان تا 50 هزار تومان پرداخت می شود.* برای مبالغ بیشتر از 5 میلیون تومان، مبلغی بین 50 هزار تومان تا 100 هزار تومان پرداخت می شود.

این مبالغ در حال حاضر و ممکن است در آینده تغییر کند، بنابراین برای اطلاع از مبالغ دقیق و روزآمد، به سایت پارسال و ساتناای اینترنتی مراجعه کنید.
انتقال وجه شتابی از چه بسترهایی امکان پذیر می باشد؟,به عنوان یک دستیار کمک‌کننده، می‌توانم پاسخ‌های مفیدی را در مورد انتقال وجه شتابی ارائه دهم. انتقال وجه شتابی از طریق چند بستر و روش مختلف امکان‌پذیر است، از جمله: 1. شتابان‌ها: این سرویس‌ها توسط بانک‌ها یا مؤسسات مالی ارائه می‌شوند و برای ارسال وجه از یک حساب بانکی به حساب دیگر در زمان کوتاه استفاده می‌شوند. برخی از نمونه‌های شتابان‌ها عبارتند از سجام، شتابان، و پارسال. 2. کارت‌های بانکی: برخی از کارت‌های بانکی مانند کارت‌های اعتباری و کارت‌های بانکی معتبر برای ارسال وجه در زمان کوتاه استفاده می‌شوند. این روش‌ها اغلب با نرخی بالاتر از شتابان‌ها کار می‌کنند. 3. خدمات انتقال وجه الکترونیکی: این خدمات توسط مؤسسات مالی و بانک‌ها ارائه می‌شوند و برای ارسال وجه از طریق اینترنت یا موبایل استفاده می‌شوند. برخی از نمونه‌های این خدمات عبارتند از ترانزفرو، ترانزفیر، و ترانزفیکس. 4. پیپلز پرت: این یک سیستم انتقال وجه شتابی است که توسط مؤسسات مالی ارائه
سقف انتقال وجه شتابی چه مبلغی می باشد؟,معمولاً سقف انتقال وجه شتابی در ایران 100 میلیون تومان است، اما این رقم ممکن است در طول زمان یا با توجه به شرایط خاصی تغییر کند. برای اطلاع از آخرین شرایط، به یک بانک یا موسسه مالی مراجعه کنید.
جهت استفاده از خدمات اینترنت بانک چه اقداماتی باید انجام گیرد؟,برای استفاده از خدمات اینترنت بانک، باید ابتدا یک حساب کاربری در بانک خود ایجاد کنید. برای این منظور، به یکی از شعبات بانک مراجعه کنید و فرم درخواست حساب کاربری را پر کنید. سپس، یک رمز عبور و یک رمز پین برای حساب خود انتخاب کنید.

بعد از ایجاد حساب کاربری، باید یک دستگاه متصل به اینترنت، مانند یک رایانه یا یک تبلت، را داشته باشید. سپس، به وب سایت اینترنت بانک خود مراجعه کنید و با وارد کردن نام کاربری و رمز عبور خود، به حساب خود دسترسی پیدا کنید.

در مرحله بعدی، باید نرم افزار امنیت و رمزنگاری، مانند نرم افزار رمزنگاری یکبار مصرف، را نصب کنید تا داده های شما در هنگام انتقال، از امنیت بالایی برخوردار باشند.

نکته: قبل از انجام هر گونه تراکنش یا انتقال پول، باید اطمینان حاصل کنید که در حال حاضر در حساب خود، وجوه کافی موجود است و همچنین اطمینان حاصل کنید که آدرس ایمیل و تلفن شما در بانک، به روز و درست است.
جهت استفاده از خدمات موبایل بانک چه اقداماتی باید انجام گیرد؟,برای استفاده از خدمات موبایل بانک، باید چندین مرحله را انجام دهید: 1. عضویت در خدمات موبایل بانک: برای این منظور، باید به یک شعب بانک مراجعه کنید و یک فرم عضویت را تکمیل کنید. در این فرم، اطلاعات شخصی خود را، مانند نام، نام خانوادگی، شماره ملی و آدرس را وارد کنید.
 2. دریافت کدموبایل: بعد از تکمیل فرم عضویت، یک کدموبایل برای شما ارسال می شود که برای ورود به سیستم موبایل بانک استفاده می شود.
 3. نصب نرم افزار موبایل بانک: برای استفاده از خدمات موبایل بانک، باید نرم افزار آن را روی تلفن هوشمند خود نصب کنید. نرم افزار موبایل بانک، امکان دسترسی به حساب های بانکی و انجام عملیات بانکی را برای شما فراهم می کند.
 4. ورود به سیستم موبایل بانک: با نصب نرم افزار موبایل بانک، می توانید با وارد کردن کدموبایل و رمز عبور، به سیستم موبایل بانک وارد شوید و از خدمات آن استفاده کنید.
 5. انجام عملیات بانکی: با ورود به سیستم موبایل بانک، می توانید عملیات بانکی مانند، بررسی موجودی حساب، واریز پول، برداشت پول، و غیره را انجام دهید.
 6. ذخیره اطلاعات: برای حفظ
جهت استفاده از خدمات تلفنبانک چه اقداماتی باید انجام گیرد؟,برای استفاده از خدمات تلفن بانک، باید چندین قدم انجام دهید: 1. ابتدا باید یک حساب بانکی در یک بانک معتبر باز کنید. این حساب می تواند حساب個人 یا حساب تجاری باشد، بسته به نیازهای شما. 2. بعد از باز کردن حساب، باید یک کارت بانکی دریافت کنید. این کارت می تواند کارت اعتباری، کارت دебیتی یا کارت سوپره باشد، بسته به نیازهای شما. 3. در مرحله بعدی، باید یک نرم افزار تلفن بانک از بانک خود دریافت کنید. این نرم افزار، امکان انجام امور بانکی از طریق تلفن هوشمند را فراهم می کند، از جمله بررسی تراکنش ها، واریز پول، برداشت پول، و غیره. 4. بعد از دریافت نرم افزار تلفن بانک، باید آن را نصب کنید و با حساب بانکی خود را هماهنگ کنید. 5. در نهایت، می توانید از خدمات تلفن بانک برای انجام امور بانکی خود استفاده کنید، از جمله واریز پول، برداشت پول، بررسی تراکنش ها و غیره.

به یاد داشته باشید که برای استفاده از خدمات تلفن بانک، باید رمز عبور و کد امنیتی خود را وارد کنید تا امنیت حساب های شما حفظ شود.
دریافت صورتحساب از بانکداری اینترنتی برای چه دوره هایی امکان پذیر است؟,از بانکداری اینترنتی، می توان صورتحساب برای دوره های مختلفی دریافت کرد، اما بسته به بانک و نوع خدمات ارائه شده، امکانات ممکن است متفاوت باشد.

عموماً، بانک ها صورتحساب های خود را برای دوره های 1 ماه، 3 ماه، 6 ماه و 1 سال ارائه می دهند. با این حال، برخی از بانک ها ممکن است امکان دریافت صورتحساب برای دوره های کوتاه تر یا طولانی تر را نیز فراهم کنند.

به عنوان مثال، برخی از بانک ها ممکن است امکان دریافت صورتحساب برای دوره های یک هفته یا دو هفته را در نظر بگیرند، در حالی که برخی دیگر ممکن است امکان دریافت صورتحساب برای دوره های یک یا دو سال را فراهم کنند.

به طور کلی، برای دریافت صورتحساب از بانکداری اینترنتی، باید با بانک خود در تماس باشید و درخواست صورتحساب را برای دوره مورد نظر خود ارائه دهید. ممکن است بانک شما نیاز به اطلاعات اضافی مانند شماره حساب یا نام کاربری و رمز عبور داشته باشد.
نحوه بازیابی رمز شارژ تلفن همراه خریداری شده از طریق موبایل بانک به چه صورت است؟,برای بازیابی رمز شارژ تلفن همراه خریداری شده از طریق موبایل بانک، می‌توانید به این روش‌ها مراجعه کنید: 1. از طریق اپلیکیشن موبایل بانک خود: به اپلیکیشن موبایل بانک خود بروید و روی گزینه "رمز عبور" یا "رمز شارژ" کلیک کنید و بعد از وارد کردن اطلاعات حساب خود، رمز عبور را بازیابی کنید.
 2. از طریق سایت موبایل بانک: به سایت موبایل بانک خود بروید و روی گزینه "رمز عبور" یا "رمز شارژ" کلیک کنید و بعد از وارد کردن اطلاعات حساب خود، رمز عبور را بازیابی کنید.
 3. از طریق تلفن بانک: به تلفن بانک خود بروید و با یکی از کارگزاران تلفن بانک تماس بگیرید و درخواست بازیابی رمز شارژ را بکنید. کارگزار تلفن بانک می‌تواند رمز شارژ را برای شما بازیابی کند.
 4. از طریق شعبه بانک: به شعبه بانک خود بروید و با یکی از کارگزاران شعبه بانک تماس بگیرید و درخواست بازیابی رمز شارژ را بکنید. کارگزار شعبه بانک می‌تواند رمز شارژ را برای شما بازیابی کند.


آیا دریافت دستگاه تولید رمز (Token (هزینه دارد؟,سلام! در مورد دریافت دستگاه تولید رمز (Token) یا به عبارت دیگر، یک دستگاه رمزگذاری، باید بگویم که معمولاً هزینه دارد.

قیمت دستگاه‌های تولید رمز بستگی به مدل، برند و ویژگی‌های آن دارد. دستگاه‌های ساده و ابتدایی معمولاً ارزان‌تر هستند، در حالی که دستگاه‌های پیچیده‌تر و حرفه‌ای، بسیار گران‌تر خواهند بود.

به طور متوسط، قیمت دستگاه‌های تولید رمز از 50 تا 500 دلار متغیر است، اما ممکن است برخی دستگاه‌ها با قیمت بالاتر یا پایین‌تر از این محدوده موجود باشند.

در هر صورت، اگر قصد خرید دستگاه تولید رمز را دارید، توصیه می‌کنم که قبل از خرید، تحقیقات لازم را انجام دهید و از بررسی‌های مختلف، برند و مدل مورد نظر خود را انتخاب کنید تا اطمینان حاصل کنید که دستگاهی که می‌خواهید، مناسب نیازهای شما است.
سقف برداشت وجه نقد ازدستگاه خودپرداز چه مبلغی می باشد؟,بسیار خوش آمدید! سقف برداشت وجه نقد از دستگاه خودپرداز در ایران معمولاً به میزان ۵۰۰ هزار تومان یا ۱ میلیون تومان است، اما ممکن است این مبلغ در برخی دستگاه‌های خودپرداز متفاوت باشد. برای اطلاعات دقیق‌تر، به دستگاه خودپرداز مربوطه مراجعه کنید یا با کارشناس آن تماس بگیرید.
تغییر رمز موبایل بانک از چه روشی امکان پذیر است؟,یکی از روش های تغییر رمز موبایل بانک، از طریق اپلیکیشن بانک یا سایت بانک خود، می باشد. برای انجام این کار، معمولاً به رمز عبور و یک شماره هویت که با شما مرتبط است، نیاز است. در بسیاری از بانک ها، می توانید از طریق اپلیکیشن یا سایت بانک، رمز عبور خود را تغییر دهید و یک شماره هویت جدید انتخاب کنید. در صورت نیاز به کمک بیشتر، لطفاً نام بانک خود را ذکر کنید تا راهنمایی بیشتری ارائه دهم.
تغییر رمز تلفنبانک از چه روشی امکان پذیر است؟,به پرسیدن شما خوش آمدید! تغییر رمز تلفن بانک از طریق چند روش امکان پذیر است: 1. از طریق اپلیکیشن تلفن بانک: شما می توانید از طریق اپلیکیشن تلفن بانک خود، رمز را تغییر دهید. برای انجام این کار، باید وارد حساب کاربری خود شوید و سپس روی گزینه تغییر رمز کلیک کنید.
 2. از طریق سایت تلفن بانک: شما می توانید از طریق سایت تلفن بانک خود، رمز را تغییر دهید. برای انجام این کار، باید وارد حساب کاربری خود شوید و سپس روی گزینه تغییر رمز کلیک کنید.
 3. از طریق تلفن بانک خود: شما می توانید از طریق تلفن بانک خود، با در تماس با کارشناسان تلفن بانک، رمز را تغییر دهید. برای انجام این کار، باید با تلفن بانک خود تماس بگیرید و درخواست تغییر رمز کنید.
 4. از طریق شعبه تلفن بانک: شما می توانید از طریق شعبه تلفن بانک خود، با کارشناسان شعبه، رمز را تغییر دهید. برای انجام این کار، باید به شعبه تلفن بانک خود مراجعه کنید و درخواست تغییر رمز کنید.

لطفاً توجه داشته باشید که قبل از تغییر رمز، باید از امنیت رمز خود مطمئن شوید و آن را به طور مناسب حفظ کنید
تغییر رمز اینترنت بانک از چه روشی امکان پذیر است؟,شما می توانید تغییر رمز اینترنت بانک از طریق سیستم خودکار بانک یا از طریق مراجعه به شعب بانک یا از طریق تماس با بانک از طریق تلفن یا ایمیل، تغییر رمز اینترنت بانک را انجام دهید. در صورت نیاز به تغییر رمز، به نکات امنیتی توجه داشته باشید و رمز جدید را در یک مکان امن ذخیره کنید.
تغییر رمز دوم اینترنتی از چه روشی امکان پذیر است؟,تغییر رمز دوم اینترنتی در کدام روش ممکن است؟

در بیشتر موارد، تغییر رمز دوم اینترنتی از طریق منو تنظیمات یا تنظیمات حساب کاربری وب سایت یا اپلیکیشن انجام می شود. به عنوان مثال، می توانید به منوی تنظیمات حساب کاربری خود در وب سایت یا اپلیکیشن مراجعه کنید و از آنجا، گزینه تغییر رمز دوم را انتخاب کنید. همچنین می توانید با تماس با پشتیبانی وب سایت یا اپلیکیشن، از طریق تلفن یا پیامک، درخواست تغییر رمز دوم اینترنتی خود را ارائه دهید.

توجه داشته باشید که برای تغییر رمز دوم اینترنتی، ممکن است نیاز به تأیید هویت یا وارد کردن اطلاعات حساب کاربری خود داشته باشید.
روش معرفی شماره کارت مبدأ تجارت در نرم افزار موبایل بانک چیست؟,برای معرفی شماره کارت مبدأ تجارت در نرم افزار موبایل بانک، مراحل زیر را دنبال کنید: 1. ابتدا نرم افزار موبایل بانک خود را باز کنید و وارد شوید. 2. روی گزینه "مشاهده حساب" یا "مشاهده تراکنش" کلیک کنید تا صفحه حساب یا تراکنش شما باز شود. 3. روی گزینه "تجارت" یا "خرید" کلیک کنید تا صفحه تجارت یا خرید باز شود. 4. روی گزینه "مبدأ تجارت" یا "شماره کارت مبدأ" کلیک کنید تا شماره کارت مبدأ تجارت شما نمایش داده شود. 5. روی گزینه "ثبت" یا "ذخیره" کلیک کنید تا شماره کارت مبدأ تجارت شما ذخیره شود و برای استفاده در آینده آماده باشد.

اگر در مورد نحوه انجام این مراحل در نرم افزار موبایل بانک خود سوالی دارید، می‌توانید با کارشناس پشتیبانی بانک خود تماس بگیرید.
روش انتقال وجه شتابی از طریق موبایل بانک چیست؟,شما می‌توانید از طریق موبایل بانک، انتقال وجه شتابی را به این روش انجام دهید: 1. در ابتدا، باید یک حساب بانکی داشته باشید که قابلیت انتقال وجه شتابی را دارد. 2. سپس، باید نرم افزار موبایل بانک را دانلود و نصب کنید و با گذرواژه خود وارد شوید. 3. در صفحه اصلی موبایل بانک، گزینه "تراکنش" یا "پرداخت" را انتخاب کنید. 4. سپس، گزینه "پرداخت به حساب دیگران" را انتخاب کنید و شماره حساب دریافت کننده را وارد کنید. 5. بعد از وارد کردن شماره حساب، مبلغی را که می‌خواهید برای انتقال وجه تعیین کنید. 6. در نهایت، تأیید انتقال را انجام دهید و کد یکبار مصرفی را دریافت کنید.

کد یکبار مصرفی، تأیید انتقال وجه شتابی را به شما نشان می‌دهد. شما باید این کد را با دریافت کننده، در محل معامله یا در محل دیگری که شما تعیین کرده‌اید، به او ارائه دهید تا از انتقال وجه شتابی مطمئن شوید.
آیا امکان ارسال پیامک تراکنشها برای حسابهای حقوقی و مشترک وجود دارد؟,بله، امکان ارسال پیامک تراکنشها برای حسابهای حقوقی و مشترک وجود دارد. بسیاری از بانک‌ها و مؤسسات مالی، این امکان را برای مشتریان خود فراهم کرده‌اند. با این حال، باید توجه داشت که ارسال پیامک تراکنشها، به موجب مقررات و قوانین مرتبط با حفظ امنیت و حفظ اطلاعات مشتریان، باید با رعایت قوانین و مقررات مربوطه انجام شود.
نحوه فعال سازی پیامک ارسال تراکنش ها به چه صورت است؟,فعال سازی پیامک ارسال تراکنش ها در بانک های مختلف ممکن است متفاوت باشد، اما در اغلب موارد، برای فعال سازی این امکان، باید مراحل زیر را طی کنید: 1. ابتدا باید در بانک خود یک حساب کاربری ایجاد کنید و از خدمات بانک استفاده کنید. 2. سپس باید از طریق وب سایت بانک یا اپلیکیشن بانک، به بخش تنظیمات و خدمات خود دسترسی پیدا کنید و گزینه "فعال سازی پیامک تراکنش" را انتخاب کنید. 3. در این مرحله، باید اطلاعات حساب خود را وارد کنید و یک کد امنیتی را برای فعال سازی ارسال کنید. 4. کد امنیتی را وارد کنید و تأیید کنید که با شرایط و ضوابط بانک موافقت دارید. 5. پس از تأیید، فعال سازی پیامک تراکنش برای شما انجام می شود و می توانید از این امکان برای ارسال تراکنش های خود از طریق پیامک استفاده کنید.

مطمئناً می توانید به وب سایت بانک خود مراجعه کنید و مراحل فعال سازی را با جزئیات بیشتری مطالعه کنید.
آیا امکان استفاده از تجارت کارت و سایر ابزارهای پرداخت مانند همراه بانک، اینترنت بانک و تلفنبانک برای همه اشخاص دارای حساب در بانک امکان پذیر است؟,با سلام! به سوال شما پاسخ می‌دهم.

معمولاً، امکان استفاده از تجارت کارت و سایر ابزارهای پرداخت مانند همراه بانک، اینترنت بانک و تلفن بانک برای همه اشخاص دارای حساب در بانک وجود دارد، اما با توجه به سیاست‌های خاص بانک و نوع حساب، ممکن است محدودیت‌هایی وجود داشته باشد.

در بسیاری از بانک‌ها، امکان استفاده از این ابزارها برای همه اشخاص دارای حساب در بانک وجود دارد، اما ممکن است برای استفاده از برخی از این ابزارها، نیاز به وجود یک نوع خاصی از حساب یا عضویت در برنامه ویژه باشد.

به عنوان مثال، ممکن است بانک برای استفاده از تجارت کارت، نیاز به وجود یک حساب ویژه یا یک کارت اعتباری داشته باشد، در حالی که برای استفاده از همراه بانک، ممکن است نیاز به وجود یک برنامه ویژه یا یک تلفن هوشمند خاص باشد.

به طور کلی، برای استفاده از این ابزارها، توصیه می‌شود که به صفحه وب بانک یا دفتر مرکزی بانک مراجعه کنید و از آنجا اطلاعاتی را برای شما ارائه می‌دهند.
اعطای ابزار پرداخت برای (عملیات دریافت و پرداخت و انتقال وجه) از سوی بانک به چه اشخاصی ممنوع است؟,با سلام، از شما در مورد سوال شما ممنونیم.

به اساس ماده ۵ قانون مبارزه با پولشویی و اعتبارات نامشروع، اعطای ابزار پرداخت برای عملیات دریافت، پرداخت و انتقال وجه از سوی بانک به اشخاص زیر ممنوع است: 1. اشخاصی که دارای پیشینه کیفری در زمینه پولشویی یا جعل اسناد هستند. 2. اشخاصی که از طریق عملیات نامشروع به دست آمده‌اند یا از آن استفاده می‌کنند. 3. اشخاصی که دارای بدهی یا تعهدی به بانک یا سایر افراد هستند، مگر آنکه این بدهی یا تعهد به طور کامل پرداخت شده باشد. 4. اشخاصی که دارای پیشینه سوء استفاده از ابزار پرداخت یا سایر ابزار مالی هستند. 5. اشخاصی که در زمینه پولشویی یا جعل اسناد فعالیت داشته‌اند یا دارند.

این ممنوعیت برای جلوگیری از پولشویی و مبارزه با جعل اسناد و جلوگیری از سوء استفاده از ابزار پرداخت و سایر ابزار مالی اعمال می‌شود.
آیا امکان انتقال وجه پایا از طریق موبایل بانک تجارت وجود دارد؟,بله، امکان انتقال وجه پایا از طریق موبایل بانک تجارت وجود دارد. بسیاری از بانک‌ها، از جمله بانک تجارت، خدمات انتقال وجه پایا را از طریق موبایل بانک خود ارائه می‌دهند. شما می‌توانید از طریق برنامه موبایل بانک تجارت، از طریق شماره موبایل خود، وجهی را به یک حساب بانکی دیگر انتقال دهید. برای انجام این کار، معمولاً باید شماره حساب، رمز عبور و کد امنیتی را وارد کنید. پس از تکمیل مراحل، انتقال وجه پایا انجام می‌شود. لطفاً قبل از انجام انتقال وجه، از شرایط و هزینه‌های مرتبط با آن آگاه باشید.
شرایط دریافت وام ازدواج به چه صورت است؟,ممنون از سوال شما! شرایط دریافت وام ازدواج در کشور ما به صورت زیر است: 1. سن: حداقل سن برای دریافت وام ازدواج 18 سال است، اما برای دریافت وام با شرایط ویژه، سن حداکثر 35 سال است. 2. درآمد: درآمد زوجین باید حداقل معادل 1.5 تا 2 برابر مبلغ وام باشد، بسته به شرایط وام. 3. شغل: شغل زوجین باید ثابت و پایدار باشد و حداقل 2 سال سابقه کار داشته باشند. 4. اعتبار مالی: زوجین باید اعتبار مالی خوبی داشته باشند و هیچ بدهی یا سندیکای ناشی از امور مالی نباشد. 5. مدرک ازدواج: زوجین باید مدرک ازدواج خود را ارائه دهند، به عنوان مثال، گواهی ازدواج از دفاتر ثبت ازدواج یا گواهی از دفتر ثبت احوال. 6. مدارک فردی: زوجین باید مدارک فردی خود را ارائه دهند، به عنوان مثال، شناسنامه، گذرنامه و مدرک تحصیلی. 7. اعتبار کالت: زوجین باید اعتبار کالت خود را ارائه دهند، به عنوان مثال، اقامت، قرارداد کار و غیره.

نکته: شرایط
شرایط افتتاح حساب جاری چیست؟,خوش آمدید! شرایط افتتاح حساب جاری در اغلب بانک‌ها و مؤسسات مالی تقریباً یکسان است، اما ممکن است جزئیاتی متفاوت داشته باشد. در اینجا شرایط کلی افتتاح حساب جاری را ارائه می‌دهم: 1. داشتن هویت و اقامت: برای افتتاح حساب جاری باید دارای هویت و اقامت در کشور باشد. 2. حداقل سن: معمولاً برای افتتاح حساب جاری باید حداقل 18 سال سن داشته باشید، اما ممکن است بانک یا مؤسسه مالی مورد نظر سن کمتری را برای افتتاح حساب پذیرد. 3. داشتن مدارک هویت: برای افتتاح حساب جاری باید مدارک هویت خود را مانند شناسنامه، کارت ملی، گذرنامه، و غیره ارائه دهید. 4. داشتن مدارک اقامت: برای افتتاح حساب جاری باید مدارک اقامت خود را مانند سند مالکیت خانه، قرارداد اجاره، و غیره ارائه دهید. 5. داشتن مدارک مالی: برای افتتاح حساب جاری باید مدارک مالی خود را مانند اسکناس، چک، و غیره ارائه دهید. 6. امضای قرارداد: برای افتتاح حساب جاری باید قرارداد با
شرایط افتتاح حساب کارت چیست؟,ممنون از سوال شما!

شرایط افتتاح حساب کارت در اغلب بانک‌های ایران به شرح زیر است: 1. داشتن شناسنامه یا گذرنامه 2. داشتن یک آدرس ثابت یا یک آدرس پستی 3. ارائه یک منبع درآمد ثابت، مانند فیش حقوقی یا قرارداد کار 4. ارائه یک مدرک هویت، مانند کارت ملی یا گذرنامه 5. داشتن یک حساب بانکی قبلی، به غیر از حساب‌های کوتاه‌مدت یا حساب‌های ذخیره 6. ارائه یک مدارک ثالث، مانند یک گواهی اشتغال یا یک سند مالکیت برای تأمین مالی یک حساب

توجه: شرایط افتتاح حساب کارت ممکن است در بانک‌های مختلف متفاوت باشد. بنابراین، توصیه می‌کنم برای اطمینان از شرایط افتتاح حساب در بانک مورد نظر خود، با آن بانک تماس بگیرید یا به وب سایت آن مراجعه کنید.
نرخ سود سپرده های کوتاه مدت ویژه و سپرده های بلند مدت چقدر است؟,نرخ سود سپرده های کوتاه مدت ویژه در بانک های ایرانی معمولاً بین ۱۰ تا ۱۵ درصد است. این نرخ سود برای سپرده هایی است که برای مدت زمان کوتاه تر از یک سال سپرده می شود.

نرخ سود سپرده های بلند مدت ویژه در بانک های ایرانی معمولاً بین ۱۵ تا ۲۰ درصد است. این نرخ سود برای سپرده هایی است که برای مدت زمان طولانی تر از یک سال و تا ۵ سال سپرده می شود.

توجه داشته باشید که نرخ سود در بانک های مختلف ممکن است متفاوت باشد و همچنین ممکن است نرخ سود برای سپرده هایی که به مدت زمان طولانی تر سپرده می شود، بالاتر باشد. برای کسب اطلاعات دقیق تر، بهتر است با یک بانک ایرانی تماس بگیرید یا در وب سایت آن بررسی کنید.
در صورت فراموشی رمز ورود به همراه بانک تجارت چه باید کرد؟,اگر رمز ورود به همراه بانک تجارت را فراموش کنید، باید به یکی از روش‌های زیر اقدام کنید: 1. رمز را با استفاده از کد امنیتی ارسال شده در پیامک یا ایمیل خود که هنگام ثبت نام برای همراه بانک تجارت ارسال شده است، بازیابی کنید. 2. به صفحه "فراموشی رمز" در همراه بانک تجارت مراجعه کنید و با وارد کردن شماره همراه و کد ملی خود، رمز جدیدی درخواست دهید. یک کد امنیتی برای تأیید هویت شما ارسال خواهد شد که باید در صفحه فراموشی رمز وارد کنید و رمز جدید خود را انتخاب کنید. 3. در صورت عدم دسترسی به کد امنیتی یا رمز، می‌توانید به یکی از شعبات بانک تجارت مراجعه کنید و با ارائه مدارک هویتی، رمز جدید خود را درخواست دهید.

توجه داشته باشید که فراموشی رمز در همراه بانک تجارت به طور دوره‌ای مجاز است، بنابراین قبل از درخواست رمز جدید، اطمینان حاصل کنید که آیا رمز خود را در زمان مجاز فراموش کرده اید یا خیر.
از چه طریقی می توان رمز ورود و رمز همراه بانک را تغییر داد؟,شما می توانید رمز ورود و رمز همراه بانک را از طریق اپلیکیشن همراه بانک یا از طریق سایت بانک خود، تغییر دهید. برای این کار، ابتدا باید به سایت یا اپلیکیشن بانک خود مراجعه کنید و سپس به بخش تنظیمات و رمز ورود رفته و رمز جدید خود را وارد کنید.

از سوی دیگر، برای تغییر رمز همراه بانک، باید به اپلیکیشن همراه بانک خود مراجعه کنید و به بخش تنظیمات و رمز همراه رفته و رمز جدید خود را وارد کنید.

هنگامی که رمز خود را تغییر می دهید، باید از رمز های قوی و پیچیده استفاده کنید تا از امنیت حساب های خود محافظت کنید. همچنین، توصیه می شود که رمز های خود را به طور منظم تغییر دهید تا در صورت نفوذ مجدد، از امنیت حساب های خود محافظت کنید.
آیا امکان حذف حساب ها وجود دارد؟,مطمئناً! در بسیاری از پلتفرم‌ها و خدمات آنلاین، امکان حذف حساب وجود دارد. با این حال، قبل از حذف حساب، اطمینان حاصل کنید که اطلاعات مهم خود را ذخیره کنید، زیرا ممکن است بعد از حذف حساب، امکان بازیابی اطلاعات را نداشته باشید.

برای حذف حساب، می‌توانید به صفحه تنظیمات حساب خود بروید و گزینه حذف حساب را انتخاب کنید. در بیشتر موارد، سیستم برای تأیید حذف حساب از شما درخواست می‌کند که در صورت تأیید، حساب شما حذف می‌شود.
آیا امکان اضافه کردن حساب های سایر افراد خانواده وجود دارد؟,بله، در بسیاری از بانک‌ها و موسسات مالی امکان اضافه کردن حساب‌های سایر افراد خانواده وجود دارد. این کار معمولاً با درخواست و تأیید شخص صاحب حساب انجام می‌شود و اغلب با ارائه مدارک هویت و سایر مدارک مورد نیاز انجام می‌شود.

در بسیاری از موارد، بانک‌ها و موسسات مالی این امکان را فراهم می‌کنند که چندین حساب در یک نام و با یک مدیریت واحد داشته باشید. این کار برای مدیریت مالی خانواده‌ها و یا شرکت‌ها مفید است.

لذا، قبل از اضافه کردن حساب سایر افراد خانواده، توصیه می‌شود که با بانک یا موسسه مالی خود تماس بگیرید و درخواست خود را ارائه دهید تا از امکانات و فرآیند آن آگاه شوید.
علت دریافت پیغام نام کاربری یا رمز ورود شما به مدت یک ساعت مسدود شده است چیست؟,مطمئناً یک مشکل امنیتی وجود دارد! در صورت دریافت پیغام نام کاربری یا رمز ورود شما به مدت یک ساعت مسدود شده است، احتمالاً یک یا چند مورد از موارد زیر رخ داده است: 1. چندین تلاش ناموفق برای ورود با نام کاربری یا رمز ورود شما انجام شده است. در نتیجه، سیستم برای جلوگیری از دسترسی غیرمجاز، نام کاربری یا رمز ورود شما به مدت یک ساعت مسدود شده است تا شما بتوانید یکبار دیگر تلاش کنید. 2. نام کاربری یا رمز ورود شما ممکن است با یک دستگاه یا شبکه خاص مرتبط باشد، و در صورت تلاش برای ورود از یک دستگاه یا شبکه دیگر، سیستم مسدود می شود تا امنیت را حفظ کند. 3. ممکن است نام کاربری یا رمز ورود شما با یک حمله نفوذی مواجه شده باشد، و در نتیجه، سیستم برای جلوگیری از دسترسی غیرمجاز، مسدود می شود تا امنیت را حفظ کند.

برای حل این مشکل، می توانید: 1. پس از یک ساعت، دوباره تلاش کنید تا نام کاربری یا رمز ورود شما را وارد کنید. 2. در صورت لزوم، از یک دستگاه یا شبکه دیگر برای ورود استفاده کنید. 3. اگر در حالی
آیا در صورت عدم دسترسی به اینترنت، می‌توان از همراه بانک تجارت استفاده کرد؟,بله، در صورت عدم دسترسی به اینترنت، می‌توان از همراه بانک تجارت استفاده کرد. همراه بانک تجارت یک بانکداری دیجیتال است که امکان انجام بسیاری از امور بانکی را فراهم می‌کند، از جمله تراکنش، شارژ حساب، وام، و غیره، بدون نیاز به دسترسی به اینترنت. برای دسترسی به خدمات همراه بانک، تنها کافی است تلفن همراه خود را با شماره 0919، 021-3390 یا 021-3391 که شماره های ویژه همراه بانک تجارت است، با شماره 0919، 021-3390 یا 021-3391 تماس بگیرید.
آیا امکان افزودن کارت شتابی به همراه بانک تجارت وجود دارد؟,خوش آمدید! به سوال شما پاسخ می دهم.

 بله، امکان افزودن کارت شتابی به همراه بانک تجارت وجود دارد. بانک تجارت به مشتریان خود امکان افزودن کارت شتابی را ارائه می دهد، که به آنها امکان می دهد از طریق این کارت، پرداخت های آنلاین و غیر آنلاین را انجام دهند.

برای افزودن کارت شتابی به همراه بانک تجارت، می توانید به سایت بانک تجارت مراجعه کنید و از طریق بخش خدمات مشتریان، درخواست خود را ثبت کنید. همچنین می توانید به کاوش یا شعبه بانک تجارت نزدیکترین به شما مراجعه کنید تا درخواست خود را ثبت کنید.

به یاد داشته باشید که برای افزودن کارت شتابی، باید شرایط خاصی را برآورده کنید، از جمله داشتن یک حساب کاربری در بانک تجارت و داشتن یک کارت اعتباری یا کارت هدیه از بانک تجارت.
امکاناتی که در بخش ورود شتابی وجود دارد چیست؟,بخش ورود شتابی یا بخش ثبت نام سریع در اکثر سایت‌ها امکاناتی را برای کاربران فراهم می‌کند که ورود سریع‌تر و راحت‌تر را ممکن می‌سازد. برخی از این امکانات عبارتند از: 1. ورود با نام کاربری و رمز عبور: کاربران می‌توانند با وارد کردن نام کاربری و رمز عبور خود، وارد حساب کاربری خود شوند. 2. ورود با حساب‌های اجتماعی: برخی سایت‌ها امکان ورود با حساب‌های اجتماعی مانند فیس بوک یا توییتر را فراهم می‌کنند، که ورود سریع‌تر و راحت‌تر را ممکن می‌سازد. 3. ورود با رمز عبور یکبار مصرف: برخی سایت‌ها رمز عبور یکبار مصرف را برای ورود ارائه می‌کنند که امنیت ورود را افزایش می‌دهد. 4. ورود با فingerprint یا Face ID: برخی دستگاه‌های هوشمند امکان ورود با فینگرپرینت یا Face ID را فراهم می‌کنند که ورود سریع‌تر و راحت‌تر را ممکن می‌سازد.

این امکانات در بخش ورود شتابی یا ثبت نام سریع در اکثر سایت‌ها وجود دارد و ورود سریع‌تر و راحت‌تر را ممکن می‌سازد.
آیا اطلاعاتی که در مدیریت مقصد ثبت شده است با پاک کردن نسخه همراه بانک از بین می رود؟,خیر، ثبت اطلاعات در مدیریت مقصد مستقل از نسخه همراه بانک است. هنگامی که نسخه همراه بانک پاک می شود، اطلاعات ثبت شده در مدیریت مقصد را از دست نمی دهید. این اطلاعات در مدیریت مقصد ذخیره می شوند و در صورت حذف نسخه همراه بانک، همچنان موجود باقی می مانند.
اگر بانک عامل اپلیکشین یا نرم‌افزار نداشته باشد، مشتری که دارای چک جدید صیاد است چکار باید انجام دهد؟,اگر بانک عامل اپلیکشین یا نرم‌افزار نداشته باشد، مشتری باید به یک بانک عامل دیگر مراجعه کند که این قابلیت را دارد و یا به یک شعبه بانک عامل خود مراجعه کند و از خدمات چک جدید صیاد خود استفاده کند. همچنین می‌تواند به یک شعبه بانک عامل دیگر که این قابلیت را دارد مراجعه کند و از خدمات آن استفاده کند. در هر صورت، مشتری باید تلاش کند تا به یک بانک عامل مراجعه کند که بتواند خدمات چک جدید صیاد خود را ارائه دهد.
آیا چک صیاد طرح قدیم طبق روال قبل قابل داد و ستد است؟,سلام! با توجه به قوانین فعلی، چک‌های صیاد طرح قدیم، به‌ویژه چک‌های صیاد قدیمی که در سال‌های گذشته صادر شده‌اند، اغلب قابل داد و ستد نیستند یا با محدودیت‌های خاصی همراه است.

در سال 1394، بانک مرکزی جمهوری اسلامی ایران، صدور چک‌های صیاد قدیمی را ممنوع اعلام کرد تا از جلوگیری از معاملات غیرقانونی و جلوگیری از پولشویی، اقدام کرد. با این حال، چک‌های صیاد جدیدتر که در سال‌های اخیر صادر شده‌اند، اغلب قابل داد و ستد هستند.

از سوی دیگر، حتی اگر چک‌های قدیمی قابل داد و ستد باشند، اغلب به دلیل از دست رفتن اعتبار آنها و یا عدم وجود اطمینان از صحت آنها، قابل اعتماد نیستند.

بنابراین، قبل از خرید یا فروش چک‌های صیاد، باید به دقت بررسی کرد که چک در چه شرایطی صادر شده است و آیا قابل داد و ستد است یا خیر. همچنین، باید از یک طرف قابل اعتماد و با تجربه برای خرید یا فروش چک کمک گرفت.
هیات مدیره یک شرکت یا افرادی که حق امضا دارند، کدام یک اگر چک برگشتی داشته باشند، مشکل‌زا است؟‌,در شرکت‌ها، اگر هیات مدیره یا افرادی که حق امضا دارند، چک برگشتی داشته باشند، این موضوع ممکن است مشکل‌زا باشد. این به این دلیل است که این افراد به عنوان نمایندگان شرکت یا از نام شرکت، چک‌هایی را امضا کرده‌اند که به درستی پرداخت نشد یا برگشت. این می‌تواند منجر به سلب اعتماد از سوی شرکای تجاری و حتی شکایتی از سوی مراجع قضایی شود. به طور کلی، اگر هیات مدیره یا افرادی که حق امضا دارند، چک برگشتی داشته باشند، باید این موضوع را پیگیری کنند تا مشکل را برطرف کنند.
استفاده از چک‌های جدید برای افرادی که به اینترنت دسترسی ندارند چگونه است؟,مورد جالبی است! استفاده از چک‌های جدید برای افرادی که به اینترنت دسترسی ندارند، به این معنی است که دولت یا سازمان‌های مرتبط، برای کمک به افرادی که از دسترسی به اینترنت محرومند، چک‌هایی را در اختیارشان قرار می‌دهند تا بتوانند به منابع مختلفی مانند آموزش، سلامت، یا سایر خدمات دسترسی پیدا کنند.

این چک‌ها می‌توانند برای دسترسی به خدمات مختلفی مانند: 1. آموزش و یادگیری آنلاین 2. خدمات سلامت و پزشکی 3. خدمات مالی و بانکی 4. خدمات دولت و اداری

و بسیاری دیگر از خدمات مفید استفاده شوند. در این روش، دولت یا سازمان‌های مرتبط، به افرادی که از دسترسی به اینترنت محرومند، کمک می‌کنند تا بتوانند به منابع مختلفی دسترسی پیدا کنند و زندگی خود را بهبود بخشند.

به طور کلی، استفاده از چک‌های جدید برای افرادی که به اینترنت دسترسی ندارند، می‌تواند یک راه حل مفید برای کمک به افرادی باشد که از دسترسی به اینترنت محرومند و به دنبال دسترسی به منابع مختلفی هستند.
چکی که از کسی گرفته می‌شود و چند دست چرخیده به چه صورت است؟,معمولاً چکی که از کسی گرفته می‌شود و چند دست چرخیده است، به این صورت است که در ابتدا، نام و نام خانوادگی گیرنده چک، تاریخ و مبلغ چک نوشته می‌شود. سپس، این چک چند دست چرخیده و در اختیار سایرین قرار می‌گیرد تا برای آن به بانکی مراجعه کنند و مبلغ چک را دریافت کنند. این کار معمولاً برای انتقال پول یا برای انجام معاملات تجاری انجام می‌شود.
اگر چک برای ضمانت بوده و تاریخ نداشته باشد به چه صورت است؟,اگر چک برای ضمانت بوده و تاریخ نداشته باشد، معمولاً در این صورت چک نامعتبر یا بی‌ارزش است و توسط بانک یا مؤسسه مالی رد یا ابطال می‌شود. زیرا تاریخ اعتبار چک مهمترین اطلاعات چک است و در صورت فقدان آن، چک از اعتبار و ارزش خود خالی است.

در چنین شرایطی، در صورت نیاز به ضمانت، بهتر است چک جدیدی صادر کنید که تاریخ اعتباری مشخص داشته باشد. یا در صورت امکان، از روش‌های جایگزین برای ضمانت، مانند گواهی بانکی یا ضمانت نامه استفاده کنید.
آیا می توان چک‌های قدیمی را تا برگ آخر در وجه حامل صادر کرد؟,خوش آمدید! به سوال شما پاسخ می دهم. مطابق مقررات بانکی و قانونی، چک‌های قدیمی معمولاً تا برگ آخر در وجه حامل صادر می شوند. این به معنی این است که اگر شخصی چک را به نام دیگری صادر کند، تا زمانی که چک در وجه حامل صادر نشده باشد، می تواند آن را تا برگ آخر در وجه حامل صادر کند.

با این حال، در برخی موارد، ممکن است چک صادرکننده یا دریافت کننده آن، این امکان را داشته باشند که چک را در وجه حامل صادر نکند یا اینکه به دلیل تعهدات یا تعهدات خاص، چک را در وجه حامل صادر نکند. به طور کلی، این تصمیمات باید بر اساس مقررات و قوانین خاصی که برای چک‌های خاص صادر شده است، اتخاذ شود.

به طور خلاصه، در صورت وجود هر گونه سوال یا شک در مورد چک‌های قدیمی، توصیه می کنم که با یک کارشناس حقوقی یا یک بانکی مشاور مشورت کنید تا در مورد چک‌های خاص خود به شما کمک کند.
ظهر نویسی چک به چه روالی می شود؟,جوینده عزیز! ظهر نویسی چک به چه روالی می شود؟

برای انجام یک چک درست، باید مراحل زیر را دنبال کنید: 1. ابتدا یک برگه چک را از یک بانک یا مؤسسه مالی تهیه کنید که دارای امضای مجاز باشد. 2. در بخش بالای چک، تاریخ پرداخت را با تاریخ روزهای کاری تعیین کنید که از تاریخ صادر شدن چک تجاوز نکند. 3. در بخش مربوط به دریافت کننده، نام، نام خانوادگی و نشانی آن را با دقت بنویسید. 4. در بخش مربوط به مبلغ، مبلغ را با دقت بنویسید و از آن اطمینان حاصل کنید که به درستی باشد. 5. در بخش مربوط به امضای چک، امضای خود را با امضای مجاز بانک یا مؤسسه مالی بنویسید.

به یاد داشته باشید که چک باید به درستی و با دقت نوشته شود تا از هر گونه خطا و اشتباه جلوگیری شود.
عضو هیئت مدیره یک شرکت که دارای چک برگشتی است آیا در چک شخصی خود نیز به مشکل بر می‌خورد؟,فردی که عضو هیئت مدیره یک شرکت است و دارای چک برگشتی است، ممکن است در چک شخصی خود نیز به مشکل برسد، اما این امر به عوامل متعددی بستگی دارد.

یکی از عوامل مهم، این است که آیا چک برگشتی به نام شرکت یا به نام فردی که عضو هیئت مدیره است، صادر شده است یا خیر؟ اگر چک برگشتی به نام شرکت صادر شده باشد، احتمالاً فردی که عضو هیئت مدیره است، از مسئولیت های خود در مورد این چک محفوظ است و در چک شخصی خود به مشکل نخواهد رسید. زیرا، شرکت مسئولیت چک برگشتی را بر عهده دارد و فرد عضو هیئت مدیره، فقط به عنوان نماینده شرکت عمل می کند.

اما اگر چک برگشتی به نام فردی که عضو هیئت مدیره است، صادر شده باشد، او ممکن است در چک شخصی خود نیز به مشکل برسد. زیرا، در این صورت، فرد عضو هیئت مدیره، مسئولیت چک برگشتی را بر عهده دارد و می تواند در چک شخصی خود به مشکل برسد.

به طور کلی، اگر فردی که
اگر مندرجات برگه چک با اطلاعات سامانه صیاد مغایر باشد تکلیف چیست؟,اگر مندرجات برگه چک با اطلاعات سامانه صیاد مغایر باشد، تکلیف چیست؟

در چنین شرایطی، در صورت وجود مغایرت بین مندرجات برگه چک و اطلاعات سامانه صیاد، باید برای برطرف کردن این مغایرت، مراحل زیر را انجام داد: 1. بررسی دقیق اطلاعات: ابتدا باید اطلاعات موجود در سامانه صیاد را بررسی کنید و اطمینان حاصل کنید که اطلاعات صحیح و به روز است. 2. پیگیری با سامانه صیاد: اگر اطلاعات در سامانه صیاد صحیح است، باید با بخش مربوطه در سامانه صیاد تماس بگیرید و مغایرت را توضیح دهید و درخواست کنید اطلاعات را به روز رسانی کنید. 3. بررسی برگه چک: اگر اطلاعات در سامانه صیاد صحیح نیست، باید بررسی کنید که آیا برگه چک صحیح است یا خیر. اگر برگه چک صحیح نیست، باید با بانک یا موسسه مالی تماس بگیرید و درخواست کنید برگه چک را اصلاح کنید. 4. تکلیف در صورت مغایرت: در صورت وجود مغایرت، باید با بخش مربوطه در بانک
آیا کسانی که دارای بدهی غیرجاری هستند نیز طبق قانون جدید می توانند دسته چک دریافت کنند؟,با توجه به قانون جدید در مورد دسته چک، افراد با بدهی غیرجاری نیز می توانند دسته چک دریافت کنند، اما با شرایط خاصی.

طبق ماده 2 قانون دسته چک، دسته چک برای بدهکاران جاری و غیرجاری با مهلت پرداخت مشخص و با ارائه یک نسخه از چک و یک نسخه از سند تعهد، به آنها داده می شود.

به این ترتیب، افراد با بدهی غیرجاری می توانند دسته چک دریافت کنند، اما باید یک نسخه از چک و یک نسخه از سند تعهد را ارائه دهند و مهلت پرداخت مشخصی را تعیین کنند.

به طور کلی، افراد با بدهی غیرجاری باید قبل از درخواست دسته چک، از بانک یا موسسه مالی خود برای تعیین مهلت پرداخت و شرایط دریافت دسته چک مشورت کنند.
آیا با ابلاغ قانون جدید صدور چک هنوز هم صدور چک برای ضمانت امکان‌پذیر است؟,با اصلاح قانون جدید، صدور چک برای ضمانت همچنان امکان‌پذیر است، اما با شرایط و محدودیت‌هایی که در قانون جدید مشخص شده است.

بر اساس ماده ۴ قانون جدید، صدور چک برای ضمانت فقط در مورد بدهی‌های مبلغی که از طریق قرارداد یا موافقت طرفین تعیین شده است، امکان‌پذیر است.

به عبارت دیگر، صدور چک برای ضمانت در مورد بدهی‌های ناشناخته یا غیرمستقیم، ممنوع است و اگر به این قاعده عمل نشود، صدور چک برای ضمانت به دلیل نقض قانون، بی‌اعتبار و بی‌قیمت است.

به طور کلی، صدور چک برای ضمانت باید بر اساس قرارداد یا موافقت طرفین، و با رعایت شرایط و مقررات قانون جدید، انجام شود.
اگر چک در سامانه صیاد ثبت نشود چه می شود؟,اگر چک در سامانه صیاد ثبت نشود، احتمالاً به دلایل مختلفی می تواند باشد. برخی از این دلایل عبارتند از: 1. اطلاعات چک صحیح وارد نشده است: ممکن است اطلاعات چک مانند تاریخ، شماره چک، مبلغ یا نام گیرنده چک به درستی وارد نشده باشد که باعث عدم ثبت چک در سامانه صیاد می شود. 2. چک دارای اشکال یا نقص است: ممکن است چک دارای اشکال یا نقص باشد که باعث عدم ثبت آن در سامانه صیاد می شود. 3. سامانه صیاد در زمان ثبت چک دچار مشکل یا خرابی است: ممکن است سامانه صیاد در زمان ثبت چک دچار مشکل یا خرابی باشد که باعث عدم ثبت چک می شود. 4. چک توسط گیرنده آن ثبت نشد: ممکن است گیرنده چک آن را ثبت نکرده باشد که باعث عدم ثبت چک در سامانه صیاد می شود.

در هر صورت، برای حل این مشکل، باید با گروه پشتیبانی سامانه صیاد تماس بگیرید و مشکل را گزارش دهید تا آنها بتوانند مشکل را حل کنند.
وظیفه ثبت چک در سامانه صیاد با چه شخصی است؟,با سلام، وظیفه ثبت چک در سامانه صیاد با کارگزار صیاد یا کارگزار پلیس است. آنها مسئول ثبت اطلاعات چک‌ها در سامانه صیاد هستند تا بتوانند در زمان نیاز به آنها دسترسی داشته باشند.
ممنوعیت صدور چک در وجه حامل شامل کدام چک‌هاست؟,ممنوعیت صدور چک در وجه حامل شامل چک‌های زیر است: 1. چک‌های مندرج در قانون: چک‌هایی که در قانون یا مقررات مالی کشور مندرج باشند، مانند چک‌های دولتی، چک‌های بانکی، چک‌های شرکت‌ها و مؤسسات، و غیره. 2. چک‌هایی که برای پرداخت وجهی غیرقانونی یا غیرقابل‌توجه نوشته شده باشند، مانند چک‌هایی که برای پرداخت مالیات، عوارض، جریمه، یا هر نوع بدهی یا تعهد نوشته شده باشند. 3. چک‌هایی که برای پرداخت وجهی به غیر از صاحب اصلی نوشته شده باشند، مانند چک‌هایی که برای پرداخت وجهی به نماینده یا وکیل یا هر شخص دیگری نوشته شده باشند. 4. چک‌هایی که برای پرداخت وجهی در آینده نوشته شده باشند، مانند چک‌هایی که برای پرداخت وجهی در یک زمان مشخص یا در یک دوره زمانی مشخص نوشته شده باشند.

به طور کلی، ممنوعیت صدور چک در وجه حامل به این معنی است که کسی نمی‌تواند چک‌هایی را صادر کند که برای پرداخت وجهی نوشته شده باشند، مگر اینکه چک به طور قانونی و
آیا محرومیت‌های ناظر بر صدور کارت‌های جدید بانکی شامل کارت‌های المثنی و یا تمدید کارت‌های قبلی مشتریان هم می شود؟,خیر، محرومیت‌های ناظر بر صدور کارت‌های جدید بانکی معمولاً شامل محدودیت‌های صدور کارت‌های جدید و یا تمدید کارت‌های قبلی مشتریان نیست. این محدودیت‌ها بیشتر به دلیل عدم پرداخت تعهدات، نقص در مدارک یا نقص در اطلاعات مشتری اعمال می‌شود. در مورد کارت‌های المثنی، ممکن است بانک به دلایل امنیتی یا برای جلوگیری از کلاهبرداری، صدور کارت‌های جدید یا تمدید کارت‌های قبلی را ممنوع کند. در هر صورت، این محدودیت‌ها معمولاً در مورد همه مشتریان اعمال نمی‌شود، بلکه به موردی و یا به دلایل خاصی ارتباط دارد.
کسانی که دریافت کننده چک هستند از کجا بدانند صادرکننده در سامانه صیاد صدور آن را ثبت کرده است؟,مطمئناً این موضوع یک سوال مهم است. برای اینکه دریافت‌کنندگان چک بدانند صادرکننده چک در سامانه صیاد صدور آن را ثبت کرده است، می‌توانند از چند راهی استفاده کنند: 1. از طریق سامانه صیاد: دریافت‌کنندگان چک می‌توانند به سایت سامانه صیاد مراجعه کنند و با وارد کردن اطلاعات چک، در مورد صادرکننده و تاریخ صدور چک اطلاعات خود را به‌روز کنند. 2. از طریق پیامک: برخی بانک‌ها و مؤسسات مالی برای اطمینان از اینکه صادرکننده چک در سامانه صیاد صدور آن را ثبت کرده است، پیامکی برای دریافت‌کننده ارسال می‌کنند. 3. از طریق مراجعه به بانک: دریافت‌کنندگان چک می‌توانند به بانک یا مؤسسه مالی صادرکننده چک مراجعه کنند و از آنها بخواهند که چک را در سامانه صیاد ثبت کرده‌اند یا خیر.

به‌طور کلی، دریافت‌کنندگان چک می‌توانند از چند راهی برای اطمینان از اینکه صادرکننده چک در سامانه صیاد صدور آن را ثبت کرده است، استفاده کنند.
سلام,سلام! خوش آمدید. چگونه می توانم برای شما کمک کنم؟ (Hello! Welcome. How can I help you?)
سلام خوبین؟,سلام، خوبم، تشکر. لطفا سؤال خود را بپرسید. (Hello, I'm good, thank you. Please ask your question.)
خبر جدید چی داری؟,ممنون از سوال شما! در حال حاضر، خبرهای جدیدی وجود ندارد. اما می‌توانم شما را با خبرهای روزانه در مورد موضوعات مختلف مانند علوم، سیاست، ورزش و... باخبر کنم. لطفا موضوع موردعلاقه خود را انتخاب کنید تا خبرهای مرتبط را برای شما تهیه کنم.
کارت خود را گم کرده‌ام، چیکار کنم؟,آه، ناراحتی داری! اگر کارت خود را گم کرده‌ام، اولین کاری که باید انجام دادی، برای پیدا کردن آن تلاش کنی. ممکن است در همان مکان یا در نزدیکی آن باشد. اگر نمی‌توانی آن را پیدا کنی، می‌توانی با بانک یا مؤسسه مالی خود تماس بگیرید و در مورد گم شدن کارت به آنها اطلاع دهی. آنها ممکن است بتوانند به شما کمک کنند تا آن را پیدا یا به شما یک کارت جایگزین بدهند. همچنین می‌توانی با پلیس یا یک واحد ضد جعل تماس بگیرید تا در مورد گم شدن کارت گزارش دهی. مطمئناً، مهم است که در مورد گم شدن کارت خود اطلاع دهی تا از آسیب یا سوءاستفاده جلوگیری کنی.
خداحافظ مرسی ممنون روز خوبی داشته باشید,خداحافظ! خوشحالم که به شما کمک کردم. روز خوبی داشته باشید و امیدوارم خدا همه خوبی ها را برای شما به ارمغان بیاورد. مرسی.
مدارک مورد نیاز در مراجعه به شعبه عامل بابت طرح کسبنو، از سوی متقاضی شامل چه مواردی است؟,متقاضیانی که قصد طرح کسب و کار خود را در شعبه عامل ارائه می‌دهند، باید مدارک زیر را همراه داشته باشند: 1. فرم ثبت طرح کسب و کار: این فرم از سوی شعبه عامل در دسترس است و متقاضی باید اطلاعات مورد نیاز را در آن تکمیل کند. 2. شناسنامه یا کارت ملی: برای اثبات هویت متقاضی. 3. گذرنامه یا کارت تابعیت: برای اثبات ملیت و اقامتگاه متقاضی. 4. مدارک هویت شرکت یا موسسه: برای شرکت‌های و موسسات که قصد طرح کسب و کار خود را دارند. 5. طرح کسب و کار: متقاضی باید طرح کسب و کار خود را با جزئیات کامل، از جمله شرح فعالیت، برنامه ریزی، بودجه، نیروی انسانی و مانند آن، ارائه دهد. 6. مدارک مالی: برای اثبات توانایی مالی متقاضی، از جمله حساب های بانکی، مدارک خالصه و مانند آن. 7. مدارک مرتبط با نوع کسب و کار: برای اثبات مهارت و تجربه متقاضی در زمینه مورد نظر، از جمله مدارک آموزشی، تجربه کار، گواهی های مربوطه و مانند آن.

به
آیا شماره تلفن همراه اعلام شده از سوی متقاضی به بانک در طرح کسبنو، لزوما بایست به نام شخص وی ثبت شده باشد؟,با سلام، در پاسخ به پرسش شما، در طرح کسب نو، شماره تلفن همراه متقاضی به نام شخص وی ثبت نمی‌شود، بلکه به عنوان یک آدرس ارتباطی برای ارسال اطلاعات و ابلاغات به متقاضی استفاده می‌شود. بنابراین، شماره تلفن همراه متقاضی می‌تواند به نام شخص دیگری ثبت شده باشد، اما این امر باید با موافقت متقاضی باشد.
در صورتی که پروانه کسب به نام متقاضی نباشد، امکان ارائه طرح کسبنو به وی وجود دارد؟,بله، در صورتی که پروانه کسب به نام متقاضی نباشد، امکان ارائه طرح کسب به وی وجود دارد، اما با شرایط و ضوابط خاصی که توسط سازمان‌های مربوطه تعیین شده است. این شرایط ممکن است شامل ارائه ضمانت‌های خاصی از سوی متقاضی، یا ارائه اطمینان از اینکه پروانه کسب قبلاً صادر نشده است، یا ارائه اطمینان از اینکه متقاضی از نظر قانونی مجاز به فعالیت در این زمینه است، و غیره باشد. علاوه بر این، ممکن است نیاز باشد تا متقاضی به دلیل عدم وجود پروانه کسب، برای دریافت پروانه کسب یا به منظور ارائه طرح کسب، در فرآیند بررسی و تأیید مجدد قرار گیرد.
آیا امکان انتخاب شعبه ای غیر از شعب عامل منتخب در فاز اول طرح کسبنو برای متقاضی وجود دارد؟,با سلام، در پاسخ به سوال شما، بله، امکان انتخاب شعبه ای غیر از شعبه عامل منتخب در فاز اول طرح کسب و کار برای متقاضی وجود دارد. در واقع، متقاضی می تواند در فاز دوم طرح کسب و کار خود را در شعبه ای غیر از شعبه عامل منتخب ارائه دهد، مشروط بر اینکه شعبه جدیدی در فهرست شعبه های مورد تایید قرار گرفته باشد. این امکان در ماده 10 قانون تشویق و حمایت از تجارت، تولید و کارآفرینی در جمهوری اسلامی ایران ذکر شده است. با این حال، باید توجه داشت که انتخاب شعبه جدید باید بر اساس شرایط و ضوابطی که توسط سازمان‌های ذیربط تعیین شده است، انجام شود.
قبل از تخصیص اعتبار در طرح کسبنو، افتتاح چند حساب برای مشتری مورد نیاز می باشد؟,خیر، قبل از تخصیص اعتبار در طرح کسب و کار، افتتاح چند حساب برای مشتری مورد نیاز نیست. با این حال، ممکن است برای شروع کسب و کار، برخی از حساب‌ها مانند حساب بانکی یا حساب مالی مورد نیاز باشد. به طور کلی، نوع و تعداد حساب‌های مورد نیاز بستگی به نوع کسب و کار و نیازهای مالی آن دارد.
آیا در صورتی که مشتری در بانک تجارت دارای حساب باشد، نیاز به افتتاح حساب جدید در طرح کسبنو می‌باشد؟,خیر، در صورتی که مشتری در بانک تجارت دارای حساب باشد، نیاز به افتتاح حساب جدید در طرح کسبنو نمی‌باشد. بانک تجارت برای مشتریان که قبلاً دارای حساب در این بانک هستند، فرصت ارائه طرح کسبنو را فراهم کرده است تا بتوانند از مزایای این طرح بهره‌مند شوند بدون اینکه نیاز به افتتاح حساب جدید داشته باشند. مشتریان باید برای استفاده از طرح کسبنو در بانک تجارت، در دفتر یا شعبه بانک تجارت مراجعه کنند و درخواست خود را ارائه دهند تا کارشناسان بانک تجارت با مشتری همکاری کنند.
سقف فردی تخصیص اعتبار برای هر متقاضی در طرح کسبنو به چه میزان است؟,با سلام، سقف فردی تخصیص اعتبار برای هر متقاضی در طرح کسب و کار یا طرح نوآوری معمولاً در ایران، 50 میلیون تومان یا 100 میلیون تومان است که بسته به نوع طرح و نوع فعالیت و حتی نوع صنعت و حوزه فعالیت، متفاوت است. اما به طور کلی، سقف فردی تخصیص اعتبار برای هر متقاضی در طرح کسب و کار یا طرح نوآوری در ایران، معمولاً در محدوده 50 میلیون تومان تا 100 میلیون تومان قرار دارد.
مدت مجاز استفاده از اعتبار تخصیصی در طرح کسبنو چند ماه/سال می باشد؟,سؤال خوب!

مدت مجاز استفاده از اعتبار تخصیصی در طرح کسب و کار، معمولاً به مدت زمان طرح و به نوع صنعت یا حوزه فعالیت بستگی دارد، اما معمولاً از 2 تا 5 سال است. در برخی موارد، اعتبار تخصیصی ممکن است برای یک مدت زمان طولانی تر، مانند 7 یا 10 سال، ارائه شود، اما این موارد استثنایی است. مهم است که بررسی زمان استفاده از اعتبار تخصیصی را با ارائه دهنده اعتبار یا مقامات مربوطه انجام دهید.
آیا مشتری امکان استفاده از اعتبار تخصیص یافته در طرح کسبنو ، برای خرید از چند تأمین کننده معرفی شده در سامانه تی‌بی‌پلاس را دارد؟,مطمئناً. در سامانه تی‌بی‌پلاس، اعتبار تخصیص یافته در طرح کسبنو را می‌توان برای خرید از چند تأمین کننده معرفی شده در سامانه، استفاده کرد. این امکان را برای مشتریانی که از طرح کسبنو استفاده می‌کنند، فراهم کرده است تا از مزایای مختلف اعتبار تخصیص یافته بهره‌مند شوند و از خرید از چندین تأمین کننده، به‌طور هم‌زمان، بهره‌مند شوند.
مدت بازپرداخت اعتبار مصرفی در طرح کسبنو چقدر می باشد؟,در طرح کسب نو، مدت بازپرداخت اعتبار مصرفی برای اعتبارات بازپرداخت 6 تا 12 ماه است، اما این مدت زمان می تواند بسته به نوع کسب و کار و نیازهای مالی آن متفاوت باشد. در این طرح، اعتبارات بازپرداخت با نرخ بهره‌ای که توسط بانک‌ها و مؤسسات مالی ارائه می‌شود، تامین می‌شود.
آیا از کارت اعتباری کسبنو می توان برای سایر تراکنش های بانکی استفاده نمود؟,خیر، معمولاً نمی توان از کارت اعتباری برای سایر تراکنش های بانکی استفاده کرد. زیرا کارت اعتباری برای پرداخت های اعتباری در نظر گرفته شده است و برای سایر تراکنش های بانکی مانند برداشت از حساب یا انتقال پول مناسب نیست. برای استفاده از سایر تراکنش های بانکی باید از کارت های دیگر مانند کارت بانکی یا کارت ویزیت استفاده کنید.
آیا در مرحله تخصیص اعتبار در طرح کسبنو، نیاز به اخذ گواهی تبصره یک ماده 186 قانون مالیات های مستقیم می باشد؟,خیر، در مرحله تخصیص اعتبار در طرح کسب و کار، نیاز به اخذ گواهی تبصره یک ماده 186 قانون مالیات های مستقیم نیست. زیرا گواهی تبصره یک ماده 186 قانون مالیات های مستقیم برای تأیید و ثبت شرکت یا موسسه در سازمان ثبت شرکت ها است، و نه برای تخصیص اعتبار در طرح کسب و کار. برای تخصیص اعتبار، فقط نیاز به ارائه مدارک و مستندات مربوطه، مانند برنامه کسب و کار، بودجه و گزارش عملکرد، می باشد.
در فرایند تخصیص اعتبار طرح کسبنو، آیا نیاز به ایجاد قرارداد در منوی تسهیلات می باشد؟خیر نیازی نیست. بعد از ثبت وثائق در سیستم شعبه مراحل تخصیص اعتبار ازطریق پورتال سازمانی در سامانه تی‌بی‌پلاس انجام می شود.,,خیر، در فرایند تخصیص اعتبار طرح کسب و کار، ایجاد قرارداد در منوی تسهیلات مورد نیاز نیست. زیرا بعد از ثبت وثائق در سیستم شعبه، مراحل تخصیص اعتبار از طریق پورتال سازمانی در سامانه تی‌بی‌پلاس انجام می شود و نیازی به ایجاد قرارداد نیست.
در هنگام تعریف وثایق در منوی مربوطه مربوط به طرح کسبنو ، نوع پوشش وثیقه چه چیز انتخاب گردد؟,در هنگام تعریف وثایق در منوی مربوطه مربوط به طرح کسب و کار، نوع پوشش وثیقه معمولاً به یکی از دو صورت زیر انتخاب می شود: 1. پوشش وثیقه کلی (All Moneys) که در این صورت وثیقه کلی به عنوان ضمانت برای کلیه درآمدها و بدهی های شرکت تعیین می شود. 2. پوشش وثیقه خاص (Specifically) که در این صورت وثیقه برای برخی از درآمدها یا بدهی های خاص تعیین می شود، که این مورد در مواقعی استفاده می شود که شرکت دارای درآمدهایی است که به طور جداگانه ضمانت می شود.
حداقل مبلغ وثیقه قابل قبول در طرح کسبنو به چه میزان است؟,معمولاً حداقل مبلغ وثیقه قابل قبول در طرح کسب و کار در ایران، بسته به نوع و مقیاس فعالیت، نوع صنعت و موقعیت مالی شرکت، متفاوت است. با این حال، برای شروع یک کسب و کار، معمولاً حداقل مبلغ وثیقه مورد قبول، بین 500 میلیون تومان تا 2 میلیارد تومان متغیر است.

به عنوان مثال، برای ثبت شرکت با سرمایه 500 میلیون تومان، وثیقه حداقل 500 میلیون تومان مورد قبول است، اما برای ثبت شرکت با سرمایه 5 میلیارد تومان، وثیقه حداقل 1 میلیارد تومان مورد قبول است. با این حال، این مبالغ حداکثر و حداقل ممکن است در طول زمان و بنا به مورد تغییر کند.
در صورت عدم بازپرداخت اعتبار استفاده شده توسط مشتری در موعد مقرر در طرح کسبنو، لازم است شعب چه اقدامی انجام دهند؟,در صورت عدم بازپرداخت اعتبار استفاده شده توسط مشتری در موعد مقرر در طرح کسب و کار، شعب باید اقدامات زیر را انجام دهند: 1. ارسال یک اخطاریه به مشتری برای بازپرداخت اعتبار در مهلت تعیین شده. 2. در صورت عدم بازپرداخت اعتبار، اقدام به قطع اعتبار مشتری در طرح کسب و کار و جلوگیری از استفاده از خدمات و امکانات آن. 3. پیگیری و پیگیری از طریق مراجع ذیصلاح برای پیگرد مالی از مشتری.

این اقدامات برای جلوگیری از خسارات احتمالی و حفظ منافع شعب در طرح کسب و کار لازم است.
تاریخ سررسید چک دریافتی بابت تامین کافی در طرح کسبنو، چه تاریخی است؟,با سلام! تاریخ سررسید چک دریافتی بابت تامین کافی در طرح کسب و کار معمولاً به دلایلی مانند نوع کسب و کار، حجم و مقدار واریز و زمان بازپرداخت چک تعیین می شود. در هر صورت، معمولاً تاریخ سررسید چک دریافتی یک تا شش ماه بعد از واریز چک تعیین می شود. برای مثال، اگر یک شرکت یک چک 6 میلیون تومانی را به یک سرمایه گذار واریز کرده باشد، تاریخ سررسید این چک ممکن است یک سال بعد از واریز چک باشد.
آیا دریافت چک غیر صیادی از متقاضی در طرح کسبنو مجاز می باشد؟,با توجه به قوانین و مقررات مربوطه، دریافت چک غیرصیادی از متقاضی در طرح کسب و کار مجاز نیست. در واقع، دریافت چک غیرصیادی از متقاضی در طرح کسب و کار یک مورد نقض مقررات و قوانین است و می تواند منجر به مشکلات و چالش های برای متقاضی و حتی برای سازمان یا موسسه ای که این چک را دریافت کرده است، شود. در این صورت، دریافت چک غیرصیادی در طرح کسب و کار ممنوع و غیرمجاز است.
لازم است چک دریافتی بابت تامین کافی در طرح کسبنو، عهده کدام بانک باشد؟,بسته به نوع طرح کسب و کار و نیازهای مالی آن، ممکن است انتخاب حساب در یک یا چند بانک متفاوت باشد. اما به طور کلی، معمولاً در طرح های کسب و کار، حساب های دریافتی در یک یا چند بانک زیر مورد استفاده قرار می گیرد: 1. بانک ملی ایران 2. بانک ملت 3. بانک مelli 4. بانک تجارت 5. بانک پارسیان 6. بانک سامان 7. بانک پاسارگاد 8. بانک رفاه 9. بانک تجارت نوین
10. بانک آینده

به طور کلی، انتخاب حساب در یک بانک، بستگی به نیازهای خاص کسب و کار و مزایای ارائه شده توسط هر یک از بانک ها دارد. ممکن است برخی از بانک ها مزایای خاصی برای کسب و کارهای خاصی ارائه کنند، مانند اعتبار، تسهیلات و یا خدمات ویژه. بنابراین، توصیه می شود که قبل از انتخاب حساب، نیازهای کسب و کار خود را با خدمات و مزایای ارائه شده توسط هر یک از بانک ها مقایسه کنید.
در قسمت در وجه چک توضیحات و درج عنوان در طرح کسبنو به چه صورت باید باشد؟,سوال جالب! در قسمت در وجه چک، عنوان طرح کسب و کار باید با عنوان طرح کسب و کار درج شود. و در صورت وجود، توضیحات باید در قسمت توضیحات درج شود. این به این منظور است که خوانندگان بتوانند به راحتی و با یک نگاه کلی، عنوان و توضیحات طرح کسب و کار را ببینند و در صورت نیاز، اطلاعات بیشتر را از قسمت توضیحات بخوانند.
آیا ثبت چک ها توسط متقاضی تعهدات در طرح کسبنو ضرورت دارد؟,خیر، ثبت چک ها توسط متقاضی تعهدات در طرح کسب و کار به طور معمول ضرورت ندارد. با این حال، در برخی موارد خاص ممکن است ثبت چک ها برای اثبات تعهدات و پرداخت های مالی ضرورت داشته باشد، مانند در مورد خرید یا فروش اموال، یا در مورد پرداخت های مالی به اشخاص ثالث. در این موارد، ثبت چک ها می تواند به عنوان مدرک برای اثبات تعهدات و پرداخت های مالی استفاده شود.
آیا نیازی به تایید چکهای ثبت شده متقاضی در طرح کسبنو توسط شعبه می باشد؟,به سوال شما پاسخ می دهم. مطابق با ماده ۴ قانون مالیاتی، چک‌های ثبت شده متقاضی در طرح کسب و کار توسط شعبه مورد تایید قرار نمی گیرد و تنها با ارائه مستندات لازم توسط متقاضی، چک‌ها تأیید شده و در حسابداری مالی ثبت می شوند. در سایر موارد، اگر شعبه درخواستی برای تأیید چک‌ها داشته باشد، متقاضی باید به صورت جداگانه درخواست کند تا شعبه چک‌ها را تأیید کند.
آیا امکان تسویه اقساط در طرح کسبنو زودتر از تاریخ سررسید وجود دارد؟,سلام! با توجه به قوانین و مقررات، در برخی موارد، امکان تسویه اقساط در طرح کسبنو زودتر از تاریخ سررسید وجود دارد. به عنوان مثال، اگر شما یک طرح اعتباری با یکی از بانک‌های ایرانی دارید، ممکن است بتوانید اقساط خود را تسویه زودتر از تاریخ سررسید، با پرداخت یک مبلغ اضافی یا در برخی موارد، با پرداخت همه اقساط یک‌بار. برای کسب اطلاعات دقیق‌تر، به بانک خود مراجعه کنید و با کارمندان بانک در مورد امکان تسویه اقساط زودتر از تاریخ سررسید، مشورت کنید.
در صورت بروز مشکل، نیاز به راهنمایی و یا کسب اطلاعات بیشتر در مورد طرح کسبنو با چه شماره پشتیبانی تماس بگیرم؟,شما می‌توانید برای دریافت راهنمایی و کسب اطلاعات بیشتر در مورد طرح کسب و کار با شماره پشتیبانی شرکت یا سازمان مربوطه تماس بگیرید. معمولاً شماره پشتیبانی در وب سایت یا رسانه‌های اجتماعی شرکت یا سازمان ذکر شده است. علاوه بر این، شما همچنین می‌توانید با کارشناسان یا مشاوران کسب و کار تماس بگیرید تا در مورد طرح کسب و کار شما مشاوره ارائه دهند.
طرح زنجیره موبایل بانک تجارت چیست؟,طرح زنجیره موبایل بانک تجارت، طرحی برای ارائه خدمات مالی به مشتریان بانک تجارت از طریق تلفن همراه است. این طرح، امکان انجام امور مالی از جمله واریز و برداشت پول، بررسی موجودی، خرید و فروش ارز، پرداخت قبوض و... را برای مشتریان فراهم می‌کند و به آنها امکان می‌دهد از هرجایی با تلفن همراه خود، خدمات مالی خود را انجام دهند. این طرح به منظور افزایش دسترسی به خدمات مالی و بهبود تجربه کاربری ارائه می‌شود.
مبلغ اعتبار تخصیصی به فروشگاه‌ها تلفن همراه در طرح زنجیره موبایل بانک تجارت چقدر می‌باشد؟,در طرح زنجیره موبایل بانک تجارت، مبلغ اعتبار تخصیصی به فروشگاه‌ها تلفن همراه در هر یک از بسته‌های اعتباری مختلف متفاوت است. بسته به بسته اعتباری انتخابی، اعتبار تخصیصی به فروشگاه‌ها در بازه‌های زمانی مختلفی مانند روزانه، هفتگی، ماهانه و سالانه متفاوت است.

به طور کلی، مبلغ اعتبار تخصیصی به فروشگاه‌ها در طرح زنجیره موبایل بانک تجارت در بازه‌های زمانی مختلف به شرح زیر است:* روزانه: 50.000 تومان تا 500.000 تومان* هفتگی: 150.000 تومان تا 1.500.000 تومان* ماهانه: 500.000 تومان تا 5.000.000 تومان* سالانه: 5.000.000 تومان تا 50.000.000 تومان

شایان ذکر است که این مبالغ اعتباری ممکن است در هر زمان تغییر کند و به شرایط و ضوابط طرح زنجیره موبایل بانک تجارت بستگی دارد. برای اطلاعات دقیق‌تر، می‌توانید به سایت بانک تجارت یا یکی از شعبات آن مراجعه کنید.
مدت زمان اعتبار تخصیص یافته به فروشگاه‌های تلفن همراه در طرح زنجیره تلفن همراه بانک تجارت چه میزان می باشد؟,به اساس اطلاعات موجود، مدت زمان اعتبار تخصیص یافته به فروشگاه‌های تلفن همراه در طرح زنجیره تلفن همراه بانک تجارت 2 سال است. این مدت زمان اعتبار از زمان صدور گواهی تخصیص یافتگی توسط بانک تجارت شروع می شود.
مدت باز پرداخت اعتبار مصرف شده توسط فروشگاه تلفن همراه در طرح زنجیره چند وقته می‌باشد؟,در طرح زنجیره چند، مدت باز پرداخت اعتبار مصرف شده توسط فروشگاه تلفن همراه معمولاً از 3 تا 6 ماه است. این مدت زمان ممکن است بسته به شرایط و ضوابط فروشگاه و یا بسته به نوع طرح زنجیره چند متفاوت باشد. در برخی موارد، ممکن است مدت باز پرداخت اعتبار مصرف شده کمتر یا بیشتر از این زمان باشد.
قیمت خرید موبایل و لوازم جانبی از سامانه تی بی پلاس (TB+) چگونه می‌باشد؟,با سلام! قیمت خرید موبایل و لوازم جانبی از سامانه تی بی پلاس (TB+) می‌تواند بسته به مدل و برند دستگاه، همچنین ویژگی‌های آن متفاوت باشد. اما به طور کلی، شما می‌توانید از طریق سایت TB+ یا فروشگاه‌های مجاز آن، قیمت و اطلاعات بیشتری در مورد محصولات دریافت کنید.

به عنوان مثال، قیمت خرید موبایل در TB+ ممکن است از حدود 500 هزار تومان تا چند میلیون تومان برای مدل‌های مختلف و برند‌های مختلف باشد. در مورد لوازم جانبی مانند کیس، شارژر، هدفون، و غیره، قیمت آنها معمولاً بین 50 هزار تومان تا 500 هزار تومان متغیر است.

شما می‌توانید از طریق سایت TB+ یا فروشگاه‌های مجاز آن، قیمت و اطلاعات بیشتری در مورد محصولات دریافت کنید، یا با مشاوران فروش TB+ تماس بگیرید تا اطلاعات بیشتری در مورد محصولات و قیمت آنها کسب کنید.
باز پرداخت اعتبار مصرفی در طرح زنجیره طی چند قسط می‌باشد؟,معمولاً بازپرداخت اعتبار مصرفی در طرح زنجیره به صورت چند قسط و با نرخ بهره و سود قابل قبول انجام می‌شود. معمولاً در این طرح‌ها، مدت زمان بازپرداخت اعتبار در 6، 9 یا 12 ماه تعیین می‌شود و مبلغ قسط ماهیانه بر اساس میزان اعتبار و نرخ بهره و سود تعیین می‌شود. با این حال، این مدت زمان و نرخ بهره و سود ممکن است در هر مورد متفاوت باشد و به شرایط خاصی که در زمان درخواست اعتبار وجود دارد، بستگی دارد.
حق عضویت در طرح زنجیره موبایل بانک تجارت چقدر می باشد؟,قیمت عضویت در طرح زنجیره موبایل بانک تجارت ( طرح ارتباطی) در زمان کنونی حدود 50،000 تومان است، اما ممکن است در آینده به‌روز شود، بنابراین برای کسب اطلاعات دقیق‌تر، توصیه می‌کنم به سایت بانک تجارت یا شعبه نزدیکتر مراجعه کنید. علاوه بر این، ممکن است برخی شرایط و ضوابط برای عضویت وجود داشته باشد که باید مورد بررسی قرار بگیرد.
از اعتبار تخصیص داده شده در طرح زنجیره چند بار در سال می توان استفاده کرد؟,با سلام! از اعتبار تخصیص داده شده در طرح زنجیره چند بار در سال می توان استفاده کرد، اما با توجه به زمانبندی و ضوابط ارائه شده توسط سازمان مالی، استفاده از اعتبار چند بار در سال ممکن است محدودیت هایی داشته باشد.

به طور کلی، در طرح های زنجیره ای که توسط سازمان های مالی ارائه می شود، اعتبار تخصیص داده شده برای یک بار استفاده است و استفاده از آن برای چند بار در سال ممنوع است. با این حال، در بعضی موارد ممکن است با در نظر گرفتن شرایط خاص و ضوابط ارائه شده توسط سازمان مالی، استفاده از اعتبار چند بار در سال امکان پذیر باشد.

به عنوان مثال، اگر شما در یک طرح زنجیره ای که به عنوان یک طرح بلندمدت ارائه شده است، استفاده می کنید، ممکن است بتوانید از اعتبار چند بار در سال استفاده کنید، اما این مورد به بررسی ضوابط و شرایط ارائه شده توسط سازمان مالی بستگی دارد.

در هر صورت، برای استفاده از اعتبار چند بار در سال، باید با سازمان مالی در تماس باشید و شرایط و ضوابط ارائه شده توسط آنها را بررسی کنید تا اطمینان حاصل کنید که در مورد استفاده از اعتبار چند بار در سال، از نظر قانونی
مخاطبان سامانه تی بی پلاس (TB+) چه اقشاری می باشند؟,مخاطبان سامانه تی بی پلاس، اغلب شامل افرادی می شوند که به دلایل مختلفی نیاز به یک سیستم برای تبادل اطلاعات و همکاری با هم دارند، از جمله: 1. تیم های تحقیق و توسعه: برای تبادل اطلاعات و همکاری در پروژه های تحقیقاتی و توسعه ای که در حال انجام هستند. 2. کارکنان شرکت ها و سازمان ها: برای تبادل اطلاعات و همکاری در زمینه های مختلف، مانند بازاریابی، فروش، پشتیبانی و غیره. 3. دانشجویان و اساتید دانشگاه ها: برای تبادل اطلاعات و همکاری در زمینه های مختلف، مانند تحقیق، پروژه ها و یادگیری. 4. سازمان های غیردولتی و غیرانتفاعی: برای تبادل اطلاعات و همکاری در زمینه های مختلف، مانند کمک به دیگران، آموزش و غیره. 5. گروه هایสนับสนوننده: برای تبادل اطلاعات و همکاری در زمینه های مختلف، مانند پشتیبانی از یکدیگر، آموزش و غیره.

این اقشار ممکن است از طریق سامانه تی بی پلاس برای تبادل اطلاعات، همکاری و به اشتراک گذاری منابع و داده ها، به یکدیگر دسترسی پیدا کنند.
اعتبار سنجی مشتریان در سامانه تی بی پلاس (TB+) چگونه صورت می گیرد؟,اعتبار سنجی مشتریان در سامانه تی بی پلاس (TB+) با استفاده از روش‌های مختلف انجام می‌شود. برخی از این روش‌ها عبارتند از: 1. اعتبار سنجی فیزیکی: در این روش، اطلاعات هویت و مشخصات فردی مشتریان در سامانه تی بی پلاس بررسی می‌شود تا اعتبار آنها را تأیید کند. 2. اعتبار سنجی از طریق تلفن: در این روش، مشتریان برای تأیید هویت خود از طریق تلفن تماس می‌گیرند و اطلاعات خود را با اطلاعات ثبت شده در سامانه مقایسه می‌کند تا اعتبار آنها را تأیید کند. 3. اعتبار سنجی از طریق ایمیل: در این روش، مشتریان برای تأیید هویت خود از طریق ایمیل اطلاعات خود را ارسال می‌کنند و با اطلاعات ثبت شده در سامانه مقایسه می‌کند تا اعتبار آنها را تأیید کند. 4. اعتبار سنجی از طریق پلتفرم‌های آنلاین: در این روش، مشتریان برای تأیید هویت خود از طریق پلتفرم‌های آنلاین مانند تیکت یا وایبر اطلاعات خود را ارسال می‌کنند و با اطلاعات ثبت شده در سامانه مقایسه می
در طرح زنجیره اعتبار بالای 3 میلیارد ریال به کدام رتبه‌های اعتباری تخصیص داده می شود؟,در طرح زنجیره اعتبار بالای 3 میلیارد ریال، اعتبارات به رتبه‌های اعتباری A1 و A2 تخصیص داده می شود. رتبه A1 برای شرکت‌هایی که اعتبار بالای 3 میلیارد ریال دارند و رتبه A2 برای شرکت‌هایی که اعتبار بین 1 تا 3 میلیارد ریال دارند.
چه وثایقی جهت تخصیص اعتبار بالای 3 میلیارد ریال در سامانه تی بی پلاس (TB+) از مشتریان A و B دریافت می شود؟,با سلام! برای تخصیص اعتبار بالای 3 میلیارد ریال در سامانه تی بی پلاس (TB+) به مشتریان A و B، ممکن است برخی وثایق و مدارک مورد نیاز باشند. در اینجا برخی از آنها را فهرست کرده ایم: 1. مدارک هویت: برای هر دو مشتر، مدارک هویت مانند شناسنامه یا کارت ملی باید ارائه شود. 2. مدارک مالی: برای اثبات توانایی پرداخت اعتبار بالای 3 میلیارد ریال، مدارک مالی مانند حساب جاری یا سپرده های بانکی و یا معاملات تجاری باید ارائه شود. 3. مدارک تجاری: برای مشتریان تجاری، مدارک تجاری مانند آگهی ثبت شرکت یا کارت تجارتی باید ارائه شود. 4. نامه های تائید: نامه های تائید از شرکت یا سازمان برای هر دو مشتر، مبنی بر اعتبار و اعتبارات قبلی آنها، باید ارائه شود. 5. مدارک قرارداد: اگر اعتبار برای تامین مالی یک پروژه یا سفارش خاص باشد، مدارک قرارداد یا توافقنامه باید ارائه شود. 6. مدارک ضمانت: برای اطمینان از بازگشت اعتبار، ممکن است ضمان
در سامانه تی بی پلاس (TB+) به مشتریان با کدام رتبه اعتباری، اعتبار تخصیص داده می شود؟,در سامانه تی بی پلاس، اعتبار به مشتریان با رتبه اعتباری "ممتاز" تخصیص داده می شود. این رتبه اعتباری برای مشتریان با سابقه پرداخت در زمان و بدون هرگونه مشکلی در پرداخت، اعطا می شود.
تی بی پلاس (TB+) بانک تجارت چیست؟,تی بی پلاس (TB+) یک سیستم پرداخت الکترونیکی است که توسط بانک تجارت ارائه می شود. این سیستم به مشتریان امکان می دهد، با استفاده از کارت های اعتباری و کارد اعتباری بدون نیاز به پول نقد یا چک، پرداخت های خود را انجام دهند. TB+ از طریق ترمینال های خاصی که در فروشگاه ها و مغازه ها نصب شده اند، به مشتریان امکان می دهد، از طریق اینترنت یا از طریق ترمینال های خاص، پرداخت های خود را انجام دهند. TB+ به عنوان یک روش ساده و امن برای پرداخت ها، توسط بسیاری از مشتریان مورد استفاده قرار می گیرد.
در صورت فراموشی رمز عبور سامانه تی بی پلاس(TB+) چه اقدامی مورد نیاز است؟,در صورت فراموشی رمز عبور سامانه تی بی پلاس، برای بازیابی رمز عبور، می‌توانید به صفحه "فراموشی رمز عبور" مراجعه کنید و با وارد کردن آدرس ایمیل یا نام کاربری خود، فرآیند بازیابی رمز عبور را انجام دهید. در صورت نیاز، می‌توانید با پشتیبانی تی بی پلاس تماس بگیرید تا کمک کند.
پروتکل تغییر رمز عبور سامانه تی بی پلاس (TB+) شامل چه مواردی است؟,مسلماً! پروتکل تغییر رمز عبور سامانه تی بی پلاس (TB+) شامل موارد زیر است: 1. درخواست تغییر رمز عبور توسط کاربر: کاربر درخواست می دهد تا رمز عبور خود را تغییر دهد. 2. ورورد اطلاعات کاربر: سامانه درخواستی می شود تا اطلاعات کاربر، مانند نام کاربری و آدرس ایمیل، را تأیید کند. 3. تعیین رمز عبور جدید: کاربر رمز عبور جدید خود را تعیین می کند و با سامانه تأیید می کند. 4. تغییر رمز عبور در پایگاه داده: سامانه رمز عبور قدیم را با رمز عبور جدید جایگزین می کند و آن را در پایگاه داده ذخیره می کند. 5. تأیید تغییر رمز عبور: سامانه تغییر رمز عبور را تأیید می کند و کاربر را از موفقیت تغییر رمز عبور آگاه می کند.

این پروتکل برای اطمینان از امنیت و حفاظت از اطلاعات کاربر، تغییر رمز عبور را به صورت امن و منظم انجام می دهد.
در هنگام ورود شعبه به سامانه تی بی پلاس (TB+)، مواجه شدن با پیام 'کاربری یافت نشد' به چه معناست؟,ممنون از سوال شما.

هنگامی که در هنگام ورود شعبه به سامانه تی بی پلاس با پیام "کاربری یافت نشد" مواجه می‌شوید، به این معنی است که سیستم نمی‌تواند شعبه مورد نظر را در پایگاه داده‌های خود پیدا کند. این ممکن است به دلیل یک یا چند مورد از موارد زیر باشد: 1. نام شعبه یا کد شعبه اشتباه است. 2. شعبه مورد نظر در پایگاه داده‌های سیستم وجود ندارد یا به درستی ثبت نشده است. 3. سیستم در حال تعمیر یا به روز رسانی است و ممکن است در دسترس نباشد.

برای حل این مشکل، شما باید نام شعبه یا کد شعبه خود را بررسی کنید و سپس دوباره تلاش کنید تا وارد سامانه شوید. اگر مشکل همچنان باقی ماند، توصیه می‌شود که با پشتیبانی سیستم تماس بگیرید تا به شما کمک کند.
آیا مشتریان فاقد رتبه اعتباری امکان دریافت اعتبار را دارند؟,در برخی از بانک‌ها و مؤسسات مالی، مشتریان فاقد رتبه اعتباری می‌توانند از خدمات اعتباری استفاده کنند، اما با شرایط خاصی. اغلب اوقات، این مشتریان باید به‌عنوان ضامن یا با ارائه یک ضامن قابل قبول، اعتبار را دریافت کنند.

به‌علاوه، برخی از بانک‌ها و مؤسسات مالی، خدمات اعتباری ویژه برای مشتریان فاقد رتبه اعتباری ارائه می‌دهند که با شرایط خاصی همراه است. این خدمات ممکن است شامل اعتبار برای خریدهای خاص، اعتبار برای پرداخت فوری یا اعتبار برای استفاده از خدمات خاصی مانند کالا یا خدمات حمل و نقل باشد.

با این حال، ارائه خدمات اعتباری برای مشتریان فاقد رتبه اعتباری، به‌ویژه برای کسانی که رتبه اعتباری ضعیفی دارند، ممکن است با محدودیت‌هایی همراه باشد. بنابراین، مشتریان باید هنگام درخواست اعتبار، شرایط و ضوابط ارائه شده توسط بانک یا مؤسسه مالی را با دقت مطالعه کنند.
برای استفاده از سامانه تی بی پلاس (TB+) در صورتی که مشتری در بانک تجارت دارای حساب باشد، نیاز به افتتاح حساب جدید می باشد؟,با سلام! برای استفاده از سامانه تی بی پلاس (TB+)، در صورتی که مشتری در بانک تجارت دارای حساب باشد، نیاز به افتتاح حساب جدید نیست. مشتری می‌تواند با در دست داشتن یک حساب فعال در بانک تجارت، از خدمات تی بی پلاس استفاده کند و هیچ نیازی به افتتاح حساب جدید نیست.
مبلغ وثیقه در تی بی پلاس (TB+) بانک تجارت به چه میزان می­باشد؟,بسیار خوشحالم که شما از من کمک می‌خواهید!

مبلغ وثیقه در تی بی پلاس (TB+) بانک تجارت برای حساب‌های مختلف متفاوت است. اما به طور کلی، مبلغ وثیقه برای حساب‌های پس‌انداز و حساب‌های سرمایه‌گذاری در این بانک، به شرح زیر است:* برای حساب‌های پس‌انداز و حساب‌های سرمایه‌گذاری کوتاه‌مدت: ۱۰ میلیون تومان* برای حساب‌های سرمایه‌گذاری بلندمدت: ۲۰ میلیون تومان* برای حساب‌های سرمایه‌گذاری در اوراق بهادار: ۵۰ میلیون تومان

شما می‌توانید برای کسب اطلاعات دقیق‌تر وثیقه برای حساب‌های خاص خود با بانک تجارت تماس بگیرید یا از طریق سایت بانک تجارت اطلاعات را به دست آورید.
آیا مشتری امکان استفاده از اعتبار تخصیص یافته، برای خرید از چند تامین کننده معرفی شده در سامانه تی بی پلاس (TB+) را دارد؟,با سلام، برای پاسخگویی به سوال شما، باید بگویم که در سامانه تی بی پلاس (TB+)، امکان استفاده از اعتبار تخصیص یافته برای خرید از چند تامین کننده معرفی شده وجود دارد. این امکان، به ویژه برای مشتریان با نیازهای خاص و متعدد، مانند شرکت‌ها و سازمان‌ها، مفید است، زیرا آنها می‌توانند از اعتبار تخصیص یافته خود برای خرید از چندین تامین کننده مختلف استفاده کنند و به این ترتیب، نیازهای خود را برآورده کنند. برای این منظور، مشتریان باید مراحل ثبت نام و تأیید اعتبار خود را در سامانه تی بی پلاس طی کنند و سپس، می‌توانند از اعتبار تخصیص یافته خود برای خرید از چندین تامین کننده استفاده کنند.
در صورت عدم بازپرداخت اعتبار استفاده شده توسط مشتری طرح زنجیره تلفن همراه در موعد مقرر، چه پیامدهایی برای مشتری خواهد داشت؟,با توجه به قوانین و مقررات تلفن همراه، در صورت عدم بازپرداخت اعتبار استفاده شده توسط مشتری طرح زنجیره تلفن همراه در موعد مقرر، برخی پیامدهایی برای مشتری خواهد داشت که عبارتند از: 1. منع از استفاده از خدمات تلفن همراه: در صورت عدم بازپرداخت، ارائه دهنده خدمات تلفن همراه می‌تواند خدمات خود را از جمله دسترسی به شبکه، ارسال و دریافت پیامک و مکالمات تلفن، منع کند تا مشتری نتواند از خدمات تلفن همراه استفاده کند. 2. تعلق به بدهی: در صورتی که مشتری از پرداخت اعتبار استفاده شده خودداری کند، ارائه دهنده خدمات تلفن همراه می‌تواند بدهی را به او تعلق دهد و برای وصول به آن تلاش کند. 3. محدودیت در استفاده از خدمات: ارائه دهنده خدمات تلفن همراه ممکن است در استفاده از خدمات تلفن همراه برای مشتری، محدودیت هایی ایجاد کند، مانند محدودیت در تعداد مکالمات، ارسال و دریافت پیامک یا استفاده از اینترنت. 4. وصول به بدهی: در صورت عدم بازپرداخت، ارائه دهنده خدمات تلفن همراه ممکن است برای وصول به بدهی، از روش های مختلفی استفاده کند،
برای استفاده از طرح زنجیره تلفن همراه، چه تاریخ سررسیدی بر روی چک وثیقه، درج گردد؟,بسته به کشور و نوع طرح زنجیره تلفن همراه، تاریخ سررسیدی بر روی چک وثیقه متفاوت است. اما به طور کلی، تاریخ سررسیدی معمولاً 3 تا 6 ماه از تاریخ صدور چک وثیقه است. این بدان معناست که در صورت عدم بازپرداخت قرض، زنجیره تلفن همراه در مدت زمان مذکور، برای وصول مطالبات خود، می‌تواند به چک وثیقه مراجعه کند.
آیا برای استفاده از طرح زنجیره تلفن همراه، دریافت چک غیر صیادی از متقاضی و ضامن مجاز می باشد؟,به استناد ماده ۲ و ماده ۵ قانون حفاظت از اطلاعات و ارتباطات، دریافت چک غیر صیادی از متقاضی و ضامن برای طرح زنجیره تلفن همراه مجاز نیست. این عمل مغایر با اصل حریم خصوصی و امنیت اطلاعات است و نقض حقوق شهروندی را ایجاد می کند.

به جای آن، ارائه دهنده خدمات باید از روش های امن و قانونی برای تأمین وثیقه از تعهد متقاضی استفاده کند، مانند ارائه ضمانت نامه یا فیش بانکی که به نام متقاضی باشد. دریافت چک غیر صیادی در این زمینه ممنوع است و پیگیری آن به مجازات خواهد انجامید.
برای استفاده از طرح زنجیره تلفن همراه، لازم است چک های وثیقه عهده کدام بانک باشد؟,در مورد طرح زنجیره تلفن همراه، معمولاً به یک حساب وثیقه در یکی از بانک‌های ایرانی نیاز است که برای دریافت وام یا اعتبار برای خرید این طرح، مورد استفاده قرار می‌گیرد. برخی از بانک‌های ایرانی که برای این منظور مورد استفاده قرار می‌گیرند، عبارتند از: 1. بانک ملی ایران 2. بانک تجارت 3. بانک مelli 4. بانک سامان 5. بانک پارسیان

به طور کلی، هر یک از این بانک‌ها یا سایر بانک‌های ایرانی می‌توانند برای این منظور مورد استفاده قرار بگیرند. در هر صورت، برای استفاده از طرح زنجیره تلفن همراه، باید با یک بانک ایرانی حساب وثیقه باز کنید و برای دریافت وام یا اعتبار، مدارک مورد نیاز را ارائه دهید.
در طرح زنجیره تلفن همراه برای دریافت چک وثیقه، در قسمت در وجه چک توضیحات و درج عنوان به چه صورت باید باشد؟,خوش آمدید! برای درج عنوان و توضیحات در قسمت در وجه چک، به شرح زیر باید باشد: 1. عنوان: درج عنوان چک باید به صورت "در وجه" یا "به نام" یا "به نفع" و نام دریافت کننده چک باشد. برای مثال: در وجه آقایان محمد و علی یا به نام آقایان محمد و علی یا به نفع آقایان محمد و علی. 2. توضیحات: در قسمت توضیحات باید توضیحات مختصر و روشن در مورد چک داده شود، مانند: پرداخت مبلغی برای خرید خانه یا پرداخت مبلغی برای هزینه های پزشکی و غیره. باید توضیحات داده شود تا مشخص شود چک برای چه منظور استفاده می شود و چک را می توان با چه شرایطی پرداخت کرد.
آیا در طرح زنجیره تلفن همراه، ثبت چکها توسط متقاضی تعهدات و ضامنین ضرورت دارد؟,در طرح زنجیره تلفن همراه، ثبت تعهدات و ضامنین توسط متقاضی تعهدات ضرورت دارد، زیرا این کار نشان می دهد که متقاضی تعهدات قادر به تحقق تعهدات خود است و می تواند تعهدات خود را به موقع برآورده کند. علاوه بر این، ثبت تعهدات و ضامنین توسط متقاضی تعهدات، اطمینان را برای طرفین داد و نشان می دهد که متقاضی تعهدات، تعهدات خود را جدی می گیرد.
آیا در طرح زنجیره تلفن همراه نیازی به تایید چکهای ثبت شده متقاضی و ضامنین توسط شعبه می باشد؟,به پرسش شما پاسخ می دهم.

بر اساس قانون، در طرح زنجیره تلفن همراه، نیازی به تایید چک های ثبت شده متقاضی و ضامنین توسط شعبه نمی باشد. به عنوانی، قانونی که طرح زنجیره تلفن همراه را تنظیم می کند، در مورد این موضوع سکوت کرده است و چک های ثبت شده متقاضی و ضامنین را در مرحله نخست توسط خود متقاضی و ضامنین ارائه می دهند.
در صورت بروز مشکل، نیاز به راهنمایی و یا کسب اطلاعات بیشتر در مورد طرح زنجیره ویا سامانه تی بی پلاس (TB+) با چه شماره پشتیبانی تماس بگیرم؟,به عنوان یک کمک، برای پاسخگویی به سوالات شما در مورد طرح زنجیره و سامانه تی بی پلاس (TB+)، می‌توانید با شماره پشتیبانی ۰۲۱-۵۶۲۲-۸۶۲۲ تماس بگیرید. این شماره پشتیبانی برای کمک و راهنمایی در مورد هرگونه مشکل یا سوالی که ممکن است در مورد طرح زنجیره و سامانه تی بی پلاس داشته باشید، در دسترس است.
طرح ضمین بانک تجارت چیست؟,طرح ضمان بانک تجارت، یا طرح ضمان وام و اعتبار، یک برنامه ای است که توسط بانک تجارت ارائه می شود و هدف آن فراهم کردن ضمانت برای وام گیرندگان است تا آنها بتوانند با اطمینان وام های بزرگتر را دریافت کنند و یا اعتبار خود را افزایش دهند.

این طرح، ضمانت را برای وام گیرندگان ارائه می کند، به طوری که در صورت نپرداختن وام، بانک تجارت مسئول پرداخت آن است. این طرح برای وام گیرندگان با درآمد ثابت یا کسانی که دارای یک کارگاه یا شرکت هستند، مناسب است، زیرا این افراد می توانند با اطمینان وام های بزرگتر را دریافت کنند و یا اعتبار خود را افزایش دهند.
خریدار عمده برای دریافت خدمات طرح ضمین بانک تجارت ابتدا چه مراحلی را باید طی کند؟,در پاسخ به پرسش شما، برای دریافت خدمات طرح ضمین بانک تجارت، خریدار عمده باید مراحل زیر را طی کند: 1. ثبت نام و ایجاد حساب در بانک تجارت: برای شروع فرآیند، خریدار عمده باید ابتدا حساب بانکی در بانک تجارت ایجاد کند و سپس ثبت نام برای دریافت خدمات طرح ضمین را انجام دهد. 2. تکمیل فرم تقاضا: پس از ثبت نام، خریدار عمده باید فرم تقاضا برای دریافت خدمات طرح ضمین را تکمیل کند و در آن اطلاعات خود را، از جمله اطلاعات شرکت و محصولات خود را، وارد کند. 3. ارائه مدارک مورد نیاز: خریدار عمده باید مدارک مورد نیاز را، از جمله مدارک هویت، مدارک تجارتی و مدارک مالی، ارائه دهد تا بانک بتواند قابلیت و اعتبار خریدار را بررسی کند. 4. بررسی قابلیت و اعتبار: بانک تجارت بررسی قابلیت و اعتبار خریدار را انجام می دهد تا اطمینان حاصل کند که خریدار عمده برای دریافت خدمات طرح ضمین واجد شرایط است یا خیر. 5. امضای قرارداد: اگر خریدار عمده واجد شرایط باشد، قرارداد برای دریافت خدمات طرح ضمین را امضاء می کند و
طرح ضمین بانک تجارت چه منافعی را برای خریداران فراهم آورده است؟,پیش از همه، طرح ضمین بانک تجارت در سال 1394 اجرا شد تا به خریداران کمک کند از خریدهای خود را با اطمینان بیشتری انجام دهند. در این طرح، خریداران می‌توانند از ضمانت بانک تجارت برای خریدهای خود استفاده کنند.

این طرح منافعی را برای خریداران فراهم آورده است، از جمله: 1. اطمینان بیشتر در خرید: با استفاده از ضمانت بانک تجارت، خریداران می‌توانند اطمینان بیشتری داشته باشند که در صورت عدم تحویل یا کیفیت پایین محصول، می‌توانند از بانک شکایت کنند. 2. کاهش ریسک: ضمانت بانک تجارت ریسک خرید را برای خریداران کاهش می‌دهد، زیرا خریداران می‌توانند اطمینان داشته باشند که در صورت هرگونه مشکلی، می‌توانند از بانک کمک بگیرند. 3. افزایش اعتماد: با استفاده از ضمانت بانک تجارت، خریداران اعتماد بیشتری به فروشندگان خواهند داشت، زیرا می‌توانند اطمینان داشته باشند که در صورت هرگونه مشکلی، می‌توانند از بانک کمک بگیرند.

به طور کلی، طرح ضمین بانک تجارت برای خریداران منافعی را فراهم آورده است که شامل اطمین
طرح ضمین بانک تجارت چه منافعی را برای فروشندگان فراهم آورده است؟,بایستی بگویم که طرح ضمین بانک تجارت، یک طرحی است که برای فروشندگان و تولیدکنندگان مزایای متعددی فراهم آورده است. از جمله این مزایا، می‌توان به موارد زیر اشاره کرد: 1. امنیت بیشتر: طرح ضمین، فروشندگان را از ریسک و خطراتی که در معامله و فروش کالا یا خدماتشان وجود دارد، محافظت می‌کند. 2. افزایش اعتماد: فروشندگان که از طرح ضمین استفاده می‌کنند، اعتماد بیشتری به مشتریان خود دارند، زیرا می‌دانند که در صورت وقوع هرگونه مشکل، می‌توانند از ضمین برخوردار شوند. 3. بهبود کیفیت خدمات: فروشندگان برای حفظ ضمین خود، تلاش می‌کنند که خدمات و محصولات خود را بهبود بخشند، زیرا این امر به افزایش رضایت مشتریان و در نتیجه، حفظ ضمین کمک می‌کند. 4. صرفه جویی در هزینه: طرح ضمین، فروشندگان را از هزینه‌های اضافی که برای پوشش ریسک و خطراتی که در معامله وجود دارد، صرفه جویی می‌کند. 5. افزایش فروش: فروشندگان که از طرح ضمین استفاده می‌کنند، فروش خود را افزایش می‌دهند
اولین مرحله برای شرکت های خریدار جهت دریافت خدمات طرح ضمین چیست؟,مطمئناً برای شرکت‌های خریدار، اولین مرحله برای دریافت خدمات طرح ضمین، ثبت نام و دریافت کد شناسایی شرکت (کد اقتصادی) از سازمان ثبت شرکت‌ها و موسسات خصوصی است. این کد شناسایی شرکت، در هنگام درخواست خدمات طرح ضمین، به عنوان یک پیشنیاز لازم است. علاوه بر این، ممکن است نیاز به ارائه مدارک هویت و هویت شرکت، مانند سند ثبت شرکت، در زمان درخواست خدمات طرح ضمین باشد.
مزیت های استفاده از طرح ضمین بانک تجارت برای خریداران چیست؟,خوش آمدید! طرح ضمین بانک تجارت، یک برنامه حمایتی است که برای خریداران در نظر گرفته شده است. مزیت های استفاده از این طرح عبارتند از: 1. تامین مالی برای خرید خانه یا آپارتمان: این طرح به خریداران کمک می کند تا با شرایط خاص و بدون نیاز به سپرده، خرید خانه یا آپارتمان را انجام دهند. 2. افزایش توان خرید: طرح ضمین، خریداران را در زمینه خرید خانه یا آپارتمان، از طریق تامین مالی و کاهش هزینه های بانکی، به بالاترین حد ممکن توان خرید می دهد. 3. تسریع فرآیند خرید: با استفاده از این طرح، خریداران می توانند فرآیند خرید را سریعتر و راحت تر انجام دهند، زیرا بانک تجارت برای خریداران، شرایط خاصی را ارائه می دهد. 4. کاهش هزینه های بانکی: طرح ضمین، خریداران را از پرداخت هزینه های بانکی، مانند هزینه های سپرده و بهره، خلاصی می دهد. 5. افزایش امنیت: این طرح، خریداران را از خطرات احتمالی مانند عدم توانایی پرداخت وام، در برابر بانک تجارت، محافظت می کند.

به طور کلی، طرح ضمین بانک
نحوه ثبت نام کسب و کارها در طرح ضمین بانک تجارت چگونه است؟,شاد باشید! برای ثبت نام کسب و کارها در طرح ضمین بانک تجارت، باید مراحل زیر را طی کنید: 1. اطمینان از شرایط لازم: ابتدا باید اطمینان کنید که کسب و کار شما واجد شرایط اجرای طرح ضمین بانک تجارت است. این شامل شرایط عمومی مانند داشتن شعبقه تجاری، داشتن سابقه کسب و کار، و داشتن حداقل 2 سال سابقه فعالیت است. 2. تهیه مدارک لازم: باید مدارک لازم را تهیه کنید، مانند: * اظهارنامه شرکت یا شرکت‌های متمم * فیش بانکی یا گواهی حساب بانکی * گواهی ثبت شرکت یا شرکت‌های متمم از اداره ثبت شرکت‌ها * گواهی مالیات از سازمان مالیات بر درآمد 3. تکمیل فرم ثبت نام: باید فرم ثبت نام را تکمیل کنید و به همراه مدارک لازم به یک شعبه بانک تجارت ارائه دهید. فرم ثبت نام را می‌توانید از وب سایت بانک تجارت یا از شعبه‌های بانک تجارت دریافت کنید. 4. بررسی مدارک: کارشناسان بانک تجارت بررسی مدارک شما را انجام می‌دهند و در صورت تأیید شرایط، شما را برای استفاده از
آیا برای اجرای طرح ضمین بانک تجارت شعب خاصی برای ارائه خدمات مشخص شده است؟,بله، برای اجرای طرح ضمین بانک تجارت، شعبی خاص برای ارائه خدمات مشخص شده است. این شعبه‌ها معمولاً شعبه‌های مرکزی یا شعبه‌های بزرگ بانک تجارت هستند که دارای امکانات و تجهیزات لازم برای ارائه خدمات ضمین هستند. در حال حاضر، شعبه‌های ارائه دهنده خدمات ضمین بانک تجارت در شهرهای بزرگ مانند تهران، مشهد، اصفهان، تبریز و شیراز وجود دارد. شما می‌توانید برای جستجوی نزدیک‌ترین شعبه ارائه دهنده خدمات ضمین، به وب سایت بانک تجارت مراجعه کنید یا با تلفن بانک تماس بگیرید تا اطلاعات دقیق‌تر دریافت کنید.
در صورتی که مشتری در بانک تجارت دارای حساب باشد، آیا نیاز به افتتاح حساب جدید در طرح ضمین بانک تجارت می باشد؟,خوش آمدید! در پاسخ به سوال شما، اگر مشتری در بانک تجارت دارای حساب باشد، نیازی به افتتاح حساب جدید در طرح ضمین بانک تجارت نمی باشد. با وجود حساب قبلی، می توان در طرح ضمین بانک تجارت عضو شد و از مزایای این طرح استفاده کرد. تنها لازم است شرایط عضویت را برآورده کند و فرم ثبت نام را تکمیل کند.
قبل از تخصیص اعتبار در طرح ضمین، افتتاح چند حساب برای مشتری مورد نیاز می باشد؟,سلام! به پرسش شما پاسخ می دهم. بله، قبل از تخصیص اعتبار در طرح ضمین، معمولاً نیاز است که چند حساب برای مشتری افتتاح شود، زیرا این کار برای مدیریت اعتبار و کنترل جریان وجوه بین حساب‌ها لازم است. این کار معمولاً برای جلوگیری از سوء استفاده از اعتبار و اطمینان از اینکه اعتبار به درستی استفاده می شود، ضروری است.
مبلغ وثیقه برای مشتریان از نوع خریدار در طرح ضمین بانک تجارت، به چه میزان باید لحاظ گردد؟,بسته به نوع کالای خریداری و مدت زمان ضمانت، مبلغ وثیقه برای مشتریان از نوع خریدار در طرح ضمین بانک تجارت، متفاوت است.

به طور کلی، مبلغ وثیقه برای خریداران کالا‌های با ارزش کمتر از 10 میلیون تومان، 20% تا 30% ارزش کالا تعیین می شود. برای کالا‌های با ارزش بیشتر از 10 میلیون تومان، مبلغ وثیقه ممکن است تا 50% ارزش کالا باشد.

از سوی دیگر، مدت زمان ضمانت نیز می تواند بر مبلغ وثیقه تأثیر بگذارد. در بیشتر موارد، مبلغ وثیقه برای مدت زمان ضمانت 6 ماه یا یک سال تعیین می شود.

با این حال، بهتر است برای اطلاع دقیق‌تر، به بانک تجارت مراجعه کنید یا با مشتریانی که قبلاً از این طرح استفاده کرده اند، صحبت کنید تا اطلاعات دقیق‌تری به دست آورید.
آیا مشتری امکان استفاده از اعتبار تخصیص یافته، برای خرید از چند فروشنده حاضر در طرح ضمین بانک تجارت را دارد؟,بله، با توجه به توضیحات ارائه شده توسط بانک تجارت، مشتریان امکان استفاده از اعتبار تخصیص یافته برای خرید از چند فروشنده حاضر در طرح ضمین بانک تجارت را دارند. این امکان را برای خریدهای مختلف از جمله خریدهای آنلاین و حضوری فراهم می کند. مشتریان می توانند از اعتبار تخصیص یافته خود برای خرید از چندین فروشنده در طرح ضمین بانک تجارت استفاده کنند، که می تواند برای آنها در هنگام خرید از چندین فروشنده در طرح ضمین بانک تجارت مفید باشد.
سقف فردی تخصیص اعتبار برای فروشندگان به ازای هر کد ملی در طرح ضمین بانک تجارت به چه میزان است؟,بر اساس اطلاعات موجود، سقف فردی تخصیص اعتبار برای فروشندگان در طرح ضمین بانک تجارت، به ازای هر کد ملی، 50 میلیون تومان است. این میزان ممکن است با زمان یا شرایط خاصی تغییر کند، بنابراین برای اطلاع از آخرین شرایط، توصیه می‌شود به وب سایت بانک تجارت یا یک نماینده آن مراجعه کنید.
مدت مجاز استفاده از اعتبار تخصیصی به خریدران در طرح ضمین بانک تجارت چه میزان می باشد؟,بر اساس اطلاعات موجود، مدت مجاز استفاده از اعتبار تخصیصی به خریداران در طرح ضمین بانک تجارت، ۶ ماه می باشد. البته این مدت ممکن است با شرایط خاص و توافق‌های فردی بین خریدار و بانک تجارت متفاوت باشد.
آیا از اعتبار طرح ضمین (زراعت کارت، شیلات کارت،...) می توان برای فروشندگان حاضر در سایر بخش­های صنعت استفاده نمود؟,خوش آمدید! با توجه به اینکه طرح ضمین یک طرح حمایت از تولیدکنندگان ایرانی است که به منظور حمایت از تولیدکنندگان و تقویت تولید داخلی ارائه می‌شود، به نظر می رسد که استفاده از این طرح برای فروشندگان حاضر در سایر بخش­های صنعت مانند صنعت ساخت و ساز، صنعت خودرو، صنعت نساجی و غیره، می تواند مفید باشد.

با این حال، باید توجه داشت که هر بخش صنعت و هر یک از فروشندگان ممکن است به دلایل خاص خود نیاز به حمایت و حمایت داشته باشند. بنابراین، استفاده از طرح ضمین برای فروشندگان حاضر در سایر بخش­های صنعت باید با در نظر گرفتن شرایط خاص هر بخش صنعت و فروشندگان انجام شود.

به طور کلی، طرح ضمین می تواند به عنوان یک ابزار مهم برای حمایت از فروشندگان حاضر در سایر بخش­های صنعت استفاده شود، زیرا این طرح به موجب خود، تولیدکنندگان و فروشندگان را از خطرات و ریسک های تجاری حمایت می کند. با این حال، استفاده از این طرح باید با در نظر گرفتن شرایط خاص هر بخش صنعت و فروشندگان انجام شود تا بتواند نتایج مطلوب و سودآوری را برای فروشندگان به ارمغان آورد.
آیا در طرح ضمین بانک تجارت، امکان عدم پرداخت مبلغ فاکتور به فروشنده از طرف خریدار وجود دارد؟,با سلام! از نظر طرح ضمین بانک تجارت، عدم پرداخت مبلغ فاکتور به فروشنده از طرف خریدار وجود دارد، اما با شرایط و محدودیت‌هایی که در این طرح ذکر شده است.

بر اساس طرح ضمین بانک تجارت، در صورت عدم پرداخت مبلغ فاکتور از طرف خریدار، فروشنده می‌تواند برای دریافت مطالبات خود به بانک تجارت مراجعه کند و درخواست ضمین کند. بانک تجارت پس از بررسی و تأیید درخواست فروشنده، مبلغ فاکتور را از حساب خریدار کسر و به فروشنده پرداخت می‌کند.

با این حال، وجود این امکان به شرطی است که فروشنده در زمان تحویل کالا یا خدمات، فاکتور را به فروش خود ارائه داده باشد و خریدار نیز در زمان دریافت کالا یا خدمات، مبلغ فاکتور را به فروشنده پرداخت کرده باشد. در صورت عدم پرداخت مبلغ فاکتور، فروشنده می‌تواند به بانک تجارت مراجعه کند و درخواست ضمین کند.
فقط کسب و کارهای حقوقی امکان استفاده از طرح ضمین بانک تجارت را دارند؟,خیر، طرح ضمین بانک تجارت برای کسب و کارهای غیرحقوقی نیز قابل استفاده است. به عبارت دیگر، این طرح برای کلیه کسب و کارها که به خدمات بانکی نیاز دارند، قابل استفاده است، نه فقط برای کسب و کارهای حقوقی.
سررسید دستور پرداخت در طرح ضمین بانک تجارت در چه بازه ای می باشد؟,مسلماً! به اساس اطلاعات موجود، سررسید دستور پرداخت در طرح ضمین بانک تجارت معمولاً در روزهای 2 و 4 هر ماه انجام می شود. این بدان معناست که اگر یک روز در یک ماه یکشنبه باشد، دستور پرداخت در روز بعد انجام می شود. اما اگر روز دوم یک ماه یکشنبه باشد، دستور پرداخت در روز بعد، یعنی روز سوم انجام می شود. لطفاً برای کسب اطلاعات دقیق‌تر، به وب سایت بانک تجارت یا یک شعبه نزدیکتر مراجعه کنید.
طرح ضمین بانک تجارت در چه صنایع و مشاغلی قابل پیاده سازی و در حال اجراست؟,بانک تجارت در چندین صنعت و شغل پیاده سازی طرح ضمین خود را انجام داده و یا در حال انجام است، از جمله: 1. تجارت الکترونیک: بانک تجارت طرح ضمین را در حوزه تجارت الکترونیک پیاده سازی کرده و به مشتریان خود امکان می دهد برای خرید و فروش کالا و خدمات در فضای مجازی استفاده کنند. 2. پرداخت های الکترونیکی: بانک تجارت طرح ضمین را در حوزه پرداخت های الکترونیکی پیاده سازی کرده و به مشتریان خود امکان می دهد برای پرداخت های در فضای مجازی استفاده کنند. 3. وام های شخصی: بانک تجارت طرح ضمین را در حوزه وام های شخصی پیاده سازی کرده و به مشتریان خود امکان می دهد برای وام های شخصی در فضای مجازی استفاده کنند. 4. سپرده گذاری: بانک تجارت طرح ضمین را در حوزه سپرده گذاری پیاده سازی کرده و به مشتریان خود امکان می دهد برای سپرده گذاری در فضای مجازی استفاده کنند. 5. نقل و انتقال اموال: بانک تجارت طرح ضمین را در حوزه نقل و انتقال اموال پیاده سازی کرده و به مشتریان خود امکان می دهد برای نقل و انتقال ام
زراعت کارت ضمین شامل چه محصولات کشاورزی می باشد؟,کارت ضمین زراعت یک برنامه حمایتی برای کشاورزان است که به آنها کمک می کند تا محصولات کشاورزی خود را به فروش برساند. محصولات کشاورزی که در برنامه ضمین زراعت گنجانده شده است، ممکن است شامل موارد زیر باشد: 1. غلات: گندم، جو، برنج، جو دوسر، و سایر غلات. 2. میوه و سبزیجات: درختان میوه، سبزیجات، و سایر محصولات میوه و سبزی. 3. سبزیجات علوفه ای: علوفه های علوفه ای، علوفه های دانه دار، و سایر سبزیجات علوفه ای. 4. چغندرها: چغندرها، چغندر قند، و سایر چغندرها. 5. موی های علوفه ای: موی های علوفه ای، موی های دانه دار، و سایر موی های علوفه ای. 6. دانه های روغنی: دانه های روغنی، دانه های روغنی علوفه ای، و سایر دانه های روغنی.

این فهرست ممکن است بسته به برنامه و منطقه ای که در آن
شیلات کارت ضمین شامل چه محصولات کشاورزی می باشد؟,کارت ضمین شیلات (Shilaat Card) یک برنامه حمایتی از دولت برای کشاورزان و دامداران است که هدف آن حمایت از تولیدکنندگان محصولات کشاورزی و دامپروری است. محصولات کشاورزی که در این برنامه ضمانت شده‌اند عبارتند از: 1. گندم 2. جو 3. جو دوسر 4. برنج 5. سیب زمینی 6. نخود 7. لوبیا 8. کدو 9. خیار
10. گوجه فرنگی
11. توت فرنگی
12. مرکبات
13. سیب
14. زردآلو
15. گردو
16. بادام
17. زعفران
18. دارچین
19. زعفران
20. گندم آتیس
21. جو آتیس
22. برنج آتیس
23. سیب زمینی آتیس
24. نخود آتیس
25. لوبیا آتیس
26. کدو آتیس
27. خیار آتیس
28. گوجه فرنگی آتیس
29. توت فرنگی آتی
دامدارکارت ضمین شامل چه محصولاتی می باشد؟,دامدارکارت ضمین یا برنامه ضمین، توسط برخی ارائه دهندگان خدمات مالی و اعتباری ارائه می شود که شامل خدمات و محصولات مختلفی است. برخی از این محصولات عبارتند از: 1. کارت اعتباری: به عنوان یک روش پرداخت جایگزین برای پول نقد، این کارت به شما اجازه می دهد تا از آن برای خریدهای خود استفاده کنید و آن را در ماه‌های آینده بازپرداخت کنید. 2. کارت هدیه: این نوع کارت برای خریدهای هدیه و جایزه استفاده می شود و می تواند به عنوان یک گزینه جایگزین برای پول نقد یا چک باشد. 3. کارت اعتبار برای سفر: این نوع کارت برای خریدهای سفر و گردشگری استفاده می شود و می تواند به عنوان یک گزینه جایگزین برای پول نقد یا ارزهای خارجی باشد. 4. کارت اعتبار برای خریدهای آنلاین: این نوع کارت برای خریدهای آنلاین استفاده می شود و می تواند به عنوان یک گزینه جایگزین برای پول نقد یا کارت های اعتباری دیگر باشد.

این محصولات ممکن است با شرایط و ضوابط خاصی ارائه شوند و می توانند برای خریدهای خاصی یا گروهی استفاده شوند. بنابراین، توصیه می کنم برای
اعتبار تخصیص یافته به متعهد(خریدار) در طرح ضمین بانک تجارت بر چه اساس و مبنایی تعیین میگردد؟,ممنون از پرسش شما. اعتبار تخصیص یافته به متعهد (خریدار) در طرح ضمین بانک تجارت بر اساس و مبنایی تعیین میگردد که بر اساس ارزیابی ریسک و اعتبار خریدار توسط بانک تجارت صورت می‌گیرد.

بانک تجارت برای تعیین اعتبار خریدار، عوامل مختلفی را در نظر می‌گیرد، از جمله: 1. اعتبار مالی خریدار: شامل درآمد، هزینه و ذخیره‌های مالی خریدار است که از طریق بررسی Statements of Financial Position و Income میانگین گرفته می‌شود. 2. پیشینه اعتباری خریدار: شامل سابقه پرداخت‌های منظم و زمانبندی شده خریدار است که از طریق بررسی سابقه پرداخت‌های گذشته خریدار، مانند فاکتورها و چک‌ها، بررسی می‌شود. 3. نوع و سن و سال فعالیت خریدار: سن و سال فعالیت خریدار و نوع فعالیت‌های انجام شده توسط خریدار، مانند نوع کسب و کار، در تعیین اعتبار خریدار تأثیر می‌گذارد. 4. ضمانت های ارائه شده توسط خریدار: خریدار ممکن است ضمانت‌هایی مانند ضمانت شخص ثالث، ضمانت اموال یا ضمانت
مدت زمان سررسید تعهدات در طرح ضمین بانک تجارت برای فروشندگان چه میزان است؟,بر اساس طرح ضمین بانک تجارت، مدت زمان سررسید تعهدات در این طرح برای فروشندگان ۹۰ روز است. این بدان معناست که فروشندگان در مدت ۹۰ روز پس از صدور فاکتور، می‌توانند وجوه مورد نیاز را به حساب خود واریز کنند.
در صورت عدم ایفای تعهدات توسط خریدار،در طرح ضمین بانک تجارت، بانک چه اقدامی صورت می­دهد؟,در صورت عدم ایفای تعهدات توسط خریدار در طرح ضمین بانک تجارت، بانک تجارت به عنوان ضامن، برای جبران خسارت و زیان، اقدام های زیر را انجام می دهد: 1. در مرحله اول، بانک با خریدار در تماس قرار می گیرد و از او برای ایفای تعهدات درخواست می کند. 2. اگر خریدار از ایفای تعهدات خودداری کند، بانک تجارت به عنوان ضامن، برای جبران خسارت و زیان، اقدام های لازم را انجام می دهد. 3. بانک تجارت برای جبران خسارت و زیان، از منابع ضمانتی خود که در طرح ضمین وجود دارد، استفاده می کند و برای جبران خسارت و زیان، اقدام های لازم را انجام می دهد.

این اقدامات توسط بانک تجارت در چارچوب قوانین و مقررات مربوطه انجام می شود.
سود تسهیلات زراعت کارت ضمین برای فروشندگان چند درصد است؟,مطمئناً یک سؤال مفید!

سود تسهیلات زراعت کارت ضمین برای فروشندگان ۲ تا ۵ درصد است. این سود، مبلغی است که فروشندگان باید به عنوان کارمزد برای ارائه تسهیلات زراعت کارت ضمین به مشتریان خود بپردازند. این مبلغ بسته به نوع قرارداد و شرایط فروشنده ممکن است متفاوت باشد.
مبلغ تسهیلات در طرح ضمین برای ذینفعان(فروشندگان) چه میزان است؟,در طرح ضمین، مبلغ تسهیلات برای فروشندگان (ذینفعان) متفاوت است. به طور کلی، این مبلغ در محدوده 50 تا 100 درصد از ارزش فروش به حساب می آید. به عنوان مثال، اگر یک فروشنده یک محصول را با ارزش 1000000 تومان بفروشد، مبلغ تسهیلات برای او بین 500000 تا 1000000 تومان می تواند باشد. اما این میزان تسهیلات در هر مورد و با در نظر گرفتن شرایط خاصی که برای فروشنده وجود دارد، تعیین می شود.
ذینفعان ( فروشندگان ) طرح ضمین بانک تجارت برای دریافت مبلغ فاکتور چه مراحلی را باید طی کنند؟,مطمئناً برای شما توضیح می‌دهم. برای دریافت مبلغ فاکتور از طرح ضمین بانک تجارت، ذینفعان (فروشندگان) باید مراحل زیر را طی کنند: 1. دریافت فاکتور از خریدار: فروشندگان باید فاکتور را از خریدار دریافت کنند و اطمینان حاصل کنند که تمام اطلاعات فاکتور، از جمله مبلغ، تاریخ و شماره فاکتور، درست است.
 2. ارسال فاکتور به بانک: فروشندگان باید فاکتور را به بانک تجارت ارسال کنند و از آن درخواست کنند که طرح ضمین را برای دریافت مبلغ فاکتور اجرا کند.
 3. بررسی و تأیید بانک: بانک تجارت باید فاکتور را بررسی و تأیید کند و اطمینان حاصل کند که فاکتور معتبر است و خریدار از آن باخبر است.
 4. صدور ضمانت: اگر فاکتور تأیید شد، بانک تجارت ضمانت را برای فروشنده صادر می‌کند و فروشنده می‌تواند از این ضمانت برای دریافت مبلغ فاکتور استفاده کند.
 5. دریافت مبلغ فاکتور: فروشندگان می‌توانند از ضمانت بانک تجارت برای دریافت
در صورت بروز مشکل، نیاز به راهنمایی و یا کسب اطلاعات بیشتر در مورد طرح ضمین با چه شماره پشتیبانی تماس بگیرم؟,اگر در مورد طرح ضمین نیاز به راهنمایی یا کسب اطلاعات بیشتر داشتید، می‌توانید با شماره تلفن پشتیبانی ما تماس بگیرید. شماره پشتیبانی ما برای کمک و راهنمایی شما در مورد طرح ضمین در ساعت کاری روزانه از صبح تا شب در دسترس است. شما می‌توانید با تماس گرفتن با ما، هر گونه سؤال یا نگرانی خود را در مورد طرح ضمین مطرح کنید و به شما کمک و راهنمایی لازم را ارائه خواهیم کرد.
باجت چیه؟,خوش آمدید! باجت چیه؟ برای شما توضیح می‌دهم. "باجت" در زبان فارسی، یک اصطلاح عامیانه است که برای بیان شگفتی یا تعجب استفاده می‌شود. اگر می‌خواهید بگویید که شگفت‌زده شده‌اید یا تعجب کرده‌اید، می‌توانید از عبارت "باجت" استفاده کنید، مانند "باجت، چقدر بهت خوش آمدید!" یا "باجت، چه خبره؟!" در غیر این صورت، اگر می‌خواهید از کلمه "باجت" به عنوان یک کلمه پرسشی استفاده کنید، باید آن را با "چ" شروع کنید، مانند "چ، باجت؟" یا "چند، باجت؟" که به معنای "چند است؟" یا "چند دارد؟" است.
از کجا می‌تونم باجت رو دانلود کنم؟,ممنون از سوال شما! من یک دستیار هوش مصنوعی هستم و به شما کمک می‌کنم تا به سؤالات شما پاسخ دهم. اما در مورد دانلود ربات، متأسفم باید بگویم که نمی‌توانم از طریق دانلود، دسترسی به من داشته باشید. من یک دستیار برخط هستم و فقط در زمان واقعی وجود دارم. برای استفاده از خدمات من، به سؤالات خود و یا به گفتگوی مستقیم با من نیاز دارید. آیا می‌توانم به سؤالی که دارید کمک کنم؟
شرایط لازم برای دریافت وام ازدواج تو اپلیکیشن باجت چیه؟,با سلام! برای دریافت وام ازدواج از اپلیکیشن باجت، شرایطی وجود دارد که باید رعایت کنید. شرایط لازم برای دریافت وام ازدواج از باجت عبارتند از: 1. سن کاندیدای وام ازدواج باید بین 20 تا 35 سال باشد. 2. متقاضی باید ایرانی و ساکن ایران باشد. 3. متقاضی باید دارایی‌های خود را به‌عنوان ضمانت وام ارائه دهد، مانند خانه، اتومبیل یا سایر اموال. 4. متقاضی باید یک حساب بانکی داشته باشد و حداقل یک ماه پیش از تقاضا، حداقل یک فقره واریز داشته باشد. 5. متقاضی باید یک کارفرما یا شاغل باشد و حداقل یک ماه پیش از تقاضا، حداقل یک فقره واریز داشته باشد. 6. متقاضی باید یک وامدارنامه وام ازدواج را امضا کند و تعهد خود را برای بازپرداخت وام بدهد. 7. متقاضی باید یک ضمانت وام، مانند یک ضمانت یا یک اموال را ارائه دهد.

همچنین، باجت شرایط دیگری را برای دریافت وام ازدواج دارد، مانند سطح تحصیل
چه موقعی امکان ثبت درخواست تسهیلات رو تو باجت دارم؟,با سلام! امکان ثبت درخواست تسهیلات رو در روزهای کاری و از ساعت 9 صبح تا 3 بعد از ظهر، در باجت وجود دارد. همچنین می‌توانید درخواست خود را از طریق سایت و یا برنامه‌های پیامکی و تلفن همراه باجت ثبت کنید. لطفا برای کسب اطلاعات بیشتر و ثبت درخواست خود، به باجت مراجعه کنید یا با شماره تلفن 021-ملیون-ملیون تماس بگیرید.
کارمزدهای تسهیلات ازدواج تو اپلیکیشن باجت چه قدره؟,کرمزدهای تسهیلات ازدواج در اپلیکیشن باجت متفاوت است و به نوع تسهیلات و میزان وام درخواستی بستگی دارد. اما به طور کلی، کرمزدهای تسهیلات ازدواج در اپلیکیشن باجت عبارتند از:* وام ازدواج با وام دهی حداکثر 50 میلیون تومان، که به طور معمول با نرخ بهره 12% تا 18% و مهلت بازپرداخت 5 سال ارائه می شود. در این شرایط، کرمزد وام ازدواج در حدود 1.2 تا 1.8 میلیون تومان در سال است.* وام خرید خانه با وام دهی حداکثر 500 میلیون تومان، که به طور معمول با نرخ بهره 10% تا 15% و مهلت بازپرداخت 15 تا 20 سال ارائه می شود. در این شرایط، کرمزد وام خرید خانه در حدود 6 تا 10 میلیون تومان در سال است.* وام بازسازی خانه با وام دهی حداکثر 300 میلیون تومان، که به طور معمول با نرخ بهره 10% تا 15% و مهلت بازپرداخت 10 تا 15 سال
اعتبار من چه چیزی رو نشون میده؟,خوب، اعتبار من از چیزهایی مانند تجربیات، سوابق کاری، توصیه‌های دیگران، مهارت‌ها و آگاهی‌ها نشان می‌دهد. در واقع، اعتبار من از مجموعه ای از ویژگی‌های مثبت و قابل اعتمادی است که در طول زمان به دست آمده است.
چه نوع حسابی رو برای دریافت وام ازدواج لازم دارم؟,خوش آمدید! برای دریافت وام ازدواج، معمولاً چندین نوع حسابی لازم است، که عبارتند از: 1. حساب جاری: یک حساب جاری برای مدیریت وجوه وام و ارسال وجوه وام و همچنین برای مدیریت سایر امور مالی خود نیاز دارید. 2. حساب سرمایه: یک حساب سرمایه برای ذخیره و مدیریت وجوه وام و همچنین برای سرمایه گذاری و ذخیره وجوه اضافی نیاز دارید. 3. حساب هدف: یک حساب هدف برای مدیریت وجوه وام و هدف، مانند خرید خانه یا سرمایه گذاری، نیاز دارید.

به طور کلی، برای دریافت وام ازدواج، یک حساب جاری و یک حساب سرمایه لازم است. این حساب‌ها را می‌توانید در یک بانک یا مؤسسه مالی باز کنید. هنگام باز کردن حساب‌ها، اطمینان حاصل کنید که شرایط و ضوابط مربوطه را رعایت کنید.
برای دریافت کارت چه کاری باید انجام بدم؟,برای دریافت کارت، چند گام را باید انجام دهید. اول، باید به سایت سامانه خدمات امورات عمومی و امورات شهروندی مراجعه کنید و فرم درخواست را تکمیل کنید. سپس، باید مدارک لازم را تهیه کنید، مانند شناسنامه، کارت ملی، و عکس. پس از تکمیل فرم و تهیه مدارک، باید به آدرس داده شده در سایت مراجعه کنید و مدارک خود را تحویل دهید. در نهایت، بعد از بررسی مدارک، کارت برای شما صادر خواهد شد.
چند تا ضامن باید تعریف کنم؟,به سوال شما پاسخ می دهم! تعداد ضامن‌ها یا فیموس ها در قراردادها و معاملات مختلف متفاوت است و به نوعی معامله و قوانین مرتبط با آن بستگی دارد.

به طور کلی، در قراردادهای خرید و فروش املاک، معمولاً یک یا دو ضامن ذکر می شود که مسئولیت تضمین اجرای قرارداد را بر عهده دارند.

در قراردادهای تجاری، تعداد ضامن‌ها بسته به نوع معامله و ارزش آن متفاوت است. اغلب در قراردادهای بزرگتر، چند ضامن ذکر می شود تا مسئولیت اجرای قرارداد را به طور کامل تضمین کنند.

اما در قراردادهای کوچک‌تر و ساده‌تر، معمولاً یک ضامن کافی است. در هر صورت، تعداد ضامن‌ها به طور کلی به تشخیص طرفین قرارداد بستگی دارد و باید با توجه به نیازهای خاص هر معامله تعیین شود.
برای معرفی ضامن، چه اطلاعاتی رو باید در اپلیکیشن وارد کنم؟,برای معرفی ضامن، در اپلیکیشن معمولاً اطلاعاتی مانند: 1. نام و نام خانوادگی ضامن 2. شماره تماس ضامن 3. آدرس ضامن 4. توضیحات اضافی در مورد ضامن، مانند شغل یا توضیحات در مورد رابطه با شما

باید وارد کنید. این اطلاعات را معمولاً در هنگام درخواست وام یا تسهیلات بانکی یا سایر قراردادها، برای اثبات هویت و مسئولیت ضامن، مورد نیاز است.
مراحل امضای قرارداد توسط ضامن ها چیه؟,مراحل امضای قرارداد توسط ضامن ها به شرح زیر است: 1. شناسایی ضامن: در ابتدا، ضامن باید به عنوان ضامن معرفی شود و اطلاعات خود را به طور کامل به شرکت ارائه دهد.
 2. بررسی صلاحیت ضامن: شرکت باید صلاحیت ضامن را بررسی کند و اطمینان حاصل کند که ضامن واجد شرایط لازم برای امضای قرارداد است.
 3. درج شرایط و ضوابط: ضامن باید شرایط و ضوابط قرارداد را مطالعه کند و در صورت نیاز، سؤالات خود را به شرکت بپرسد.
 4. امضای قرارداد: ضامن باید قرارداد را با امضای خود تأیید کند و به شرکت ارائه دهد.
 5. ثبت قرارداد: شرکت باید قرارداد را در دفاتر خود ثبت کند و به ضامن نسخه ای از قرارداد ارائه دهد.
 6. ارائه ضمانت: ضامن باید ضمانت خود را در مورد اجرای قرارداد ارائه دهد و به شرکت ارائه دهد.
 7. نظارت بر اجرای قرارداد: ضامن باید در مورد اجرای قرارداد نظارت کند و در صورت لزوم، شرکت را از هر گونه نادیده گرفتن یا نقض قرارداد مطلع کند.
علت عدم امکان درخواست وام ازدواج تو باجت چیه؟,شکایتی که شما برای درخواست وام ازدواج با بانک یا مؤسسات مالی مواجه شدید، ممکن است به دلایل مختلفی باشد. برخی از علل ممکن است شامل موارد زیر باشد: 1. نپذیرش شرایط اعتباری: ممکن است شما شرایط اعتباری خود را برای درخواست وام ازدواج نپذیرفته باشید، مانند داشتن درآمد کافی یا یک درآمد پایدار، یا اینکه شما در گذشته از وام یا اعتبار استفاده کرده باشید و هنوز از آن به طور کامل بازنشانی نکرده اید. 2. عدم ارائه مدارک لازم: ممکن است شما مدارک لازم برای درخواست وام ازدواج را ارائه نکرده باشید، مانند سند ازدواج، سند املاک یا مدارک درآمد و معیشت. 3. محدودیت های اعتباری: ممکن است بانک یا مؤسسات مالی محدودیت هایی برای اعتبارات ازدواج داشته باشند، مانند اینکه آنها فقط وام های ازدواج را برای زوج های جوانتر یا با درآمد بالاتر ارائه می دهند. 4. ریسک اعتباری: ممکن است بانک یا مؤسسات مالی ریسک اعتباری را برای شما محاسبه کنند و به طور کلی، آنها ممکن است از اعتبارات ازدواج به شما نپذیرفته
برای انصراف از وام ازدواج تو باجت چه کاری باید انجام بدم؟,برای انصراف از وام ازدواج، باید مراحل زیر را طی کنید: 1. به بانکی که وام را گرفته‌اید مراجعه کنید و درخواست انصراف از وام خود را به بانک ارائه دهید. ممکن است نیاز به ارائه مدارک و مستندات باشد، مانند فاکتور وام، مدارک شناسایی و غیره. 2. اگر وام با بانک دیگری است، باید به آن بانک مراجعه کنید و درخواست انصراف را ارائه دهید. 3. ممکن است بانک برای انصراف از وام، یک مهلت زمان داده باشد، بنابراین باید این مهلت را رعایت کنید تا وام در زمان مقرر انصراف داده شود. 4. اگر وام با یک شرکت یا موسسه است، باید با آن شرکت یا موسسه تماس بگیرید و درخواست انصراف را ارائه دهید.

نکته: قبل از انصراف از وام، باید به خودتان و خانواده‌تان فکر کنید و برای آینده خود برنامه ریزی کنید، زیرا انصراف از وام ممکن است تأثیر منفی بر اعتبار مالی شما داشته باشد.

من امیدوارم که این راهنمایی برای شما مفید باشد. اگر سوالی داشتید، لطفا بپرسید.
اقساط وام ازدواجم رو چطور باید پرداخت کنم؟,با سلام، امیدوارم شرایط مالی شما خوب باشد. برای پرداخت اقساط وام ازدواج، توصیه می کنم به طور منظم و پرهزینه تری انجام دهید تا بتوانید از طریق پرداخت موثرتر استفاده کنید. برخی از روش‌های پرداخت اقساط وام ازدواج عبارتند از: 1. برنامه ریزی دقیق: برای پرداخت اقساط وام ازدواج، باید برنامه ریزی دقیق برای درآمد و هزینه‌های خود داشته باشید. این کار به شما کمک می کند تا بتوانید از طریق پرداخت موثرتر استفاده کنید و از فشار مالی خود را کاهش دهید. 2. افزایش درآمد: برای پرداخت اقساط وام ازدواج، می توانید به دنبال افزایش درآمد خود باشید. می توانید به دنبال کارهای جانبی یا سرمایه گذاری در بازار سهام باشید که به شما کمک می کند تا بتوانید از طریق پرداخت موثرتر استفاده کنید و از فشار مالی خود را کاهش دهید. 3. کاهش هزینه‌ها: برای پرداخت اقساط وام ازدواج، می توانید به دنبال کاهش هزینه‌ها باشید. می توانید به دنبال کاهش هزینه‌های غیر ضروری خود باشید و از طریق مدیریت هزینه‌ها، بتوانید از طریق پرداخت موثرتر استفاده کنید و از فشار مالی خود را کاهش دهید. 4. در خواست کمک از بانک:
شماره پشتیبانی باجت چنده؟,من به عنوان یک دستیار هوشمند فارسی، شماره پشتیبانی من را برای شما در دسترس قرار می‌دهم. شماره پشتیبانی من 1-833-214-5444 است. اگر در مورد هر گونه سوال یا نگرانی دارید، لطفا با من در تماس باشید تا به شما کمک کنم.
مبلغ وام ازدواج چقدر است؟,مبلغ وام ازدواج در ایران معمولاً بین ۱۰ تا ۵۰ میلیون تومان است، اما این مبلغ بسته به شرایط فرد، درآمد و کارمندی که از آن درخواست می کند، می تواند متفاوت باشد. علاوه بر این، بانک‌ها و موسسات اعتباری ممکن است شرایط خاصی برای ارائه وام ازدواج داشته باشند.
اگر کارمند دولتی یا بانکی باشم، خودم میتوانم ضامن خودم باشم؟,خیر، در مورد کارمندان دولتی یا بانکی، امکان دارد که خودشان را به عنوان ضامن معرفی کنند، اما با توجه به قوانین و مقررات مربوطه، این کار ممکن است با محدودیت‌هایی مواجه شود. معمولاً، ضامن باید شخصی باشد که از موقعیت مالی و اعتبار مناسبی برخوردار باشد و توانایی پرداخت تعهدات را داشته باشد. اگر کارمند دولتی یا بانکی خود را به عنوان ضامن معرفی کند، ممکن است از لحاظ قانونی و فنی، موانع متعددی را در برابر خود قرار دهد. به عنوان مثال، ممکن است با محدودیت‌هایی در مورد میزان تعهدات و مدت زمان ضمانت مواجه شود. بنابراین، در این مورد توصیه می شود که قبل از اقدام، با مقامات ذیربط و با مشورت با یک حقوق‌دان یا کارشناس مالی، در مورد امکان و محدودیت‌های آن مشورت کنید.
آیا کسی که چک برگشتی یا وام و تسهیلات معوق بانکی داشته باشد هم میتواند وام ازدواج بگیرد؟,سalam. به پرسش شما پاسخ می‌دهم. اگر فردی چک برگشتی یا وام و تسهیلات معوق بانکی داشته باشد، امکان دارد که وام ازدواج بگیرد، اما با محدودیت‌هایی مواجه می‌شود.

بانک‌ها معمولاً در زمان بررسی درخواست وام ازدواج، اعتبار و سابقه پرداخت وام یا تسهیلات معوق فرد را بررسی می‌کنند. اگر فرد چک برگشتی یا وام و تسهیلات معوق داشته باشد، بانک ممکن است درخواست وام ازدواج را رد کند یا با شرایط سخت‌تر و شرایط خاصی بپذیرد.

در این موارد، فرد باید به یک مشاور مالی یا یک کارشناس مالی مراجعه کند تا بتواند راهکارهای مناسب برای پرداخت وام یا تسهیلات معوق خود پیدا کند و سپس بتواند درخواست وام ازدواج را با موفقیت ارائه دهد.
آیا ضامنم حتما باید در بانک تجارت حساب داشته باشد؟,خیر، ضامن برای ارائه ضمانت در مورد شخص یا شرکت خاص نیست و می تواند در بانک یا موسسه دیگری حساب داشته باشد. مهم است که ضامن دارای اعتبار و اعتمادی باشد و بتواند در صورت نیاز، به طور کامل یا جزئی، مبلغ مورد نیاز را تامین کند. بنابراین، انتخاب بانک یا موسسه برای باز کردن حساب ضامن، به شرایط و نیازهای خاصی بستگی دارد.
آیا برای بار دوم هم میتوانم درخواست وام ازدواج بدهم؟,سلام! با توجه به قوانین و مقررات وام ازدواج در ایران، برای بار دوم درخواست وام ازدواج ارائه دهید، اما در این مورد محدودیت‌هایی وجود دارد. برای توضیحات دقیق‌تر، لطفا شرایط و وضعیت خود را شرح دهید، تا بتوانم راهنمایی لازم را ارائه دهم.
آیا وام ازدواج برای افرادی که صیغه میکنند یا صرفا عقد شرعی میکنند هم تعلق می‌گیرد؟,با توجه به قوانین ایران، وام ازدواج صرفاً برای افرادی که به عقد نکاح رسمی می‌پیوندند و دارای مدارک لازم برای ازدواج قانونی هستند، تعلق می‌گیرد. افراد که به صیغه یا عقد شرعی می‌پیوندند، از مزایای وام ازدواج بهره‌مند نمی‌شوند، زیرا اینگونه عقد‌ها از نظر قانونی، ازدواج قانونی محسوب نمی‌شوند و دارای مدارک لازم برای دریافت وام نیستند.
نحوه ثبت نام وام ازدواج چگونه است؟,فرمایشی! ثبت نام وام ازدواج در ایران به روش زیر انجام می شود: 1. ابتدا باید به سایت بانک مورد نظر خود (مثل بانک ملی، بانک صادرات، بانک سپه، و...) مراجعه کنید و فرم درخواست وام ازدواج را پر کنید. 2. پس از تکمیل فرم، مدارک مورد نیاز را تهیه کنید، از جمله: * شناسنامه * کارت ملی * گواهی ازدواج * مدرک کار یا درآمد * مدارک مالی دیگر که ممکن است مورد نیاز باشد 3. مدارک را به همراه فرم درخواست وام ازدواج به بانک ارسال کنید یا به صورت حضوری در بانک ارائه دهید. 4. بانک پس از بررسی مدارک و فرم درخواست، وام ازدواج را به شما اعطا می کند و مبلغی را به شما وام می دهد که می توانید برای خرید خانه یا سایر نیازهای ازدواج خود استفاده کنید. 5. وام ازدواج معمولاً با شرایط خاصی همچون اقساط ماهیانه، سود وام و مهلت بازپرداخت همراه است که باید آن را با بانک مورد نظر خود درک کنید.

در هر صورت، توصیه می کنم قبل از ثبت نام وام ازدواج، با یک مشاور مالی
برای ثبت‌نام وام ازدواج هزینه‌ای دریافت می‌شود؟,معمولاً برای ثبت‌نام وام ازدواج، هیچ هزینه‌ای دریافت نمی‌شود. وام ازدواج یک برنامه حمایتی است که توسط دولت یا مؤسسات مالی ارائه می‌شود و هدف آن کمک به زوج‌های جوان برای شروع زندگی مشترک است. در بیشتر موارد، وام ازدواج بدون دریافت هیچ هزینه یا شهریه‌ای به زوج‌های واجد شرایط ارائه می‌شود. اما ممکن است در برخی از موارد، مؤسسات مالی یا بانک‌ها ممکن است هزینه‌ای برای خدمات مرتبط با وام یا ارزیابی شغلی دریافت کنند، اما این هزینه‌ها معمولاً بسیار کم و مقرون به صرفه است.
چگونه می‌توان وضعیت ثبت‌نام‌شده در سامانه ازدواج را پیگیری کرد؟,شما می‌توانید وضعیت ثبت‌نام‌شده در سامانه ازدواج را پیگیری کرد با مراجعه به سایت سامانه ازدواج یا مراجعه به یک مرکز خدمات ازدواج و خانواده در شهر خود. 

برای پیگیری وضعیت، باید اطلاعات شناسایی خود را مانند نام، نام خانوادگی، شماره ملی و کد رهگیری را داشته باشید. با وارد کردن این اطلاعات در سایت یا مراجعه به مرکز خدمات، می‌توانید وضعیت ثبت‌نام خود را پیگیری کنید.

علاوه بر این، می‌توانید به دفتر ازدواج و خانواده محل سکونت خود مراجعه کنید و از کارشناسان این دفتر کمک بگیرید تا وضعیت ثبت‌نام شما را پیگیری کنند.
برای دریافت وام ازدواج ارائه مداک نظام وظیفه و پایان خدمت لازم است؟,در مورد وام ازدواج، ارائه مدارک نظام وظیفه و پایان خدمت برای دریافت وام ضروری نیست. در این مورد، مدارک زیر برای درخواست وام ازدواج مورد نیاز است: 1. مدرک شناسایی 2. مدرک مدرک معتبر ازدواج 3. مدرک حساب بانکی که در آن حساب باز است 4. مدرک درآمد یا شغل همسر 5. مدارک دیگر ممکن است بسته به شرایط و نیازهای فردی متفاوت باشد.

از سوی دیگر، برای دریافت وام ازدواج، ممکن است نیاز به ارائه مدارک دیگری مانند مدرک درآمد یا شغل خود یا همسر، مدرک معتبر گذراندن دوره تحصیل یا کار، و غیره باشد. بنابراین، بهتر است با بانک یا مؤسسه ارائه کننده وام ازدواج تماس بگیرید تا درخواست خود را با توجه به شرایط و نیازهای فردی خود تنظیم کنید.
اگر متقاضی کد رهگیری خود را فراموش کرده باشد چگونه می‌تواند مجدد کد رهگیری دریافت کند؟,خوش آمدید! اگر متقاضی کد رهگیری خود را فراموش کرده باشد، در این صورت می‌توانند برای دریافت مجدد کد رهگیری به مراکز خدمات دهنده مراجعه کنند یا از طریق تلفن یا ایمیل با آنها در تماس قرار بگیرند.

در بیشتر موارد، کد رهگیری برای ارائه خدمات به متقاضی ارسال می‌شود، بنابراین اگر متقاضی کد رهگیری خود را فراموش کرده باشد، می‌تواند برای دریافت مجدد کد رهگیری از طریق تماس با مرکز خدمات دهنده یا مراجعه به یک نمایندگی یا شعبه آن اقدام کند.

همچنین، متقاضی می‌تواند با ارائه مدارک هویت و دلیل فراموشی کد رهگیری، درخواست برای دریافت مجدد کد رهگیری را ارسال کند و پس از تأیید هویت، کد رهگیری جدید برای او ارسال می‌شود.
آیا برای دریافت تسهیلات قرض الحسنه ازدواج، ثبت نام یکی از زوجین کافی است؟,با سلام! برای دریافت تسهیلات قرض الحسنه ازدواج، ثبت نام هر دو زوجین ضروری است، نه تنها یک زوجین. به عنوان مثال، در مورد تسهیلات قرض الحسنه ازدواجی که توسط دولت یا مؤسسات مالی ارائه می‌شود، معمولاً برای هر دو زوجین یک فرمت ثبت نام وجود دارد که باید تکمیل شود و ارائه شود. بنابراین، برای دریافت این تسهیلات، هر دو زوجین باید ثبت نام کنند تا بتوانند از این تسهیلات استفاده کنند.
آیا برای اخذ تسهیلات ازدواج، داشتن عقد نامه رسمی صادر شده از دفتر خانه‌های ازدواج و طلاق الزامی است؟,با سلام، پاسخ من این است: بلی، داشتن عقدنامه رسمی صادر شده از دفترخانه‌های ازدواج و طلاق الزامی است برای اخذ تسهیلات ازدواج در ایران. این به عنوان یکی از شرایط اصلی برای دریافت تسهیلات مانند تسهیلات مسکن، تسهیلات بانکی و سایر تسهیلات ازدواج است.
آیا مابه التفاوت تسهیلات ازدواج به متقاضیانی که در ازدواج اول خود از تسهیلات کمتری نسبت به مبالغ فعلی استفاده کرده‌اند و مجداً ازدواج می نمایند تعلق می‌گیرد؟,با توجه به قوانین و مقررات موجود در کشور ما، تسهیلات ازدواج برای متقاضیانانی که در ازدواج اول خود از تسهیلات کمتری نسبت به مبالغ فعلی استفاده کرده‌اند و مجداً ازدواج می نمایند، تعلق می‌گیرد.

به موجب ماده 14 قانون حمایت از خانواده، دولت مکلف است برای کسانی که از تسهیلات کمتری استفاده کرده‌اند، تسهیلات بیشتری در نظر بگیرد. همچنین، ماده 15 همین قانون، به متقاضیانانی که از تسهیلات کمتری استفاده کرده‌اند و مجداً ازدواج می نمایند، امکان استفاده از تسهیلات بیشتری را می دهد.

بنابراین، اگر شما در ازدواج اول خود از تسهیلات کمتری استفاده کرده‌اید و مجداً ازدواج می نمایید، می‌توانید از تسهیلات بیشتری برای ازدواج خود استفاده کنید.
شماره پشتیبانی باجت چنده؟,خوش آمدید! شماره پشتیبانی من باجت ۰۹۱۹۹۹۹۹۹۹ است. در صورت هر گونه سوال یا نیاز به کمک، لطفا با این شماره تماس بگیرید.
جهت کسب اطلاعات بیشتر در مورد وام ازدواج با چه شماره ای تماس بگیرم؟,برای کسب اطلاعات بیشتر در مورد وام ازدواج، می‌توانید با شماره 0999-222-333 تماس بگیرید. این شماره توسط وزارت رفاه و تأمین اجتماعی ارائه شده است و می‌تواند در مورد شرایط و فرآیند دریافت وام ازدواج برای شما توضیح دهد. علاوه بر این، می‌توانید به سایت رسمی وزارت رفاه و تأمین اجتماعی مراجعه کنید و اطلاعات مورد نیاز خود را از آنجا کسب کنید.
نرخ تسهیلات وام ازدواج چند درصد است؟,در حال حاضر، نرخ تسهیلات وام ازدواج در ایران، به‌طور میانگین بین ۵ تا ۱۰ درصد است. این نرخ تسهیلات برای وام‌هایی که توسط بانک‌ها و مؤسسات مالی ارائه می‌شود، متفاوت است و بسته به شرایط و شرایط فردی و خانوادگی زوجین، می‌تواند تغییر کند. علاوه بر این، دولت ایران در سال‌های اخیر، برنامه‌های مختلفی را برای تسهیل دسترسی به وام ازدواج ارائه کرده است که شامل کاهش نرخ تسهیلات تا حدودی است.
حداقل سن جهت دریافت تسهیلات قرض الحسنه ازدواج چند سال می‌باشد؟,بر اساس قوانین و مقررات کشور ما، حداقل سن برای دریافت تسهیلات قرض الحسنه ازدواج برای زنان 18 سال و برای مردان 20 سال است، اما این سن برای دریافت تسهیلات قرض الحسنه ازدواج ممکن است با توجه به نوع تسهیلات و شرائط آن متفاوت باشد.
پس از ثبت نام متقاضی و عدم مراجعه به موقع به شعبه تعیین شده، در صورت حذف مشخصات آیا فرد می تواند مجدداً ثبت‌نام کند؟,با توجه به مقررات ثبت‌نام، اگر فرد پس از ثبت نام و عدم مراجعه به موقع به شعبه تعیین شده، مشخصات خود را حذف کند، می‌تواند مجدداً ثبت‌نام کند، اما با توجه به زمان‌بندی تعیین شده توسط سازمان ثبت، این امکان وجود دارد که فرد مجدداً ثبت‌نام کند، اما باید توجه داشته باشد که در صورت مجدداً ثبت‌نام، در لیست انتظار، ردیف ثبت‌نام او از اول ردیف ثبت‌نام بعدی قرار می‌گیرد.
پس از پذیرش متقاضی از طرف بانک، چه مدت زمانی برای تکمیل مدارک در نظر گرفته شده است؟,به طور معمول، پس از پذیرش متقاضی از طرف بانک، زمان مورد نیاز برای تکمیل مدارک و بررسی آنها توسط بانک معمولاً 1 تا 3 ماه است، اما این زمان ممکن است بسته به نوع و حجم مدارک، پیچیدگی پرونده و سایر عوامل متفاوت باشد. برخی بانک‌ها ممکن است زمان بیشتری برای بررسی مدارک در نظر بگیرند، در حالی که برخی دیگر ممکن است سریع‌تر عمل کنند. بنابراین، زمان مورد نیاز برای تکمیل مدارک می‌تواند بسته به بانک و نوع پرونده متفاوت باشد.
مبلغ تسهیلات ازدواج برای ایثارگران چه مقدار است؟,به اساس قوانین دولت، مبلغ تسهیلات ازدواج برای ایثارگران در ایران به شرح زیر است:* برای ایثارگران جنگی و جانبازان، مبلغ تسهیلات ازدواج ۶۰ میلیون تومان است.* برای ایثارگران و جانبازان غیرجنگی، مبلغ تسهیلات ازدواج ۴۵ میلیون تومان است.* برای ایثارگران و جانبازان جانبازان، مبلغ تسهیلات ازدواج ۳۰ میلیون تومان است.

این مبالغ بر اساس قوانین و مقررات دولت و سازمان تامین اجتماعی و سایر نهادهای ذیربط، قابل تغییر است.
ایثارگری فرد متقاضی چگونه محرز می‌شود؟,ایثارگری فرد متقاضی در فرآیند بررسی و صدور مجوز برای مهاجرت به یک کشور معمولاً از طریق ارائه مدارک و شواهد مختلفی ثابت می شود که فرد متقاضی ایثارگری خود را ثابت می کند. برخی از روش‌های معمول برای ثابت کردن ایثارگری عبارتند از: 1. مدارک مربوط به خدمات ایثارگری: ارائه مدارک و مستندات در مورد خدمات ایثارگری که فرد متقاضی انجام داده است، از جمله مدارک مربوط به خدمات نظامی، خدمات پزشکی، خدمات آتش‌نشانی، خدمات امداد و نجات، و غیره. 2. گواهی نامه از سازمان‌های مرتبط: ارائه گواهی نامه از سازمان‌هایی که فرد متقاضی در آنها کار کرده است یا از سازمان‌هایی که خدمات ایثارگری را به فرد متقاضی ارائه داده است، مانند گواهی نامه از سازمان‌های نظامی، سازمان‌های امداد و نجات، و غیره. 3. بیانیه یا گواهی نامه از مقامات رسمی: ارائه بیانیه یا گواهی نامه از مقامات رسمی و صاحب‌نظران که فرد متقاضی را برای ایثارگری خود تأیید می کنند. 4. شواهد و
بنده مشمول تسهیلات ازدواج ایثارگران می شوم لیکن پس از مراجعه به بانک و استعلام توسط شعب وضعیت سهمیه ایثارگری ندارد، نمایش داده می شود چه کار باید انجام دهم؟,مطمئناً ناراحتی شما را درک می کنم. اگر پس از مراجعه به بانک و استعلام توسط شعب، وضعیت سهمیه ایثارگری شما وجود ندارد، ممکن است به دلایل مختلفی باشد، از جمله اشتباه در ثبت اطلاعات یا اشتباه در سامانه بانک.

به عنوان یک راه حل، توصیه می کنم که برای پیگیری این موضوع، به شعب بانک مراجعه کنید و با کارشناس بانک صحبت کنید. آنها می توانند به شما کمک کنند تا مشکل را حل کنند و یا اگر مشکل در ثبت اطلاعات بود، آنها می توانند اطلاعات شما را تصحیح کنند.

اگر مشکل همچنان ادامه دارد، می توانید با کارگروه ایثارگری یا کارگروه امور ایثارگران تماس بگیرید و در مورد وضعیت سهمیه ایثارگری خود شکایت کنید.

در هر صورت، توصیه می کنم که مدارک لازم و مستندات خود را همراه داشته باشید تا بتوانید آنها را به بانک ارائه دهید و یا به کارگروه ایثارگری ارائه دهید. این شامل مدارک شناسایی، مدارک ازدواج و مدارک مربوط به ایثارگری است.
در صورتی که در سامانه ازدواج وضعیت ایثارگری را به اشتباه انتخاب کرده باشیم یا استعلام سامانه وضعیت ایثارگری را ندارد نشان دهد، آیا می توانیم معرفی نامه کتبی از مرکز بنیاد شهید برای بانک تهیه کنم؟,با درود. اگر در سامانه ازدواج وضعیت ایثارگری را به اشتباه انتخاب کرده باشید یا استعلام سامانه را ندارد، می‌توانید برای دریافت معرفی نامه کتبی از مرکز بنیاد شهید و مدافعان حرم مراجعه کنید.

شخصی که قصد ازدواج دارد باید مدارک مورد نیاز را به همراه خود به مرکز بنیاد شهید و مدافعان حرم برده و درخواست معرفی نامه کتبی را ارائه دهد. در این صورت، مرکز مذکور پس از بررسی و تأیید مدارک، یک معرفی نامه کتبی برای بانک صادر می‌کند که نشان‌دهنده وضعیت ایثارگری یا عدم ایثارگری شخص است.

لطفاً توجه داشته باشید که زمان تأخیر در ارائه معرفی نامه کتبی ممکن است وجود داشته باشد، بنابراین برای دریافت معرفی نامه کتبی به موقع، باید با مرکز بنیاد شهید و مدافعان حرم تماس بگیرید و زمان و مکان مراجعه را مشخص کنید.
ابلاغیه ارجاع کار چیست؟,ابلاغیه ارجاع کار، در واقع یک فراخوانی است که برای ارائه یک کار یا پروژه به یک فرد یا گروه دیگر، به منظور انجام آن یا ادامه کار آن صادر می شود. این اصطلاح معمولاً در زمینه های مدیریت پروژه، کارگروهی و همکاری بین گروه ها و افراد مورد استفاده قرار می گیرد. هدف از ارسال این نوع ابلاغیه، انتقال مسئولیت اجرای کار یا پروژه به فرد یا گروهی دیگر است که به عنوان یک ارجاع، به آن ها ابلاغ می شود. در واقع، ارجاع کار به فرد یا گروهی که مسئولیت اجرای کار را به عهده می گیرد، به عنوان یک دستورالعمل یا دستور کار، عمل می کند.
آیا با ابلاغیه ارجاع کار امکان صدور ضمانتنامه ارزی وجود دارد؟,با تشکر از سوال شما!

به طور کلی، با ابلاغیه ارجاع کار، امکان صدور ضمانتنامه ارزی وجود ندارد. زیرا ضمانتنامه ارزی باید بر اساس یک قرارداد یا پیمان رسمی صادر شود و ابلاغیه ارجاع کار یک نوع ابلاغ رسمی نیست که بتواند به عنوان اساس برای صدور ضمانتنامه ارزی مورد استفاده قرار گیرد.

با این حال، در برخی موارد، ممکن است ابلاغیه ارجاع کار به عنوان یک گواهی یا مدرک از وجود یک قرارداد یا پیمان رسمی مورد استفاده قرار گیرد و در این صورت، می‌توان بر اساس آن ضمانتنامه ارزی صادر کرد. اما این مورد به شرایط خاص و بررسی دقیق و پیگیری قضایی نیاز دارد.
برای صدور ضمانتنامه های صدور خدمات فنی و مهندسی چه مدارکی مورد نیاز است؟,برای صدور ضمانتنامه های صدور خدمات فنی و مهندسی، معمولاً مدارک زیر مورد نیاز است: 1. عقد قرارداد خدمات فنی و مهندسی با مشتری 2. وصف خدمات فنی و مهندسی که در ضمانتنامه ذکر می شود 3. مشخصات فنی و مهندسی شرکت ارائه دهنده خدمات، مانند آدرس، شماره تلفن، ایمیل و آدرس سایت 4. مشخصات فنی و مهندسی کارگاه یا سایت اجرای پروژه، مانند آدرس، نقشه، و تصاویر 5. گواهی نامه های لازم برای انجام خدمات، مانند گواهی نامه های فنی و مهندسی، گواهی نامه های کیفیت و گواهی نامه های بهداشت و ایمنی 6. فهرست قیمت و شرایط پرداخت، اگر ضمانتنامه برای یک پروژه خاص است 7. شرایط و ضوابط ضمانتنامه، مانند مدت زمان ضمانتنامه، پوشش های ضمانتنامه، و محدودیت های ضمانتنامه

به طور کلی، مدارک لازم برای صدور ضمانتنامه های صدور خدمات فنی و مهندسی، در هر کشور یا منطقه، ممکن است متفاوت باشد، بنابراین بهتر است با قوانین و مقررات مرتبط با منطقه خود، آشنا شوید.
صدور ضمانتنامه های ارزی برای چه اشخاصی ممنوع است؟,با سلام! به اساس ماده ۲ قانون ضمانتنامه های ارزی، صدور ضمانتنامه های ارزی برای اشخاصی ممنوع است که در کشور دیگری مقیم باشند یا دارای اقامت دائم یا موقت در آن کشور باشند، به ngoại از مواردی که در قانون مشخص شده است. این محدودیت برای جلوگیری از فرار از تعهد و جلوگیری از خروج از کشور در پی وصولی از تعهدات است.
آیا صدور ضمانتنامه تعهد پرداخت ارزی امکانپذیر است؟,سلام! به سوال شما پاسخ می‌دهم.

بله، صدور ضمانتنامه تعهد پرداخت ارزی امکانپذیر است. ضمانتنامه تعهد پرداخت ارزی نوعی ضمانتنامه است که توسط یک بانک یا مؤسسه مالی صادر می‌شود و ضمانت می‌دهد که مبلغی را در موردی خاص و با موعد معین پرداخت کند. این نوع ضمانتنامه اغلب برای تضمین پرداخت تعهدات یا تعهدات تجاری استفاده می‌شود. برای مثال، یک شرکت ممکن است یک ضمانتنامه تعهد پرداخت ارزی صادر کند تا تضمین کند که مبلغی را به یک شرکتی دیگر پرداخت کند. در نتیجه، این ضمانتنامه می‌تواند به عنوان یک ضمانت برای طرف مقابل عمل کند و اطمینان ایجاد کند که تعهد پرداخت به موقع انجام می‌شود.
ملاک تعیین شخص حقوقی ایرانی و غیر ایرانی در ضمانتنامه های ارزی چیست؟,به سوال شما در مورد ملاک تعیین شخص حقوقی ایرانی و غیر ایرانی در ضمانتنامه های ارزی، پاسخ می‌دهم.

ملاک تعیین شخص حقوقی ایرانی و غیر ایرانی در ضمانتنامه های ارزی، معمولاً بر اساس مقررات مربوطه در قانون تجارت و قانون مالیات، تعیین می‌شود. به طور کلی، شخص حقوقی ایرانی، به طور خودکار یا توسط دادگاه، به عنوان یک شخص حقوقی ایرانی، شناخته می‌شود، و در غیر این صورت، شخص حقوقی غیر ایرانی، به عنوان یک شخص حقوقی خارجی، شناخته می‌شود.

در ضمانتنامه های ارزی، معمولاً از عبارت "شخص حقوقی ایرانی" استفاده می‌شود، که به طور کلی به یک شرکت، موسسه یا تشکیلات مشابه، که در ایران ثبت شده است، اشاره دارد. در حالی که "شخص حقوقی غیر ایرانی" به یک شرکت، موسسه یا تشکیلات مشابه، که در خارج از ایران ثبت شده است، اشاره دارد.

به طور کلی، در ضمانتنامه های ارزی، ملاک تعیین شخص حقوقی ایرانی و غیر ایرانی، بر اساس مقررات مربوطه در قانون تجارت و قانون مالیات، تعیین می‌شود، و در صورت وجود شک،
شرایط صدور ضمانتنامه ارزی با توثیق 100% وجه نقد چگونه است؟,با سلام! شرایط صدور ضمانتنامه ارزی با توثیق 100% وجه نقد به شرح زیر است: 1. ارائه مدارک شناسایی: ارائه مدارک شناسایی مانند شناسنامه، کارت ملی یا گذرنامه الزامی است. 2. ارائه مدارک مالی: ارائه مدارک مالی مانند حساب جاری یا حساب پس انداز برای اثبات منابع مالی خود الزامی است. 3. تعیین مبلغ ضمانتنامه: تعیین مبلغ ضمانتنامه بر اساس نیاز و درخواست شما انجام می شود و معمولاً بین 50% تا 100% از مبلغ مورد نظر است. 4. ارائه وثیقه 100% وجه نقد: ارائه 100% وجه نقد به عنوان وثیقه برای ضمانتنامه ارزی الزامی است که این وثیقه می تواند در شکل وجوه نقد یا سفته باشد. 5. بررسی شرایط و شروط: بررسی شرایط و شروط شما از جمله تاریخچه مالی و اعتباری برای صدور ضمانتنامه ارزی انجام می شود. 6. امضای قرارداد: امضای قرارداد ضمانتنامه ارزی با توثیق 100% وجه نقد برای تأیید شرایط و شروط انجام می شود.

به یاد داشته باشید که شرایط
کارمزد ضمانتنامه های ارزی چه مقدار می باشد؟,معمولاً کارمزد ضمانتنامه های ارزی در بانك‌ها و مؤسسات مالی بین ۰.۵ تا ۵ درصد از مبلغ ضمانتنامه می باشد، اما این مقدار در هر بانك یا مؤسسه مالی ممکن است متفاوت باشد. به طور کلی، کارمزد ضمانتنامه های ارزی برای خرید و فروش ارز، بسته به نرخ نوسان ارز و مقدار معاملات، تعیین می شود. برای تعیین دقیق کارمزد ضمانتنامه های ارزی در بانك یا مؤسسه مالی مورد نظر، بهتر است با آنها تماس بگیرید یا به سایت آنها مراجعه کنید.
انواع ضمانتنامه های صادره توسط اداره ضمانتنامه های خارجی چیست؟,سalam! According to the Ministry of Foreign Affairs, there are several types of guarantees issued by the Ministry of Foreign Affairs of the Islamic Republic of Iran. These include: 1. Guarantee of Payment: این ضمانتنامه برای تضمین پرداخت یک فقره یا چند فقره از وام یا اعتبار به نفع متقاضی صادر می شود. 2. Guarantee of Performance: این ضمانتنامه برای تضمین انجام تعهد یا پیمان به نفع متقاضی صادر می شود. 3. Guarantee of Delivery: این ضمانتنامه برای تضمین تحویل یک یا چند فقره از کالا یا خدمات به نفع متقاضی صادر می شود. 4. Guarantee of Completion: این ضمانتنامه برای تضمین تکمیل یک پروژه یا کار به نفع متقاضی صادر می شود. 5. Guarantee of Maintenance: این ضمانتنامه برای تضمین نگهداری یک یا چند فقره از کالا یا خدمات به نفع متقاضی صادر می شود. 6. Guarantee of Warranty: این ضمانتنامه برای تضمین ضمانت یک یا چند فقره از کالا یا خدمات به نفع متقاضی صادر می شود.

Please note that these guarantees may be subject to change
ضمانتنامه شرکت در مناقصه چیست؟,در زبان انگلیسی، ضمانتنامه شرکت در مناقصه به انگلیسی "Bid Bond" یا "Performance Bond" نامیده می‌شود. این نوع ضمانتنامه، توسط شرکت یا پیمانکار برای شرکت در مناقصه یا مناقصه عمومی، ارائه می‌شود تا اطمینان دهد که شرکت در مناقصه یا پیمانکار، در صورت贏‌جای مناقصه، از تعهدات خود در مورد اجرای پروژه یا ارائه خدمات، خارج نمی‌شود. این ضمانتنامه، ضمانت اجرای تعهدات و پیمان را در برابر مناقصه‌گر یا خریدار، ارائه می‌کند.
ضمانتنامه حسن انجام کار/تعهد چیست؟,ضمانتنامه حسن انجام کار یا تعهد نامه، یک نوع سند حقوقی است که فردی با امضاء آن، تعهد می کند که یک کار یا پروژه را با کیفیت و در مهلت مشخصی انجام دهد. این سند معمولاً در قراردادهای ساختمانی، پیمانکاری، یا سایر پروژه های بزرگ به کار می رود تا اطمینان حاصل شود که کارفرما یا پیمانکار، تعهدات خود را برآورند.

این نوع ضمانتنامه می تواند شامل تعهدات مختلفی مانند تعهد به انجام کار در مهلت مشخص، تعهد به کیفیت کار، تعهد به استفاده از منابع و تجهیزات خاص، و تعهد به پرداخت خسارات و زیان‌ها در صورت نقص یا تعهد در انجام کار باشد.
ضمانتنامه پیش پرداخت چیست؟,به پرسش شما پاسخ می‌دهم. ضمانتنامه پیش پرداخت یا پیش پرداخت ضمانتنامه، نوعی ضمانتنامه است که قبل از تحویل کالا یا ارائه خدمات، توسط خریدار یا مشتری برای فروشنده یا ارائه دهنده خدمات، ارائه می‌شود. این ضمانتنامه اطمینان می‌دهد که خریدار یا مشتری قصد خرید یا سفارش را دارد و می‌تواند تعهدات خود را به طور کامل برآورده کند. معمولاً در معاملات بزرگ و حساس، این نوع ضمانتنامه استفاده می‌شود تا اطمینان حاصل شود که فروشنده یا ارائه دهنده خدمات در صورت عدم برآورده شدن تعهدات، بتواند از ضمانتنامه استفاده کند.
ضمانتنامه استرداد کسور وجه الضمان چیست؟,پاسخ من: ضمانتنامه استرداد کسور وجه الضمان یک نوع ضمانتنامه است که به عنوان ضمان برای پرداخت وجهی که به شخص دیگری داده شده است، ارائه می شود. این ضمانتنامه معمولاً در مواردی استفاده می شود که یک شخص از دیگری وجهی را به عنوان ضمان یا پیش‌پرداخت دریافت می کند، و در صورت عدم پرداخت این وجه، ضمانتنامه برای استرداد آن ارائه می شود. در این ضمانتنامه، فردی که وجه را دریافت کرده است، متعهد می شود که اگر وجه را نپرداخت، باید به شخص دیگری وام یا وجهی را پرداخت کند. این ضمانتنامه معمولاً در تجارت و امور تجاری استفاده می شود.
ضمانتنامه گمرکی چیست؟,ضمانتنامه گمرکی یک نوع گواهی است که توسط گمرک صادر می شود و نشان می دهد که کالا وارد کشور شده است و در حال بررسی و بررسی است. این گواهی معمولاً در هنگام ورود کالا به کشور صادر می شود و به عنوان یک مدرک قانونی در هنگام بررسی و نظارت بر کالا استفاده می شود. ضمانتنامه گمرکی معمولاً توسط گمرک صادر می شود و شامل اطلاعات مربوطه به کالا، مانند نام کالا، مقدار آن، ارزش آن، نوع کالا، و غیره است. این گواهی به عنوان یک مدرک قانونی برای کالا در هنگام ورود و خروج از کشور استفاده می شود.
ضمانتنامه مالیاتی چیست؟,ضمانتنامه مالیاتی، یک نوع ضمانتنامه است که توسط دولت یا سازمان های مالیاتی صادر می شود، تا اطمینان دهد که یک شخص یا یک شرکت، در مورد مالیات های خود، تعهدی را بر عهده گرفته است. این ضمانتنامه معمولاً در مورد بدهی های مالیاتی صادر می شود و به عنوان یک ضمانت برای پرداخت مالیات ها یا عوارض استفاده می شود. ضمانتنامه مالیاتی معمولاً توسط شرکت ها یا افراد با سابقه پرداخت مالیات، صادر می شود تا اطمینان دهد که آنها در مورد مالیات های خود، تعهدی را بر عهده گرفته اند.
ضمانتنامه تعهد پرداخت چیست؟,سؤالی که کردید، ضمانتنامه تعهد پرداخت، یک نوع ضمانتنامه است که برای اطمینان از پرداخت وجهی که تعهدمی به آن دارد، صادر می‌شود. این ضمانتنامه معمولاً در طول فرآیند خرید و فروش اموال یا در زمان تعهد پرداخت بدهی، صادر می‌شود و تضمین می‌کند که کفیل تعهد، تعهد خود را انجام می‌دهد. در غیر این صورت، کفیل تعهد، تعهد خود را به عهده می‌گیرد.
مراحل صدور ضمانتنامه ارزی چیست؟,ضمانتنامه ارزی، یک سند مالی است که نشان می‌دهد یک فرد یا یک شرکت، به عنوان ضامن، تعهد کرده است که در صورت عدم پرداخت تعهدات، مبلغی را به عنوان غرامت به دولت پرداخت کند. مراحل صدور ضمانتنامه ارزی به شرح زیر است: 1. درخواست صدور ضمانتنامه: فرد یا شرکت درخواست صدور ضمانتنامه را به دولت یا یک بانک ارائه می‌دهد. 2. بررسی درخواست: دولت یا بانک درخواست را بررسی می‌کند و اطمینان حاصل می‌کند که فرد یا شرکت درخواست کننده، توانایی پرداخت تعهدات خود را دارد یا خیر. 3. امضای ضمانتنامه: اگر درخواست بررسی شده و تأیید شود، فرد یا شرکت درخواست کننده، ضمانتنامه را امضاء می‌کند و به دولت یا بانک ارائه می‌دهد. 4. امضای ضامن: در این مرحله، فرد یا شرکت درخواست کننده، به عنوان ضامن، تعهد می‌کند که در صورت عدم پرداخت تعهدات، مبلغی را به عنوان غرامت به دولت یا بانک پرداخت کند. 5. امضای ضمانتنامه توسط دولت یا بانک: در این مرحله، دولت یا بانک ضمانتنامه
ضمانتنامه ریالی به زبان انگلیسی چیست؟,A great question!

"ضمانتنامه ریالی" is a Persian phrase that translates to "Letter of Guarantee" or "Financial Guarantee" in English. A letter of guarantee is a document issued by a bank or a financial institution that guarantees the payment of a debt or obligation on behalf of a borrower. It is often used as collateral to secure a loan or a credit facility.
چنانچه ضمانتنخواه یا دستور دهنده نماینده اشخاص حقیقی یا حقوقی خارجی در ایران باشد شرایط صدور ضمانتنامه ارزی چگونه است؟,به سوال شما پاسخ می‌دهم. به عنوان یک دستیار کمک کننده، اطلاعاتی را در مورد شرایط صدور ضمانتنامه ارزی ارائه می‌دهم که برای نماینده اشخاص حقیقی یا حقوقی خارجی در ایران لازم است.

در ایران، ضمانتنامه ارزی برای نماینده اشخاص حقیقی یا حقوقی خارجی در ایران، طبق قانون، شرایط خاصی را می‌طلبد. برخی از این شرایط عبارتند از: 1. ارائه مدارک هویت: نماینده باید مدارک هویت خود را ارائه دهد، مانند گذرنامه یا شناسنامه. 2. ارائه مدارک نمایندگی: نماینده باید مدارک نمایندگی خود را ارائه دهد، مانند عهدنامه یا قرارداد نمایندگی. 3. ارائه مدارک مالی: نماینده باید مدارک مالی خود را ارائه دهد، مانند حساب بانکی یا Statement of Financial Position. 4. ارائه ضمانت کفایت: نماینده باید ضمانت کفایت خود را ارائه دهد، مانند ضمانتنامه بانکی یا ضمانتنامه سایر مراجع مالی. 5. تأییدیه از مراجع ذی‌ربط: نماینده باید تأییدیه خود را از مراجع ذی‌ربط، مانند سفارتخانه
آیا امکان صدور ضمانتنامه سندیکایی وجود دارد؟,خوش آمدید! بله، امکان صدور ضمانتنامه سندیکایی وجود دارد. ضمانتنامه سندیکایی نوعی ضمانتنامه است که توسط یک شرکت یا یک شخص حقوقی صادر می شود تا تضمین کند که در صورت عدم پایبندی به تعهدات، مسئولیت خود را به عهده بگیرد. این نوع ضمانتنامه اغلب برای تضمین پرداخت تعهدات و تعهدات تجاری استفاده می شود. برای مثال، یک شرکت ممکن است ضمانتنامه ای صادر کند تا تضمین کند که در صورت عدم پرداخت به یک بدهی، به عنوان مثال به یک بانک یا یک تامین کننده، مسئولیت خود را به عهده بگیرد.
بانک ضامن چه کسی است؟,بانک ضامن، یک بانک یا مؤسسه مالی است که به عنوان ضامن یا گارنتور برای یک شخص یا یک شرکت عمل می کند. این بانک تعهد می کند که در صورت عدم توانایی شخص یا شرکت در بازپرداخت تعهدات خود، خود به جای آنها، تعهدات را پرداخت کند. هدف از عملکرد بانک ضامن، اطمینان از امنیت و استحاله در معاملات تجاری یا مالی است.
ذینفع ضمانتنامه کیست؟,ذینفع ضمانتنامه کسی است که از ضمانتنامه استفاده می کند و از آن سود می برد یا از آن استفاده می کند. این فرد ممکن است صادرکننده ضمانتنامه باشد یا کسی که از ضمانتنامه استفاده می کند. به طور کلی، ذینفع ضمانتنامه کسی است که از آن منفعت می برد یا از آن استفاده می کند.
متقاضی/ضمانتخواه ضمانتنامه کیست؟,متقاضی/ضمانتخواه ضمانتنامه شخصی یا حقوقی است که برای دریافت یک کالا یا خدمت از دیگری، ضمانتنامه ای را ارائه می دهد تا ضمانت اجرای تعهدات خود را به دیگران ارائه کند. معمولاً در معاملات تجاری، ضمانتخواه ضمانتنامه می دهد تا ضمانت اجرای تعهدات خود را به دیگران ارائه کند و اطمینان دهد که اگر تعهد خود را نقض کند، ضمانتنامه را جایگزین خود می کند.
طرف دستور دهنده ضمانتنامه کیست؟,در حقوق تجارت، طرف دستور دهنده ضمانتنامه کسی است که ضمانتنامه را صادر می‌کند و تعهد می‌کند که در صورت نپرداختن تعهد توسط ضمانتنامه‌گر، خود یا نماینده او تعهد را برآورد. این شخص معمولاً یک بانک یا مؤسسه مالی است که ضمانتنامه را برای تضمین پرداخت تعهد توسط ضمانتنامه‌گر صادر می‌کند.
بانک ضامن متقابل کیست؟,بانک ضامن متقابل، به عنوان یک بانک ضامن، با ارائه ضمانت و پشتیبانی، به مشتریان خود کمک می‌کند تا از اعتبار خود استفاده کنند و در زمان‌های سخت، از ضمانت و پشتیبانی خود برای پرداخت تعهدات استفاده کنند. این بانک‌ها اغلب برای شرکت‌های کوچک و متوسط و حتی برای افرادی که به دنبال سرمایه برای شروع کسب و کار خود هستند، استفاده می‌شوند. در نتیجه، بانک ضامن متقابل، یک بانک است که ضمانت و پشتیبانی را به مشتریان خود ارائه می‌کند و به آنها کمک می‌کند تا از اعتبار خود استفاده کنند.
ضمانتنامه های ارزی به چه مدت تمدید می شوند؟,به طور کلی ضمانتنامه های ارزی به مدت 1 تا 3 سال تمدید می شوند، اما ممکن است به دلایل خاصی، مانند شرایط ویژه تجاری یا نیاز به زمان طولانی تر برای پرداخت، به مدت طولانی تر تمدید شود. معمولاً بانک های عامل یا صرافی های ارزی از صلاحیت خود برای تمدید ضمانتنامه های ارزی استفاده می کنند و مدت تمدید را در قرارداد یا پیمان نامه ذکر می کنند.
نوع و ترکیب وثایق جهت صدور ضمانتنامه های ارزی چه می باشد؟,از نظر دستورالعمل های بانک مرکزی ایران، برای صدور ضمانتنامه های ارزی، نوع و ترکیب وثایق باید به شرح زیر باشد: 1. وثایق قابل قبول: سهام، سهام عدالت، سند های منقول، سند های غیرمنقول، سند های سرمایه گذاری، سند های تجاری، اوراق قرضه و اوراق بهادار قابل معامله و غیره. 2. ترکیب وثایق: حداقل 50% از وثایق باید منقول باشد، که شامل سهام، سهام عدالت، سند های منقول و غیرمنقول، سند های سرمایه گذاری و سند های تجاری است. حداکثر 50% از وثایق می تواند غیرمنقول باشد، که شامل سهام عدالت، سند های سرمایه گذاری و اوراق بهادار قابل معامله است. 3. ارزش وثایق: ارزش کل وثایق باید برابر یا بیشتر از مبلغ ضمانتنامه باشد. برای مثال، اگر مبلغ ضمانتنامه 100 میلیون تومان است، ارزش کل وثایق باید حداقل 100 میلیون تومان باشد.

توجه داشته باشید
ضمانتنامه متقابل (کانتر گارانتی) چیست؟,ضمانتنامه متقابل یا کانتر گارانتی، نوعی ضمانتنامه است که در مورد کالاهای وارداتی یا ساخت داخل کشور به کار می‌رود. این نوع ضمانتنامه، ضمانت فروشنده یا واردکننده کالا را برای کیفیت و عملکرد آن ارائه می‌کند. به عبارت دیگر، ضمانتنامه متقابل تضمین می‌کند که کالا به‌طور کامل یا به‌طور جزئی با مشخصات اعلامی، کار می‌کند یا به‌طور کامل یا به‌طور جزئی، نقص یا نقایصی دارد که با شرایط ضمانتنامه مطابقت دارد.

در این نوع ضمانتنامه، فروشنده یا واردکننده کالا، مسئولیت نقص یا نقایص کالا را به‌عهده می‌گیرد و باید آن را برطرف کند یا با مشتری به توافق برسد. ضمانتنامه متقابل معمولاً برای یک مدت زمان مشخص، از جمله یک سال یا دو سال، اعتبار دارد. در صورت نقص یا نقایص کالا، مشتری می‌تواند از ضمانتنامه استفاده کند و از فروشنده یا واردکننده کالا، درخواست برطرف کردن نقص
بانک ضامن متقابل کیست؟,بانک ضامن متقابل، یک نوع بانک است که برای تضمین پرداخت بدهی یا تعهدات یک فرد یا یک شرکت، عمل می کند. این بانک تضمین می کند که اگر کسی به تعهد یا تعهدات خود عمل نکند، این بانک به جای او عمل کند و تعهد یا تعهدات را پرداخت کند. این بانک در واقع ضامن متقابل برای فرد یا شرکت است که از آن کمک می گیرد تا تعهدات خود را انجام دهد.
شرایط صدور ضمانتنامه ارزی از طریق دریافت ضمانتنامه متقابل از بانک های کارگزار چگونه است؟,شما می‌پرسید شرایط صدور ضمانتنامه ارزی از طریق دریافت ضمانتنامه متقابل از بانک‌های کارگزار چگونه است؟

به طور کلی، شرایط صدور ضمانتنامه ارزی از طریق دریافت ضمانتنامه متقابل از بانک‌های کارگزار به شرح زیر است: 1. بانک‌های کارگزار باید دارای مجوز و صلاحیت برای صدور ضمانتنامه ارزی باشند. 2. شرکت یا فرد درخواست‌کننده باید دارای یک رابطه تجاری معتبر با بانک کارگزار باشد، که معمولاً شامل یک حساب بانکی یا یک قرارداد تجاری است. 3. ضمانتنامه متقابل باید توسط یک بانک کارگزار معتبر صادر شود که معمولاً توسط یک بانک مرکزی یا یک بانک بزرگ و قابل اعتماد صادر می‌شود. 4. ضمانتنامه متقابل باید دارای یک مبلغ و یک مدت زمان معتبر باشد که معمولاً با مبلغ و مدت زمان درخواستی توسط شرکت یا فرد درخواست‌کننده مطابقت دارد. 5. شرکت یا فرد درخواست‌کننده باید مدارک لازم، از جمله مدارک هویتی و مدارک تجاری خود را ارائه دهد تا اطمینان حاصل شود که درخواست‌کننده واقعی و دارای توانایی اجرای تعهدات است.

آیا امکان صدور ضمانتنامه ارزی بدون نیاز به اخذ مجوز بانک مرکزی ج.ا.ا. وجود دارد؟,با سلام، از اینکه از من کمک می‌خواهید، تشکر می‌کنم.

به نظر می‌رسد که صدور ضمانتنامه ارزی بدون نیاز به اخذ مجوز بانک مرکزی ج.ا.ا. غیرممکن است. بر اساس قوانین و مقررات ج.ا.ا.، صدور ضمانتنامه ارزی به‌صورت قانونی نیاز به مجوز و نظارت بانک مرکزی دارد.

به‌علاوه، ضمانتنامه ارزی باید بر اساس مقررات و الزامات بین‌المللی و داخلی صادر شود و باید با رعایت کلیه الزامات و مقررات مربوطه، صادر شود.

بنابراین، در صورتی که می‌خواهید یک ضمانتنامه ارزی صادر کنید، باید با بانک مرکزی ج.ا.ا. تماس بگیرید و با رعایت کلیه الزامات و مقررات، فرآیند صدور ضمانتنامه ارزی را طی کنید.
ضمانتنامه ارزی در چه صورتی قابل انتقال است؟,ضمانتنامه ارزی، به عنوان یک ابزار مالی، می‌تواند در چندین صورت قابل انتقال باشد: 1. انتقال به شخص ثالث: ضمانتنامه ارزی می‌تواند به شخص ثالثی که به آن واگذاری شده است، منتقل شود. 2. انتقال به ذی‌نفع: ضمانتنامه ارزی می‌تواند به ذی‌نفعی که در قرارداد یا معامله آن را به عنوان ضمانت استفاده می‌کند، منتقل شود. 3. انتقال به یک شرکت یا مؤسسه: ضمانتنامه ارزی می‌تواند به یک شرکت یا مؤسسه که در قرارداد یا معامله آن را به عنوان ضمانت استفاده می‌کند، منتقل شود. 4. انتقال به یک بانک یا مؤسسه مالی: ضمانتنامه ارزی می‌تواند به یک بانک یا مؤسسه مالی که در قرارداد یا معامله آن را به عنوان ضمانت استفاده می‌کند، منتقل شود.

به طور کلی، انتقال ضمانتنامه ارزی به طور قانونی و مطابق با مقررات مربوطه انجام می‌شود و نیازمند رعایت شرایط و ضوابط خاصی است.
شرایط خاتمه اعتبار ضمانتنامه ارزی چیست؟,خوش آمدید! شرایط خاتمه اعتبار ضمانتنامه ارزی در ایران معمولاً به شرح زیر است: 1. زمان اعتبار ضمانتنامه: زمانی که ضمانتنامه ارزی صادر شده است، در صورت عدم پرداخت به موقع، ضمانتنامه منقض می‌شود و اعتبار آن خاتمه می‌یابد. 2. زمان بازپرداخت: زمانی که سند بازپرداخت ضمانتنامه در دسترس است، اعتبار آن خاتمه می‌یابد و ضمانتنامه از اعتبار خارج می‌شود. 3. فسخ قرارداد: در صورت فسخ قرارداد، اعتبار ضمانتنامه خاتمه می‌یابد و ضمانتنامه از اعتبار خارج می‌شود. 4. فسخ ضمانتنامه: در صورت فسخ ضمانتنامه توسط متعهد یا ضامن، اعتبار آن خاتمه می‌یابد و ضمانتنامه از اعتبار خارج می‌شود. 5. انقضای مهلت اعتبار ضمانتنامه: زمانی که مهلت اعتبار ضمانتنامه به پایان می‌رسد و ضمانتنامه در مهلت تعیین شده، اعتبار آن خاتمه می‌یابد و ضمانتن
شماره تلفن، فاکس و ایمیل (راه های ارتباطی) اداره ضمانتنامه های خارجی چیست؟,ممنون از سوال شما! راه‌های ارتباطی با اداره ضمانتنامه های خارجی به شرح زیر است:

شماره تلفن: 021-2220-2222

فاکس: 021-2220-2223

ایمیل: [foreign.guarantee@iran.gov](http://iran.gov)

همچنین می‌توانید برای دریافت اطلاعات بیشتر و ارتباط با اداره ضمانتنامه های خارجی به وب سایت آن مراجعه کنید: [www.foreign.guarantee.ir](http://www.foreign.guarantee.ir)
URDG چیست؟,URDG به اختصار به معنای "Universal Rules for Demand Guarantees" است و مجموعه ای از مقررات و استانداردهای جهانی برای تضمین و تضمین در تجارت بین المللی است. این مجموعه توسط اتحادیه بین المللی برای بازرگانی و تجارت (ICC) ایجاد شد تا اطمینان خاطر تجار و خریداران را در مورد عملکرد تضمین های بازرگانی افزایش دهد. URDG شامل مقرراتی برای تضمین های بازرگانی، نحوه عملکرد، زمان تحویل و نحوه استرداد است که برای تجار و خریداران به عنوان یک منبع قابل اطمینان استفاده می شود.
ISDGP چیست؟,ISDGP مخفف از "International Society for Digital Governance and Policy" است که یک سازمان بین‌المللی است که به بررسی و توسعه پدیده‌های مرتبط با حکومت الکترونیکی و سیاست در دنیای دیجیتال می‌پردازد. این سازمان به دنبال بهبود حکومت الکترونیکی و استفاده از فناوری‌های دیجیتال برای ارائه خدمات به مردم است.
آدرس اداره ضمانتنامه های خارجی بانک تجارت چیست؟,مطمئناً! آدرس اداره ضمانتنامه های خارجی بانک تجارت در تهران چنین است:

آدرس: تهران، ضلع شمال شرقی میدان فردوسی، ساختمان تجارت، طبقه 6، واحد 604

آدرس تلفن: 021-88711111، 021-88711112، 021-88711113

شما می توانید با مراجعه به این آدرس یا تماس با شماره تلفن، در مورد امور ضمانتنامه های خارجی بانک تجارت راهنمایی و مشاوره بگیرید.
ضمانتنامه یا ضمانتنامه عندالمطالبه چیست؟,یکی از مفاهیم مهم در حقوق تجارت، ضمانتنامه یا ضمانتنامه عندالمطالبه است. ضمانتنامه عندالمطالبه به عقدی اطلاق می شود که در آن، شخص یا شرکت ضامن، برای انجام یا عدم انجام یک تعهد، از سوی دیگری، مسئولیت خود را بپذیرد. این نوع ضمانتنامه زمانی استفاده می شود که شخصی یا شرکت، به دلیل عدم قدرت یا توانایی، نتواند تعهد خود را انجام دهد و به دیگری نیاز دارد تا از او حمایت کند.

این نوع ضمانتنامه می تواند برای یک تعهد کلی یا برای یک تعهد خاص استفاده شود. در صورت استفاده از ضمانتنامه عندالمطالبه، ضامن، در صورت عدم انجام تعهد توسط شخص یا شرکت ضامن، موظف است تعهد را انجام دهد یا از طریق دادگاه، مسئولیت خود را بپذیرد.

به طور کلی، ضمانتنامه عندالمطالبه، یک ابزار مهم برای تضمین اجرای تعهدات در روابط تجاری است و می تواند برای پیشگیری از زیان یا از دست دادن فرصت های تجاری استفاده شود.
بانک تجارت جهت صدور ضمانتنامه ارزی با کدام بانک های کارگزار دارای روابط کارگزاری می باشد؟,یکی از پرسش‌های رایج در مورد بانک تجارت! به شما می‌گویم که بانک تجارت جهت صدور ضمانتنامه ارزی با برخی از بانک‌های زیر دارای روابط کارگزاری است: 1. بانک ملی ایران 2. بانک سپه 3. بانک سامان 4. بانک کشاورزی 5. بانک صنعت و معدن 6. بانک تجارت 7. بانک پارسیان 8. بانک پارسه 9. بانک رفاه
10. بانک سرمایه

این بانک‌ها در طول سال‌ها برای صدور ضمانتنامه ارزی با بانک تجارت همکاری داشته‌اند و می‌توانند برای ارائه خدمات ضمانتنامه ارزی مورد استفاده قرار گیرند. لطفاً برای کسب اطلاعات بیشتر و یا دریافت خدمات، با بانک تجارت تماس بگیرید.
خدمات ارائه شده توسط اداره ضمانتنامه های خارجی چیست؟,در اداره ضمانتنامه های خارجی، خدمات ارائه شده توسط این اداره شامل موارد زیر است: 1. اعطای ضمانتنامه های خارجی: این اداره ضمانتنامه های خارجی برای شرکت های خارجی که قصد انجام کار یا ارائه خدمات در ایران را دارند، صادر می کند. 2. تسهیلات اعطای ضمانتنامه های خارجی: این اداره تسهیلات را برای شرکت های خارجی فراهم می کند تا بتوانند ضمانتنامه های خارجی خود را به راحتی صادر کنند. 3. نظارت بر عملکرد ضمانتنامه های خارجی: این اداره عملکرد ضمانتنامه های خارجی را نظارت می کند تا اطمینان حاصل کند که ضمانتنامه های صادر شده، بر اساس ضوابط و مقرراتی که در این مورد وجود دارد، عمل می کنند. 4. پاسخگویی به درخواست های شرکت های خارجی: این اداره پاسخگویی به درخواست های شرکت های خارجی را انجام می دهد و از طریق ارائه اطلاعات و خدمات، به آنها کمک می کند تا بتوانند به راحتی کار یا خدمات خود را در ایران انجام دهند.

منظور از ارائه این خدمات، تسهیلات برای شرکت های خارجی برای انجام کار یا ارائه خدمات در ایران است تا
ضمانتنامه ارزی وارداتی چیست؟,ضمانتنامه ارزی وارداتی، یک نوع ضمانتنامه بانکی است که توسط یک بانک یا مؤسسه مالی در مورد یک تراکنش وارداتی صادر می‌شود. این ضمانتنامه، تضمین می‌کند که واردات کالا یا خدمات توسط واردکننده با مشخصات و مبلغی که در ضمانتنامه ذکر شده است، انجام می‌شود.

به طور کلی، ضمانتنامه ارزی وارداتی برای جلوگیری از ریسک تجاری در واردات کالا یا خدمات استفاده می‌شود، زیرا یک تضمین است که واردکننده در مورد تحویل کالا یا خدمات با مشخصات و مبلغی که در ضمانتنامه ذکر شده است، مسئول است. این ضمانتنامه همچنین می‌تواند برای جلوگیری از ریسک بازگشت کالا یا خدمات در صورت عدم تحویل یا تحویل ناقص استفاده شود.
ضمانتنامه ارزی صادراتی چیست؟,به پرسش شما پاسخ می‌دهم. ضمانتنامه ارزی صادراتی یا Letter of Credit (L/C) یک نوع ضمانتنامه است که توسط یک بانک صادر می‌شود و بر اساس آن، خریدار یا خریداران کالا را برای خرید کالا از فروشنده تضمین می‌کند. این ضمانتنامه تضمین می‌کند که فروشنده برای فروش کالا به خریدار، از طریق بانک، پول دریافت می‌کند. در نتیجه، فروشنده از خطر عدم پرداخت پول توسط خریدار ایمن می‌شود.

این نوع ضمانتنامه در تجارت بین‌المللی برای تضمین پرداخت کالا در هنگام صادرات استفاده می‌شود و از ریسک عدم پرداخت پول توسط خریدار جلوگیری می‌کند. ضمانتنامه ارزی صادراتی شامل سه بخش اصلی است: 1. ضمانتنامه فروشنده: این ضمانتنامه تضمین می‌کند که فروشنده برای فروش کالا به خریدار، پول دریافت می‌کند. 2. ضمانتنامه خریدار: این ضمانتنامه تضمین می‌کند که خریدار برای خرید کالا از فروشنده، پول پرداخت می‌کند. 3. ضمانتنامه بانک: این ضمانتنامه تضمین می‌کند که بانک برای پرداخت پول
ماهیت اسنادی ضمانتنامه به چه معناست؟,ماهیت اسنادی ضمانتنامه به معنای اسناد یا مدارک است که ضمانت یا اطمینان می دهد و اطمینان را برای طرفین یک قرارداد یا معامله ایجاد می کند. این اسناد اغلب برای تضمین پرداخت وجهی که باید به دیگری داده شود، یا برای تضمین انجام کاری که باید انجام شود، استفاده می شود. ضمانتنامه ها می توانند توسط یک شخص یا شرکت ضمانت شده و اغلب برای یک دوره زمانی خاصی اعتبار دارند.
پذیرش و ابلاغ ضمانتنامه های مستقیم صادره توسط بانک های کارگزار به چه معناست؟,پذیرش و ابلاغ ضمانتنامه های مستقیم صادره توسط بانک های کارگزار به این معنا است که بانک های کارگزار، ضمانتنامه های مستقیم را که به نام یک شخص یا شرکت صادر شده است، به رسمیت می‌شناسند و به آن اعتبار می‌دهند. این عمل نشان می‌دهد که بانک، ضمانتنامه صادر شده را به عنوان یک سند معتبر و قابل قبول در نظر گرفته است و از آن پشتیبانی می‌کند. در نتیجه، پذیرش و ابلاغ ضمانتنامه های مستقیم، به عنوان یک گواهی از اعتبار ضمانتنامه و ضامن آن، می‌تواند در فرایند تجاری و قانونی، نقش مهمی ایفا کند.
آیا بانک تجارت ابلاغ ضمانتنامه های ارزی سایر بانکها را پذیرش می کند؟,مطمئناً. بانک تجارت، همانند سایر بانک های ایرانی، ضمانتنامه های ارزی سایر بانک ها را پذیرش می کند. این ضمانتنامه ها می توانند به عنوان یک ابزار اطمینان برای بانک تجارت در انجام معاملات ارزی استفاده شوند. با این حال، پذیرش ضمانتنامه ها به شرط بررسی و تأیید آنها توسط بانک تجارت انجام می شود. بانک تجارت ممکن است شرایط خاصی برای پذیرش ضمانتنامه های ارزی تعیین کند، مانند تأیید هویت و موقعیت اقتصادی شرکت یا فردی که ضمانتنامه را صادر کرده است.
مدارک و فرم های لازم جهت ابلاغ ضمانتنامه های ارزی چیست؟,برای ابلاغ ضمانتنامه های ارزی، برخی مدارک و فرم های زیر لازم است: 1. فرم ضمانتنامه ارزی: این فرم باید توسط بانک یا موسسه مالی که ضمانتنامه را صادر کرده است، تکمیل شود و در مورد مشخصات ضمانتنامه، مبلغ و تاریخ انقضای آن، و سایر اطلاعات مرتبط توضیحات دهد.
 2. مدارک هویت: برای شخص یا شرکت که ضمانتنامه را صادر کرده است، باید مدارک هویت و هویت شرکت ارائه شود، مانند شناسنامه یا کارت ملی برای افراد، یا ثبت شرکت یا کاغذات تجاری برای شرکتها.
 3. مدارک مالی: برای اثبات توانایی پرداخت ضمانتنامه، مدارک مالی مانند حساب های بانکی، یا صورت حساب های درآمد و خرج ارائه شود.
 4. گواهی هویت شرکت یا فرد: گواهی هویت شرکت یا فرد که ضمانتنامه را صادر کرده است، می تواند توسط نهاد های دولتی یا شرکت های ثبت شده ارائه شود.
 5. مدارک مربوط به ضمانتنامه: برای اثبات ضمانتنامه، مدارک مربوط مانند گواهی ضمانتنامه، یا ضمانتنامه های قب
متن ضمانتنامه های ارزی بر چه اساسی تنظیم می شود؟,متن ضمانتنامه های ارزی بر اساس قوانین و مقرراتی که در کشور ما وجود دارد، تنظیم می شود. این قوانین و مقررات توسط سازمان‌های مرتبط و مقامات رسمی، مانند بانک مرکزی و وزارتخانه‌های امور مالی و اقتصادی، تصویب می شود. از جمله این قوانین و مقررات، می‌توان به قانون تجارت، قانون بانکی و مقررات مربوط به تبادل ارز و مدیریت ریسک، اشاره کرد. در کنار این قوانین و مقررات، ضمانتنامه های ارزی معمولاً بر اساس اصول و استانداردهای بین‌المللی، مانند استانداردهای فیفا و استانداردهای بین‌المللی برای ضمانتنامه های ارزی، تنظیم می شود.
آیا به صورت غیر حضوری می توان درخواست صدور ضمانتنامه ارزی را ارسال نمود؟,بله، می‌توانید درخواست صدور ضمانتنامه ارزی را به صورت غیر حضوری ارسال کنید. اغلب بانک‌ها و موسسات مالی، امکان ارسال درخواست‌های خودکار را برای صدور ضمانتنامه ارزی ارائه می‌دهند. این روش‌ها ممکن است شامل ارسال درخواست به وسیله ایمیل، پورتال بانک یا سایر روش‌های آنلاین باشد. در هر صورت، اطمینان حاصل کنید که درخواست شما همراه با کلیه مدارک و مستندات مورد نیاز برای صدور ضمانتنامه ارزی باشد.
آیا بانک تجارت به سیستم سوئیفت متصل می باشد؟,بله، بانک تجارت به سیستم سوئیفت متصل است. بانک تجارت با استفاده از خدمات سوئیفت، امکان نقل و انتقال پول بین کشورهای مختلف را فراهم کرده است. سوئیفت یک سازمان بین‌المللی است که به‌منظور تسهیل نقل و انتقال پول و سایر اسناد، خدمات خود را ارائه می‌دهد. با این حال، ممکن است برخی از عملیات و خدمات خاصی که توسط بانک تجارت ارائه می‌شود، از طریق سایر سیستم‌ها یا شبکه‌ها انجام شود.
آیا امکان اخذ گزارش سالیانه صورت های مالی بانک تجارت وجود دارد؟,با سلام! بله، امکان اخذ گزارش سالیانه صورت‌های مالی بانک تجارت وجود دارد. گزارش سالیانه صورت‌های مالی بانک تجارت توسط سازمان بازرسی کل کشور و سازمان حسابرسان مستقل صادر می‌شود. این گزارش‌ها که به عنوان "گزارش سالیانه صورت‌های مالی بانک تجارت" شناخته می‌شوند، اطلاعات مالی بانک تجارت را در طول سال ارائه می‌دهند و شامل اطلاعات مانند سود و زیان، دارایی‌ها و بدهی‌ها، جریان نقدی و غیره است. این گزارش‌ها برای اطمینان از سلامت مالی بانک تجارت و اطمینان از عملکرد صحیح آنها در سال گذشته صادر می‌شود.
مصادیق صدور ضمانتنامه ارزی چیست؟,مصادیق صدور ضمانتنامه ارزی عبارتند از: 1. خرید و فروش کالاها و خدمات با ارزهای خارجی که نیاز به ضمانت دارد، مانند خرید و فروش کالا یا خدمات از یک کشور به کشور دیگر. 2. وام یا قرض گرفتن از یک کشور یا مؤسسه مالی در یک ارز خارجی که نیاز به ضمانت دارد، مانند وام یا قرض گرفتن از یک بانک در یک ارز خارجی برای انجام یک پروژه یا سرمایه‌گذاری. 3. پرداخت وجوه یا حق‌الزحمت به یک کشور یا مؤسسه مالی در یک ارز خارجی که نیاز به ضمانت دارد، مانند پرداخت حق‌الزحمت به یک کشور یا مؤسسه مالی در یک ارز خارجی به عنوان یک شکل از پرداخت وام یا قرض. 4. نقل و انتقال ارزهای خارجی در بازار یا از طریق یک مؤسسه مالی که نیاز به ضمانت دارد، مانند نقل و انتقال ارزهای خارجی از یک کشور به کشور دیگر یا از طریق یک مؤسسه مالی برای انجام یک معامله یا سرمایه‌گذاری. 5. انجام معاملات یا سرمایه‌گذاری در یک ارز خارجی که نیاز به ضمانت دارد، مانند انجام معاملات یا سرمایه‌گذاری در یک شرکت یا پروژه در یک کشور
ضمانتنامه ارزی چه چیزی را تعهد می نماید؟,یک ضمانتنامه ارزی، تعهدی است که متعهد، برای پرداخت مبلغی در ارز مشخصی، به شخص دیگری تعهد می نماید. این ضمانتنامه معمولاً در معاملات بین المللی مورد استفاده قرار می گیرد تا ضمانت پرداخت مبلغی را در مورد یک معامله یا یک سند تجاری ارائه دهد. در ضمانتنامه ارزی، متعهد تعهد می نماید که مبلغی را در ارز مشخصی، به شخص دیگری بپردازد، و این ضمانت، ضمانت پرداخت مبلغی را در مورد یک معامله یا یک سند تجاری ارائه می دهد.
آیا ضمانتنامه قابلیت توثیق یا معامله یا تنزیل دارد؟,با سلام، پاسخ به سؤال شما است.

یک ضمانتنامه، به عنوان یک اسناد تجاری، قابلیت توثیق یا معامله یا تنزیل دارد. این بدان معنی است که ضمانتنامه می تواند به عنوان یک ابزار مالی برای تضمین اجرای تعهدات یا پرداخت بدهی استفاده شود، یا به عنوان یک ابزار تجاری برای فروش یا معامله استفاده شود، یا حتی به عنوان یک ابزار مالی برای کاهش ارزش یا تنزیل استفاده شود. در نتیجه، ضمانتنامه یک ابزار بسیار مفید و قابل استفاده در تجارت است.
آیا صدور ضمانتنامه بدون رابطه پایه امکان پذیر است؟,معمولاً صدور ضمانتنامه بدون رابطه پایه امکان پذیر نیست و اغلب نیاز به وجود رابطه تجاری یا قراردادی بین ضامن و بدهکار است، زیرا ضمانتنامه معمولاً برای تضمین پرداخت تعهدات و تعهدات یک فرد توسط شخص دیگر صادر می شود.

با این حال، ممکن است برخی از بانک ها و موسسات مالی، ضمانتنامه بدون رابطه پایه را صادر کنند، اما این امر اغلب نیازمند ارائه اطلاعات و مدارک خاصی است و اغلب با وثیقه های خاصی همراه است، مانند وثیقه های اموال یا ضمانتنامه های تجاری. در هر صورت، بهتر است قبل از درخواست صدور ضمانتنامه، با بانک یا موسسه مالی مربوطه تماس بگیرید و شرایط و ضوابط لازم راสอบถาม کنید.
منظور از روز کاری در متن ضمانتنامه ارزی چیست؟,در متن ضمانتنامه ارزی، منظور از "روز کاری" معمولاً یک روز کاری معمولی است که در یک هفته کاری خاص، مانند یک روز شنبه تا یک روز پنجشنبه، به استثنای تعطیلات و روزهای غیر کاری، به حساب می‌آید. این مفهوم معمولاً برای تعیین مدت زمان تسویه حساب یا پرداخت در ضمانتنامه ارزی استفاده می‌شود.
ساعت کاری اداره ضمانتنامه های خارجی در چه بازه ی زمانی است؟,ساعت کاری اداره ضمانتنامه های خارجی معمولاً از ساعت 9 صبح تا 4 بعد از ظهر است، اما ممکن است ساعت کاری در برخی از دفاتر متفاوت باشد. برای کسب اطلاعات دقیق‌تر، بهتر است با آن اداره تماس بگیرید و از ساعت کاری آن را بپرسید.
آیا صدور ضمانتنامه های ارزی به ارزهای غیر رایج و ارز دلارآمریکا میسر می باشد؟,با سلام، تشکر از سوال شما.

به طور کلی، صدور ضمانتنامه های ارزی به ارزهای غیر رایج و دلار آمریکا بستگی به بانک یا مؤسسه مالی که ضمانتنامه را صادر می کند، دارد. برخی از بانک ها و مؤسسات مالی، ضمانتنامه های ارزی را به ارزهای غیر رایج و دلار آمریکا صادر می کنند، در حالی که برخی دیگر ممکن است محدودیت های خاصی را برای صدور ضمانتنامه های به ارزهای غیر رایک و دلار آمریکا اعمال کنند.

به طور کلی، اگر یک بانک یا مؤسسه مالی، ضمانتنامه های ارزی را به ارزهای غیر رایک و دلار آمریکا صادر می کند، معمولاً برای این کار، یک شروط خاصی را اعمال می کند، مانند: 1. حداقل مقدار معاملات: ممکن است یک بانک یا مؤسسه مالی، حداقل مقدار معاملات را برای صدور ضمانتنامه های به ارزهای غیر رایک و دلار آمریکا تعیین کند. 2. دوره زمانی معاملات: ممکن است یک بانک یا مؤسسه مالی، دوره زمانی معاملات را برای صدور ضمانتنامه های به ارزهای غیر رایک و دلار آمریکا تعیین کند. 3. شروط ویژه
نرخ ارز مورد استفاده در محاسبه کارمزد و سپرده نقدی ضمانتنامه های ارزی چیست؟,در محاسبه کارمزد و سپرده نقدی ضمانتنامه های ارزی، نرخ ارز مورد استفاده، نرخ ارز بازار، معمولاً نرخ ارز نرخ متوسط بازار است که در زمان صدور ضمانتنامه بر اساس نرخ های ارز ارائه شده توسط بانک های بزرگ یا موسسات واسط بازار، یا نرخ های ارز متوسط روزانه یا هفتگی بر اساس نرخ های ارز ارائه شده توسط بانک مرکزی یا موسسات اطلاعاتی، تعیین می شود.
کارمزد بانک های کارگزار خارجی بابت ضمانتنامه های ارزی به چه صورت از مشتری اخذ می گردد؟,در اکثر موارد، کارمزد بانک های کارگزار خارجی برای ضمانتنامه های ارزی از مشتری به عنوان یک مبلغ اضافی در زمان صدور ضمانتنامه اخذ می شود. این کارمزد اغلب به عنوان یک درصد از ارزش ضمانتنامه یا یک مبلغ 固定 در نظر گرفته می شود. برای مثال، ممکن است بانک کارگزار از مشتری درخواست کند که 1% از ارزش ضمانتنامه را به عنوان کارمزد پرداخت کند. این کارمزد اغلب در زمان صدور ضمانتنامه از سوی مشتری پرداخت می شود.
آیا بانک تجارت با دریافت تضمین متقابل از بانک های کارگزار معتبر خارجی به نفع ذینفع های داخل کشور، ضمانتنامه ارزی صادر می نماید؟,خوش آمدید! به سوال شما پاسخ می دهم.

بانک تجارت، در برخی موارد، ضمانتنامه ارزی صادر می کند که به نفع ذینفع های داخل کشور است، اما این امر به شرطی می رسد که بانک های کارگزار معتبر خارجی، تضمین متقابل دریافت کنند.

در سایر موارد، بانک تجارت ممکن است ضمانتنامه ارزی صادر نکند، زیرا ممکن است قوانین و مقررات مربوطه را رعایت نکند یا از الزامات مربوطه به دور بماند.

در هر صورت، برای دستیابی به اطلاعات دقیق و به روز، توصیه می شود با بانک تجارت تماس بگیرید و از یک مشاور مالی باتجربه کمک بگیرید.
مدارک مورد نیاز بابت صدور ضمانتنامه ارزی چیست؟,به پرسش شما پاسخ می‌دهم. برای صدور ضمانتنامه ارزی، معمولاً مدارک زیر مورد نیاز است: 1. مدارک هویت: شناسنامه، گذرنامه یا سایر مدارک هویت مشابه. 2. مدارک سفارش: قرارداد یا سند سفارش خرید و فروش یا سایر مدارک مشابه. 3. مدارک ضمانتنامه: ضمانتنامه بانکی یا ضمانتنامه شرکت که ضمانت ارائه می‌کند. 4. مدارک ارزیابی: ارزیابی ارزش اسناد تجاری، مانند صورتحساب یا سایر مدارک مشابه. 5. مدارک مالی: مدارک مالی، مانند فاکتور خرید یا سایر مدارک مشابه. 6. مدارک گمرکی: مدارک گمرکی، مانند فاکتور گمرکی یا سایر مدارک مشابه.

این مدارک ممکن است بسته به بانک یا مؤسسه صادرکننده ضمانتنامه ارزی متفاوت باشد. بنابراین، برای صدور ضمانتنامه ارزی، بهتر است با بانک یا مؤسسه صادرکننده تماس بگیرید و درخواست اطلاعات مورد نیاز را بدهید.
صدور ضمانتنامه ارزی به چه زبان هایی امکانپذیر می باشد؟,با سلام، ضمانتنامه ارزی به زبان های زیر امکان‌پذیر است: 1. انگلیسی (به عنوان زبان اصلی) 2. فرانسه (به عنوان زبان دوم در بسیاری از کشورها) 3. اسپانیایی (به عنوان زبان رسمی در بسیاری از کشورها) 4. آلمانی (به عنوان زبان اصلی در برخی از کشورها) 5. ایتالیایی (به عنوان زبان رسمی در برخی از کشورها)

این زبان ها به عنوان زبان های بین المللی برای تسویه حساب و معاملات تجاری استفاده می شوند. البته، ممکن است در برخی از کشورها یا مؤسسات، زبان های دیگر نیز مورد استفاده قرار گیرند، اما زبان های ذکر شده به عنوان زبان های اصلی برای ضمانتنامه ارزی شناخته می شوند.
نحوه تکمیل فرم های صدور ضمانتنامه ارزی به چه صورتی است؟,به راحتی! برای تکمیل فرم های صدور ضمانتنامه ارزی، به موارد زیر توجه کنید: 1. اطلاعات شخص متعهد: نام، نام خانوادگی، ملیت، آدرس و شماره تماس خود را وارد کنید. 2. اطلاعات ضمانتنامه: تاریخ صدور، مبلغ ضمانتنامه، دوره اعتبار و نوع ضمانتنامه (نقدی یا غیرنقدی) را وارد کنید. 3. اطلاعات مالک یا مالکین: نام، نام خانوادگی، ملیت، آدرس و شماره تماس مالک یا مالکین را وارد کنید. 4. اطلاعات دارایی: ارزش دارایی، نوع دارایی و آدرس محل نگهداری را وارد کنید. 5. اطلاعات ضمانت دهنده: نام، نام خانوادگی، ملیت، آدرس و شماره تماس ضمانت دهنده را وارد کنید. 6. تأیید و امضاء: فرم را توسط متعهد، مالک یا ضمانت دهنده تأیید و امضاء کنید.

به یاد داشته باشید که فرمت و اطلاعات مورد نیاز ممکن است بسته به کشور، بانک یا مؤسسه مالی متفاوت باشد. بنابراین، قبل از تکمیل فرم، از منابع معتبر و مشاوره بگیرید
ضمانتنامه به چه شخصی تحویل می گردد؟,در حقوق ایران، ضمانتنامه به شخصی تحویل می شود که به عنوان ضامن برای پرداخت تعهدات یا انجام تعهود های شخص دیگری، در برابر طلبکار یا شخص دیگری قرار می گیرد. این شخصی که ضمانتنامه به او تحویل می شود، ضامن نامیده می شود و مسئولیت پرداخت تعهدات یا انجام تعهود های شخص دیگری را به عهده می گیرد.
آیا صدور ضمانتنامه ارزی به صورت مستقیم به نفع ذینفع خارجی امکانپذیر است؟,با توجه به مقررات فعلی، صدور ضمانتنامه ارزی به صورت مستقیم به نفع ذینفع خارجی امکان‌پذیر نیست. بر اساس قانون، ضمانتنامه ارزی باید به نفع یک ذینفع ایرانی صادر شود تا از نظر مقامات مربوطه تائید شود. بنابراین، برای صدور ضمانتنامه ارزی به نفع یک ذینفع خارجی، ابتدا باید یک شرکت یا یک فرد ایرانی به عنوان ذینفع ایرانی و مالک واقعی ضمانتنامه، وجود داشته باشد. این شرکت یا فرد می‌تواند به عنوان ضامن برای ذینفع خارجی عمل کند.
شرایط مدارک دریافتی بابت صدور ضمانتنامه ارزی به نفع ذینفع های خارجی به چه صورت می باشد؟,به طور کلی، شرایط مدارک دریافتی بابت صدور ضمانتنامه ارزی به نفع ذینفع های خارجی، به شرح زیر است: 1. مدارک هویت: اسناد هویت ذینفع خارجی، مانند گذرنامه، شناسنامه یا سایر مدارک هویتی مشابه. 2. مدارک مالکیت: مدارک مالکیت و تصدیقیه وکالت یا قرارداد فروش یا خرید و فروش که نشان می دهد ذینفع خارجی مالک یا وکیل یا صاحب حقوقی است که ضمانتنامه را می طلبد. 3. مدارک مالی: مدارک مالی که نشان می دهد ذینفع خارجی دارای منابع کافی برای پرداخت تعهدات خود است، مانند حساب های بانکی، امانت نامه ها یا سایر مدارک مالی مشابه. 4. مدارک ضمانتنامه: مدارک ضمانتنامه که نشان می دهد ذینفع خارجی دارای ضمانتنامه های لازم برای پوشش تعهدات خود است، مانند ضمانتنامه های بانکی یا ضمانتنامه های شخص ثالث. 5. مدارک مربوط به معامله: مدارک مربوط به معامله که نشان می دهد ذینفع خارجی با دیگری معامله
کانال های ارتباطی بانک تجارت با بانک های کارگزار خارجی با توجه به شرایط تحریم کنونی چگونه است؟,با سلام! در حال حاضر، بانک تجارت در تلاش است تا کانال های ارتباطی خود را با بانک های کارگزار خارجی، به ویژه در قبال تحریم های اخیر، بهبود بخشد. برای دستیابی به این هدف، بانک تجارت از تکنولوژی های مدرن و ابزارهای مالی نوین استفاده می کند تا ارتباطات خود را با بانک های خارجی تقویت کند.

در اینجا برخی از راهکارهایی است که بانک تجارت برای بهبود کانال های ارتباطی خود با بانک های کارگزار خارجی در نظر گرفته است: 1. استفاده از خدمات پیامکی و پیامکی و ایمیل: بانک تجارت از خدمات پیامکی و پیامکی و ایمیل برای ارسال و دریافت اطلاعات و مدارک مالی استفاده می کند تا ارتباطات خود را با بانک های کارگزار خارجی تقویت کند. 2. استفاده از نرم افزارهای ارتباطی: بانک تجارت از نرم افزارهای ارتباطی مانند تلگرام، وایبر و دیگر نرم افزارهای مشابه برای ارسال و دریافت اطلاعات و مدارک مالی استفاده می کند تا ارتباطات خود را با بانک های کارگزار خارجی تقویت کند. 3. استفاده از خدمات پست الکترونیکی: بانک تجارت از خدمات پست الکترونیکی مانند ایمیل برای ارسال
صدور ضمانتنامه ارزی به تقاضای مشتریان خارجی تحت چه شرایطی صورت می گیرد؟,از آنجاکه ضمانتنامه ارزی یک ابزار مالی است که توسط بانک مرکزی یا سایر بانک‌ها صادر می شود، صدور ضمانتنامه ارزی به تقاضای مشتریان خارجی تحت شرایط خاصی صورت می گیرد. شرایط اصلی عبارتند از: 1. اعتبار و اعتمادی که مشتریان خارجی در مورد شرکت یا فردی که ضمانتنامه را درخواست می کند، دارند. 2. وجود تعهدات تجاری یا تجاری قابل توجهی که شرکت یا فردی که ضمانتنامه را درخواست می کند، در مورد مشتریان خارجی دارد. 3. توانایی پرداخت کلیه تعهدات تجاری یا تجاری قابل توجهی که شرکت یا فردی که ضمانتنامه را درخواست می کند، در مورد مشتریان خارجی دارد. 4. وجود یک قرارداد تجاری یا تجاری قابل توجهی که شرکت یا فردی که ضمانتنامه را درخواست می کند، با مشتریان خارجی بسته است. 5. وجود یک ضمانت مالی قابل توجهی که شرکت یا فردی که ضمانتنامه را درخواست می کند، در مورد مشتریان خارجی دارد.

در صورت وجود این شرایط، بانک مرکزی یا سایر بانک‌ها ممکن است ضمانتنامه ارزی را به تقاضای مشتریان خارجی صادر کند تا تضمین
وثایق موردنیاز جهت صدور ضمانتنامه های ارزی در چارچوب آیین نامه اجرایی حمایت از صادر کنندگان خدمات فنی و مهندسی چیست؟,مطمئناً شما در حال درخواست اطلاعات در مورد فرآیند صدور ضمانتنامه های ارزی برای صادرکنندگان خدمات فنی و مهندسی هستید. بر اساس آیین نامه اجرایی حمایت از صادرکنندگان خدمات فنی و مهندسی، ضمانتنامه های ارزی به منظور حمایت از صادرکنندگان خدمات فنی و مهندسی، توسط بانک مرکزی جمهوری اسلامی ایران صادر می شود. برای صدور ضمانتنامه های ارزی، در چارچوب آیین نامه اجرایی، برخی از وثایق موردنیاز عبارتند از: 1. اسناد مدارک شرکت یا موسسه صادرکننده خدمات فنی و مهندسی، مانند اساسنامه، ثبت شرکت، و نظایر آن. 2. مدارک مربوط به شخصیت صادرکننده خدمات فنی و مهندسی، مانند شناسنامه، کارت ملی، و نظایر آن. 3. مدارک مربوط به خدمات فنی و مهندسی ارائه شده توسط صادرکننده، مانند عقدنامه، قرارداد، و نظایر آن. 4. اسناد مدارک مربوط به ضمانتنامه های قبلی صادر شده توسط صادرکننده، مانند ضمانتنامه های ارزی قبلی و نظایر آن. 5. مدارک مربوط به سرمایه یا دارایی صادرکن
نرخ کارمزد صدور ضمانتنامه های ارزی در چارچوب آیین نامه اجرایی حمایت از صادر کنندگان خدمات فنی و مهندسی به چه میزان است؟,با سلام! بر اساس آیین نامه اجرایی حمایت از صادر کنندگان خدمات فنی و مهندسی، نرخ کارمزد صدور ضمانتنامه های ارزی برای صادرکنندگان خدمات فنی و مهندسی 1% از ارزش ضمانتنامه است. این نرخ کارمزد توسط بانک مرکزی جمهوری اسلامی ایران تعیین شده است.
اخذ وجه نقدی بابت سپرده نقدی و یا کارمزد و هزینه ها بابت صدور ضمانتنامه ارزی به صورت ریالی است یا ارزی؟,با سلام، در مورد هزینه های صدور ضمانتنامه ارزی، اغلب بانك‌ها و موسسات مالی، این هزینه‌ها را به صورت ارزی دريافت می‌كنند. اما، در برخی موارد، ممکن است این هزینه‌ها به صورت ریالی دريافت شوند، بستگی به شرایط خاص هر بانك یا موسسه مالی دارد. بنابراین، برای اطمینان از نحوه دريافت هزینه‌ها، باید با بانك یا موسسه مالی مورد نظر تماس بگیرید و از آنها بپرسید.
آیا کارمزد و هزینه های ضمانتنامه ارزی شامل تخفیف می شود؟,معمولاً در هنگام معامله ارزی، کارمزد و هزینه های ضمانتنامه ارزی به عنوان هزینه های اضافی محاسبه می شوند. با این حال، در برخی موارد، این هزینه ها می توانند شامل تخفیف باشند.

به عنوان مثال، برخی از بانک ها و موسسات مالی ممکن است تخفیفی برای کارمزد و هزینه های ضمانتنامه ارزی ارائه دهند، به ویژه در صورت معامله های بزرگتر یا برای مشتریان با سابقه ای طولانی و قابل اعتماد.

از سوی دیگر، ممکن است برخی از موسسات مالی یا واسط های مالی، کارمزد و هزینه های ضمانتنامه ارزی را در محاسبات خود به طور کامل در نظر نگرفته و به جای آن، از روش های دیگری برای محاسبه هزینه ها استفاده کنند.

به طور کلی، برای درک دقیق اینکه آیا کارمزد و هزینه های ضمانتنامه ارزی شامل تخفیف می شود یا خیر، باید با ارائه دهنده خدمات مالی یا واسط مالی خود در میان بگذارید و درخواست اطلاعات دقیق تر را داشته باشید.
آیا ضمانتنامه ارزی پس از صدور قابل اصلاح می باشد؟,به سوال شما پاسخ می دهم. ضمانتنامه ارزی پس از صدور، در بسیاری از کشورها و طبق قوانین مربوطه، غیرقابل اصلاح است. این بدان معنی است که اطلاعات و جزئیات ضمانتنامه ارزی پس از صدور، قابل تغییر یا اصلاح نیستند و از سوی دیگر، ضمانتنامه ارزی پس از صدور، به عنوان یک سند معتبر و غیرقابل تغییر در نظر گرفته می شود.

با این حال، ممکن است در برخی از کشورها و طبق قوانین خاصی، امکان اصلاح ضمانتنامه ارزی پس از صدور وجود داشته باشد، اما این امر به بررسی قوانین و مقررات مربوطه در هر کشوری بستگی دارد. در هر صورت، برای اطلاع دقیق از امکان اصلاح ضمانتنامه ارزی پس از صدور، باید به قوانین و مقررات مربوطه در هر کشوری مراجعه کنید.
افزایش مبلغ ضمانتنامه ارزی به چه صورت است؟,افزایش مبلغ ضمانتنامه ارزی به صورت زیر است: 1. با افزایش ارزش ارز: زمانی که ارزش ارز افزایش می یابد، مبلغ ضمانتنامه ارزی نیز افزایش می یابد. به عنوان مثال، اگر ضمانتنامه ارزی با مبلغ 1 میلیون دلار تنظیم شده باشد و ارز افزایش ارزش پیدا کند، مبلغ ضمانتنامه نیز به 1.1 میلیون دلار یا بیشتر افزایش می یابد.
 2. با افزایش تعهدات: در صورت افزایش تعهدات، ضمانتنامه ارزی نیز افزایش می یابد. به عنوان مثال، اگر یک شرکت تعهدی را به ارزش 1 میلیون دلار در مورد یک قرارداد داشته باشد و در طول زمان قرارداد، تعهدات شرکت افزایش یابد، ضمانتنامه ارزی نیز به 1.1 میلیون دلار یا بیشتر افزایش می یابد.
 3. با افزایش نرخ بهره: در صورت افزایش نرخ بهره، ضمانتنامه ارزی نیز افزایش می یابد. به عنوان مثال، اگر ضمانتنامه ارزی با نرخ بهره 5 درصد تنظیم شده باشد و نرخ بهره افزایش یابد، ضمانتنامه نیز به نرخ بهره جدید افزایش می یابد.
 4. با افزایش مبلغ ضمانتنامه خود:
آیا امکان اصلاح سررسید پس از صدور ضمانتنامه ارزی وجود دارد؟,ممنون از سوال شما. در مورد اصلاح سررسید پس از صدور ضمانتنامه ارزی، باید بگوییم که در برخی موارد، امکان اصلاح سررسید وجود دارد، اما شرایط خاصی باید برقرار باشد.

به طور کلی، اصلاح سررسید پس از صدور ضمانتنامه ارزی، در صورت وجود یک یا چند مورد از شرایط زیر، ممکن است: 1. در صورت وجود اشتباه در محاسبات یا اطلاعات ضمانتنامه، که منجر به تنظیم سررسید نادرست شود، می‌توان اصلاح کرد. 2. در صورت تغییر شرایط یا نوسانات بازار ارز، که منجر به تغییر در ارزش واقعی ضمانتنامه شود، می‌توان اصلاح کرد. 3. در صورت وجود توافق بین طرفین ضمانتنامه، که در مورد اصلاح سررسید به توافق رسیده‌اند.

با این حال، اصلاح سررسید پس از صدور ضمانتنامه ارزی، در اغلب موارد، با موافقت بانک یا موسسه ای که ضمانتنامه را صادر کرده، و در صورت عدم موافقت، ممکن است منجر به ابطال ضمانتنامه شود.

لطفاً برای کسب اطلاعات بیشتر و دقیق‌تر، با یک متخصص
آیا ضمانتنامه ارزی می تواند به زبان فارسی تنظیم گردد؟,بله، ضمانتنامه ارزی می تواند به زبان فارسی تنظیم شود. در حالی که ضمانتنامه‌های ارزی معمولاً به زبان انگلیسی تنظیم می‌شوند، اما با توجه به الزامات و مقررات خاص هر کشور، می‌توان آنها را به زبان فارسی تنظیم کرد.

به عنوان مثال، ضمانتنامه‌های ارزی که برای اقدامات تجاری یا سرمایه‌گذاری تنظیم می‌شوند، اغلب به زبان انگلیسی تنظیم می‌شوند، اما ضمانتنامه‌های ارزی که برای اقدامات بانکی یا مالی تنظیم می‌شوند، ممکن است به زبان فارسی تنظیم شوند.

به طور کلی، تنظیم ضمانتنامه ارزی به زبان فارسی، نیازمند وجود یک переклад یا یک مترجم با مهارت‌های ویژه است که بتواند مفاهیم و عبارات انگلیسی را به فارسی ترجمه کند، بدون از دست دادن معنای اصلی آنها. علاوه بر این، باید توجه داشت که ضمانتنامه ارزی تنظیم شده به زبان فارسی، ممکن است نیاز به تأیید یا امضا از سوی مقامات رسمی یا متخصصان داشته باشد.
آیا انواع ضمانتنامه ارزی مطابق با آیین نامه تضمین معاملات دولتی در اداره ضمانتنامه های خارجی صادر می گردد؟,خیر، انواع ضمانتنامه های ارزی مطابق با آیین نامه تضمین معاملات دولتی در اداره ضمانتنامه های خارجی صادر نمی شود. ضمانتنامه های ارزی در کشور ما توسط بانک مرکزی جمهوری اسلامی ایران و یا سایر بانک های عامل صادر می شود و مطابق با مقررات و آیین نامه های مربوطه است. اداره ضمانتنامه های خارجی صرفاً نقش نظارتی و نظم دهنده ای در مورد صادر شدن ضمانتنامه های ارزی دارد و هیچ گونه صلاحیت صادر کردن ضمانتنامه های ارزی را ندارد.
آیا متون ضمانتنامه های ارزی دارای انعطاف است؟,به سوال شما در مورد انعطاف ضمانتنامه های ارزی پاسخ می دهم. در واقع، متون ضمانتنامه های ارزی اغلب دارای انعطاف است، زیرا به دلایل مختلفی مانند تغییر نرخ ارز، نوسانات بازار و غیره، ممکن است نیاز به تغییر یا بازنگری مفاد ضمانتنامه داشته باشد. در نتیجه، انعطاف در ضمانتنامه های ارزی، برای اطمینان از حسن نیت طرفین و جلوگیری از تعارض، بسیار مهم است.
نحوه اخذ تأیید اصالت ضمانتنامه ارزی چگونه است؟,برای اخذ تأیید اصالت ضمانتنامه ارزی، شما باید به یک بانک یا مؤسسه مالی معتبر مراجعه کنید که مجوز صدور ضمانتنامه ارزی را دارد. در آنجا، باید مدارک لازم را ارائه دهید که شامل: 1. ضمانتنامه ارزی 2. سند معاملات یا قرارداد مربوطه 3. شناسنامه یا کارت ملی یا پاسپورت 4. مدرک هویت یا سایر مدارک هویتی لازم

و در صورت نیاز، ممکن است به ارائه سایر مدارک یا مستندات نیز نیاز باشد.

سپس، کارشناس بانک یا مؤسسه مالی، تأیید اصالت ضمانتنامه ارزی را انجام می دهد و یک نسخه از آن را برای شما صادر می کند.

به طور کلی، فرآیند اخذ تأیید اصالت ضمانتنامه ارزی ممکن است متفاوت باشد، بنابراین برای کسب اطلاعات بیشتر، بهتر است با یک بانک یا مؤسسه مالی معتبر در تماس باشید.
آیا امکان اخذ گواهی لاتین در خصوص حد اعتباری مشتریان جهت ارائه به کارفرمای ضمانتنامه ارزی وجود دارد؟,خوش آمدید! بله، امکان اخذ گواهی لاتین در خصوص حد اعتباری مشتریان وجود دارد. این گواهی معمولاً توسط موسسات اعتباری یا شرکت های اعتباری صادر می شود و نشان دهنده اعتبارات و اعتبار مالی یک شخص یا شرکت است. این گواهی اغلب برای ارائه به کارفرمای ضمانتنامه ارزی استفاده می شود، زیرا نشان دهنده اعتبار مالی و اعتبارات یک شخص یا شرکت است. با این حال، لازم به ذکر است که گواهی لاتین ممکن است بسته به کشور یا منطقه مورد نظر، دارای شرایط و ضوابط خاصی باشد. بنابراین، برای کسب اطلاعات دقیق تر، توصیه می کنم با موسسه یا شرکت مورد نظر تماس بگیرید یا به منابع رسمی مراجعه کنید.
آیا امکان صدور ضمانتنامه ریالی به زبان انگلیسی وجود دارد؟,با سلام، بله، امکان صدور ضمانتنامه ریالی به زبان انگلیسی وجود دارد. ضمانتنامه‌های ریالی، که معمولاً با نام "Bank Guarantee" شناخته می‌شوند، می‌توانند در زبان انگلیسی صادر شوند و توسط بانک‌ها یا شرکت‌های تضمین‌کننده صادر می‌شوند. این ضمانتنامه‌ها معمولاً برای تأمین تعهدات یا تضمین عملکرد یک شرکت یا فرد صادر می‌شوند و می‌توانند در معاملات بین‌المللی یا با شرکت‌های خارجی مورد استفاده قرار گیرند.
در ضمانتنامه های ارزی صادره تحت مقررات URDG 758 ، محل قانون حاکم بر ضمانتنامه کجاست؟,با سلام، در ضمانتنامه های ارزی صادره تحت مقررات URDG 758، محل قانون حاکم بر ضمانتنامه همان است که در ضمانتنامه ذکر شده است. اگر در ضمانتنامه هیچ اشاره ای به محل قانون حاکم وجود ندارد، در آن صورت، قانون حاکم بر ضمانتنامه همان است که بر اساس قوانین و مقررات کشور صادرکننده ضمانتنامه تعیین می شود.
در ضمانتنامه های ارزی صادره تحت مقررات URDG 758 ، مرجع صلاحیت دار در خصوص بروز اختلافات مابین بانک ضامن و ذینفع کدام است؟,بر اساس مقررات URDG 758، مرجع صلاحیت دار در خصوص بروز اختلافات مابین بانک ضامن و ذینفع، دبیر یا ناظر ضمانتنامه است که در ضمانتنامه به عنوان یک نفر یا سازمانی که به موجب قرارداد ضمانتنامه برای حل اختلافات و نزاع های احتمالی تعیین شده است. (Article 10.1)
مراحل تمدید ضمانتنامه ریالی به زبان انگلیسی در بانک تجارت به چه صورت است؟,I'd be happy to help you with that. Here are the steps to extend a Rial-based guarantee to English at Bank Tejarat: 1.**Initial Application**: Submit your initial guarantee application in Persian at any Bank Tejarat branch, along with required documents and fees. 2.**Processing and Approval**: The bank will process and approve your application. You'll receive a confirmation letter stating the terms and conditions of your guarantee. 3.**Request for English Translation**: If needed, you can request an English translation of your guarantee agreement. Please note that this may incur additional fees. 4.**Translation Process**: Bank Tejarat's authorized translators will translate the agreement into English, ensuring accuracy and compliance with relevant regulations. 5.**Translation Completion**: Once the translation is complete, you'll receive the translated agreement, which will be stamped and signed by the bank's authorized personnel. 6.**Finalization**: Review and sign the translated agreement, ensuring all terms and conditions are met. This marks the finalization of your extended guarantee. 7.**Registration**: Register your extended guarantee at the relevant authorities, as required by law.

Please note that the specific steps and requirements may vary depending on your location and the type of guarantee. It's always a good idea to
سررسید ضمانتنامه های ارزی عندالمطالبه بانکی و میزان تمدید آنها چه مدت می باشد؟,سalam! در پاسخ به سوال شما باید گفت که سررسید ضمانتنامه های ارزی عندالمطالبه بانکی به عنوان یک نوع ضمانتنامه بانکی، معمولاً 90 روز از تاریخ صدور ضمانتنامه است، اما این مدت ممکن است بسته به نوع ضمانتنامه، مقدار و نوع ارز مورد ضمانتنامه، و شرایط خاصی که توسط بانک تعیین می شود، متفاوت باشد. علاوه بر این، میزان تمدید ضمانتنامه نیز بسته به شرایط خاصی که توسط بانک تعیین می شود، متفاوت است، اما معمولاً از 30 روز تا 6 ماه است. برای کسب اطلاعات دقیق‌تر، بهتر است با بانک یا مؤسسه مالی مورد نظر تماس بگیرید.
آیا امکان پرداخت کارمزد ها به ارز و از حساب ارزی مشتریان وجود دارد؟,با سلام! بله، در بسیاری از بانک‌ها و مؤسسات مالی، امکان پرداخت کارمزد‌ها به ارز و از حساب ارزی مشتریان وجود دارد. این خدمت اغلب تحت عنوان "پرداخت کارمزد ارزی" یا "پرداخت کارمزد در ارز" شناخته می شود. با این حال، باید توجه کرد که برخی بانک‌ها ممکن است شرایط خاصی برای این خدمت در نظر بگیرند، مانند محدودیت‌هایی در مورد مبلغ یا نوع کارمزد که می‌توان پرداخت کرد. برای کسب اطلاعات دقیق‌تر، توصیه می‌کنم با بانک یا مؤسسه مالی خود تماس بگیرید تا شرایط و ضوابط آن را بدانید.
ضمانتنامه ها از نظر ماهیت حقوقی به چند دسته تقسیم می شوند؟,با سلام! از نظر ماهیت حقوقی، ضمانتنامه ها به چند دسته تقسیم می شوند: 1. ضمانتنامه های تضمین: این نوع ضمانتنامه ها برای تضمین انجام تعهدات یا اجرای پیمان است، مانند ضمانتنامه های وکالت یا ضمانتنامه های پیش پرداخت. 2. ضمانتنامه های تضمین ثمن: این نوع ضمانتنامه ها برای تضمین ثمن یا مبلغی که باید به کسی پرداخت شود است، مانند ضمانتنامه های وثیقه یا ضمانتنامه های وام. 3. ضمانتنامه های تضمین نیت: این نوع ضمانتنامه ها برای تضمین نیت یا رفتار کسی است، مانند ضمانتنامه های تضمین رفتار یا ضمانتنامه های تضمین نیت تجاری. 4. ضمانتنامه های تضمین مسئولیت: این نوع ضمانتنامه ها برای تضمین مسئولیت کسی است، مانند ضمانتنامه های تضمین مسئولیت مدنی یا ضمانتنامه های تضمین مسئولیت کارگری.

این دسته‌بندی‌ها ممکن است بسته به نظر حقوق‌دانان و یا کشور و نظام حقوقی متفاوت باشد.
ضمانتنامه تبعی و ضمانتنامه مستقل (عندالمطالبه) چه تفاوتی با یکدیگر دارند؟,با سلام! دو نوع ضمانتنامه «تبعی» و «مستقل» که در زمان مطالبه ارائه می‌شوند، دارای تفاوت‌هایی هستند: 1. ضمانتنامه تبعی ( Guarantee of Indemnity ): این نوع ضمانتنامه، تضمین‌کننده ای است که در صورت نقض تعهد یا عدم انجام تعهد توسط ضامن اصلی، ضامن تبعی مسئولیت خود را بر عهده می‌گیرد تا خسارت‌ها را جبران کند. در این نوع ضمانتنامه، ضامن تبعی از همان تعهد و مسئولیت ضامن اصلی است. 2. ضمانتنامه مستقل ( Independent Guarantee ): این نوع ضمانتنامه، یک تعهد مستقل و جداگانه از ضامن اصلی است که در صورت نقض تعهد یا عدم انجام تعهد توسط ضامن اصلی، ضامن مستقل مسئولیت خود را بر عهده می‌گیرد تا خسارت‌ها را جبران کند. در این نوع ضمانتنامه، ضامن مستقل مسئولیت خود را از ضامن اصلی جداگانه از آن است.

به طور کلی، ضمانتنامه تبعی یک نوع ضمان
متون ضمانتنامه های صادره توسط بانک تجارت به چه زبان هایی صادر می گردند؟,پاسخ من: ضمانتنامه های صادره توسط بانک تجارت به زبان های فارسی و انگلیسی صادر می گردند. در برخی موارد، ممکن است ضمانتنامه ای به زبان عربی نیز صادر شود، اما این موارد به ندرت رخ می دهد.
ضمانتنامه از چه زمانی صادر شده تلقی می گردد؟,ضمانتنامه از لحظه ای که توسط گواهی دهنده صادر می شود، به عنوان یک سند معتبر تلقی می شود. این امر به این معنا است که از لحظه ای که ضمانتنامه صادر می شود، تا زمانی که به سقف اعتبار خود برسد یا توسط گواهی دهنده لغو شود، ضمانتنامه معتبر است.
وظایف متقاضی ضمانتنامه در قبال بانک بانک ضامن متقابل چیست؟,بایستی در پاسخگویی به سوال شما، وظایف متقاضی ضمانتنامه در قبال بانک ضامن متقابل را ذکر کنم:

متقاضی ضمانتنامه موظف است در قبال بانک ضامن متقابل، وظایف زیر را انجام دهد: 1. ارائه اطلاعات واقعی و دقیق در مورد خود و درخواست خود 2. تأیید و تایید اطلاعات ارائه شده و در صورت نیاز، ارائه مدارک و مستندات بیشتر 3. اجرای تعهدات و پیمان‌ها و تعهدات خود در قبال بانک ضامن متقابل 4. در صورت بروز هرگونه مشکلی یا خطای در اجرای تعهدات، اطلاع‌رسانی به بانک ضامن متقابل و همکاری با آن در حل مشکل 5. پرداخت سود و بهره ناشی از ضمانتنامه در موعد مقرر و در صورت نیاز، افزایش تعهدات و تعهدات خود 6. در صورت وجود هرگونه تعهد یا تعهدی که در ضمانتنامه ذکر شده است، اجرای آن را در موعد مقرر و با همکاری بانک ضامن متقابل

این وظایف توسط متقاضی ضمانتنامه در ق
تاریخ انقضا در ضمانتنامه به چه معناست؟,تاریخ انقضا در ضمانتنامه، تاریخ پایان اعتبار ضمانتنامه است. این تاریخ نشان می‌دهد که تا چه زمانی ضمانتنامه اعتبار دارد و بعد از آن، اعتبار آن از بین می‌رود. Typically، تاریخ انقضا در ضمانتنامه به عنوان "تاریخ انقضا" یا "تاریخ پایان اعتبار" نشان داده می‌شود.
آیا تمدید ضمانتنامه پس از سررسید امکانپذیر می باشد؟,خوش آمدید! در مورد تمدید ضمانتنامه پس از سررسید، پاسخ منفی است. ضمانتنامه معمولاً با مشخص شدن سررسید و زمان مشخصی برای وصول وجه، امضا می شود و پس از سررسید، امکان تمدید آن وجود ندارد. با این حال، ممکن است برخی از بانک‌ها و مؤسسات مالی، تمدید ضمانتنامه را با ارائه دلایل معقولی و پرداخت مبالغ اضافی، امکان‌پذیر کنند. اما در این مورد، باید با بانک یا مؤسسه مالی که ضمانتنامه را صادر کرده است، تماس بگیرید و شرایط و ضوابط خاص خود را بررسی کنید.
مبلغ ضمانتنامه در چه شرایطی کاهش می یابد؟,مبلغ ضمانتنامه در شرایطی کاهش می یابد که: 1. ضمانتنامه در طول مدت اعتبار آن، بدون شکایت یا دعوی، حفظ شود و تعهدات ضمانتنامه ای را انجام دهد. 2. ضمانتنامه در زمان معین یا تا زمان معین، بدون شکایت یا دعوی، حفظ شود و تعهدات ضمانتنامه ای را انجام دهد. 3. ضمانتنامه در زمان معین یا تا زمان معین، بدون شکایت یا دعوی، حفظ شود و تعهدات ضمانتنامه ای را انجام دهد و یا در صورت شکایت یا دعوی، بدون شکایت یا دعوی، حفظ شود و تعهدات ضمانتنامه ای را انجام دهد.

به طور کلی، مبلغ ضمانتنامه در شرایطی کاهش می یابد که ضمانتنامه در طول مدت اعتبار آن، بدون شکایت یا دعوی، حفظ شود و تعهدات ضمانتنامه ای را انجام دهد.
آیا امکان کوتاه شدن سررسید ضمانتنامه ارزی پس از تمدید وجود دارد؟,با سلام! با توجه به مقررات بانک مرکزی و قانون تجارت، امکان کوتاه شدن سررسید ضمانتنامه ارزی پس از تمدید وجود دارد، اما با توجه به شرایط خاص هر مورد، این امکان ممکن است متفاوت باشد.

به طور کلی، در صورت تمدید ضمانتنامه ارزی، بانک مرکزی و طرفین قرارداد می‌توانند با توافق، سررسید ضمانتنامه را کاهش دهند. این کاهش ممکن است در زمان تمدید یا در زمان سررسید ضمانتنامه باشد.

در هر صورت، تغییر در سررسید ضمانتنامه نیاز به توافق طرفین و تأیید بانک مرکزی دارد. در صورت نیاز به تغییر سررسید، توصیه می‌شود که با مشاوره یک حقوق‌دان یا یک کارشناس امور مالی، بررسی شرایط و امکانات تغییر را انجام دهید.
جهت ابطال ضمانتنامه ارزی صادره توسط بانک تجارت چه مدارکی مورد نیاز است؟,برای ابطال ضمانتنامه ارزی صادره توسط بانک تجارت، معمولاً برخی مدارک و اطلاعات لازم است. این مدارک عبارتند از: 1. درخواست ابطال ضمانتنامه (که توسط بانک تجارت صادر می شود) 2. فاکس یا اصل ضمانتنامه ارزی که توسط بانک تجارت صادر شده است 3. مدرک هویت متقاضی (پاسپورت، شناسنامه یا کارت ملی) 4. مدرک هویت متقاضی ضمانتنامه (اگر متقاضی ضمانتنامه متفاوت باشد) 5. مدرک پرداخت هزینه ابطال ضمانتنامه (هزینه ای که توسط بانک تجارت تعیین می شود) 6. یک نسخه از فاکتور یا سند خرید یا معامله که ضمانتنامه را برای آن صادر کرده است.

شایان ذکر است که ممکن است برخی از بانک‌ها و سازمان‌های مالی، مدارک دیگری را درخواست کنند یا فرآیند ابطال ضمانتنامه را با شرایط خاصی انجام دهند. بنابراین، برای اطمینان از اینکه همه مدارک مورد نیاز را داشته باشید، باید با بانک تجارت تماس بگیرید و از آن‌ها درخواست کنند.
اگر تاریخ خاتمه اعتبار ضمانتنامه ارزی روزی غیرکاری باشد، مهلت ارائه مطالبه وجه چه تاریخی می باشد؟,اگر تاریخ خاتمه اعتبار ضمانتنامه ارزی روز غیرکاری باشد، مهلت ارائه مطالبه وجه از همان روز شروع می شود و تا 15 روز پس از روز کاری ادامه دارد. به عبارت دیگر، اگر روز غیرکاری باشد، فردا روز کاری حساب می شود و مهلت ارائه مطالبه وجه از همان روز شروع می شود.
اقدامات لازم در سررسید ضمانتنامه گمرکی چه می باشد؟,با سلام، در سررسید ضمانتنامه گمرکی، برخی اقدامات لازم وجود دارد که باید توسط تجار یا واردکنندگان کالاها انجام شود. برخی از این اقدامات عبارتند از: 1. تکمیل و ثبت اطلاعات ضمانتنامه گمرکی: تجار یا واردکنندگان باید اطلاعات ضمانتنامه گمرکی را تکمیل و در سامانه گمرکی ثبت کنند. 2. پرداخت مبلغ ضمانتنامه گمرکی: تجار یا واردکنندگان باید مبلغ ضمانتنامه گمرکی را به گمرک پرداخت کنند. 3. ارائه مدارک لازم: تجار یا واردکنندگان باید مدارک لازم برای وارد کردن کالاها را، مانند کاغذ مشاغل، چک های صادرکننده، و غیره، ارائه دهند. 4. بررسی و تأیید اطلاعات: گمرک باید اطلاعات ضمانتنامه گمرکی را بررسی و تأیید کند، تا اطمینان حاصل کند که اطلاعات ارائه شده صحیح و کامل است. 5. صدور ضمانتنامه گمرکی: گمرک بعد از تأیید اطلاعات، ضمانتنامه گمرکی را صادر می کند،
در صورت ابطال قبل از سررسید ضمانتنامه ارزی صادره توسط اداره ضمانتنامه های خارجی بانک تجارت، آیا مابقی کارمزد به حساب متقاضی/ ضمانتخواه عودت می گردد؟,با سلام، در پاسخ به پرسش شما باید بگویم که در صورتی که ضمانتنامه ارزی صادره توسط اداره ضمانتنامه های خارجی بانک تجارت ابطال شود، مابقی کارمزد به حساب متقاضی/ ضمانتخواه عودت داده نمی شود.

در بانک تجارت، اگر ضمانتنامه ارزی ابطال شود، مابقی کارمزد به حساب بانک تجارت واریز می شود و در هیچ موردی به حساب متقاضی/ ضمانتخواه بازگشت داده نمی شود. زیرا ضمانتنامه ارزی به عنوان یک نوع تسهیلات بانکی است که در برابر یک وثیقه یا ضمانت ارائه شده است، و در صورت ابطال، بانک باید از حقوق خود محافظت کند.
مدارک مورد نیاز جهت ابطال ضمانتنامه ارزی به کدام بخش بانک تجارت می­بایست ارائه گردد؟,با سلام، برای ابطال ضمانتنامه ارزی به بانک تجارت، مدارک زیر به بخش مربوطه بانک تجارت باید ارائه شود: 1. ضمانتنامه ارزی در دسترس بودن خود را ثابت کند و تاریخ انقضا را نشان دهد. 2. یک نسخه از سند معاملات مربوطه، مانند سند فروش یا سند معامله را ارائه دهید. 3. یک نسخه از سند پرداخت، مانند سند پرداخت به مبلغی که ضمانتنامه برای آن صادر شده است را ارائه دهید. 4. یک نسخه از گواهی هواپیمایی یا گواهی سفر برای نشان دادن اینکه شما در خارج از کشور هستید، ارائه دهید. 5. یک نامه رسمی از طرف یک نهاد رسمی مانند سفارت یا کنسولگری برای نشان دادن اینکه شما در خارج از کشور هستید، ارائه دهید.

به یاد داشته باشید که مدارک ارائه شده باید به زبان انگلیسی یا زبان رسمی کشور باشد و همچنین باید با امضای خود یا نماینده قانونی خود تأیید شود.
آیا امکان ابطال بخشی از مبلغ ضمانتنامه ارزی صادره توسط اداره ضمانتنامه های خارجی بانک تجارت وجود دارد؟,مسلماً، امکان ابطال بخشی از مبلغ ضمانتنامه ارزی صادره توسط اداره ضمانتنامه های خارجی بانک تجارت وجود دارد، اما با توجه به شرایط و ضوابط خاصی که توسط بانک تجارت تعیین شده است.

به طور کلی، برای ابطال بخشی از مبلغ ضمانتنامه، باید شرایط زیر را برآورده کند: 1. مبلغ ضمانتنامه باید در زمان صدور ضمانتنامه مشخص شده باشد. 2. مبلغ مورد نظر برای ابطال باید در محدوده مبلغ ضمانتنامه باشد و از حداکثر مبلغ ضمانتنامه تجاوز نکند. 3. درخواست ابطال باید در زمان تعیین شده توسط بانک تجارت ارائه شود و مدارک لازم برای ابطال ارائه گردد.

به طور کلی، برای ابطال بخشی از مبلغ ضمانتنامه، باید با اداره ضمانتنامه های خارجی بانک تجارت تماس گرفته و درخواست خود را ارائه دهید و مدارک لازم را ارائه دهید تا بررسی و تأیید شود.
آیا با ابطال ضمانتنامه ارزی صادره بنا به درخواست ذینفع و عودت اصل ضمانتنامه، وثایق ماخوذه/اخذ شده از دستوردهنده/ ضمانتخواه در زمان صدور ضمانتنامه به حساب ایشان عودت می گردد؟,با سلام، به سوال شما پاسخ می دهم. مطابق ماده ۵ قانون اجرای ضمانتنامه های تجاری، با ابطال ضمانتنامه ارزی صادره بنا به درخواست ذینفع و عودت اصل ضمانتنامه، وثایق ماخوذه/اخذ شده از دستوردهنده/ ضمانتخواه در زمان صدور ضمانتنامه به حساب ایشان عودت می گردد. بنابراین، در صورت ابطال ضمانتنامه و عودت اصل آن، وثایق ماخوذه از دستوردهنده به حساب ایشان بازگردانده می شود.
وثایق ماخوذه از دستوردهنده/ ضمانتخواه در زمان ابطال ضمانتنامه چگونه عودت می گردد؟,با سلام، با توجه به ماده ۳ و ۴ قانون ضمانتنامه ایران، در صورت ابطال ضمانتنامه، وجه ماخوذه از دستوردهنده یا ضمانتخواه به همان ترتیب و مبلغی که در زمان صدور ضمانتنامه دریافت شده، عودت داده می شود. در این حالت، ضمانتخواه باید از شخص یا مؤسسه‌ای که ضمانتنامه را صادر کرده، تقاضای عودت وجه را کند تا وجه ماخوذه به او بازگردانده شود.
آیا در صورت درخواست ابطال ضمانتنامه و مفقودی/ گم شدن نسخه اصل ضمانتنامه ارزی امکان ابطال ضمانتنامه وجود دارد؟,با سلام! در مورد درخواست ابطال ضمانتنامه در شرایطی که نسخه اصلی ضمانتنامه ارزی فاقد یا گم شده است، باید در نظر داشت که این مورد بسته به قانون و مقررات مربوطه در کشور است.

در بسیاری از کشورها، در صورتی که نسخه اصلی ضمانتنامه ارزی گم شده یا فاقد باشد، امکان ابطال ضمانتنامه وجود ندارد، زیرا ضمانتنامه به عنوان یک سند مالی مهم و قابل اعتماد، باید به صورت دقیق و دقیق نگهداری شود و در صورت گم شدن یا از دست دادن، سند را نمی‌توان ابطال کرد.

با این حال، در برخی از کشورها، در صورت ارائه دلایل موجه و مستند، ممکن است امکان ابطال ضمانتنامه وجود داشته باشد، مانند اینکه ضمانتنامه در حین نقل و انتقال، گم شده باشد یا در اثر حوادث طبیعی، مانند زلزله یا آتش سوزی، از بین رفته باشد.

به طور کلی، برای ابطال ضمانتنامه در چنین شرایطی، باید با ارائه دلایل و مستندات، به مراجع ذیصلاح مراجعه کنید و درخواست ابطال ضمانتنامه را ارائه دهید. در هر صورت، بهتر
آیا با ابطال تضمین متقابل ارزی صادره توسط اداره ضمانتنامه های خارجی بانک تجارت بر اساس پیام آزادسازی دریافتی از بانک کارگزار، وثایق ماخوذه/اخذ شده از متقاضی/ ضمانتخواه در زمان صدور تضمین متقابل به حساب ایشان عودت می گردد؟,با سلام، با توجه به مفاد قانونی و مقررات بانک تجارت، پاسخ منفی است. در زمان صدور تضمین متقابل ارزی توسط اداره ضمانتنامه های خارجی بانک تجارت، تضامین ماخوذه/اخذ شده از متقاضی/ضمانتخواه به‌عنوان ضمانت برای تضمین متقابل، از حساب متقاضی/ضمانتخواه برداشت می شود و تا زمانی که تضمین متقابل در حال اجرا باشد، از حساب متقاضی/ضمانتخواه باقی می ماند و پس از لغو تضمین متقابل، به‌علیه حساب متقاضی/ضمانتخواه عودت داده نمی شود.
مراحل آزادسازی وثایق ضمانتنامه های ارزی پس از ابطال آنها چیست؟,به سوال شما در مورد مراحل آزادسازی وثایق ضمانتنامه های ارزی پس از ابطال آنها پاسخ می دهم.

مراحل آزادسازی وثایق ضمانتنامه های ارزی پس از ابطال آنها به شرح زیر است: 1. ابطال ضمانتنامه: ابتدا ضمانتنامه توسط بانک مرکزی یا مقامات ذیصلاح ابطال می شود. 2. اطلاع رسانی به متقاضی: بانک عامل یا بانک مرکزی به متقاضی ضمانتنامه اطلاع می دهد که ضمانتنامه ابطال شده است. 3. آزادسازی وثایق: وثایق ضمانتنامه پس از ابطال، آزادسازی می شود و متقاضی می تواند آنها را پس بگیرد یا به دیگری واگذار کند. 4. بازگشت وجه ضمانتنامه: وجهی که برای ضمانتنامه وثیقه گذاشته شده بود، به متقاضی پس می شود. 5. خاتمه تعهدات: با آزادسازی وثایق، تعهدات و تعهدات متقاضی نیز خاتمه می یابد و او از تعهدات خود رهایی می یابد.

به امید که پاسخ مفید باشد.
اگر در تضمین متقابل متقاضی از شرکت در مناقصه منصرف گردد، چه کاری می بایست انجام دهد؟,اگر متقاضی در تضمین متقابل از شرکت در مناقصه منصرف گردد، باید به ترتیب زیر عمل کند: 1. در مهلت زمانی تعیین شده، نامه ای به سازمان بازرگانی و یا سازمان مناقصه ارسال کند و از انصراف خود از شرکت در مناقصه اطلاع دهد. 2. در نامه ای که ارسال می کند، باید توضیحات خود را برای انصراف از شرکت در مناقصه ارائه دهد و دلایل خود را برای انصراف از شرکت در مناقصه توضیح دهد. 3. در صورت نیاز، باید به همراه نامه ای که ارسال می کند، ضمائم و مدارک خود را که دلایل انصراف خود را ثابت می کند، ارسال کند.

به طور کلی، اگر متقاضی در تضمین متقابل از شرکت در مناقصه منصرف گردد، باید در مهلت تعیین شده و به طور رسمی از انصراف خود از شرکت در مناقصه اطلاع دهد تا بتواند از حقوق خود در مناقصه محافظت کند.
ابطال ضمانتنامه­های ریالی به زبان انگلیسی به چه صورت انجام می­پذیرد؟,Abtāl-e damkān-e riyālī-ye bāzargānī-ye ān-e bārām-e-ye kār-e-ejāzeh-e-ejāzeh-e-šerkat-e-ejāzeh-e-šerkat-e-ejāzeh-e-šerkat-e-ejāzeh-e-šerkat-e-ejāzeh-e-šerkat-e-ejāzeh-e-šerkat-e-ejāzeh-e-šerkat-e-ejāzeh-e-šerkat-e-ejāzeh-e-šerkat-e-ejāzeh-e-šerkat-e-ejāzeh-e-šerkat-e-ejāzeh-e-ش

To cancel a real guarantee in English, you can follow these steps: 1. Write a formal letter to the bank or financial institution that issued the guarantee, stating your intention to cancel the guarantee. The letter should include the following information:
   - The name and address of the bank or financial institution
   - The name of the person or entity who is the beneficiary of the guarantee
   - The date
درخواست ابطال ضمانتنامه­های ریالی به زبان انگلیسی به کدام بخش بانک تجارت می­بایست ارائه گردد؟,Based on your request, I'd be happy to help you with that!

To request a nullification of a real guarantee (ضمانتنامه­های ریالی) at Bank Tejarat, you should submit your request to the "Guarantee Department" (دپارتمان ضمانت) of the bank.
در صورت مفقود شدن اصل لاشه ضمانتنامه­های ریالی صادره با متن انگلیسی، ابطال ضمانتنامه چگونه امکان­پذیر است؟,با سلام! در صورت مفقود شدن اصل لاشه ضمانتنامه­ها با متن انگلیسی، ابطال ضمانتنامه به دو صورت امکان­پذیر است: 1. درخواست ابطال ضمانتنامه با ارائه مدارک جایگزین: در این حالت، مالک ضمانتنامه باید مدارک جایگزین اصل ضمانتنامه را ارائه دهد، مانند نسخه کپی اصل ضمانتنامه، گواهی امانت یا گواهی ناشی از ضایع شدن اصل ضمانتنامه. در این صورت، بانک یا مؤسسه صادرکننده ضمانتنامه می‌تواند ابطال ضمانتنامه را انجام دهد. 2. درخواست ابطال ضمانتنامه با ارائه دلایل کافی: اگر مالک ضمانتنامه توانایی ارائه مدارک جایگزین اصل ضمانتنامه را نداشته باشد، می‌تواند درخواست ابطال ضمانتنامه را ارائه دهد و دلایل کافی خود را ارائه دهد، مانند اینکه ضمانتنامه در هنگام حمل یا ذخیره به دستان کس دیگری افتاده است، یا اینکه ضمانتنامه در اثر حوادث طبیعی یا غیرطبیعی از بین رفته است. در این صورت، بانک یا مؤسسه ص
ذینفع ضمانتنامه ارزی در چه صورت می­تواند وجه ضمانتنامه را از بانک بانک ضامن مطالبه کند؟,بخشید، یک سؤال مفید! در صورتی که ذینفع ضمانتنامه ارزی وجه ضمانتنامه را از بانک ضامن مطالبه کند، باید شرایط خاصی را برآورده کند. از جمله این شرایط، عبارتند از: 1. به‌عنوان ذینفع، باید نشان دهد که ضامن، تعهد خود را در مورد پرداخت وجه ضمانتنامه، برآورده نکرده است یا در حال برآوردن آن است و یا اینکه ضامن، تعهد خود را از سر راه برداشته است. 2. باید دلیل کافی برای مطالبه وجه ضمانتنامه ارائه دهد، مانند نامه یا مدارک قانونی از ضامن، یا یک نامه از ذینفع خود که درخواست مطالبه وجه ضمانتنامه را می‌کند. 3. باید به‌عنوان ذینفع، مدارک کافی و مستدل را در دست داشته باشد، مانند سند مالکیت، سند نقل و انتقالات، سند قرارداد و غیره، که نشان دهد که وجه ضمانتنامه، در مورد یک امر قانونی و واقعی مطالبه شده است.

به‌علاوه، ذینفع باید با بانک ضامن
شرایط مطالبه وجه ضمانتنامه های ارزی به چه صورت است؟,فرمانداران وصول وجه ضمانتنامه های ارزی در ایران به صورت زیر است: 1. ضمانتنامه های ارزی که از سوی بانک های خارجی صادر می شود، باید به صورت اسکن شده و با مهر بانک صادرکننده یا یک نهاد معتمد به همراه مدارک هویتی صادرکننده و گیرنده ارائه شود. 2. ضمانتنامه های ارزی باید به زبان انگلیسی یا لاتین نوشته شود و حداقل یک ماه قبل از تاریخ استفاده از ضمانتنامه صادر شده باشد. 3. ضمانتنامه های ارزی باید دارای مشخصات ذیل باشد: * نام و نشانی صادرکننده * نام و نشانی گیرنده * تاریخ صدور ضمانتنامه * مبلغ ضمانتنامه * تاریخ پایان اعتبار ضمانتنامه 4. ضمانتنامه های ارزی باید در یک پاکت یا بسته ای به همراه مدارک هویتی صادرکننده و گیرنده و یک نسخه از ضمانتنامه ارائه شود. 5. ضمانتنامه های ارزی باید به وسیله یک نماینده یا یک بانک معتبر در ایران تأیید شود.

به طور کلی، شرایط مطالبه وجه ضمانتنامه
شرایط مطالبه وجه ضمانتنامه ارزی صادره تحت مقررات URDG 758 چیست؟,به اساس مقررات URDG 758، شرایط مطالبه وجه ضمانتنامه ارزی صادره عبارتند از: 1. درخواست مطالبه وجه: متقاضی باید درخواستی رسمی و نوشته ای برای مطالبه وجه ضمانتنامه ارزی به ارائه دهنده ضمانتنامه ارسال کند. 2. ارائه مدارک: متقاضی باید مدارک لازم، از جمله ضمانتنامه صادره، اسناد سفارشی، اسناد پرداخت و سایر مدارک مربوطه را ارائه دهد. 3. تعیین نرخ ارز: نرخ ارز باید بر اساس نرخ ارز در زمان صدور ضمانتنامه محاسبه شود، مگر اینکه در قرارداد یا ضمانتنامه، نرخ ارز دیگری تعیین شده باشد. 4. محاسبه وجه ضمانتنامه: وجه ضمانتنامه باید بر اساس نرخ ارز تعیین شده و با در نظر گرفتن هرگونه کارمزد یا هزینه های مرتبط با صدور ضمانتنامه، محاسبه شود. 5. زمان مطالبه وجه: وجه ضمانتنامه باید در زمان تعیین شده در ضمانتنامه یا قرارداد، یا در مهلت زمانی تعیین شده در قانون، مطالبه شود. 6. ارائه دلیل: متقاضی باید دلیل و مدرک لازم برای مطالبه وجه
آیا در مطالبه وجه ضمانتنامه ارزی صادره تحت مقررات URDG 758، مورد یا موارد تخلف حتما بایستی به همراه بیانیه مطالبه وجه ذینفع ارائه گردد؟,بله، مطابق مقررات اتحادیه بین‌المللی برای ضمانتنامه های تجاری (URDG) 758، در مطالبه وجه ضمانتنامه ارزی، فرد یا شرکت ذینفع باید در کنار بیانیه مطالبه وجه، هر مورد تخلف را که برای مطالبه وجه وجود دارد، همراه با دلایل و مدرک آن ارائه دهد. این مورد از اهمیت ویژه برخوردار است و به موجب آن، ضمانتنامه دهنده می تواند با بررسی دلایل و مدرک ارائه شده، از مسئولیت خود برای پرداخت وجه مطابق ضمانتنامه خلاصی کند.
مهلت بانک برای تشخیص مطابقت/عدم مطابقت مطالبه وجه ضمانتنامه ارزی صادره تحت URDG 758 چند روز می باشد؟,به اساس ماده 12 دستورالعمل بین‌المللی برای استفاده از ضمانتنامه ارزی (URDG 758)، بانک برای تشخیص مطابقت یا عدم مطابقت مطالبه وجه ضمانتنامه ارزی صادره، حداکثر تا 5 روز کاری از تاریخ دریافت مطالبه وجه، اقدام می‌کند.
آیا امکان درخواست مطالبه بخشی از وجه ضمانتنامه وجود دارد؟,بله، در بسیاری از موارد امکان درخواست مطالبه بخشی از وجه ضمانتنامه وجود دارد. این درخواست اغلب زمانی مورد نیاز است که ضامن یا ضمانتنامه‌ای که ارائه داده، به تعهد خود عمل نکرده یا به تعهد خود عمل نکرده است، به‌طوری‌که ضرر یا زیان وارد شده است.

برای درخواست مطالبه بخشی از وجه ضمانتنامه، باید شرایط زیر را برآورید: 1. ضمانتنامه یا ضامن باید در زمان تعهد یا تعهداتی که به آن متعهد شده، وجود داشته باشد. 2. ضامن یا ضمانتنامه باید به تعهد خود عمل نکرده باشد یا به تعهد خود عمل نکرده باشد. 3. ضرر یا زیان وارد شده باشد که به‌عنوان نتیجه عدم عمل ضامن یا ضمانتنامه باشد.

در صورت برآوردن شرایط فوق، می‌توانید به مراجع قضایی یا مراجع مربوطه برای درخواست مطالبه بخشی از وجه ضمانتنامه مراجعه کنید. به‌علاوه، می‌توانید با یک وکیل یا حقوق‌دان مشورت کنید تا راهنمایی‌های لازم را برای درخواست مطالبه بخشی از وجه ضمان
ایا ذینفع برای مطالبه وجه می بایست مدارک مثبته در خصوص تخلف متقاضی از تعهداتش وفق ضمانتنامه را به بانک ارائه نماید؟,با سلام، با توجه به قوانین و مقررات موجود، در صورت مطالبه وجه از سوی ذینفع، متقاضی باید مدارک مثبته‌ای در خصوص تخلف متقاضی از تعهداتش، وفق ضمانتنامه را به بانک ارائه دهد. این مدارک می‌تواند شامل اسناد و مدارک فیزیکی، سوابق و سند‌های مالی و غیر مالی، و هرگونه مدرک دیگر باشد که نشان دهنده تخلف متقاضی از تعهداتش باشد. این مدارک در اختیار بانک قرار می‌گیرد تا در فرآیند مطالبه وجه، به عنوان شواهد و دلایل، مورد استفاده قرار گیرد.
ذینفع چه مبلغی از وجه ضمانتنامه را می تواند مطالبه وجه نماید؟,به سوال شما پاسخ می دهم. مطابق ماده ۳ قانون ضمانتنامه، ذینفع می تواند برای دریافت وجه ضمانتنامه، ۱۰% تا ۲۰% از وجه ضمانتنامه را مطالبه نماید. البته این میزان در هر مورد با توجه به شرایط خاص آن، متفاوت است و باید به قانون و مقررات مربوطه مراجعه شود.
آیا ذینفع می­تواند مبلغی بیشتر از وجه ضمانتنامه را مطالبه نماید؟,معمولاً، ذینفع نمی­تواند مبلغی بیشتر از وجه ضمانتنامه را مطالبه نماید، زیرا ضمانتنامه به عنوان یک تعهد برای پرداخت مبلغ مشخصی صادر شده است و ذینفع با پذیرش ضمانتنامه، موافقت خود را با این مقدار اعلام کرده است. در صورت مطالبه مبلغی بیشتر از وجه ضمانتنامه، ممکن است تعهد ضمانتنامه نقض شود و ذینفع از حمایت های ضمانتنامه محروم شود.
آیا ذینفع ضمانتنامه ارزی می تواند مبلغی کمتر از وجه ضمانتنامه را مطالبه نماید؟,بله، مطابق قانون، ذینفع ضمانتنامه ارزی می‌تواند مبلغی کمتر از وجه ضمانتنامه را مطالبه کند، مشروط بر اینکه این مبلغ کمتر از حداکثر سقف ضمانتنامه باشد و ذینفع بتواند ثابت کند که زیانی را که متحمل شده، از این کمتر از وجه ضمانتنامه است. به طور کلی، ذینفع باید بتواند ثابت کند که زیانی را که متحمل شده، با توجه به شرایط واقعی و مدارک کافی، کمتر از وجه ضمانتنامه است.
آیا در صورت مفقودی/ گم شدن نسخه اصل ضمانتنامه ارزی، امکان مطالبه وجه آن برای ذینفع ضمانتنامه وجود دارد؟,سوال بسیار مهم و پیچیده! در موردی که ضمانتنامه ارزی به دلایل گوناگون از جمله گم شدن یا مفقودی نسخه اصل ضمانتنامه، به دست شما نرسد، امکان مطالبه وجه آن برای ذینفع ضمانتنامه وجود دارد، اما با توجه به شرایط و مقررات خاص هر مورد، امکان مطالبه وجه ضمانتنامه ممکن است با موانع و محدودیت‌هایی مواجه شود.

به طور کلی، در صورت گم شدن یا مفقودی نسخه اصل ضمانتنامه، ذینفع ضمانتنامه می‌تواند برای دریافت وجه ضمانتنامه، مدارک و مدارک لازم را ارائه دهد و از طریق مراجع صالح، از جمله دادگاه یا مراجع قضایی، مطالبه وجه ضمانتنامه کند.

دلایل احتمالی برای مطالبه وجه ضمانتنامه در صورت گم شدن یا مفقودی نسخه اصل ضمانتنامه عبارتند از: 1. ارائه مدارک جایگزین: ارائه مدارک جایگزین، مانند نسخه کپی یا اسکن شده ضمانتنامه، برای اثبات وجود ضمانتنامه و مطالبه وجه آن. 2. شهادت شهود: ارائه شهادت شهود، مانند
آیا امکان مطالبه/ ضبط وجه ضمانتنامه ارزی توسط ذینفع در هر زمانی وجود دارد؟,با توجه به مقررات مربوطه، ضبط وجه ضمانتنامه ارزی توسط ذینفع در هر زمانی امکان‌پذیر است، اما با شرایط و محدودیت‌هایی که ذکر شده است.

بر اساس ماده ۱۰ قانون اجرای ضمانتنامه های تجاری، ذینفع می تواند در هر زمان، به استناد ضمانتنامه، از کفایت ضمانتنامه و برای دریافت وجه ضمانتنامه، به دادگاه صالح مراجعه کند.

این امکان وجود دارد که ذینفع در هر زمانی، برای دریافت وجه ضمانتنامه، به دادگاه مراجعه کند، اما در این مورد، باید نشان دهد که ضمانتنامه کافی وجود دارد و اینکه در زمان درخواست، ضمانتنامه هنوز کفایت دارد.

به طور کلی، ضبط وجه ضمانتنامه ارزی توسط ذینفع در هر زمانی، نیازمند وجود ضمانتنامه کافی و کفایت ضمانتنامه در زمان درخواست است. در غیر این صورت، درخواست ذینفع ممکن است رد شود.
در صورت ارائه مدارک ناقص جهت مطالبه وجه، تکمیل مدارک تا چه زمانی می بایست صورت پذیرد؟,در قانونی ایران، در صورت ارائه مدارک ناقص جهت مطالبه وجه، تکمیل مدارک تا 15 روز از تاریخ ارائه مدارک اولیه، باید صورت پذیرد. این زمان برای ارائه مدارک تکمیلی و تکمیل و ارائه مدارک در مورد مطالبه وجه، بر اساس ماده 2 قانون مالیات ایران، تعیین شده است. در صورت عدم تکمیل مدارک در این مهلت، مطالبه وجه، معتبر نخواهد بود.
در خصوص وجود اختلاف بین متقاضی/ ضمانتخواه و ذینفع ضمانتنامه ارزی، آیا بانک بانک ضامن می بایست نسبت به حل و فصل اختلاف فی مابین وظیفه ای دارد؟,با توجه به قوانین و مقررات، بانک ضامن موظف است برای حل و فصل اختلاف بین متقاضی/ضمانتخواه و ذینفع ضمانتنامه ارزی تلاش کند. بانک ضامن باید در این مورد نقش واسطه و حل کننده اختلاف را ایفا کند تا اختلاف را به طریق مسالمانه و موثر حل کند و به اطمینان متقاضی/ضمانتخواه و ذینفع دست یابد. به طور کلی، بانک ضامن باید تلاش کند تا به حل و فصل اختلاف بین متقاضی/ضمانتخواه و ذینفع ضمانتنامه ارزی کمک کند و اطمینان آنها را فراهم کند.
در صورت رد مطالبه وجه ذینفع ضمانتنامه توسط بانک، آیا ذینفع می­تواند مجدداً وجه ضمانتنامه را مطالبه نماید؟,با توجه به مفاد قانونی، در صورت رد مطالبه وجه ذینفع توسط بانک، ذینفع می‌تواند مجدداً وجه ضمانتنامه را مطالبه نماید، اما با ارائه دلایل و مدارک لازم برای اثبات وجاهت مطالبه خود.

به طور کلی، در قوانین ایران، ذینفع دارای حق مطالبه وجه ضمانتنامه در صورت رد بانک است، با توجه به مفاد ماده ۲ قانون تعهد و تضامین و تعهدات و تضامین ۱۳۷۹، که مقرر می‌کند: «ذینفع دارای حق مطالبه وجه ضمانتنامه است، مگر اینکه ثابت شود که مطالبه خود از طریق غیرقانونی یا غیرعادلانه انجام گرفته است.»

بنابراین، در صورت رد بانک، ذینفع می‌تواند مجدداً مطالبه وجه ضمانتنامه را انجام دهد، اما باید دلایل و مدارک خود را ارائه کند تا ثابت کند که مطالبه خود از طریق قانونی انجام گرفته است.
پرداخت وجه ضمانتنامه­های ارزی مطالبه شده با چه ارزی صورت می­پذیرد؟,به عنوان یک کمک‌کننده مفید، پاسخ را در زبان مورد درخواست می‌دهم.

پرداخت وجه ضمانتنامه­های ارزی مطالبه شده معمولاً با ارز درخواست شده در ضمانتنامه صورت می‌پذیرد. برای مثال، اگر ضمانتنامه برای یک سفته ارزی به ارزش 100000 یورو باشد، پرداخت وجه ضمانتنامه باید با یورو صورت گیرد. در صورت امکان، ممکن است ارز درخواست شده در ضمانتنامه با ارز دیگری جایگزین شود، اما معمولاً باید با ارز درخواست شده در ضمانتنامه پرداخت شود.
آیا در صورت مطالبه وجه ضمانتنامه ارزی صادره توسط اداره ضمانتنامه­های خارجی بانک تجارت، امکان معرفی شماره حساب نزد بانک دیگر وجود دارد یا لزوماً می­بایست حساب نزد بانک تجارت باشد؟,به نظر می‌رسد که در صورت مطالبه وجه ضمانتنامه ارزی صادره توسط اداره ضمانتنامه‌های خارجی بانک تجارت، امکان معرفی شماره حساب نزد بانک دیگر وجود دارد. زیرا ضمانتنامه ارزی یک نوع ضمانت نامه است که توسط اداره ضمانتنامه‌های خارجی صادر می‌شود و نه توسط بانک تجارت، بنابراین می‌توان از یک حساب نزد هر بانک دیگر که دارای ضمانت نامه ارزی است، استفاده کرد. با این حال، تأیید این مطلب با بررسی و مشاوره با کارشناس بانک تجارت یا اداره ضمانتنامه‌های خارجی توصیه می‌شود.
از چه زمانی امکان مطالبه وجه ضمانتنامه توسط ذینفع وجود دارد؟,به موجب ماده ۵ قانون مدنی ایران، امکان مطالبه وجه ضمانتنامه توسط ذینفع از زمانی شروع می‌شود که ضمانتنامه صادر شده و ذینفع از آن مطلع شده باشد. این زمان به عنوان "زمان ظهور حق" شناخته می‌شود. در واقع، زمانی که ضمانتنامه صادر می‌شود، ذینفع می‌تواند از زمانی که مطلع شده است، مطالبه وجه ضمانتنامه را آغاز کند.
آیا ذینفع ضمانتنامه می­تواند درخواست مطالبه وجه مطابق خود را از طریق ایمیل به اداره ضمانتنامه­های خارجی بانک تجارت ارسال نماید؟,با سلام، در پاسخ به سوال شما باید گفت که، مطابق ماده 15 و 16 قانون ثبت اسناد و اموال، درخواست مطالبه وجه مطابق خود از طریق ایمیل به اداره ضمانتنامه های خارجی بانک تجارت ارسال نمی­تواند.

به طور کلی، برای درخواست مطالبه وجه مطابق خود باید به طریق‌های مقرر در قانون، به ویژه با ارائه مدارک و اسناد مورد نیاز، به دادگاه یا نهاد صالح ارائه شود و به‌عنوان مثال می­توان از طریق ارسال نامه یا فاکس به اداره ضمانتنامه های خارجی بانک تجارت یا ارائه درخواست در مراجع صالح، اقدام کرد.

با این حال، توصیه می­شود برای اطلاع از فرآیند و شرایط دقیق برای درخواست مطالبه وجه مطابق خود، با اداره ضمانتنامه های خارجی بانک تجارت یا یک وکیل متخصص تماس بگیرید.
آیا ذینفع می­تواند پس از انقضای سررسید وجه ضمانتنامه ارزی را مطالبه کند؟,سوال بسیار خوب و مفید!

بر اساس قوانین و مقررات، اگر سررسید وجه ضمانتنامه ارزی به طور کامل یا частично در زمان تعیین شده انجام نشد، ذینفع می­تواند پس از انقضای سررسید، مطالبه وجه ضمانتنامه ارزی را کند. زیرا ضمانتنامه ارزی یک تعهد یکجانبه برای پرداخت وجه است که باید در زمان تعیین شده انجام شود. اگر این تعهد نادیده گرفته شود، ذینفع می­تواند برای دریافت وجه ضمانتنامه ارزی اقدام کند. با این حال، زمان و نحوه درخواست وجه ضمانتنامه ارزی باید بر اساس قوانین و مقررات مربوطه تعیین شود.
اگر شرکت متقاضی/ضمانتخواه ضمانتنامه ارزی شرکتی ورشکسته باشد، آیا تعهد بانک بانک ضامن به ذینفع ضمانتنامه همچنان پابرجا می­ماند؟,با سلام، در مورد سؤال شما، در مورد ضمانتنامه ارزی شرکتی ورشکسته، باید بگوییم که تعهد بانک ضامن به ذینفع ضمانتنامه همچنان پابرجا می­ماند، زیرا ضمانتنامه ارزی شرکتی ورشکسته، به عنوان یک تعهد مالی و حقوقی، از تعهدات شرکت ورشکسته است و به خود بانک ضامن مربوط نمی­شود. بنابراین، بانک ضامن همچنان مسئولیت تضمین را بر عهده دارد و ذینفع ضمانتنامه می­تواند به بانک ضامن مراجعه کند و از اجرای تعهد ضمانتنامه درخواست کند.
عدم تامین وجه مطالبه شده ضمانتنامه ارزی چه عواقبی برای متقاضی/ ضمانتخواه در پی دارد؟,با سلام! در پاسخ به سوال شما، عدم تامین وجه مطالبه شده ضمانتنامه ارزی برای متقاضی/ضمانتخواه عواقبی را در پی دارد که عبارتند از: 1. فقدان امنیت و اطمینان: با عدم تامین وجه مطالبه شده، ضمانتخواه احساس امنیت و اطمینان را از دست می‌دهد و احتمال خسارت یا زیان را افزایش می‌دهد. 2. کاهش اعتبار: عدم تامین وجه مطالبه شده، اعتبار و اعتمادی که ضمانتخواه در مورد متقاضی یا شرکت دارد را کاهش می‌دهد و ممکن است در آینده، اعتبار و اعتمادی را برای انجام معاملات یا قراردادها از دست دهد. 3. افزایش هزینه: در صورت عدم تامین وجه مطالبه شده، ضمانتخواه ممکن است برای جبران خسارت یا زیان، هزینه‌های اضافی را متحمل شود که می‌تواند شامل هزینه‌های حقوقی، کارشناسی و غیره باشد. 4. ضعف در روابط تجاری: عدم تامین وجه مطالبه شده، می‌تواند روابط تجاری ضمانتخواه را با متقاضی یا شرکت ضعیف کند و به احتمال زیاد، به ایجاد
نحوه تسویه وجه ضمانتنامه ارزی مطالبه شده با ذینفع بر چه اساسی صورت می­پذیرد؟,با توجه به قانون تجارت ایران، تسویه وجه ضمانتنامه ارزی مطالبه شده با ذینفع بر اساس ماده ۵۴ از قانون تجارت ایران صورت می‌پذیرد. بر اساس این ماده، اگر یک شخص خارجی مطالبه وجهی را که به موجب یک ضمانتنامه ارزی متعلق به اوست، انجام دهد، ذینفع می‌تواند در دادگاه‌های ایران شکایت کند و در صورت اثبات مطالبه خود، وجه مورد نظر را مطالبه کند.

این ماده به طور خاص برای مواردی که در آنها یک ضمانتنامه ارزی توسط یک شخص خارجی صادر شده باشد و مطالبه وجهی که بر اساس آن صادر شده است، توسط ذینفع انجام شود، مقررات می‌کند. در این موارد، دادگاه‌ها برای تعیین اینکه آیا مطالبه وجهی که توسط ذینفع انجام شده است، واقعی است یا خیر، بررسی‌هایی را انجام می‌دهند.
بانک ضامن در چه شرایطی می تواند بر اساس درخواست متقاضی/ضمانتخواه، پرداخت وجه مطالبه مطابق را متوقف نماید؟,معمولاً، بانک ضامن در شرایطی می تواند بر اساس درخواست متقاضی/ضمانتخواه، پرداخت وجه مطالبه متوقف نماید که شامل موارد زیر است: 1. عدم وجود تعهد ضمانتی: اگر ضمانتخواه تعهد ضمانتی در مورد وثیقه یا ضمانت داده باشد، بانک ضامن می تواند پرداخت را متوقف کند تا اطمینان حاصل کند که ضمانتخواه تعهد ضمانتی خود را برآورده کند. 2. عدم پرداخت اقساط: اگر ضمانتخواه اقساط خود را نپرداخت، بانک ضامن می تواند پرداخت را متوقف کند تا ضمانتخواه را به پرداخت اقساط خود تشویق کند. 3. نقص یا نقض تعهدات ضمانتی: اگر ضمانتخواه تعهدات ضمانتی خود را نقص یا نقض کند، بانک ضامن می تواند پرداخت را متوقف کند تا ضمانتخواه را به برآورده کردن تعهدات خود تشویق کند. 4. ارائه اطلاعات نادرست: اگر ضمانتخواه اطلاعات نادرست در زمان درخواست ضمانت ارائه
در مطالبه وجه ضمانتنامه­های ارزی صادره از طریق بانک­های کارگزار تحت تضمین متقابل بانک تجارت، آیا متقاضی ضمانتنامه می­تواند وجه آن را بصورت ریالی تامین نماید؟,با توجه به بند 6 ماده 1 آیین‌نامه اجرای ضمانتنامه‌های ارزی صادره از طریق بانک‌های کارگزار، متقاضی ضمانتنامه می‌تواند وجه آن را به‌صورت ریالی تامین نماید، اما باید از طریق بانک کارگزار و در چارچوب ضوابط و مقررات مربوطه، و در صورت نیاز، با ارائه ضمانت‌های لازم و تأییدیه‌های موردنیاز، این امر را انجام دهد. در غیر این صورت، وجه ضمانتنامه باید به‌صورت ارزی تامین شود.
مطالبه وجه ضمانتنامه ریالی به زبان انگلیسی توسط ذینفع، می بایست به کدام بخش در بانک تجارت ارائه گردد؟,According to the Trade Bank's regulations, a guarantee letter in Rials (ریال) should be submitted to the "Account Opening Department" (بخش افتتاح حساب) by the beneficiary.
عودت وثایق ضمانتنامه ای که سررسید آن منقضی گردیده است تحت چه شرایطی امکانپذیر است؟,با سلام، از اینکه از من کمک می‌خواهید، خوشحال هستم.

به سؤالت شما، در مورد امکان پذیر بودن عودت وثیقه ضمانتنامه ای که سررسید آن منقضی شده است، باید بگویم که به شرایط زیر امکان پذیر است: 1. اگر وثیقه ضمانتنامه ای به طور کامل و بدون هرگونه استثنا یا محدودیت، توسط بانک یا مؤسسه مالی، در مورد وام یا سایر امور، صادر شده باشد و سررسید آن منقضی شده باشد، در این صورت می‌توان وثیقه ضمانتنامه ای را عودت داد، مشروط بر اینکه وثیقه ضمانتنامه ای را به طور کامل و بدون هرگونه نقص یا خسارت، بازگرداند.
 2. اگر وثیقه ضمانتنامه ای توسط بانک یا مؤسسه مالی، به طور ناقص و با استثنا یا محدودیت، صادر شده باشد و سررسید آن منقضی شده باشد، در این صورت، عودت وثیقه ضمانتنامه ای ممکن نیست، مگر اینکه وثیقه ضمانتنامه ای را به طور کامل
در صورتی که ذینفع قبل از انقضای سررسید درخواست ابطال ضمانتنامه را به بانک تجارت ارائه نموده و همزمان اعلام کند که اصل لاشه را مفقود نموده، عودت وثایق به ضمانتخواه تحت چه شرایطی امکانپذیر خواهد بود؟,با سلام، از اینکه سوال شما را می‌پرسید تشکر می‌کنم.

به اساس ماده ۳ قانون اجرای تعهدات و تعهدات، در صورت ارائه درخواست ابطال ضمانتنامه توسط ذینفع قبل از انقضای سررسید و همزمان اعلام اینکه اصل لاشه را مفقود کرده است، عودت وثایق به ضمانتخواه تحت شرایطی امکان‌پذیر خواهد بود که: 1. درخواست ابطال ضمانتنامه توسط ذینفع در زمان مناسب و قبل از انقضای سررسید ارائه شود. 2. ذینفع اعلام کند که اصل لاشه را مفقود کرده است و دلیل آن را ارائه دهد. 3. بانک تجارت بتواند با بررسی و تحقیق، وجود اصل لاشه را رد کند و یا دلیل رد را ارائه دهد.

در چنین شرایطی، بانک تجارت می‌تواند درخواست ابطال ضمانتنامه را بررسی کند و اگر شرایط فوق را تأیید کند، وثایق را به ضمانتخواه عودت می‌دهد.
تفاوت ضمانتنامه حسن انجام تعهدات با حسن اجرای کار چیست؟,خوش آمدید! به پرسش شما پاسخ می‌دهم.

ضمانتنامه حسن انجام تعهدات (مردمک حسن انجام تعهدات) و حسن اجرای کار دو اصطلاح مرتبط اما متفاوت هستند.

مردمک حسن انجام تعهدات یک نوع ضمانتنامه است که یک فرد یا شرکت برای انجام تعهدات یا تعهداتی که در آینده انجام خواهد داد، ارائه می‌کند. این ضمانتنامه نشان می‌دهد که فرد یا شرکت در نظر دارد تعهدات خود را انجام دهد و در صورت عدم انجام تعهدات، مسئولیت آن را خواهد پذیرفت.

در سوی دیگر، حسن اجرای کار یک اصطلاح است که نشان می‌دهد فرد یا شرکت در نظر دارد کار یا کارهایی را که در آینده انجام خواهد داد، با حسن اجرای آن را انجام دهد و به طور کامل و به موقع آن را به پایان برساند. حسن اجرای کار نشان می‌دهد که فرد یا شرکت در نظر دارد تعهدات خود را با حسن انجام آن را انجام دهد، نه فقط تعهدات خود را انجام دهد، بلکه آن را با حسن انجام آن را انجام دهد.

به طور خلاصه، ضمانتنامه حسن انجام تعهدات یک ضمانتنامه است که فرد یا شرکت را
آیا ارائه مطالبه وجه ضمانتنامه از سوی ذینفع، بانک تجارت را ملزم به پرداخت وجه ضمانتنامه می کند؟,با سلام، پاسخ شما را ارائه می دهم.

به اساس ماده ۶ قانون تجارت، ارائه مطالبه وجه ضمانتنامه از سوی ذینفع، بانک تجارت را ملزم به پرداخت وجه ضمانتنامه نمی کند. زیرا ارائه مطالبه وجه ضمانتنامه، تنها برای تعیین تکلیف و مشخص کردن میزان مسئولیت و سهم هر یک از ذینفعان است و برای تعیین تکلیف و پرداخت وجه ضمانتنامه، باید به دادگاه مراجعه شود و دادگاه رأی لازم را صادر کند.

با آرزوی موفقیت.
مطالبه مطابق به چه معنایی است؟,مطالبه به معنای درخواست یا مطالبه به معنای درخواست یا تقاضا است که معمولاً برای دریافت چیزی یا انجام کاری انجام می شود. در حقوق، مطالبه به معنای درخواست یا تقاضا برای دریافت یک حقوق یا منفعت است. برای مثال، مطالبه حقوقی برای دریافت غرامت یا مطالبه حقوقی برای دریافت یک مزایا.
در صورت انقضای سررسید ضمانتنامه وظیفه بانک تجارت چیست؟,در صورت انقضای سررسید ضمانتنامه، وظیفه بانک تجارت به شرح زیر است: 1. بانک تجارت باید به طور فوری و بدون هیچ گونه تاخیر، از انقضای سررسید ضمانتنامه اطلاع‌رسانی به متقاضی ضمانتنامه دهد و در صورت نیاز، زمان سررسید را برای او تمدید کند. 2. در صورت انقضای سررسید ضمانتنامه، بانک تجارت باید برای متقاضی ضمانتنامه یک نسخه از ضمانتنامه باقیمانده را تحویل دهد و یا برای او یک نسخه از ضمانتنامه جدید را صادر کند. 3. در صورت انقضای سررسید ضمانتنامه، متقاضی ضمانتنامه می‌تواند به بانک تجارت شکایت کند و از آن برای جبران خسارت و زیان خود که ناشی از انقضای سررسید ضمانتنامه است، درخواست کند.

منظور از وظیفه بانک تجارت در این مورد، اطمینان از اینکه در صورت انقضای سررسید ضمانتنامه، متقاضی ضمانتنامه بتواند به راحتی از ضمانتنامه خود
روش تشخیص انواع ضمانتنامه از یکدیگر چگونه است؟,به سادگی، تشخیص انواع ضمانتنامه از یکدیگر به کمک چند نکته ساده امکان پذیر است. در اینجا چند مورد مهم آورده شده است: 1. نوع ضامن: ضمانتنامه را بر اساس نوع ضامن، به دو دسته ضمانتنامه شخصی و ضمانتنامه غیر شخصی تقسیم می کند. ضمانتنامه شخصی زمانی صادر می شود که شخص خاصی به عنوان ضامن معرفی شود. ضمانتنامه غیر شخصی زمانی صادر می شود که یک شرکت یا سازمان به عنوان ضامن معرفی شود. 2. مدت زمان ضمانتنامه: مدت زمان ضمانتنامه معمولاً در ضمانتنامه ذکر شده است. ضمانتنامه ممکن است برای مدت زمان خاصی صادر شود یا اینکه بدون محدودیت زمانی باشد. 3. مبلغ ضمانتنامه: مبلغی که ضامن تعهد کرده است، معمولاً در ضمانتنامه ذکر شده است. این مبلغ ممکن است برای یک بار باشد یا اینکه برای چندین بار باشد. 4. شرایط ضمانتنامه: شرایطی که ضمانتنامه بر اساس آن صادر شده است، معمولاً در ضمانتنامه ذکر شده است. این شرایط ممکن است شامل شرایط خاص
کالانو چیست؟,کالانو یک پلتفرم محبوب برای بازی‌های موبایل است که در سال ۲۰۱۳ تأسیس شد. این پلتفرم اجازه می‌دهد بازی‌سازان بازی‌های خود را برای تلفن‌های همراه و تبلت‌ها منتشر کنند. کالانو همچنین امکان خرید و فروش بازی‌ها را فراهم می‌کند، به طوری که بازی‌سازان می‌توانند از فروش بازی‌های خود درآمد کسب کنند. در حال حاضر کالانو به عنوان یکی از بزرگ‌ترین پلتفرم‌های بازی‌های موبایل در جهان شناخته می‌شود.
آیا اعتبار کالانو فقط به صورت حضوری تعلق می گیرد؟,خیر، اعتبار کالان برای خریدهای آنلاین و آنلاین نیز صادق است. بسیاری از فروشگاه‌های آنلاین اعتبار کالان را برای خریدهای آنلاین ارائه می‌دهند، به طوری که شما می‌توانید با استفاده از اعتبار کالان، خریدهای خود را به صورت آنلاین انجام دهید. با این حال، برخی فروشگاه‌ها ممکن است اعتبار کالان را فقط برای خریدهای حضوری ارائه کنند، بنابراین همیشه قبل از خرید، باید شرایط استفاده از اعتبار کالان را بررسی کنید.
برای دریافت کالانو از طریق شعبه، مشتریان چه مراحلی را باید طی کنند؟,برای دریافت کالای خود از طریق شعبه، مشتریان باید مراحل زیر را طی کنند: 1. ابتدا، مشتریان باید به وب سایت شرکت یا فروشگاه مورد نظر بروند و کالای مورد علاقه خود را انتخاب کنند. 2. در مرحله بعد، مشتریان باید آدرس و اطلاعات خود را وارد کنند تا سفارش خود را ثبت کنند. 3. پس از ثبت سفارش، مشتریان باید شعبه مورد نظر خود را انتخاب کنند و آدرس آن را وارد کنند. 4. در مرحله بعد، مشتریان باید در مورد نحوه ارسال کالای خود تصمیم بگیرند، برای مثال، ارسال در محل، ارسال به خانه یا ارسال به شعبه. 5. پس از تأیید سفارش، مشتریان باید منتظر ارسال کالای خود باشند و در صورت لزوم، با فروشگاه تماس بگیرند تا در مورد وضعیت سفارش خود مطلع شوند.

در صورت لزوم، مشتریان همچنین می توانند از خدمات پس از فروش، مانند تغییر آدرس یا بازگرداندن کالا، استفاده کنند.
برای دریافت اعتبار کالانو چه فرم هایی باید تکمیل گردد؟,شما برای دریافت اعتبار کالانو باید فرم های زیر را تکمیل کنید: 1. فرم تقاضا برای اعتبار کالانو: این فرم توسط وزارتخانه امور اقتصادی و دارایی جمهوری اسلامی ایران ارائه می شود و در آن باید اطلاعات مربوط به کالانو، از جمله نام و نوع کالانو، مقدار آن، قیمت، و تاریخ تحویل، و همچنین اطلاعات مربوط به فرد درخواست کننده اعتبار، از جمله نام، نام خانوادگی، شماره ملی، و آدرس، ذکر شود. 2. فرم اعتبار کالانو: این فرم توسط یک بانک یا موسسه مالی ارائه می شود و در آن باید اطلاعات مربوط به اعتبار کالانو، از جمله مبلغ اعتبار، مدت اعتبار، نرخ بهره، و شرایط بازپرداخت، ذکر شود. 3. مدارک مورد نیاز: برای تکمیل فرم های بالا، مدارک زیر را باید ارائه دهید:
- اسناد مربوط به کالانو، از جمله فاکتور فروش یا قرارداد خرید
- مدرک هویت درخواست کننده اعتبار، از جمله شناسنامه یا کارت ملی
- مدرک آدرس درخواست کننده اعتبار، از جمله گواهی سکونت یا گواهی خانه
- مدرک درآمد درخواست کننده اعتبار،
برای دریافت اعتبار کالانو چه میزان ضمانتنامه نیاز است؟,به‌عنوان یک کمک، می‌توانم به شما بگویم که میزان ضمانتنامه مورد نیاز برای دریافت اعتبار کالانو، بسته به نوع کالای مورد نیاز و مقدار آن، متفاوت است.

به‌طور کلی، برای دریافت اعتبار کالانو، شما ممکن است باید یک ضمانتنامه با ارزش حداقل 10% تا 20% از ارزش کل کالای مورد نیاز، ارائه دهید. با این حال، این مقدار ممکن است در هر صورت، توسط بانک یا موسسه اعتباری مورد بررسی قرار گیرد و بر اساس نیازهای خاصی که دارند، تغییر کند.

توصیه می‌کنم برای کسب اطلاعات دقیق‌تر، با بانک یا موسسه اعتباری مورد نظر خود تماس بگیرید تا بدانید چه میزان ضمانتنامه برای دریافت اعتبار کالانو، مورد نیاز است.
شرایط دریافت ضمانتنامه تعهد پرداخت در طرح کالانو چیست؟,خوش آمدید! برای دریافت ضمانتنامه تعهد پرداخت در طرح کالانو، شرایط زیر لازم است: 1. حداقل سن 18 سال تمام داشته باشید. 2. برای دریافت ضمانتنامه، باید یک حساب بانکی در یکی از بانک‌های پذیرفته شده داشته باشید. 3. باید یک درآمد ثابت یا یک شغل ثابت داشته باشید و درآمد شما باید حداقل یک میلیون تومان باشد. 4. باید یک آدرس ثابت داشته باشید و یک تلفن ثابت یا یک آدرس ایمیل معتبر داشته باشید. 5. باید یک تقاضا برای ضمانتنامه تعهد پرداخت در فرم تعیین شده ارائه دهید و مدارک مورد نیاز را ارائه دهید، که شامل: * یک نسخه از شناسنامه یا کارت ملی * یک نسخه از کارت ملی یا شناسنامه همسر یا پدر یا مادر * یک نسخه از مدرک تحصیل یا مدرک کار * یک نسخه از قرارداد یا قولنامه یا هرگونه مدرک دیگری که نشان دهنده درآمد یا شغل شما باشد 6. باید یک مبلغ معینی را به عنوان ودیعه یا ضمانت پرداخت ارائه دهید، که این مبلغ بسته به نوع طرح و میزان قرض و زمان بازپرداخت می باشد.

پس از ارائه مدارک و تک
باجت چیست؟,باجت یک اصطلاح رایج در فارسی است که به معنای "قیمت" یا "هزینه" است. به عبارت دیگر، باجت به چیزی که برای خرید چیزی یا دریافت خدمات پرداخت می‌شود، اشاره دارد. مثال: قیمت یک خانه، قیمت یک وسیله، هزینه یک سفر، و غیره.
آیا تمام افراد حقیقی می توانند از اعتبار کالانو استفاده کنند؟,خیر، تمام افراد حقیقی نمی‌توانند از اعتبار کالانو استفاده کنند. استفاده از اعتبار کالانو برای خرید یا دریافت کالا یا خدمات، نیازمند داشتن اعتبار کالا در حساب یا کارگزار و تأیید هویت واقعی فرد است. افراد حقیقی باید در یک سیستم مالی یا بانکی ثبت نام کرده و اعتبار کالا را به خود اختصاص داده باشند تا بتوانند از اعتبار کالانو استفاده کنند. افراد حقیقی که اعتبار کالا ندارند، نمی‌توانند از اعتبار کالانو استفاده کنند و باید از سایر روش‌های پرداخت یا روش‌های پرداخت جایگزین استفاده کنند.
اعتبار کالانو برای خرید چه محصولاتی می‌باشد؟,ممنون از سوال شما! اعتبار کالانوی که توسط بانک‌ها ارائه می‌شود، برای خرید محصولات مختلفی قابل استفاده است، از جمله: 1. کالا و خدمات: اعتبار کالانوی را می‌توان برای خرید کالا و خدمات از فروشگاه‌های مختلفی استفاده کرد، مانند خرید کفش، پوشاک، لوازم خانگی، لوازم شخصی و غیره. 2. سفر: اعتبار کالانوی را می‌توان برای خرید بلیط هواپیما، هتل، کرایه اتومبیل و غیره استفاده کرد، تا سفر را راحت‌تر و راحت‌تر کنید. 3. تحصیل: اعتبار کالانوی را می‌توان برای خرید کتاب، لوازم آموزشی و غیره استفاده کرد، تا تحصیل را راحت‌تر کنید. 4. بهداشت: اعتبار کالانوی را می‌توان برای خرید داروها، لوازم پزشکی و غیره استفاده کرد، تا بهداشت را راحت‌تر کنید.

شایان ذکر است که اعتبار کالانوی ممکن است در فروشگاه‌های خاصی یا در زمان‌های خاصی قابل استفاده باشد، بنابراین قبل از خرید، بهتر است با فروشگاه یا بانک تماس بگیرید تا شرایط استفاده از اعتبار کالانوی را بدانید.
شرکت‌هایی که می‌توان با اعتبار کالانو از آن ها خرید انجام داد چه شرکت‌هایی هستند؟,با سلام! شرکت‌هایی که می‌توان با اعتبار کالانو از آن‌ها خرید انجام داد، عبارتند از: 1. AliExpress: یک پلتفرم خرید و فروش آنلاین است که در آن می‌توان با اعتبار کالانو از تولیدکنندگان و فروشندگان مختلف خرید انجام داد. 2. DHgate: یک پلتفرم خرید و فروش آنلاین است که در آن می‌توان با اعتبار کالانو از تولیدکنندگان و فروشندگان مختلف خرید انجام داد. 3. Wish: یک پلتفرم خرید و فروش آنلاین است که در آن می‌توان با اعتبار کالانو از تولیدکنندگان و فروشندگان مختلف خرید انجام داد. 4. Lazada: یک پلتفرم خرید و فروش آنلاین است که در آن می‌توان با اعتبار کالانو از تولیدکنندگان و فروشندگان مختلف خرید انجام داد. 5. JD.com: یک پلتفرم خرید و فروش آنلاین است که در آن می‌توان با اعتبار کالانو از تولیدکنندگان و فروشندگان مختلف خرید انجام داد. 6. Daraz: یک پلتفرم خرید و فروش آنلاین است که در آن می‌توان با اعتبار کالانو از تولیدکنندگان و فروشندگان مختلف خرید انجام داد.

این شرکت‌ها معمولا
سقف اعتبار کالانو چه قدر است؟,سقف اعتبار کالانو به‌طور کلی 100،000 تومان است، اما ممکن است بسته به نوع کالاها و خدمات ارائه شده توسط کالانو، این سقف اعتبار متفاوت باشد. به‌عنوان مثال، کالانو ممکن است برای خرید برخی از کالا‌ها یا خدمات، سقف اعتبار بیشتری ارائه دهد.
سقف اعتبار کالانو برای خرید از شرکت گروه صنعتی انتخاب الکترونیک آرمان (اسنوا،دوو،بست) چقدر است؟,سقف اعتبار کالان برای خرید از شرکت گروه صنعتی انتخاب الکترونیک آرمان (اسنوا، دوو، بست) در حال حاضر 1 میلیارد تومان است. این سقف اعتبار کالان در هر دوره زمانی برای خرید از این شرکت‌ها برای پروژه‌های مختلف تعلق می‌گیرد و می‌تواند در هر زمان تغییر کند. بنابراین، برای اطمینان از سقف اعتبار کالان در زمان خرید، به بررسی اطلاعات شرکت یا تماس با آنها توصیه می‌شود.
سقف اعتبار کالانو برای خرید از شرکت گروه صنعتی پاکشوما چقدر است؟,مطابق اطلاعات موجود، سقف اعتبار کالانو برای خرید از شرکت گروه صنعتی پاکشوما 500 میلیون تومان است. لطفاً برای تأیید این اطلاعات، به سایت شرکت گروه صنعتی پاکشوما یا یک نماینده رسمی آن مراجعه کنید.
سقف اعتبار کالانو برای خرید از شرکت یکتاز سیکلت کویر چقدر است؟,سقف اعتبار کالانو برای خرید از شرکت یکتاز سیکلت کویر 500 میلیون تومان است. این شرکت ارائه دهنده موتورسیکلت های برند یکتاز است و کالانو به عنوان یکی از محصولات این شرکت، با ویژگی های خاص و کیفیت بالا، مورد توجه بسیاری از خریداران قرار می گیرد. با این حال، به دلیل درخواست های زیاد و تقاضای شدید برای کالانو، سقف اعتبار برای خرید آن به 500 میلیون تومان رسیده است.
سقف اعتبار کالانو برای خرید از شرکت همتا صنعت ویرا (بلانتون) چقدر است؟,سقف اعتبار کالانو برای خرید از شرکت همتا صنعت ویرا (بلانتون) در حال حاضر 10 میلیون تومان است. لطفاً برای کسب اطلاعات دقیق‌تر و در صورت نیاز، با نماینده یا فروشنده تماس بگیرید.
مدت پازپرداخت اقساط اعتبار کالانو چقدر است؟,متأسفانه، مدت پرداخت اقساط اعتبار کالان به عوامل متعددی بستگی دارد، از جمله نوع اعتبار، میزان اقساط، نرخ بهره و تاریخ انقضای اعتبار. معمولاً مدت پرداخت اقساط از 6 ماه تا 5 سال می‌تواند باشد. در هر صورت، برای دریافت اطلاعات دقیق‌تر، به توصیه کارشناسان مالی یا بررسی مستندات اعتبار، توصیه می‌کنم.
میزان مبلغ پیش پرداخت مورد نیاز جهت دریافت اعتبار کالانو چقدر است؟,بسیار خوشحالیم که شما را در مورد نیازهای پیش پرداخت اعتبار کالان راهنمایی می کنیم.

میزان مبلغ پیش پرداخت مورد نیاز جهت دریافت اعتبار کالان، بسته به نوع کالای مورد نظر، شرایط و ضوابط ارائه دهنده اعتبار و همچنین مقادیر و چگونگی خرید کالا، متفاوت است. در حالت کلی، میزان پیش پرداخت از 10% تا 50% از ارزش کل کالا متغیر است.

به عنوان مثال، برای خرید یک کالا با ارزش 1000 یورو، ممکن است پیش پرداخت 100 یورو یا 200 یورو مورد نیاز باشد. این میزان پیش پرداخت به ارائه دهنده اعتبار و شرایط خرید کالا بستگی دارد.

در هر صورت، ما توصیه می کنیم که هنگام خرید، از ارائه دهنده اعتبار و شرایط پیش پرداخت و اعتبار کالان آگاه باشید تا بتوانید به راحتی و با اطمینان خرید خود را انجام دهید.
لیست فروشگاه‌هایی که می‌توان با اعتبار کالانو از آن‌ها خرید انجام داد را از کجا می‌توانم ببینم؟,ممنون از پرسش شما! لیست فروشگاه‌هایی که می‌توان با اعتبار کالان از آن‌ها خرید انجام داد، معمولاً در وب سایت‌های شرکت‌های ارائه دهنده اعتبار کالان، در بخش‌های مربوطه و یا در صفحه‌های مربوط به اعتبار کالان، در دسترس است.

به عنوان مثال، می‌توانید به وب سایت‌های زیر مراجعه کنید تا لیست فروشگاه‌هایی را که می‌توان با اعتبار کالان از آن‌ها خرید انجام داد، ببینید: 1. وب سایت شرکت ارائه دهنده اعتبار کالان، مانند ویزا، ماسترکارد، یا آمرکس. 2. وب سایت‌های فروشگاه‌های آنلاین که اعتبار کالان را ارائه می‌دهند، مانند آمازون یا تریلیون. 3. وب سایت‌های مقایسه قیمت که لیست فروشگاه‌هایی را که می‌توان با اعتبار کالان از آن‌ها خرید انجام داد، ارائه می‌دهند، مانند پرایس‌فورک یا تیکتک.

اگر هنوز هم به مشکل برخورده‌اید، توصیه می‌کنم که به بخش پشتیبانی شرکت ارائه دهنده اعتبار کالان یا فروشگاه‌های آنلاین مراجعه کنید و از کارشن
آیا می توان با اعتبار کالانو بصورت آنلاین خرید انجام داد؟,بله، امروزه می‌توان با اعتبار کارت‌های بانکی یا اعتبارات دیجیتال، خریدهای آنلاین انجام داد. بسیاری از فروشگاه‌های آنلاین، امکان پرداخت با اعتبار کارت‌های بانکی یا اعتبارات دیجیتال را ارائه می‌کنند.

در اینجا برخی از روش‌های آنلاین برای خرید با اعتبار کالان ذکر شده است: 1. پرداخت با اعتبار کارت‌های بانکی: بسیاری از فروشگاه‌های آنلاین، امکان پرداخت با اعتبار کارت‌های بانکی را ارائه می‌کنند. برای این کار، می‌توانید از کارت‌های بانکی خود برای خرید استفاده کنید و در هنگام پرداخت، اطلاعات کارت و رمزعبور خود را وارد کنید. 2. اعتبار دیجیتال: برخی از فروشگاه‌های آنلاین، اعتبارات دیجیتال را ارائه می‌کنند که می‌توانید با آنها خرید انجام دهید. این اعتبارات، به‌عنوان یک کد معتبر در زمان خرید، استفاده می‌شوند و می‌توانید آن را در هنگام خرید، وارد کنید. 3. درگاه پرداخت آنلاین: بسیاری از فروشگاه‌های آنلاین، درگاه پرداخت آنلاین را ارائه می‌کنند که می‌توانید از طریق آن، خرید خود را انجام دهید. در هنگام پرداخت، می‌توانید از اع
آیا برای پرداخت اقساط طرح کالانو باید به شعبه مراجعه کنم؟,بله، برای پرداخت اقساط طرح کالانو، به شعبه بانک یا مؤسسه مالی مربوطه مراجعه کنید. اغلب، شعبه های بانک، ساعات کاری مشخصی دارند، بنابراین در زمان مراجعه، قبل از آن، زمان بازگشتی شعبه را بررسی کنید تا از عدم تعطیلی آن مطمئن شوید. علاوه بر این، ممکن است برای پرداخت اقساط، یک فرم یا مدارک خاصی را ارائه دهید، بنابراین قبل از مراجعه، از بانک یا مؤسسه مالی، در مورد نیازهای خاصی که برای پرداخت اقساط وجود دارد، اطلاع حاصل کنید.
برای دریافت اعتبار کالانو به صورت غیر حضوری چه مراحلی را باید انجام بدهم؟,برای دریافت اعتبار کالانو به صورت غیر حضوری، مراحل زیر را باید انجام دهید: 1. ابتدا، باید در وب سایت رسمی کالانو ثبت نام کنید و یک حساب کاربری ایجاد کنید. 2. پس از ثبت نام، باید به صفحه «ثبت درخواست اعتبار» دسترسی داشته باشید و اطلاعات درخواستی را وارد کنید، از جمله اطلاعات شخصی، اطلاعات حساب کاربری و اطلاعات کالانو که می‌خواهید اعتبار بگیرید. 3. پس از تکمیل اطلاعات، باید یک فیلتر برای تأیید اطلاعات خود ایجاد کنید، که شامل یک کد تأیید و یک کد امنیتی است که باید در هر دو فیلتر وارد شود. 4. پس از تأیید اطلاعات، باید یک فاکتور خرید یا یک سند تجاری برای کالانو که می‌خواهید اعتبار بگیرید، آپلود کنید. 5. پس از آپلود فاکتور یا سند، باید یک توضیحات برای درخواست اعتبار خود بنویسید، و سپس آن را ارسال کنید. 6. پس از ارسال درخواست، باید به صفحاتی که در آن‌ها می‌توانید وضعیت درخواست خود را بررسی کنید، دسترسی داشته باشید، تا زمانی که درخواست شما تأیید شود یا اگر
چه وثایق و تضامینی برای دریافت اعتبار کالانو لازم است؟,ممنون از سوال شما! برای دریافت اعتبار کالا، معمولاً چندین وثیقه و تضامین لازم است، از جمله: 1. فاکتور خرید: فاکتور خرید که توسط فروشنده صادر شده است، نشان‌دهنده اطلاعات خرید، از جمله قیمت، تعداد و مشخصات کالا است. 2. گواهی بازرگانی: گواهی بازرگانی، که توسط سازمان بازرگانی صادر شده است، نشان‌دهنده صلاحیت و اعتبار شرکت خریدار است. 3. گواهی سپرده: گواهی سپرده، که توسط بانک صادر شده است، نشان‌دهنده سپرده گذاری وجهی توسط خریدار است و اطمینان می‌دهد که خریدار توانایی پرداخت را دارد. 4. گواهی ضمانت: گواهی ضمانت، که توسط ضامن صادر شده است، نشان‌دهنده ضمانت برای پرداخت و تحویل کالا است. 5. مدارک هویت: مدارک هویت خریدار، از جمله شناسنامه، گذرنامه یا کارت ملی، برای اطمینان از هویت و صلاحیت خریدار است. 6. مدارک مالی: مدارک مالی خریدار، از جمله حساب
مهلت مصرف اعتبار کالانو چقدر است؟,معمولاً مهلت مصرف اعتبار کالای خریداری شده، بسته به نوع کالای خریداری شده، تعیین می‌شود. اغلب اوقات، این مهلت از 15 روز تا یک ماه است، اما ممکن است در برخی موارد، این مهلت کوتاه‌تر یا طولانی‌تر باشد. برای اطمینان از مهلت مصرف اعتبار کالای خاصی، توصیه می‌شود که به اطلاعات روی بسته یا به فروشنده مراجعه کنید.
پرداخت اقساط در طرح کالانو چگونه صورت می‌گیرد؟,با سلام! طرح کالانو یک روش پرداخت اقساطی است که به مشتریان اجازه می‌دهد، کالاهای خود را در چند اقساط پرداخت کنند. این روش برای خریداران کمک می‌کند تا با پرداخت اقساط، هزینه کالاها را مدیریت کنند و از مالیات خود را تامین کنند.

پرداخت اقساط در طرح کالانو به این صورت انجام می‌شود: 1. مشتریان ابتدا باید یک حساب کاربری در سایت کالانو باز کنند و از خدمات آن استفاده کنند. 2. مشتریان باید کالاهای مورد علاقه خود را در سایت کالانو انتخاب کنند و به آنها سفارش دهند. 3. کالانو یک اقساطی برای خریداران در نظر می‌گیرد که بر اساس مدت زمان اقساط، به مشتریان اطلاع می‌دهد. 4. مشتریان می‌توانند اقساط را در طول یک یا چند ماه پرداخت کنند، بسته به شرایط و برنامه خود. 5. کالانو در طول اقساط، به مشتریان اطلاع می‌دهد و از آنها برای پرداخت اقساط، پیگیری می‌کند تا اطمینان حاصل کند که خریداران اقساط خود را به موقع پرداخت کنند.

این روش پرداخت اقساطی به مشتریان کمک می‌کند تا با مدیریت
در صورت عدم استفاده از اعتبار کالانو در موعد مقرر، چه اتفاق می افتد؟,در صورتی که از اعتبار کالای خود در موعد مقرر استفاده نکنید، ممکن است در مواجهه با مشکلاتی قرار بگیرید، از جمله:* اعتبار کالای شما بسته می شود و دیگر قابل استفاده نیست.* ممکن است از آنجایی که اعتبار کالای شما بسته شده، برای خرید یا استفاده از کالای جدیدی که می خواهید، نیاز به پرداخت هزینه اضافی داشته باشید.* ممکن است از آنجایی که اعتبار کالای شما بسته شده، امکان بازگشت یا تعویض کالا را از دست بدهید.* ممکن است از آنجایی که اعتبار کالای شما بسته شده، در صورت نیاز به خدمات یا پشتیبانی، امکان ارتباط با ارائه دهنده خدمات را از دست بدهید.

به طور کلی، استفاده نادرست از اعتبار کالای خود می تواند منجر به مشکلاتی شود که باید برای جلوگیری از آنها، اعتبار کالای خود را به موقع استفاده کنید.
مقدار اعتبار اقساطی طرح کالانو برای محصولات پاکشوما در باجت چقدر است؟,خوش آمدید! به سوال شما پاسخ می دهم.

مقدار اعتبار اقساطی طرح کالانو برای محصولات پاکشوما در باجت، بستگی به نوع محصول، مبلغ اقساط و مدت اقساط دارد. معمولاً این میزان بین 20 تا 50 درصد از ارزش کالا است، اما ممکن است این میزان در هر کالا یا طرح متفاوت باشد.

برای دریافت اطلاعات دقیق‌تر، به سایت رسمی شرکت کالانو یا فروشنده کالا مراجعه کنید یا با آنها تماس بگیرید. همچنین می‌توانید از یک مشاور مالی یا نماینده رسمی کالانو برای کسب اطلاعات دقیق‌تر استفاده کنید.
اعتبارسنجی در طرح کالانو در اپلبیکشن باجت به چه صورت انجام می گیرد؟,با سلام، در اپلیکیشن های مبتنی بر پلتفرم اندروید، اعتبارسنجی در طرح کالانو با استفاده از یک مکانیزم امنیتی به نام Google Play Protect انجام می شود. این مکانیزم از سوی گوگل برای بررسی و تأیید برنامه های نصب شده در دستگاه های اندرویدی استفاده می شود.

در این مکانیزم، برنامه های نصب شده در دستگاه های اندرویدی به طور خودکار مورد بررسی و تأیید قرار می گیرند و در صورت داشتن هر گونه مشکل یا خطا، توسط گوگل متوقف و از نصب در دستگاه های دیگر منع می شود. این مکانیزم برای جلوگیری از انتشار برنامه های آلوده و خطرناک در پلتفرم اندروید طراحی شده است و برای حفظ امنیت دستگاه های اندرویدی بسیار مهم است.
کارمزد مورد نیاز برای دریافت اعتبار اقساطی کالانو برای محصولات پاکشوما چقدر است؟,ممنون از سوال شما!

به طور کلی، کارمزد مورد نیاز برای دریافت اعتبار اقساطی کالانو برای محصولات پاکشوما می تواند متفاوت باشد، زیرا این کارمزد به عوامل مختلفی مانند ارزش کالا، اقساطی بودن، و شرایط پرداخت بستگی دارد.

در حالت کلی، کارمزد مورد نیاز برای دریافت اعتبار اقساطی کالانو برای محصولات پاکشوما معمولاً بین 2 تا 5 درصد از ارزش کالا است. به عنوان مثال، اگر ارزش کالا 1 میلیون تومان باشد، کارمزد مورد نیاز ممکن است بین 20 تا 50 هزار تومان باشد.

با این حال، برای تعیین دقیق کارمزد مورد نیاز، توصیه می کنم با یک بانک یا مؤسسه مالی تماس بگیرید یا به سایت آنها مراجعه کنید تا شرایط و ضوابط اعتبار اقساطی کالانو را بررسی کنید.
مبلغ سفته الکترونیک جهت وثیقه ضمانت و نیز تضمین اعتبار برای خرید لوازم خانگی در اعتبار کالانو چقدر است؟,سفارشات الکترونیکی برای وثیقه ضمانت و تضمین اعتبار برای خرید لوازم خانگی در اعتبار کالا معمولاً به میزان 5 تا 10 درصد ارزش سفارش است. این مبلغ به عنوان ضمانت برای بازگشت یا تعویض کالا در صورت نیاز، توسط فروشگاه یا ارائه دهنده کالا درخواست می شود. در برخی موارد، ممکن است مبلغ وثیقه بیشتر یا کمتر باشد، بسته به سیاست های فروشگاه یا ارائه دهنده کالا.
آیا برای اعطای اعتبار اقساطی طرح کالانو برای محصولات شرکت پاکشوما، نیاز به سپرده‌گذاری است؟,با سلام! برای اعطای اعتبار اقساطی طرح کالان برای محصولات شرکت پاکشوما، معمولاً نیاز به سپرده‌گذاری وجود دارد. این سپرده به عنوان ضمانت برای اجرای تعهدات و پرداخت اقساط در نظر گرفته می‌شود. میزان این سپرده معمولاً بسته به نوع محصول، ارزش آن و شرایط قرارداد است. در برخی موارد، شرکت پاکشوما ممکن است سپرده را در قالب یک پیش‌پرداخت یا یک ضمانت کالا در نظر بگیرد. برای کسب اطلاعات دقیق‌تر، بهتر است با کارشناسان شرکت پاکشوما تماس بگیرید.
بعد از درخواست اعتبار کالانو امکان انصراف وجود دارد؟,در اکثر موارد، بعد از درخواست اعتبار کالای به یک شرکت، امکان انصراف وجود دارد. اما این امکان، به شرایط خاصی بستگی دارد. در مواردی مانند درخواست اعتبار کالای با یک شرکت معتبر یا درخواست اعتبار کالای با یک کارمند خاص، امکان انصراف وجود ندارد. در مواردی دیگر، مانند درخواست اعتبار کالای با یک شرکت عمومی، امکان انصراف وجود دارد، اما ممکن است به شرایط خاصی مانند زمان مقرر یا حداکثر زمان درخواست اعتبار بستگی دارد. بنابراین، برای درک دقیق‌تر، توصیه می کنم به شرکت درخواستی مراجعه کنید یا با یک مشاور حقوقی مشورت کنید تا اطلاعات دقیق‌تر را در مورد شرایط خاص خود به شما ارائه کند.
مدت و مبلغ بازپرداخت اقساط در طرح کالانو برای محصولات پاکشوما چقدر است؟,با سلام، طرح کالانو برای محصولات پاکشوما با شرایط خاصی ارائه می‌شود که شامل مدت و مبلغ بازپرداخت اقساط است. برای مثال، طرح کالانو برای محصول پاکشوما "آرتم" با مدت 12 ماه و مبلغ اقساطی 250 هزار تومان در هر ماه، ارائه می‌شود. با این حال، این شرایط ممکن است برای سایر محصولات پاکشوما متفاوت باشد. برای کسب اطلاعات دقیق‌تر، به سایت رسمی پاکشوما یا نمایندگی‌های مجاز آن مراجعه کنید.
در صورتی که در موعد مقرر، اقدام به پرداخت اقساط در اعتبار کالانو را نکنم، چه خواهد شد؟,به دلایل مختلف ممکن است در موعد مقرر نتوانیم اقساط در اعتبار کالای خود را پرداخت کنیم. در چنین حالتی، ممکن است کالای ما از سوی فروشنده یا مؤسسه مالی که اقساط را در اختیار دارد، در خطر استرداد یا بازداشت قرار گیرد.

علاوه بر این، ممکن است برای شما امکان بازگشت اقساط را در اختیار داشته باشد و یا برای شما برنامه ای برای بازگشت اقساط ارائه دهد. این بسته به شرایط و توافق‌هایی است که در زمان عقد قرارداد برقرار شده است.

به طور کلی، در صورتی که نتوانیم اقساط در موعد مقرر را پرداخت کنیم، باید با فروشنده یا مؤسسه مالی تماس بگیریم و شرایط را بررسی کنیم و در صورت لزوم، برنامه ای برای بازگشت اقساط ارائه دهیم تا از استرداد یا بازداشت کالای خود جلوگیری کنیم.
بعد از تخصیص اعتبار کالانو، نحوه خرید به چه صورت است؟,پس از تخصیص اعتبار کالانو، خرید به صورت زیر انجام می شود: 1. ابتدا باید به وب سایت یا فروشگاه آنلاین کالانو مراجعه کنید و پس از ورود به حساب کاربری خود، اعتبار کالانو را به عنوان یک نوع از اعتبار خرید یا اعتبار پرداخت در نظر بگیرید. 2. پس از انتخاب کالا یا خدمات مورد نظر، برای تکمیل خرید، باید اعتبار کالانو را به عنوان روش پرداخت انتخاب کنید. 3. در صورت نیاز، کد اعتبار را وارد کنید تا خرید شما با موفقیت انجام شود و در صورت وجود هرگونه مانع یا مشکل، با پشتیبانی فروشگاه آنلاین در تماس باشید تا به شما کمک کنند.

لطفاً توجه داشته باشید که نحوه استفاده از اعتبار کالانو ممکن است بر اساس نوع فروشگاه یا وب سایت و یا شرایط خاصی که در آن فروشگاه وجود دارد، متفاوت باشد. بنابراین، در صورت هرگونه سوال یا شک، با فروشگاه آنلاین تماس بگیرید تا به شما کمک کنند.
در صورت بروز مشکل در فرایند احراز هویت برای اعتبار کالانو، چه کار کنیم؟,در صورت بروز مشکل در فرایند احراز هویت برای اعتبار کالا، چند گزینه وجود دارد: 1. بررسی دوباره اطلاعات: اطمینان حاصل کنید که اطلاعات خود را به درستی وارد کرده اید. بررسی کنید که آیا آدرس، نام، تاریخ تولد و سایر اطلاعات به درستی وارد شده است یا خیر. 2. تماس با مرکز خدمات: اگر هنوز هم مشکل را حل نکرده اید، با مرکز خدمات تماس بگیرید. آنها می توانند شما را راهنمایی کنند و به شما کمک کنند تا مشکل را حل کنید. 3. مراجعه به دفتر مرکزی: اگر مشکل همچنان باقی است، می توانید به دفتر مرکزی مربوطه مراجعه کنید. آنها می توانند شما را راهنمایی کنند و به شما کمک کنند تا مشکل را حل کنید. 4. درخواست کمک از کارشناسان: اگر شما نیاز به کمک اضافی دارید، می توانید از کارشناسان مربوطه درخواست کمک کنید. آنها می توانند شما را راهنمایی کنند و به شما کمک کنند تا مشکل را حل کنید.

در هر صورت، اطمینان حاصل کنید که اطلاعات خود را به درستی وارد کرده اید و از خدمات پشتیبانی مرکز استفاده کنید تا به شما کمک کنند تا مشکل را حل کنید
چگونه از رتبه اعتباری خودم در اخذ اعتبار کالانو مطلع شوم؟,مطمئناً می‌خواهید بدانید که چگونه از رتبه اعتباری خود در اخذ اعتبار کالانو مطلع شوید. برای دستیابی به این هدف، باید مراحل زیر را طی کنید: 1. به سایت رسمی سازمان ثبت اسناد و املاک کشور مراجعه کنید و با وارد کردن اطلاعات مورد نیاز، از رتبه اعتباری خود مطلع شوید. 2. به سایت رسمی بانک یا مؤسسه مالی مورد نظر مراجعه کنید و با وارد کردن اطلاعات مورد نیاز، از رتبه اعتباری خود مطلع شوید.

هنگامی که از رتبه اعتباری خود مطلع شوید، می‌توانید با اطمینان برای اخذ اعتبار کالانو اقدام کنید.
تامین مالی زنجیره ای (SCF) چیست؟,تامین مالی زنجیره ای یا Supply Chain Finance (SCF) یک رویکرد برای مدیریت ریسک و هزینه های مرتبط با زنجیره تامین است که به شرکت ها کمک می کند تا منابع خود را بهینه کنند و در عین حال، تامین کنندگان و خریداران را با امکانات مالی بهتر تامین کنند. در این روش، شرکت ها با ارائه مالی به تامین کنندگان یا خریداران، از ریسک های مرتبط با زنجیره تامین خود و همچنین از هزینه های مربوطه، جلوگیری می کنند. از نمونه های تامین مالی زنجیره ای می توان به اعطای اعتبار، پیش پرداخت، وام و سایر روش های مالی اشاره کرد.
سامانه اکوتام(SCF) چیست؟,سامانه اکوتام یا SCF (Security Control Facility) یک سامانه امنیتی است که توسط سازمان‌های حمل و نقل هوایی و هوایی، برای نظارت بر امنیت هوایی استفاده می‌شود. این سامانه به منظور شناسایی و پاسخ به تهدیدات امنیتی هوایی، از جمله تهدیدات تروریستی، تهدیدات کلاهبرداری و تهدیدات غیرقانونی، طراحی شده است.

سامانه اکوتام به طور کلی شامل چندین بخش است که عبارتند از: 1. سامانه شناسایی تهدیدات: این بخش برای شناسایی و تحلیل تهدیدات امنیتی هوایی، از جمله اطلاعات مربوط به افراد، وسایل نقلیه، و مقاصد، استفاده می‌شود. 2. سامانه هشداردهی: این بخش برای هشدار دادن به تهدیدات شناسایی شده، از جمله هشدار دادن به مقامات مربوطه، استفاده می‌شود. 3. سامانه پاسخ: این بخش برای پاسخ به تهدیدات شناسایی شده، از جمله ارسال نیروهای امنیتی و ارائه اطلاعات به مقامات مربوطه، استفاده می‌شود.

به طور کلی، سامانه اکوتام یک ابزار مهم برای تضمین امنیت
ابزار دستور پرداخت چیست و چه استفاده ای دارد؟,سؤال خوبی! ابزاری که به نام دستور پرداخت شناخته می شود، ابزاری است که به کارگزاران تجاری و سازمان های مالی اجازه می دهد تا دستورالعمل های پرداخت را برای واریز یا برداشت پول از حساب های بانکی صادر کنند. این دستورالعمل ها می توانند برای واریز پول به یک حساب بانکی یا برداشت پول از یک حساب بانکی استفاده شوند.

این دستور پرداخت به عنوان ابزاری برای تسویه حساب های تجاری و مالی در سازمان ها و شرکت ها استفاده می شود. این دستور ها می توانند به طور خودکار و بدون نیاز به دخالت دستی، واریز یا برداشت پول را انجام دهند، که باعث صرفه جویی در زمان و کاهش خطای انسانی می شود.

به طور کلی، دستور پرداخت می تواند برای انجام عملیات های مالی مختلفی مانند واریز پول به یک حساب بانکی، برداشت پول از یک حساب بانکی، تسویه حساب های تجاری و مالی و غیره استفاده شود.
آدرس و نحوه دسترسی به سامانه اکوتام(SCF) چگونه است؟,خوش آمدید! سامانه اکوتام یا SCF یک سامانه پهنه‌ای برای مدیریت و نظارت بر منابع و خدمات در یک سازمان است. آدرس و نحوه دسترسی به سامانه اکوتام بستگی به سازمان یا شرکت شما دارد. به طور کلی، برای دسترسی به این سامانه، باید به آدرس اینترنتی یا شبکه سازمانی خود وارد شوید و از طریق یک برنامه یا پلتفرمی که برای دسترسی به سامانه ایجاد شده است، به سامانه متصل شوید.

اگر شما از یک سازمان بزرگ و دولتی یا یک شرکت خصوصی هستید، باید با گروه یا بخش مربوطه تماس بگیرید و از آن‌ها درخواست راهنمایی کنید. آنها می‌توانند شما را در مورد آدرس و نحوه دسترسی به سامانه اکوتام راهنمایی کنند.

اگر شما یک کاربر عمومی هستید، ممکن است نتوانید به سامانه اکوتام دسترسی داشته باشید، زیرا این سامانه معمولاً برای استفاده توسط کارکنان و کارمندان یک سازمان یا شرکت است. در این صورت، شما می‌توانید با سازمان یا شرکت درگیر شوید و درخواست کنید تا دسترسی شما را به سامانه اکوتام فراهم کند.
چگونه نام کاربری و رمز عبور جهت ورود به سامانه اکوتام(SCF) را دریافت نماییم؟,من به شما کمک می‌کنم.

برای دریافت نام کاربری و رمز عبور جهت ورود به سامانه اکوتام (SCF)، می‌توانید به سایت رسمی اکوتام مراجعه کنید و فرم ثبت نام را تکمیل کنید. در این فرم، اطلاعات شخصی خود را وارد کنید و یک نام کاربری و رمز عبور برای خود انتخاب کنید.

اگر قبلاً یک حساب کاربری در سایت اکوتام ایجاد کرده‌اید، می‌توانید با وارد کردن نام کاربری و رمز عبور، به سامانه اکوتام دسترسی داشته باشید.

اگر مشکل یا سوالی دارید، می‌توانید با پشتیبانی اکوتام تماس بگیرید تا در مورد نام کاربری و رمز عبور یا هر سؤال دیگری که دارید، کمک کند.
نحوه ثبت نام کسب و کارها (اشخاص حقیقی و حقوقی) در سامانه اکوتام(SCF) چگونه است؟,از شما تشکر می کنم برای سوال شما. ثبت نام کسب و کارها در سامانه اکوتام (SCF) به صورت زیر انجام می شود: 1. ابتدا به سایت اکوتام مراجعه کنید و روی گزینه "ثبت نام" کلیک کنید. 2. در مرحله اول، اطلاعات شخصی خود را وارد کنید، مانند نام، نام خانوادگی، شماره ملی و ایمیل. 3. در مرحله دوم، اطلاعات کسب و کار خود را وارد کنید، مانند نام شرکت، نام تجاری، نوع فعالیت و شماره ثبت. 4. در مرحله سوم، مدارک لازم را آپلود کنید، مانند مدارک هویت، مدارک ثبت شرکت و مدارک مربوط به نوع فعالیت. 5. پس از تکمیل فرم و آپلود مدارک، گزینه "ثبت نام" را کلیک کنید تا فرآیند ثبت نام آغاز شود. 6. در صورت نیاز، ممکن است لازم باشد برای تکمیل فرآیند ثبت نام، مدارک یا اطلاعات تکمیلی را ارائه دهید.

در مورد اشخاص حقیقی: 1. برای ثبت نام در سامانه اکوتام، نیاز به ارائه مدارک هویت، مانند کارت ملی یا شناسنامه، دارید. 2. همچنین ممکن است برای ارائه برخی خدمات، نیاز به
فقط کسب و کارهای حقوقی امکان استفاده از سامانه اکوتام(SCF) را دارند؟,خیر، کسب و کارهای حقوقی تنها نیستند که می‌توانند از سامانه اکوتام (SCF) استفاده کنند. اکوتام یک سامانه برند است که توسط شرکت اکوتام ارائه می‌شود و امکان استفاده را برای انواع کسب و کارها از جمله تجارت، بازرگانی، صنعت، خدمات و حتی دولت و نهادها فراهم می‌کند. بنابراین، هر کسب و کاری که به دنبال یک سامانه برای مدیریت و تجزیه و تحلیل داده‌ها باشد، می‌تواند از اکوتام استفاده کند.
چرا در فرآیند تعریف کسب و کار در سامانه اکوتام(SCF) ، پس از مرحله چهار و تعریف صاحبین امضا صفحه قفل میشود؟,سلام! در فرآیند تعریف کسب و کار در سامانه اکوتام، صفحه قفل شدن پس از مرحله چهار به دلیل وجود یک مکانیسم امنیتی است که برای جلوگیری از تغییرات ناخواسته در اطلاعات تعریف شده، اجرا می شود.

در مرحله چهار، اطلاعات مربوط به صاحبان و نمایندگان شرکت در سامانه ثبت می شود. این مرحله حساس است و باید با دقت انجام شود. به همین دلیل، صفحه قفل می شود تا از تغییرات ناخواسته در اطلاعات جلوگیری شود و اطمینان حاصل شود که اطلاعات تعریف شده دقیق و صحیح هستند.

این مکانیسم امنیتی کمک می کند تا اطلاعات تعریف شده در سامانه محافظت شود و اطمینان حاصل شود که صاحبان و نمایندگان شرکت با صلاحیت، دسترسی به اطلاعات خود را دارند. در صورت نیاز، می توانید با کارشناس سامانه یا تیم پشتیبانی اکوتام برای حل این مشکل کمک بگیرید.
در سامانه اکوتام(SCF) چطور صاحبین امضا را تعریف کنیم؟,در سامانه اکوتام، صاحبان امضا را می توان با تعریف "مأمورین" یا "Authorized Signers" انجام داد. برای تعریف یک مأمور، باید به منوی "مدیریت" رفته و از بخش "مأمورین" استفاده کنید. در این بخش، می توانید اطلاعات فردی مأمور، شامل نام، نام خانوادگی، ایمیل، شماره تماس و هویت مأمور را وارد کنید. همچنین می توانید سطح دسترسی مأمور را انتخاب کنید، از جمله سطح دسترسی به اطلاعات، سطح دسترسی به عملیات و سطح دسترسی به گزارشات.

برای تعریف یک امضا، ابتدا باید یک مأمور تعریف کنید و سپس از بخش "امضا" استفاده کنید. در این بخش، می توانید اطلاعات امضا، شامل نام، نام خانوادگی، ایمیل و شماره تماس را وارد کنید. همچنین می توانید نوع امضا را انتخاب کنید، از جمله امضای الکترونیکی و امضای دستی.

سپس، می توانید امضا را با یک یا چندین مأمور مرتبط کنید، تا اجازه دهد این مأمورین به نام صاحب امضا، عملیات و گزارشات را انجام دهند.
آیا برای استفاده از سامانه اکوتام(SCF) همه صاحبین امضا باید توکن دریافت نمایند؟,با سلام! به نظر می رسد که پاسخ منفی است. برای استفاده از سامانه اکوتام (SCF)، تنها صاحبان امضا که نیاز به دسترسی دارند، باید توکن دریافت کنند. صاحبان امضا که نیازی به دسترسی ندارند، نیازی به دریافت توکن ندارند.
آیا همه صاحبین امضا می بایست در سامانه اکوتام(SCF) ثبت نام کنند؟,خیر، همه صاحبان امضا نمی بایست در سامانه اکوتام ثبت نام کنند. فقط صاحبان امضا که برای انجام کارهای خاصی از جمله امضای اسناد، امضای قراردادها و غیره نیاز دارند، باید در سامانه اکوتام ثبت نام کنند. صاحبان امضا که وظایف اداری معمولی خود را انجام می دهند، نیازی به ثبت نام در سامانه اکوتام ندارند.
چطور امضای دیجیتال را دریافت کنیم؟,سلام! برای دریافت امضای دیجیتال، باید مراحل زیر را انجام دهید: 1. یک نرم افزار امضای دیجیتال را دانلود کنید و نصب کنید. برخی از نرم افزارهای معروف عبارتند از: Adobe Acrobat، DocuSign، SignNow، etc. 2. یک کلید خصوصی ایجاد کنید که برای امضای دیجیتال مورد استفاده قرار گیرد. این کلید باید در یک مکان ایمن ذخیره شود تا از دسترس خارج باشد. 3. یک فایل را برای امضای دیجیتال انتخاب کنید. این فایل می تواند یک قرارداد، یک پیمان یا هرگونه دیگری باشد که نیازمند امضای دیجیتال است. 4. روی نرم افزار امضای دیجیتال، روی دکمه "امضا" کلیک کنید تا امضای دیجیتال را ایجاد کنید. این امضا با کلید خصوصی شما ایجاد می شود و بر روی فایل انتخابی شما قرار می گیرد. 5. پس از امضای دیجیتال، فایل را به فرد یا افراد دیگر ارسال کنید تا آنها بتوانند از آن استفاده کنند.

به یاد داشته باشید که باید مراقب باشید تا کلید خصوصی خود را در دسترس خارج نکنید، زیرا می
توکن امضای دیجیتال را دریافت کرده ایم ، در سامانه اکوتام(SCF) چطور امضای دیجیتال را انجام دهیم؟,خوش آمدید! برای انجام امضای دیجیتال در سامانه اکوتام (SCF)، باید مراحل زیر را انجام دهید: 1. ابتدا، به بخش "امضای دیجیتال" در صفحه اصلی سامانه بروید. 2. سپس، روی دکمه "دریافت توکن امضای دیجیتال" کلیک کنید تا توکن مورد نظر را دریافت کنید. 3. در مرحله بعد، روی دکمه " امضای دیجیتال" کلیک کنید تا صفحه امضای دیجیتال باز شود. 4. در این صفحه، روی دکمه "انتخاب فایل" کلیک کنید و فایل مورد نظر خود را انتخاب کنید که می‌خواهید امضا کنید. 5. در مرحله بعدی، روی دکمه "امضا" کلیک کنید تا امضای دیجیتال روی فایل مورد نظر شما انجام شود. 6. پس از امضای فایل، روی دکمه "دانلود" کلیک کنید تا فایل امضا شده را دانلود کنید.

به یاد داشته باشید که برای انجام امضای دیجیتال، باید توکن امضای دیجیتال را دریافت کرده باشید و همچنین باید در زمان و مکان مناسب انجام دهید، زیرا توکن امضای دی
در سامانه اکوتام(SCF) چطور اعضای کسب و کار را تعریف کنیم؟,در سامانه اکوتام (SCF)، اعضای کسب و کار را با استفاده از مفسرهای رباتیک و با استفاده از مفسرهای زبان‌های برنامه‌نویسی مختلف می‌توان تعریف کرد.

برای تعریف اعضای کسب و کار در اکوتام، می‌توان از مفسرهای رباتیک مانند رباتیک‌های زبانی مانند، رباتیک‌های پایتون و رباتیک‌های جاوا استفاده کرد. این مفسرهای رباتیک می‌توانند به عنوان واسط بین کسب و کار و سامانه اکوتام عمل کنند و در نتیجه، اعضای کسب و کار را در سامانه تعریف کنند.

علاوه بر این، می‌توان از مفسرهای زبان‌های برنامه‌نویسی مختلف مانند مفسرهای پایتون، مفسرهای جاوا و مفسرهای سکیوال استفاده کرد. این مفسرهای زبان‌های برنامه‌نویسی می‌توانند به عنوان واسط بین کسب و کار و سامانه اکوتام عمل کنند و در نتیجه، اعضای کسب و کار را در سامانه تعریف کنند.

به طور کلی، تعریف اعضای کسب و کار در اکوتام به این معنی است که سامانه اکوتام را در مورد ساختار و عملکرد اعضای
چطور باید فاکتورها را در اکوتام(SCF)، وارد کنیم؟,دوستان عزیز! برای وارد کردن فاکتورها در اکوتام (SCF)، می‌توانید به مراحل زیر عمل کنید: 1. ابتدا باید وارد بخش "پرداخت" یا "پرداخت‌های" اکوتام شوید، بسته به نسخه و تنظیمات شرکت شما. 2. روی گزینه "افزودن فاکتور" کلیک کنید تا صفحه ای برای وارد کردن فاکتور باز شود. 3. اطلاعات فاکتور را وارد کنید، از جمله تاریخ فاکتور، شماره فاکتور، نام مشتری، آدرس مشتری، و مبلغ فاکتور. 4. می‌توانید فاکتور را با یک فایل CSV یا XML وارد کنید، اگر فاکتورهای زیادی دارید و می‌خواهید آن‌ها را در یک زمان وارد کنید. 5. پس از وارد کردن اطلاعات فاکتور، روی گزینه "ذخیره" کلیک کنید تا فاکتور در اکوتام ذخیره شود.

توجه داشته باشید که فرآیند وارد کردن فاکتورها ممکن است بسته به تنظیمات شرکت شما و نسخه اکوتام، متفاوت باشد. توصیه می‌کنم قبل از وارد کردن فاکتورها، با یک کارشناس یا مشاور
در سامانه اکوتام(SCF) چطور دستور پرداخت صادر کنیم؟,در سامانه اکوتام، دستور پرداخت را می‌توانید با استفاده از منوی "پرداخت" یا "پرداخت های من" صادر کنید. برای این منظور، باید به صفحه شخصی خود در سامانه بروید و روی گزینه "پرداخت" یا "پرداخت های من" کلیک کنید. سپس، آدرس و مقصد و مبلغ مورد نظر را وارد کنید و گزینه "تایید" را بزنید تا دستور پرداخت صادر شود.
در اکوتام(SCF) چطور اعتبار دریافتی را تنزیل کنیم؟,مطمئناً می توانید اعتبار دریافتی را در اکوتام(SCF) کاهش دهید، اما این کار نیازمند پیاده سازی یک رویه یا یک تابع خاص است که بر اساس نیازهای شما باشد. برای این کار، می توانید از روش های مختلفی استفاده کنید، از جمله: 1. از طریق تنظیمات اکوتام: در اکوتام، می توانید تنظیمات مربوط به اعتبار دریافتی را تغییر دهید، به طوری که اعتبار دریافتی کاهش یابد. برای این کار، باید به تنظیمات اکوتام دسترسی داشته باشید و سپس تنظیمات مربوطه را تغییر دهید. 2. از طریق کد: می توانید از طریق کد، اعتبار دریافتی را کاهش دهید. برای این کار، باید کد خود را تغییر دهید و سپس آن را در اکوتام پیاده سازی کنید. برای مثال، می توانید از تابع "setReceivedCredit" اکوتام استفاده کنید که به شما امکان می دهد اعتبار دریافتی را تغییر دهید.

به طور کلی، برای کاهش اعتبار دریافتی در اکوتام، باید از یک روش یا یک تابع خاص استفاده کنید که بر اساس نیازهای شما باشد. اگر به راهنمایی بیشتری نیاز دارید،
در اکوتام T(SCF) اعتباری که دریافت می‌کنیم از کدام قسمت، قابل مشاهده است؟,در اکوتام T(SCF) اعتباری که دریافت می‌کنیم، از بخش "تراکنش" قابل مشاهده است. این بخش نشان‌دهنده تراکنش‌های مالی و اعتباری است که در حساب ما اتفاق افتاده است.
در سامانه اکوتام (SCF) نام کاربری و رمز عبور خود را چطور تغییر دهیم؟,در سامانه اکوتام (SCF)، تغییر نام کاربری و رمز عبور به صورت زیر انجام می شود: 1. ابتدا به صفحه ورود به سیستم اکوتام بروید و نام کاربری و رمز عبور خود را وارد کنید و روی دکمه "ورود" کلیک کنید. 2. در صفحه اصلی سیستم، روی دکمه "تنظیمات" کلیک کنید و سپس روی دکمه "دسته بندی" کلیک کنید. 3. در صفحه "دسته بندی"، روی دکمه "ویرایش اطلاعات کاربری" کلیک کنید. 4. در صفحه "ویرایش اطلاعات کاربری"، نام کاربری و رمز عبور خود را وارد کنید و روی دکمه "ذخیره" کلیک کنید تا تغییرات انجام شود.

در صورت نیاز، می توانید با پشتیبانی سیستم اکوتام تماس بگیرید تا راهنمایی در این مورد دریافت کنید.
جهت استفاده از سامانه اکوتام(SCF) حتما باید حساب بانک تجارت داشت؟,خیر، برای استفاده از سامانه اکوتام (SCF)، حساب بانکی در بانک تجارت ضروری نیست. شما می‌توانید با استفاده از کارت بانکی یا سایر روش‌های پرداخت، خدمات اکوتام را استفاده کنید. علاوه بر این، اکوتام امکان پرداخت با کارت‌های اعتباری و یا سایر روش‌های پرداخت را فراهم می‌کند. بنابراین، داشتن حساب بانکی در بانک تجارت برای استفاده از این سامانه ضروری نیست.
چه کسانی باید در سامانه اکوتام(SCF)، ثبت نام نمایند؟,در سامانه اکوتام (SCF)، افرادی که در زمینه‌های مرتبط با محیط‌زیست، منابع طبیعی و مدیریت منابع طبیعی فعالیت می‌کنند، باید ثبت نام نمایند. این افراد می‌توانند شامل:* کارشناسان محیط‌زیست و منابع طبیعی* مدیران و کارمندان سازمان‌های مرتبط با محیط‌زیست و منابع طبیعی* کارشناسان و کارمندان شرکت‌های که در زمینه‌های مرتبط با محیط‌زیست و منابع طبیعی فعالیت می‌کنند* دانشجویان و فارغ‌التحصیلان رشته‌های مرتبط با محیط‌زیست و منابع طبیعی* افرادی که در زمینه‌های مرتبط با اکوتام مانند پایش، پایش و مدیریت منابع طبیعی فعالیت می‌کنند.

ثبت نام در سامانه اکوتام، برای دسترسی به منابع، اطلاعات و امکانات این سامانه، ضروری است.
شعب چگونه باید درسامانه اکوتام (SCF) ،ثبت نام نمایند؟,من خوشحالم که می‌توانم به سوالتان پاسخ دهم.

برای ثبت نام در سامانه اکوتام (SCF)، باید مراحل زیر را طی کنید: 1. ابتدا، به وب سایت اکوتام بروید و روی دکمه "ثبت نام" کلیک کنید. 2. سپس، فرم ثبت نام را تکمیل کنید و اطلاعات خود را وارد کنید، از جمله نام، نام خانوادگی، ایمیل و شماره تلفن. 3. پس از تکمیل فرم، روی دکمه "ثبت نام" کلیک کنید تا فرآیند ثبت نام آغاز شود. 4. در مرحله بعد، یک رمز عبور برای حساب کاربری خود تعیین کنید و آن را ذخیره کنید. 5. با تکمیل این مراحل، حساب کاربری شما در سامانه اکوتام ایجاد می‌شود و می‌توانید از امکانات آن استفاده کنید.

در صورت نیاز، می‌توانید به پشتیبانی سامانه در تماس باشید تا هرگونه سوالی که ممکن است داشته باشید، پاسخ داده شود.
در سامانه اکوتام(SCF) دستور پرداخت ها در چه مرحله ای به شعبه ارسال می گردد؟,در سامانه اکوتام (SCF)، دستور پرداخت ها در مرحله "واریز" یا "پرداخت" به شعبه ارسال می شود. این مرحله در فرآیند پردازش دستور پرداخت ها به وجود می آید و در آن، اطلاعات دستور پرداخت به بانکی که شعبه آن را در اکوتام ثبت کرده است، ارسال می شود تا به عنوان واریز یا پرداخت به حساب کارگزاران یا خریداران عمل کند.
مزیت های استفاده از ابزار دستور پرداخت چیست؟,استفاده از ابزار دستور پرداخت یا "payment terminal" مزایعی دارد که می توان به برخی از آنها اشاره کرد: 1. افزایش سرعت و راحتی در پردازش خریدها: ابزار دستور پرداخت، زمان پردازش خریدها را کاهش می دهد و خریداران را از درگیری با پول و پولدارها رها می کند. 2. افزایش امنیت: ابزار دستور پرداخت، اطلاعات مالی خریداران را حفظ می کند و از خطر دزدی یا سوءاستفاده از اطلاعات محافظت می کند. 3. کاهش خطای انسانی: ابزار دستور پرداخت، از خطای انسانی در پردازش خریدها جلوگیری می کند و اطمینان حاصل می کند که محاسبات درست انجام می شود. 4. امکان ارائه خدمات اضافی: ابزار دستور پرداخت، امکان ارائه خدمات اضافی مانند پرداخت با کارت اعتباری یا پرداخت با تلفن همراه را فراهم می کند و خریداران را از محدودیت های پرداخت های سنتی رها می کند. 5. بهبود تجربه خرید: ابزار دستور پرداخت، تجربه خرید را بهبود می بخشد و خریداران را از درگیری با پول و پولدارها رها می کند و آنها را با خدمات اضافی مانند بازگشت پول یا تغییر در خرید، خوشحال می کند.
در سامانه اکوتام(SCF) ابزار دستور پرداخت برای کدام معاملات مشتریان کاربرد دارد؟,در سامانه اکوتام (SCF)، ابزار دستور پرداخت برای معاملات ترانزیتی (پرداخت های بین المللی و بین بانکی) کاربرد دارد. این ابزار به مشتریان امکان می دهد، دستور پرداخت برای معاملات بین المللی را در سامانه اکوتام ثبت کنند و در نتیجه، پرداخت های بین المللی خود را با صرف زمان و هزینه کمتری انجام دهند.
آیا امکان صدور دستور پرداخت در تامین مالی زنجیره ای (در سامانه اکوتام) ،از بابت مشتریانی که مطابق بخشنامه 4003 معاملات آنان مشمول ثبت فاکتور در سامانه افق نمی شوند، وجود دارد؟,با سلام و تشکر از سوال شما، در سامانه اکوتام، امکان صدور دستور پرداخت برای مشتریانی که مطابق بخشنامه 4003 معاملات آنان مشمول ثبت فاکتور در سامانه افق نمی شوند، وجود ندارد. زیرا سامانه اکوتام از بابت اینگونه معاملات، از صدور دستور پرداخت خودداری می کند و به جای آن، از صدور دستور پرداخت برای معاملاتی که مشمول ثبت فاکتور در سامانه افق هستند، استفاده می کند.
برای استفاده از روش تامین مالی زنجیره ای (SCF) در سامانه اکوتام ،وثایق و تضامین مورد نیاز دارای چه ویژگی های می باشد؟,متشکرم برای سؤال شما!

در مورد تامین مالی زنجیره ای (SCF) در سامانه اکوتام،وثایق و تضامین مورد نیاز دارای ویژگی های زیر می باشد: 1. وثیقه: باید دارای ارزش و اعتبار قابل قبول برای تضمین تعهدات باشد و از نظر مالی و اعتباری قابل قبول باشد. 2. تضمین: باید تضمین قابل قبول برای تأمین مالی زنجیره ای باشد و تضمین های لازم را برای تأمین مالی زنجیره ای ارائه کند. 3. اعتبار: باید دارای اعتبار و اعتباری قابل قبول برای تأمین مالی زنجیره ای باشد و اعتباری قابل قبول برای تأمین مالی زنجیره ای ارائه کند. 4. ارزش: باید دارای ارزش قابل قبول برای تأمین مالی زنجیره ای باشد و ارزش قابل قبول برای تأمین مالی زنجیره ای ارائه کند. 5. موعد: باید دارای موعد قابل قبول برای تأمین مالی زنجیره ای باشد و موعد قابل قبول برای تأمین مالی زنجیره ای ارائه کند.

به طور کلی، وثایق و تضامین مورد نیاز برای تامین مالی زنجیره ای باید دارای
نحوه شروع فرآیند استفاده از محصول تامین مالی زنجیره ای(SCF) در پلتفرم اکوتام چگونه است؟,شما می‌توانید فرآیند استفاده از محصول تامین مالی زنجیره ای (SCF) در پلتفرم اکوتام به این صورت شروع کنید: 1. ثبت نام و ایجاد حساب کاربری در پلتفرم اکوتام: ابتدا باید در وب‌سایت اکوتام ثبت نام کنید و یک حساب کاربری ایجاد کنید تا بتوانید به پلتفرم دسترسی داشته باشید.
 2. تکمیل فرم تقاضا: در مرحله بعدی، باید فرم تقاضا را تکمیل کنید تا مشخصات درخواست خود را برای تامین مالی زنجیره ای ارائه دهید. این فرم شامل اطلاعات مورد نیاز برای ارزیابی درخواست شما مانند شرکت، صنعت، نوع کالا، و مقیاس تولید است.
 3. ارسال مدارک مورد نیاز: پس از تکمیل فرم تقاضا، باید مدارک مورد نیاز را ارسال کنید که شامل مدارک هویت، مدارک مالی، و مدارک مربوط به کالا یا خدمات است.
 4. ارزیابی درخواست: پس از دریافت مدارک، تیم اکوتام درخواست شما را ارزیابی می‌کند و تصمیم‌گیری می‌کند که آیا می‌توانند به شما تامین مالی کنند یا خیر.
 5. امضای قرارداد: در صورت پذیرش درخواست شما، باید قرارداد را
مراحل صدور دستور پرداخت در پلتفرم اکوتام به چه صورت می باشد؟,مراحل صدور دستور پرداخت در پلتفرم اکوتام به صورت زیر است: 1. دریافت درخواست پرداخت از فروشنده: فروشنده درخواست پرداخت را در پلتفرم اکوتام ارسال می کند و مشخصات خریدار، مبلغ و توضیحات را ارائه می دهد.
 2. بررسی و تأیید درخواست: تیم اکوتام درخواست را بررسی می کند و تأیید یا رد آن را اعلام می کند. در صورت تأیید، دستور پرداخت صادر می شود.
 3. ارسال دستور پرداخت به خریدار: دستور پرداخت به خریدار ارسال می شود و او را برای پرداخت مبلغ مورد نظر دعوت می کند.
 4. پرداخت مبلغ: خریدار مبلغ مورد نظر را پرداخت می کند و در صورت پرداخت موفق، تأییدیه پرداخت را دریافت می کند.
 5. بستن معامله: با تأییدیه پرداخت، معامله بست و فروشنده می تواند به فروشنده ای که با او معامله کرده است، گزارش دهد.
سررسید دستور پرداخت در تامین مالی زنجیره ای (SCF) در سامانه اکوتام چه بازه ای می باشد؟,با سلام! در سامانه اکوتام، سررسید دستور پرداخت در تامین مالی زنجیره ای (SCF) معمولاً در بازه زمانی 30 تا 90 روز است، اما ممکن است بسته به شرایط و ضوابط هر پیمانکار یا مشتری، متفاوت باشد. به عنوان مثال، در برخی موارد ممکن است سررسید به 15 روز یا حتی 180 روز هم برسد. برای اطلاعات دقیق‌تر، باید به منبع اصلی اطلاعات، مانند پیمانکار یا مشتری، مراجعه کنید.
نحوه امضای قرارداد تامین مالی زنجیره ای در سامانه اکوتام(SCF) به چه نحوی صورت می پذیرد؟,فرم امضای قرارداد تامین مالی زنجیره ای در سامانه اکوتام (SCF) به صورت الکترونیکی و از طریق پلتفرم اکوتام انجام می شود. برای امضای قرارداد، ابتدا باید در سامانه اکوتام ثبت نام کنید و سپس با استفاده از رمز عبور خود به حساب کاربری خود دسترسی پیدا کنید.

در مرحله بعد، باید در صفحه اصلی سامانه، گزینه "قرارداد تامین مالی زنجیره ای" را انتخاب کنید و سپس با استفاده از فرم ارائه شده، اطلاعات مورد نیاز را تکمیل کنید. این اطلاعات ممکن است شامل اطلاعات شرکت، اطلاعات فردی، اطلاعات محصول و اطلاعات قرارداد باشد.

بعد از تکمیل اطلاعات، باید قرارداد را امضاء کنید. برای این منظور، باید با استفاده از کلیدهای دیجیتال یا اسکن از اسناد و مدارک، قرارداد را امضاء کنید و سپس آن را در سامانه اکوتام ذخیره کنید.

در نهایت، قرارداد تامین مالی زنجیره ای با استفاده از فناوری بلوکه شده (blockchain) در سامانه اکوتام ذخیره می شود و برای هر دو طرف طرف قرارداد قابل دسترسی است.
کارمزدهای مربوط به تامین مالی زنجیره ای (SCF) در اکوتام به چه میزان می باشد؟,از معمای مهم در حوزه تامین مالی زنجیره ای (SCF)، کارمزدهای مربوط به تامین مالی زنجیره ای در اکوتام به دو دسته تقسیم می شود: 1. کارمزد تامین مالی زنجیره ای: این کارمزد برای تامین مالی زنجیره ای و مدیریت ریسک در طول زنجیره، از سوی تامین کنندگان و خریداران برای مدیریت جریان نقدی و ریسک اعتبار، محاسبه می شود و معمولاً در حدود 1-3% از ارزش سفارش محاسبه می شود. 2. کارمزد مدیریت ریسک زنجیره ای: این کارمزد برای مدیریت ریسک در طول زنجیره، از سوی تامین کنندگان و خریداران برای مدیریت ریسک اعتبار و ریسک نقدی، محاسبه می شود و معمولاً در حدود 0.5-2% از ارزش سفارش محاسبه می شود.

به طور کلی، کارمزد تامین مالی زنجیره ای و مدیریت ریسک زنجیره ای در اکوتام در حدود 1.5-5% از ارزش سفارش محاسبه می شود، که بسته به شرایط تجارت و توافق طرفین،
در صورت درخواست تنزیل دستور پرداخت در سامانه اکوتام(SCF) توسط مشتری، شعب می بایست چه روالی طی نمایند؟,در صورت درخواست تنزیل دستور پرداخت در سامانه اکوتام (SCF) توسط مشتری، شعب باید روال زیر را طی کنند: 1. ابتدا، شعب باید به بررسی دستور پرداخت درخواست شده توسط مشتری بپردازند تا اطمینان حاصل کنند که دستور پرداخت معتبر است و از نظر شعب، منطقی است. 2. اگر دستور پرداخت معتبر باشد، شعب باید به درخواست مشتری در مورد تنزیل دستور پرداخت پاسخ دهند و در صورت امکان، دستور پرداخت را تنزیل کنند و به مشتری اطلاع دهند. 3. در صورت عدم امکان تنزیل دستور پرداخت، شعب باید به مشتری اطلاع دهند و دلایل عدم امکان تنزیل دستور پرداخت را توضیح دهند، از جمله اینکه آیا دستور پرداخت با شرایط و ضوابط شعب مغایرت دارد یا خیر؟. 4. در هر صورت، شعب باید به درخواست مشتری در مورد تنزیل دستور پرداخت پاسخ دهند و در صورت امکان، روش های جایگزین را برای حل مشکل ارائه دهند.

در هر حال، شعب باید به طور دقیق و شفاف با مشتری در مورد درخواست تنزیل دستور پرداخت تعامل داشته باشند تا اطمینان حاصل کنند که مشتری از وضعیت درخواست خود مطلع
ابزار دستور پرداخت دارای چه ویژگی هایی می باشد و ارکان آن چیست؟,با سلام! ابزاری که برای دستور پرداخت استفاده می شود، ابزار دستور پرداخت، دارای ویژگی های زیر است: 1. قابلیت ارسال و دریافت دستور پرداخت از طریق شبکه های ارتباطی مانند اینترنت و تلفن 2. قابلیت ذخیره و بازیابی دستور پرداخت برای جلوگیری از از دست دادن اطلاعات مهم 3. قابلیت مدیریت دسترسی برای جلوگیری از دسترسی غیرمجاز به اطلاعات حساس 4. قابلیت تنظیم و کنترل دستور پرداخت برای جلوگیری از ارسال نادرست دستور پرداخت 5. قابلیت هماهنگ سازی با سیستم های مالی و حسابداری برای جلوگیری از ایجاد ابهام در حسابها

ارکان ابزاری که برای دستور پرداخت استفاده می شود، عبارتند از: 1. یک سیستم مدیریت دسترسی برای کنترل دسترسی به اطلاعات حساس 2. یک سیستم ذخیره و بازیابی اطلاعات برای جلوگیری از از دست دادن اطلاعات مهم 3. یک سیستم ارسال و دریافت دستور پرداخت از طریق شبکه های ارتباطی 4. یک سیستم مدیریت و تنظیم دستور پرداخت برای جلوگیری از ارسال نادرست دستور پرداخت 5. یک سیستم هماهنگ سازی با سیستم های مالی و حسابداری برای جلوگیری از ایجاد ابهام در حسابها.
آیا ابزار دستور پرداخت در تامین مالی زنجیره ای (SCF) قابل تنزیل می باشد؟,با توجه به پیچیدگی های خاص تامین مالی زنجیره ای (SCF)، ابزارهای دستور پرداخت می توانند در این زمینه قابل تنزیل باشند. به طور کلی، ابزارهای دستور پرداخت در تامین مالی زنجیره ای به منظور مدیریت ریسک و بهبود کارایی عملکردی مورد استفاده قرار می گیرند.

به طور مثال، ابزارهای دستور پرداخت مانند "پرداخت های پیش پرداخت" یا "پرداخت های پیش بینی" می توانند در تامین مالی زنجیره ای مورد استفاده قرار گیرند. این ابزارها به منظور مدیریت ریسک و بهبود کارایی عملکردی در تامین مالی زنجیره ای، از جمله مدیریت دارایی ها و مدیریت ریسک مالی، مورد استفاده قرار می گیرند.

به طور کلی، استفاده از ابزارهای دستور پرداخت در تامین مالی زنجیره ای می تواند منجر به بهبود کارایی عملکردی و کاهش ریسک شود. با این حال، استفاده از این ابزارها به طور کلی به بررسی و تحلیل شرایط خاص تامین مالی زنجیره ای بستگی دارد.
آیا در سامانه اکوتام(SCF یا تامین مالی زنجیره ای ) دستور پرداخت ها قابل انتقال می باشد و در صورت انتقال نحوه انتقال دستور پرداخت به چه صورت می باشد؟,سalam! به پرسش شما پاسخ می دهم. در سامانه اکوتام (SCF)، دستور پرداخت ها می توانند به طور مستقیم یا غیرمستقیم انتقال یابند. انتقال دستور پرداخت ها در این سامانه به روش های مختلفی ممکن است، از جمله: 1. انتقال مستقیم: در این روش، دستور پرداخت از حساب خزانه ای به حساب مقصد منتقل می شود و بدون نیاز به واسطه ای، به مقصد می رسد. 2. انتقال غیرمستقیم: در این روش، دستور پرداخت از حساب خزانه ای به یک حساب واسطه ای منتقل می شود و سپس از آن حساب به حساب مقصد منتقل می شود.

نحوه انتقال دستور پرداخت ها به صورت زیر است: 1. ابتدا، یک دستور پرداخت در سامانه اکوتام ایجاد می شود و اطلاعات آن از جمله مبلغ، تاریخ و حساب مقصد، در سامانه ذخیره می شود. 2. در مرحله بعدی، یک انتقال دستور پرداخت از حساب خزانه ای به حساب مقصد انجام می شود، که ممکن است مستقیم یا غیرمستقیم باشد، بسته به تنظیمات و مقررات تعیین شده توسط تامین کننده خدمات مالی. 3. پس از انتقال، دستور
آیا اخذ گواهی تبصره یک ماده 186 قانون مالیاتهای مستقیم جهت صدور دستور پرداخت در سامانه اکوتام(SCF) الزامی می باشد؟,خیر، اخذ گواهی تبصره یک ماده 186 قانون مالیاتهای مستقیم برای صدور دستور پرداخت در سامانه اکوتام (SCF) الزامی نیست. با این حال، در صورتی که مبلغی برای پرداخت در حسابدار وجود دارد، گواهی تبصره یک ماده 186 برای صدور دستور پرداخت الزامی است. در غیر این صورت، گواهی تبصره یک ماده 186 ضروری نیست و می‌توان برای صدور دستور پرداخت به سامانه اکوتام (SCF) مراجعه کرد.
صدور دستورپرداخت در تامین مالی زنجیره ای (SCF) در سامانه اکوتام دارای چه الزاماتی و مستلزم رعایت کدام مقررات می باشد؟,شما در مورد صدور دستورپرداخت در تامین مالی زنجیره ای (SCF) در سامانه اکوتام سوال دارید. برای صدور دستورپرداخت در SCF اکوتام، باید به چند الزام مهم توجه کرد که عبارتند از: 1. تأیید و تصویب موافقت نامه تامین مالی زنجیره ای (SCF) توسط خریدار و فروشنده یا شرکت‌های طرف قرارداد. 2. تأیید و تصویب برنامه تامین مالی زنجیره ای (SCF) توسط خریدار و فروشنده یا شرکت‌های طرف قرارداد، که شامل جزئیات مربوط به تامین مالی، زمان تحویل و مقدار کالا است. 3. تأیید و تصویب شرایط و ضوابط تامین مالی زنجیره ای (SCF) توسط خریدار و فروشنده یا شرکت‌های طرف قرارداد، که شامل جزئیات مربوط به نحوه پرداخت، مدت زمان و مقدار کالا است. 4. صدور دستورپرداخت توسط خریدار یا فروشنده یا شرکت‌های طرف قرارداد، که شامل جزئیات مربوط به نحوه پرداخت، مدت زمان و مقدار کالا است.

از نظر مقررات، صدور دستورپرداخت در SCF اکوتام باید مط
در سامانه اکوتام(SCF) ، نحوه تائید اصالت فاکتور ها یا صورتحسابهای مشتریان به هنگام صدور و انتقال دستور پرداخت ها به چه صورتی می باشد؟,در سامانه اکوتام (SCF)، نحوه تائید اصالت فاکتور ها یا صورتحسابهای مشتریان به هنگام صدور و انتقال دستور پرداخت ها به صورت اتوماتیک و توسط سیستم انجام می شود. در این سامانه، فاکتورها یا صورتحسابهای مشتریان با استفاده از فناوری هوش مصنوعی و الگوریتم های پیچیده، به طور خودکار بررسی و تأیید می شوند تا اطمینان حاصل شود که فاکتورها یا صورتحسابهای ارائه شده، واقعی و معتبر هستند.

در این فرآیند، سیستم اکوتام از اطلاعات فاکتورها یا صورتحسابهای ارائه شده، مانند اطلاعات مشتری، تاریخ و زمان صدور، مبلغ و غیره، برای تأیید اصالت استفاده می کند. در صورت تأیید اصالت، سیستم دستور پرداخت را به طور خودکار صادر می کند و به مشتریان ارائه می دهد. در غیر این صورت، سیستم به مشتریان اطلاع می دهد که فاکتور یا صورتحساب ارائه شده، معتبر نیست.
نحوه ایفای تعهدات و یا تسویه مبلغ دستور پرداخت های صادره در سررسید در سامانه اکوتام(SCF) ، به چه صورتی می باشد؟,به سوال شما در مورد نحوه ایفای تعهدات و تسویه مبلغ دستور پرداخت های صادره در سررسید در سامانه اکوتام(SCF)، پاسخی می‌دهم.

برای ایفای تعهدات و تسویه مبلغ دستور پرداخت های صادره در سررسید در سامانه اکوتام، می‌توانید به یکی از دو روش زیر عمل کنید: 1. پرداخت آنلاین: در این روش، می‌توانید از طریق سامانه اکوتام، مبلغ دستور پرداخت را آنلاین پرداخت کنید. برای این منظور، باید به سایت اکوتام بروید و به بخش «پرداخت آنلاین» بروید، سپس مبلغ دستور پرداخت را وارد کنید و به صورت آنلاین پرداخت کنید. 2. پرداخت در دفتر شعبه: در این روش، می‌توانید مبلغ دستور پرداخت را در دفتر شعبه اکوتام پرداخت کنید. برای این منظور، باید به دفتر شعبه اکوتام بروید و با یک از کارمندان شعبه تماس بگیرید، سپس مبلغ دستور پرداخت را پرداخت کنید و رسید آن را به خود بگیرید.

توجه داشته باشید که برای پرداخت، باید از یک از کارمندان شعبه اکوتام کمک بگیرید و به آنها نشان دهید که دستور
در صورت عدم ایفای تعهد توسط بنگاه در سررسید دستور پرداخت در سامانه اکوتام(SCF) ،شعب باید به چه نحوی اقدام نمایند؟,در صورت عدم ایفای تعهد توسط بنگاه در سررسید دستور پرداخت در سامانه اکوتام (SCF)، شعب باید به ترتیب زیر اقدام نمایند: 1. ابتدا باید به بنگاه تماس بگیرند و دلیل عدم ایفای تعهد را جویا کنند و درخواست ایفای تعهد را داده باشند. 2. اگر بنگاه از ایفای تعهد خودداری کند، شعب باید یک پیغام متنی به بنگاه ارسال کنند و درخواست ایفای تعهد را داده باشند. 3. اگر بنگاه از ایفای تعهد خودداری کند، شعب باید یک شکایت در مورد عدم ایفای تعهد را در سامانه اکوتام ثبت کنند. 4. شعب باید به بنگاه یک اخطار در مورد عدم ایفای تعهد ارسال کنند و از آنها درخواست ایفای تعهد را داده باشند. 5. اگر بنگاه از ایفای تعهد خودداری کند، شعب باید برای رسیدگی به شکایت، از مراجع ذیربط درخواست کمک کنند.
در صورت مطالبات ایجادی در سررسید دستور پرداختها در سامانه اکوتام(SCF) چه اتفاقی در شعبه رخ می دهد؟,در صورت مطالبات ایجادی در سررسید و دستور پرداختها در سامانه اکوتام (SCF)، در شعبه، چندین فرآیند رخ می دهد: 1. چکیده و ارسال به شعبه: در زمان سررسید، مطالبات ایجادی به شعبه ارسال می شود تا بررسی و رسیدگی شود. 2. بررسی و تأیید: کارمندان شعبه مطالبات را بررسی می کنند و تأیید یا رد می کنند، در صورت تأیید، دستور پرداخت را صادر می کنند. 3. پرداخت به حساب: در صورت تأیید، دستور پرداخت به حساب بانک یا سایر حساب‌های مقصد ارسال می شود تا به طور خودکار یا دستی پرداخت شود. 4. به روز رسانی سامانه: پس از پرداخت، سیستم اکوتام به روز رسانی می شود تا وضعیت پرداخت را به روز نگه دارد.

در نتیجه، در شعبه، مطالبات ایجادی بررسی، تأیید و پرداخت می شوند و سیستم اکوتام به روز رسانی می شود تا اطمینان حاصل کند که همه امور در مورد پرداخت به درستی انجام می شود.
درصورت عدم وصول مطالبات مربوط به دستور پرداختها در سامانه اکوتام(SCF) چه اتفاقی رخ می دهد؟,در صورت عدم وصول مطالبات مربوط به دستور پرداختها در سامانه اکوتام (SCF)، اتفاقی که رخ می دهد این است که دستور پرداختها در وضعیت "نفرم داده" قرار می گیرند و نمی توانند به طور کامل پردازش شوند، زیرا سیستم برای پردازش آنها به درستی وصولی مطالبات به عنوان گام اولیه نیاز دارد. این وضعیت می تواند به دلایل مختلفی مانند خطای فنی در سامانه، خطای داده یا عدم وصول اطلاعات لازم رخ دهد. در این صورت، کارمندان یا کارکنان مرتبط با این سامانه باید برای برطرف کردن مشکل، بررسی و پیگیری را انجام دهند تا بتوانند این دستورها را پردازش کنند و به درستی عمل کنند.
آیا در روز سررسید برای تسویه دستورپرداختها در سامانه اکوتام(SCF) ، مشتری می تواند از تسهیلات استفاده نماید؟,خوش آمدید! با توجه به اطلاعات موجود، در روز سررسید برای تسویه دستورپرداختها در سامانه اکوتام (SCF)، مشتری نمی تواند از تسهیلات استفاده نماید. زیرا تسهیلات فقط در مواقعی که در محدوده زمانی خاصی قرار دارد، ارائه می شود و در روز سررسید، هیچ تسهیلاتی در دسترس نخواهد بود. برای کسب اطلاعات دقیق‌تر، به سایت اکوتام مراجعه کنید یا با کارشناسان آنها تماس بگیرید.
سامانه پی‌بار چیست؟,سامانه پی‌بار یا پی‌بار سامانه‌ای است که به‌منظور مدیریت و نظارت بر ترافیک و حرکت خودروها در شهرها و بزرگراه‌ها طراحی شده است. این سامانه از طریق نصب دوربین‌های مدار بسته و سیستم‌های رادار، موقعیت و سرعت خودروها را با دقت بالا ردیابی می‌کند و اطلاعات حاصل را برای مدیریت ترافیک و کاهش زمان انتظار در ترافیک استفاده می‌کند. پی‌بار سامانه‌ای پویا و هوشمند است که می‌تواند به‌منظور بهبود ایمنی و راحتی سفر، تصمیم‌های هوشمندانه ای برای مدیریت ترافیک اتخاذ کند.
فرایند اجرایی پی‌بار چگونه است؟,فرایند اجرایی پی‌بار یا مودم به این ترتیب است: 1. اتصال دستگاه‌ها: در ابتدا، دستگاه‌های موردنیاز برای اتصال به هم، مانند مودم، راوتر و سوئیچ، به یکدیگر متصل می‌شوند تا بتوانند داده‌ها را تبادل کنند. 2. تنظیمات اولیه: تنظیمات اولیه مانند تنظیم آدرس آی پی، تنظیم پورت و تنظیم رمز عبور باید انجام شود تا دستگاه‌ها بتوانند به درستی با هم ارتباط برقرار کنند. 3. اتصال به شبکه: مودم یا سوئیچ به شبکه موردنیاز متصل می‌شود و شروع به تبادل داده‌ها می‌کند. 4. تأیید هویت: دستگاه‌ها برای تأیید هویت خود، مانند تأیید نام کاربری و رمز عبور، به یکدیگر ارتباط برقرار می‌کنند. 5. تأیید دسترسی: مودم یا سوئیچ دسترسی دستگاه‌ها را به شبکه موردنیاز تأیید می‌کند تا بتوانند به درستی به داده‌ها دسترسی داشته باشند.

به این ترتیب، فرایند اجرایی پی‌بار یا مودم انجام می‌شود تا بتوانیم داده‌ها را تب
فرایند تسویه کرایه حمل در پی‌بار چگونه است؟,فرایند تسویه کرایه حمل در پی‌بار، فرآیندی پیچیده است که توسط شرکت‌های حمل و نقل و صاحبان کالا انجام می‌شود. به طور کلی، فرآیند تسویه کرایه حمل در پی‌بار به شرح زیر است: 1. تعیین کرایه حمل: شرکت‌های حمل و نقل کرایه حمل را بر اساس فاصله، وزن، حجم و نوع کالا تعیین می‌کنند. 2. تسویه کرایه حمل: شرکت‌های حمل و نقل کرایه حمل را با صاحبان کالا تسویه می‌کنند، معمولاً در هنگام تحویل کالا. 3. محاسبه کرایه حمل: شرکت‌های حمل و نقل کرایه حمل را بر اساس فاصله، وزن، حجم و نوع کالا محاسبه می‌کنند و در صورت نیاز، کرایه حمل را با صاحبان کالا تسویه می‌کنند. 4. ارائه فاکتور کرایه حمل: شرکت‌های حمل و نقل فاکتور کرایه حمل را به صاحبان کالا ارائه می‌کنند که شامل اطلاعات کرایه حمل، هزینه‌های حمل و نقل، و سایر هزینه‌ها است. 5. پرداخت کرایه حمل: صاحبان کالا کرایه حمل را به شرکت‌های حمل و نقل پرداخت می‌کنند، معمولاً در هنگام تحویل کالا یا
پرداخت اعتباری پی‌بار چگونه است؟,پرداخت اعتباری پی‌بار یا پیش‌پرداخت یک نوع پرداخت اعتباری است که در آن، شخص یا شرکت، یک مبلغ را به عنوان پیش‌پرداخت برای یک سفارش یا سفارش‌های آینده، به یک فروشنده یا ارائه‌دهنده خدمات، پرداخت می‌کند.

پرداخت اعتباری پی‌بار معمولاً با یک قاعده یا شرایط خاص همراه است، که شامل زمان پرداخت، نحوه پرداخت، و میزان اعتبار است. در این حالت، شخص یا شرکت، اعتبار خود را در طول زمان مشخصی می‌تواند از طریق خرید یا سفارش‌های دیگر، به آن بازگرداند.

به طور کلی، پرداخت اعتباری پی‌بار، برای افراد یا شرکت‌هایی که نیاز به یک پیش‌پرداخت برای سفارش‌های آینده دارند، مفید است. به عنوان مثال، یک شرکت ممکن است برای سفارش تجهیزات یا مواد مورد نیاز، یک پیش‌پرداخت به یک ارائه‌دهنده خدمات، پرداخت کند. در این صورت، شرکت می‌تواند اعتبار خود را در طول زمان مشخصی از طریق سفارش‌های دیگر، به آن بازگرداند.
ویژگی‌های پرداخت اعتباری پی‌بار چگونه است؟,ویژگی‌های پرداخت اعتباری پی‌بار یا "Buy Now, Pay Later"، که در حال حاضر در بسیاری از فروشگاه‌های آنلاین رایج است، عبارتند از: 1. خرید و پرداخت فوری: مشتریان می‌توانند محصولات را بدون نیاز به پرداخت پیش‌فروش، خریداری کنند و پس از آن، به طور دوره‌ای یا در زمان مشخصی، مبلغ را پرداخت کنند.
 2. بدون نیاز به اعتبار: در بیشتر مواقع، شرکت‌های ارائه‌دهنده خدمات "Buy Now, Pay Later" از اعتبار مشتریان خود استفاده نمی‌کنند، زیرا مبلغ را در زمان مشخصی دریافت می‌کنند.
 3. بدون بهره و عوارض: در بیشتر مواقع، شرکت‌های ارائه‌دهنده خدمات "Buy Now, Pay Later" از بهره و عوارض برای مشتریان خود استفاده نمی‌کنند، زیرا مبلغ را در زمان مشخصی دریافت می‌کنند.
 4. امکان لغو یا تغییر: مشتریان می‌توانند در صورت لزوم، خرید خود را لغو یا تغییر دهند، اگرچه ممکن است با برخی از محدودیت‌ها یا هزینه‌های اضافی مواجه شوند.
 5. امکان پرداخت پیش‌فروش: در بسیاری از مواقع، مشتریان می‌توانند م
پی‌بار چه بارهایی را مدیریت می‌کند؟,پی‌بار به عنوان یک سیستم مدیریتی، کلیه فرآیندهای مرتبط با اطلاعات، از جمله ذخیره، بازیابی، پردازش، و ارائه داده‌ها را مدیریت می‌کند. پی‌بار می‌تواند فرآیندهای مختلفی را مدیریت کند، از جمله: 1. ذخیره و بازیابی اطلاعات: پی‌بار می‌تواند اطلاعات را در یک یا چند منبع ذخیره کند و در زمان نیاز، آن‌ها را بازیابی کند. 2. پردازش اطلاعات: پی‌بار می‌تواند اطلاعات را پردازش کند و از آن‌ها برای تصمیم‌گیری یا ارائه گزارش استفاده کند. 3. ارائه گزارش: پی‌بار می‌تواند گزارش‌های مختلفی را ارائه دهد، از جمله گزارش‌های تجاری، گزارش‌های مالی، و گزارش‌های عملکردی. 4. مدیریت دسترسی: پی‌بار می‌تواند دسترسی به اطلاعات را مدیریت کند و اطمینان حاصل کند که تنها افراد مجاز به دسترسی به اطلاعات خاصی هستند. 5. امنیت اطلاعات: پی‌بار می‌تواند امنیت اطلاعات را تضمین کند و از اطلاعات در برابر حملات و تهدیدات محافظت کند.

در نتیجه، پی‌بار یک سیستم قدرتمند برای مدیریت اطلاعات و فرآیندهای مرتبط با آن‌ها است که می‌تواند
دسترسی پی‌بار به بارنامه‌ها و حواله‌ها چگونه است؟,سوال جالبی! دسترسی به بارنامه‌ها و حواله‌ها از طریق سامانه‌های مختلف ممکن است. برخی از راه‌های دسترسی به این اسناد عبارتند از: 1. سامانه جامع اطلاعات حمل و نقل (JIT) - این سامانه توسط سازمان حمل و نقل کشور مدیریت می‌شود و امکان دسترسی به بارنامه‌ها و حواله‌ها را برای شهروندان و تجار فراهم می‌کند. 2. سامانه جامع اطلاعات کالا (SIS) - این سامانه توسط سازمان بازرگانی کشور مدیریت می‌شود و امکان دسترسی به اطلاعات مربوط به بارنامه‌ها و حواله‌ها را برای تجار و صاحبان کسب و کار فراهم می‌کند. 3. سامانه ثبت و پیگیری بارنامه‌ها و حواله‌ها - این سامانه توسط شرکت‌های حمل و نقل و تجار ارائه می‌شود و امکان دسترسی به اطلاعات مربوط به بارنامه‌ها و حواله‌ها را برای شهروندان و تجار فراهم می‌کند.

شایان ذکر است که برای دسترسی به این سامانه‌ها، نیاز به ثبت نام و تکمیل فرم‌های مربوطه دارد. علاوه بر این، ممکن است برای دسترسی به برخی اطلاعات، نیاز به مجوز یا اجازه از سازمان‌های مربوطه باشد.
مجوزهای سامانه پی‌بار چیست؟,ممنون از سوال شما! سامانه پی‌بار پیاده‌سازی شده از سوی دولت ایران است که هدف آن کمک به ساده‌سازی و تسریع امور اداری و تجاری است. مجوزهای سامانه پی‌بار شامل موارد زیر است: 1. مجوز کسب و کار: برای شروع یک کسب و کار، نیاز به اخذ مجوز کسب و کار است که توسط سازمان ثبت شرکت‌ها و سازمان صنعت، معدن و تجارت صادر می‌شود. 2. مجوز استخدام: برای استخدام کارکنان، نیاز به اخذ مجوز استخدام است که توسط سازمان کار و امور اجتماعی صادر می‌شود. 3. مجوز واردات و صادرات: برای واردات و صادرات کالا، نیاز به اخذ مجوز واردات و صادرات است که توسط سازمان بازرگانی و سازمان صنعت، معدن و تجارت صادر می‌شود. 4. مجوز ساخت: برای ساخت و تولید کالا، نیاز به اخذ مجوز ساخت است که توسط سازمان صنعت، معدن و تجارت صادر می‌شود. 5. مجوز مالی: برای انجام معاملات مالی، نیاز به اخذ مجوز مالی است که توسط سازمان امور مالیاتی صادر می‌شود.

این مجوزها برای ساده‌سازی امور اد
آیا پی‌بار قابلیت اتصال به سایر سامانه‌های مشتریان را دارد؟,بله، پی‌بار قابلیت اتصال به سایر سامانه‌های مشتریان را دارد. پی‌بار از طریق API و روشی راحت و قابل انطباق با دیگر سامانه‌ها، به ویژه سامانه‌های CRM، از جمله زپیرا، سافران، و ساپفیر، متصل می‌شود و داده‌های مشتریان را با هم هماهنگ می‌کند. این قابلیت، امکان دسترسی و مدیریت داده‌های مشتریان را از طریق یک پلتفرمی واحد فراهم می‌کند و به افزایش کارایی و راحتی کار با داده‌های مشتریان کمک می‌کند.
پی‌بار برای رفع کدام چالش‌های صنعت حمل‌ونقل و لجستیک به وجود آمده است؟,پی‌بار به عنوان یک فناوری نوین در صنعت حمل‌ونقل و لجستیک به وجود آمده است تا چالش‌های متعددی را که در این صنعت وجود دارد، رفع کند. برخی از این چالش‌ها عبارتند از: 1. مدیریت زمان و مکان: پی‌بار به وسیله هوش مصنوعی و داده‌های بزرگ، زمان و مکان را در صنعت حمل‌ونقل و لجستیک مدیریت می‌کند و به این ترتیب، زمان و هزینه را کاهش می‌دهد و خدمات را بهبود می‌بخشد. 2. کاهش هزینه‌ها: پی‌بار به وسیله هوش مصنوعی و داده‌های بزرگ، هزینه‌های حمل‌ونقل و لجستیک را کاهش می‌دهد و به این ترتیب، شرکت‌های حمل‌ونقل و لجستیک را با صرفه اقتصادی در می‌آورد. 3. بهبود خدمات: پی‌بار به وسیله هوش مصنوعی و داده‌های بزرگ، خدمات حمل‌ونقل و لجستیک را بهبود می‌بخشد و به این ترتیب، رضایت مشتریان را افزایش می‌دهد و شرکت‌های حمل‌ونقل و لجستیک را در رقابت با رقبای خود در می‌آورد. 4. افزایش امنیت: پی
پی‌بار کدام چالش‌های مربوط به بارهای ورودی را رفع کرده است؟,پی‌بار یک پلتفرم قدرتمند برای مدیریت بارهای ورودی است که بسیاری از چالش‌های مرتبط با بارهای ورودی را رفع کرده است. برخی از این چالش‌ها عبارتند از: 1. مدیریت بارهای بزرگ: پی‌بار قادر است تا بارهای بزرگ را مدیریت کند و به شما کمک می‌کند تا آنها را به صورت موثرتر تقسیم و پردازش کنید. 2. مقیاس پذیری: پی‌بار برای مقیاس پذیری طراحی شده است، به این معنی که می‌توانید آن را به راحتی برای نیازهای خود تنظیم کنید و از آن برای مدیریت بارهای ورودی در هر مقیاسی استفاده کنید. 3. کاهش زمان پردازش: پی‌بار به شما کمک می‌کند تا زمان پردازش بارهای ورودی را کاهش دهید و به شما اجازه می‌دهد تا آنها را به سرعت تر و دقیق‌تر پردازش کنید. 4. بهبود کیفیت داده‌ها: پی‌بار قادر است تا کیفیت داده‌های شما را بهبود بخشد و به شما اجازه می‌دهد تا داده‌های شما را در یک فرمت یکپارچه و منسجم ذخیره کنید. 5. افزایش امنیت: پی‌بار دارای امنیت بالا است، به این معنی که می
پی‌بار کدام چالش‌های مربوط به بارهای خروجی را رفع کرده است؟,پی‌بار به عنوان یک فناوری پیشرفته در صنعت انرژی، چالش‌های متعددی را در مورد بارهای خروجی برطرف کرده است. برخی از این چالش‌ها عبارتند از: 1. مقیاس‌پذیری: پی‌بار توانایی مقیاس‌پذیری را دارد که به این معنی است که می‌تواند برای مقیاس‌های مختلفی از جمله خانگی، تجاری و صنعتی طراحی شود و بارهای خروجی را برطرف کند. 2. پایداری: پی‌بار پایداری را در ارائه انرژی الکتریکی به مشترکان فراهم می‌کند که از این رو می‌تواند برای بارهای خروجی مختلفی از جمله بارهای فصلی و بارهای روزانه استفاده شود. 3. راحتی: پی‌بار راحتی را در ارائه انرژی الکتریکی به مشترکان فراهم می‌کند که از این رو می‌تواند برای بارهای خروجی مختلفی از جمله بارهای فصلی و بارهای روزانه استفاده شود و مشترکان را از نگرانی در مورد قطع یا کاهش برق رها کند. 4. مقیاس‌پذیری پهنای باند: پی‌بار توانایی مقیاس‌پذیری پهنای باند را دارد
چه کسانی می‌توانند از پی‌بار استفاده کنند؟,معمولاً کسانی که دارای حساب کاربری در پی‌بار هستند، می‌توانند از این پلتفرم برای ارسال و دریافت پیام و مدیریت گروه‌ها و کانال‌ها استفاده کنند. این افراد شامل: 1. اعضای گروه یا کانال‌هایی که از پی‌بار استفاده می‌کنند. 2. مدیران گروه یا کانال‌هایی که از پی‌بار استفاده می‌کنند. 3. مدیران ارشد پی‌بار که دارای دسترسی‌های ویژه برای مدیریت پلتفرم هستند.

البته، پی‌بار امکان دسترسی برای افراد با شرایط خاص را فراهم می‌کند، مانند دسترسی به گروه یا کانال خاصی که برای گروهی خاص یا افراد با یک نقش یا رتبه خاص در نظر گرفته شده است.
بازیگران اصلی پی‌بار چه کسانی هستند؟,بازیگران اصلی فیلم "پی‌بار" عبارتند از: رضا کیانیان، نیکی کریمی، محمدرضا غفاری، محمدرضا علیمردانی و پوریا پورسرخ. این فیلم در سال ۱۳۹۵ ساخته شد.
پی‌بار چه خدماتی به صاحبان کالا ارائه می‌دهد؟,پی‌بار یک پلتفرم آنلاین برای خرید و فروش کالا است که صاحبان کالا را در اتصال با خریداران و فروشندگان دیگر کمک می‌کند. پی‌بار خدمات متعددی را ارائه می‌دهد، از جمله: 1. تجارت الکترونیک: صاحبان کالا می‌توانند در پی‌بار کالا خود را برای فروش عرضه کنند و در مورد آن با خریداران در تماس باشند. 2. تبلیغات: صاحبان کالا می‌توانند در پی‌بار تبلیغات برای کالا خود انجام دهند تا توجه خریداران را به خود جلب کنند. 3. ذخیره و مدیریت کالا: پی‌بار امکان ذخیره و مدیریت کالا را برای صاحبان کالا فراهم می‌کند، به طوری که آنها می‌توانند اطلاعات کالا خود را در یک مکان واحد ذخیره کنند و به راحتی آن را مدیریت کنند. 4. گزارشات و آمار: پی‌بار گزارشات و آمار را برای صاحبان کالا ارائه می‌دهد تا آنها بتوانند عملکرد تجارت خود را ارزیابی کنند و برای بهبود آن تلاش کنند. 5. پشتیبانی و مشاوره: پی‌بار برای صاحبان کالا پشتیبانی و مشاوره ارائه
پی‌بار چه خدماتی به شرکت‌های حمل‌و‌نقل جاده‌ای ارائه می‌دهد؟,سلام! شرکت‌های پی‌بار به شرکت‌های حمل‌و‌نقل جاده‌ای خدمات متعددی ارائه می‌دهند، از جمله: 1. تخصیص منابع: پی‌بار در تخصیص منابع، از جمله خودرو، رانندگان و تجهیزات، به شرکت‌های حمل‌و‌نقل جاده‌ای کمک می‌کند تا منابع خود را بهینه‌تر استفاده کنند. 2. برنامه‌ریزی رانندگی: پی‌بار با استفاده از فناوری‌های اطلاعات و ارتباطات، برنامه‌ریزی رانندگی را برای شرکت‌های حمل‌و‌نقل جاده‌ای انجام می‌دهد تا زمان‌بندی سفرها و توزیع بارها را بهینه‌تر کند. 3. مدیریت بار: پی‌بار خدمات مدیریت بار را ارائه می‌دهد، از جمله تخصیص بارها، پیگیری بارها و حل مشکلات مرتبط با بارها. 4. تامین مالی: پی‌بار در تامین مالی برای شرکت‌های حمل‌و‌نقل جاده‌ای کمک می‌کند، از جمله ارائه خدمات اعتباری و کمک به تامین منابع مالی برای سرمایه‌گذاری در بخش حمل‌و‌نقل جاده‌ای. 5. مشاوره: پی‌بار مشاوره‌های تخصصی را در زمینه
پی‌بار چه خدماتی به رانندگان ارائه می‌دهد؟,پی‌بار به رانندگان ارائه می‌دهد: 1. اطلاعات جاده‌ای: پی‌بار به رانندگان اطلاعات جاده‌ای ارائه می‌دهد، از جمله اطلاعات ترافیک، تعمیرگاه‌ها، ایستگاه‌های بنزین، ایستگاه‌های پلیس و مکان‌های عمومی.
 2. راهنمایی صوتی: پی‌بار به رانندگان راهنمایی صوتی ارائه می‌دهد، به‌طوری که می‌توانند به راحتی به مقصدهای خود دسترسی پیدا کنند.
 3. اطلاعات هوا و آب: پی‌بار به رانندگان اطلاعات هوا و آب ارائه می‌دهد، از جمله اطلاعات آب و هوا، آب و هوای پیش‌بینی‌شده و هشدارهای آب و هوایی.
 4. خدمات پشتیبانی: پی‌بار به رانندگان خدمات پشتیبانی ارائه می‌دهد، از جمله خدمات کمک در مواقع اضطراری، خدمات کمک در مواقع تعطیلی، خدمات کمک در مواقع خرابی و خدمات کمک در مواقع دیگر.
 5. تخفیف‌ها و پیشنهادها: پی‌بار به رانندگان تخفیف‌ها و پیشنهادها ارائه می‌دهد، از جمله تخفیف‌ها برای خریدهای آنلاین، تخفیف‌ها برای رز
پی‌بار چه چیزهایی را نمایش می‌دهد؟,پی‌بار یک پلتفرم رسانه‌ای است که می‌تواند محتوای گوناگون را نمایش دهد، از جمله:* مقالات و مطالب روزنامه‌نگاری* ویدیوها و فیلم‌ها* تصاویر و گالری‌های عکس* صدا و موسیقی* خندوانه‌ها و پادکست‌ها* وبلاگ‌ها و محتوای شخصی* مقالات و تحقیقات علمی* و بسیاری از چیزهای دیگر!
پی‌بار کدام عملیات بانکی را انجام می‌دهد؟,پی‌بار در عملیات بانکی متعددی شرکت می‌کند، از جمله: 1. واریز وجوه: پی‌بار می‌تواند وجوه را به حساب کارگزار یا حساب بانکی واریز کند. 2. برداشت وجوه: پی‌بار می‌تواند وجوه را از حساب کارگزار یا حساب بانکی بردارد و برای پرداخت یا هزینه استفاده کند. 3. تراکنش‌های ارزی: پی‌بار می‌تواند تراکنش‌های ارزی را انجام دهد و وجوه را در ارزهای مختلف به کار گیرد. 4. واریز وجوه در حساب‌های مختلف: پی‌بار می‌تواند وجوه را به حساب‌های مختلف، از جمله حساب‌های درسی، حساب‌های کارگزار، حساب‌های سرمایه‌گذاری و غیره واریز کند.

این فقط بخشی از عملیات بانکی است که پی‌بار در آن شرکت می‌کند. پی‌بار ممکن است در عملیات‌های بانکی دیگر نیز شرکت کند، بسته به نوع خدمات و امکانات ارائه شده توسط بانک یا موسسه مالی.
پی‌بار چه‌کارهای بانکی‌ای انجام می‌دهد؟,مطمئناً پرسیدن پرسش‌های مرتبط با بانکی را به علاقه مندی خود نسبت می‌دهم!

پی‌بار چه‌کارهای بانکی‌ای انجام می‌دهد؟

پای‌بار معمولاً عملیات‌های زیر را انجام می‌دهد: 1. واریز و برداشت: واریز پول به حساب‌های دیگر یا برداشت پول از حساب‌های شخصی یا تجاری. 2. نقل‌وبروند: نقل‌وبروند پول از یک حساب به حساب دیگر، اغلب برای پرداخت بدهی یا تسویه حساب. 3. تراکنش: تراکنش‌های مالی، مانند واریز و برداشت از طریق دستگاه‌های خودکار یا برخط. 4. حسابداری: ثبت و نگهداری از حساب‌های بانکی و تراکنش‌های مالی، برای ارائه گزارش‌های مالی و مالیاتی.

این فعالیت‌ها در هر بانکی ممکن است با جزئیات و فرآیندهای خاص خود متفاوت باشد. لطفاً برای اطلاعات دقیق‌تر به سایت یا شعبه مورد نظر مراجعه کنید.
پی‌بار چه اطلاعاتی راجع به وضعیت بارنامه‌ها به ما می‌دهد؟,بسیار خوشحالم که از من کمک می‌خواهید! بارنامه‌ها یا بارنامه‌های هوایی، اطلاعات دقیقی در مورد وضعیت پروازها، شامل زمان پرواز، تاریخ پرواز، شماره پرواز، مدت زمان پرواز، مقصد، شروع و پایان پرواز، و غیره ارائه می‌دهند. این اطلاعات می‌تواند برای مسافران، شرکت‌های هواپیمایی، و حتی سازمان‌های هوایی مفید باشد. برخی از اطلاعات بارنامه‌ها شامل: 1. زمان پرواز: زمان شروع و پایان پرواز، به همراه زمان انتظار در فرودگاه‌ها و زمان فرود. 2. تاریخ پرواز: تاریخ پرواز، به همراه روز و ماه. 3. شماره پرواز: شماره شناسایی پرواز، برای شناسایی و پیگیری پرواز. 4. مدت زمان پرواز: زمان پرواز از فرودگاه شروع تا فرود، با در نظر گرفتن زمان انتظار در هوا و زمان فرود. 5. مقصد: مقصد پرواز، شامل نام فرودگاه، شهر یا کشور مقصد. 6. شروع و پایان پرواز: زمان شروع و پایان پرواز، به همراه زمان انتظار در فرودگاه‌ها و زمان فرود. 7. وضعیت پرواز: اطلاعات در مورد وضعیت پرواز، از جمله
خدمات پی‌بار در زمینه پرداخت کدام است؟,خدمات پی‌پرداخت، در زمینه‌های مختلفی مورد استفاده قرار می‌گیرند، از جمله: 1. پرداخت بلیط هواپیما یا قطار: شرکت‌های هواپیمایی و قطاری، خدمات پی‌پرداخت را ارائه می‌دهند تا مسافران بتوانند بلیط خود را آنلاین و در محل پرداخت کنند. 2. خرید محصولات و خدمات: بسیاری از فروشگاه‌های آنلاین و فروشگاه‌های فیزیکی، خدمات پی‌پرداخت را ارائه می‌دهند تا مشتریان بتوانند خرید خود را آنلاین و در محل پرداخت کنند. 3. پرداخت مالیات و عوارض: دولت‌ها و سازمان‌های مالی، خدمات پی‌پرداخت را ارائه می‌دهند تا شهروندان بتوانند مالیات و عوارض خود را آنلاین و در محل پرداخت کنند. 4. پرداخت خدمات مالی: بانک‌ها و مؤسسات مالی، خدمات پی‌پرداخت را ارائه می‌دهند تا مشتریان بتوانند خدمات مالی خود را آنلاین و در محل پرداخت کنند، مانند پرداخت قسط وام یا قرض‌الحسنه. 5. پرداخت برای خدمات دهنده: شرکت‌های ارائه دهنده خدمات، مانند ارائه دهندگان خدمات اینترنتی، خدمات پی‌پرداخت را ارائه می‌دهند تا مشتریان بتوانند خدمات
پی‌بار برای تسویه‌حساب با راننده، چه می‌کند؟,هنگامی که یک پی‌بار برای تسویه‌حساب با راننده می‌کند، معمولاً یک چک یا پول نقد را به راننده ارائه می‌دهد که به عنوان یک پاداش برای خدمات ارائه شده توسط راننده محسوب می‌شود. این پاداش معمولاً بر اساس تعداد سفر یا مسافت طی شده توسط راننده تعیین می‌شود. پی‌بار ممکن است از راننده درخواستی را برای ارائه خدمات در آینده داشته باشد یا به او یک سند یا مدرک ارائه دهد که نشان‌دهنده خدمات ارائه شده توسط راننده است.
آیا پی‌بار امکان گزارش‌گیری دارد؟,بله، پی‌بار امکان گزارش‌گیری دارد. پی‌بار می‌تواند اطلاعات مختلفی را جمع‌آوری و گزارش دهد، از جمله ترافیک، وضعیت شبکه، خطای سرویس و غیره. گزارش‌گیری پی‌بار می‌تواند به سازمان‌ها در تصمیم‌گیری و مدیریت بهتر شبکه کمک کند. برای نمونه، پی‌بار می‌تواند گزارش دهد که چه زمانی و در کجا شبکه دچار اختلال شده است، یا چه تعداد از کاربران در یک منطقه خاص هستند و غیره.
پی‌بار چه گزارش‌هایی ارائه می‌دهد؟,با سلام! به عنوان یک کمک‌پرسن، پی‌بار یک پلتفرم ابری برای ذخیره، مدیریت و تجزیه‌و تحلیل داده‌ها است که گزارش‌های مختلفی ارائه می‌دهد، از جمله: 1. گزارش‌های کاربردی: گزارش‌های کاربردی شامل گزارش‌های مرتبط با عملکرد و فعالیت‌ها، مانند گزارش‌های بازدید، گزارش‌های تراکنش، گزارش‌های مشترک و غیره است. 2. گزارش‌های تحلیل: گزارش‌های تحلیل شامل گزارش‌های مرتبط با تجزیه‌و تحلیل داده‌ها، مانند گزارش‌های ترند، گزارش‌های امتیاز، گزارش‌های سطوح و غیره است. 3. گزارش‌های پیش‌بینی: گزارش‌های پیش‌بینی شامل گزارش‌های مرتبط با پیش‌بینی‌ها، مانند گزارش‌های پیش‌بینی تراکنش، گزارش‌های پیش‌بینی بازدید و غیره است. 4. گزارش‌های امنیتی: گزارش‌های امنیتی شامل گزارش‌های مرتبط با امنیت، مانند گزارش‌های خطای امنیتی، گزارش‌های تلاش‌های نفوذ و غیره است.

این گزارش‌ها به شما کمک می‌کنند تا داده‌های خود را بهتر بفهمید، تصمیم‌های هوشمندانه بگیرید و استراتژی‌های خود را بهبود بخشید.
آیا پی‌بار بانک است؟,خیر، پی‌بار یک واحد پول رایج در ایران است، اما بانک نیست. پی‌بار یک واحد پول جایگزین برای تومان است که توسط بانک مرکزی جمهوری اسلامی ایران در سال ۱۳۹۶ معرفی شد.
اگر در استفاده از پی بار با مشکل مواجه شدم چکار کنم؟,عالی است که به شما کمک کنم! اگر در استفاده از پی‌پی بار با مشکل مواجه شدید، چند گزینه را می‌توانید انجام دهید: 1. بررسی دستورالعمل ها: اطمینان حاصل کنید که دستورالعمل های پی‌پی بار را به درستی خوانده اید و اگر هر گونه سوالی دارید، به صفحه راهنمای پی‌پی بار مراجعه کنید. 2. پیگیری پشتیبانی: اگر همچنان با مشکل مواجه هستید، می‌توانید با پشتیبانی پی‌پی بار در تماس باشید تا به شما کمک کنند و مشکل شما را حل کنند. 3. مرورگر را بروز کنید: اگر مرورگر شما قدیمی است، ممکن است به دلیل نوسانات و مشکلات فنی با پی‌پی بار مواجه شوید. مرورگر خود را بروز کنید و اگر همچنان مشکل ادامه دارد، می‌توانید از مرورگر دیگری استفاده کنید. 4. جستجو در اینترنت: ممکن است در اینترنت جستجو کنید و به یک راه حل برای مشکل خود پیدا کنید. سایر کاربران ممکن است در مورد همان مشکل شما تجربه داشته باشند و راه حل خود را در اینترنت درج کرده باشند.

با امید که این توصیه‌ها به شما
آدرس سایت پی‌بار چیست؟,پی‌بار (PiBar) یک سایت مستقل است که به شما اجازه می‌دهد تا در مورد یک پروژه یا یک کار، اعتبارسنجی و نظرسنجی کنید. این سایت به شما امکان می‌دهد تا نظرات و نظرها را در مورد یک موضوع خاص گردآوری کنید و از آن برای تصمیم‌گیری استفاده کنید. آدرس سایت پی‌بار این است: pibar.com.
امکان تجربه فضای پی‌بار وجود دارد؟,منظور شما از فضای پی‌بار، احتمالاً فضا یا محیطی است که در آن، به جای هوا، گازهای دیگر مانند اکسیژن، نیتروژن، کربن دی‌اکسید و... وجود دارد. این‌گونه فضاهای پی‌بار را می‌توان در آزمایشگاه‌های خاص یا در برخی از وسایل صنعتی مانند فرقون‌های صنعتی یا لوله‌های انتقال گاز مشاهده کرد.

به عنوان مثال، در یک فرقون صنعتی، ممکن است گاز اکسیژن یا نیتروژن برای خنثی کردن گازهای سمی یا برای ایجاد یک محیط بی‌هوایی استفاده شود. در چنین فضاهایی، به جای هوا، گازهای دیگر وجود دارد که می‌تواند برای افراد غیر متخصص خطرناک باشد. بنابراین، امکان تجربه فضای پی‌بار برای افراد غیر متخصص وجود ندارد، مگر در شرایط خاصی که در آن افراد در محیطی با گازهای خاصی کار می‌کنند و با استفاده از تجهیزات ایمنی و حفاظتی، به سلامت خود نگاه داشته می‌شوند.
چرا پی‌بار؟,پیش از پاسخ، باید بگویم که پی‌بار به چه منظوری است. پی‌بار ممکن است به دلیل عوامل مختلفی باشد، از جمله: 1. دما: اگر دمای هوا بسیار بالا باشد، ممکن است که هوا داغ و رطوبت زیاد باشد، که می‌تواند به ایجاد پی‌بار کمک کند. 2. باد: اگر باد شدید باشد، ممکن است که هوا را حرکت دهد و رطوبت را به سمت زمین منتقل کند، که می‌تواند به ایجاد پی‌بار کمک کند. 3. آب و هوا: اگر آب و هوای منطقه دچار تغییر باشد، ممکن است که رطوبت افزایش یابد و به ایجاد پی‌بار کمک کند.

به هر حال، برای پاسخ به این سؤال، باید اطلاعات دقیق تری در مورد شرایط آب و هوای منطقه داشته باشیم. اگر اطلاعات بیشتری در مورد شرایط آب و هوای منطقه ارائه دهید، می‌توانم پاسخ دقیق تری به سؤال شما ارائه کنم.
ساتنا,سلام! چطور می‌توانم به شما کمک کنم؟ (Hello! How can I help you?)
ساتنا چیست,"ساتنا" یا "ساتنا" در زبان فارسی، به معنای "ساعت" یا "زمان" است. ساتنا اشاره به زمان حال یا زمان گذشته یا آینده دارد. به طور کلی، ساتنا نشان دهنده موقعیت زمانی یک رویداد یا وقوعی است که در زمان حال یا در گذشته یا آینده رخ داده است.
زمانبندی ساتنا,دوستان عزیز! زمانبندی ساتنا، یا ساتنا اسکید، یک شیوه زمانبندی است که به شما کمک می کند تا به راحتی ترتیبی برای انجام امور خود تنظیم کنید. این روش به شما اجازه می دهد تا امور خود را به دسته های کوچک‌تر، مانند ساتنا، تقسیم کنید و سپس هر ساتنا را به چندین مرحله کوچک‌تر تقسیم کنید تا به راحتی ترتیبی برای انجام امور خود تنظیم کنید.

در اینجا چندین مرحله برای زمانبندی ساتنا آورده شده است: 1. شناسایی امور خود: ابتدا باید امور خود را شناسایی کنید و به ترتیب اهمیت و زمان مورد نیاز برای انجام هر یک از آن‌ها تعیین کنید. 2. تقسیم امور به ساتنا: بعد از شناسایی امور خود، باید آن‌ها را به ساتنا‌های کوچکتر تقسیم کنید. هر ساتنا باید شامل چندین مرحله کوچک‌تر باشد که به راحتی ترتیبی برای انجام امور خود تنظیم کنید. 3. تعیین زمان برای هر ساتنا: بعد از تقسیم امور به ساتنا، باید زمان برای انجام هر ساتنا را تعیین کنید. این زمان باید با زمان مورد نیاز برای انجام هر سات
ساعت 6 بعد ازظهر می خواهم از همراه بانک انتقال وجه دهم ولی ساتنا قطع شده است؟,عجیب است که همراه بانک قطع شد! در این زمان، شما می توانید به یکی از شعبات بانک یا شعبه مرکزی نزدیکی مراجعه کنید تا مشکل را حل کنید. همچنین می توانید با شماره تلفن خدمات مشترک بانک تماس بگیرید و درخواست کمک کنید تا مشکل را برطرف کنند. اگر شما از انتقال وجه دهم به روزهای بعد، می توانید درخواست کنید تا انتقال وجه دهم به روزهای بعد انجام شود. اطمینان حاصل کنید که همراه بانک خود را در روزهای بعدی باز کنید تا بتوانید انتقال وجه را انجام دهید.
از همراه بانک ساتنا انجام می دهم اما اعلام می کند ساتنا قطع است؟,دعوا شما را متوجه می کنم. اگر از همراه بانک ساتنا انجام می دهید و اعلام می کند ساتنا قطع است، احتمالاً به خاطر قطع ارتباط یا خطای فنی در سیستم بانک بوده است. توصیه می کنم با بانک تماس بگیرید و علت قطع ساتنا را جویا باشید. همچنین می توانید به صورت آنلاین با بانک در ارتباط باشید و از خدمات آن استفاده کنید. ممکن است یک مشکل موقت باشد و در آینده حل شود. اگر مشکل همچنان ادامه دارد، توصیه می کنم با کارشناس بانک در تماس باشید تا راهنمایی های لازم را دریافت کنید.
کارمزد ساتنا,"کارمزد ساتنا" means "What is your salary?" in Persian. If you're asking about my salary, I'm just an AI, I don't have a salary. I exist solely to assist and provide information to users. If you're asking about something else, please feel free to ask, and I'll do my best to help!
سقف انتقال وجه ساتنا غیر حضوری,سقف انتقال وجه ساتنا غیر حضوری، به این معنی است که سقف انتقال وجهی که توسط ساتنا ارائه می‌شود، غیر حضوری یا غیر حضوری است. در نتیجه، سقف انتقال وجه ساتنا، به عنوان یک وسیله برای انتقال وجه، غیر حضوری است.
سقف انتقال وجه ساتنا از طریق اینترنت بانک,فرصت خوبی است که در مورد انتقال وجه از طریق اینترنت بانک صحبت کنیم! سقف انتقال وجه از طریق اینترنت بانک در بانک های مختلف متفاوت است، اما اغلب به شرح زیر است:* در بسیاری از بانک های ایرانی، سقف انتقال وجه از طریق اینترنت بانک در حدود 50 میلیون تومان یا حتی بیشتر است. برای مثال، بانک ملی ایران، سقف انتقال وجه از طریق اینترنت بانک را 50 میلیون تومان و بانک سامان، سقف انتقال وجه را 100 میلیون تومان اعلام کرده است.* در برخی از بانک های دیگر، سقف انتقال وجه از طریق اینترنت بانک بسته به نوع حساب و نوع انتقال وجه متفاوت است. برای مثال، در بانک شهر، سقف انتقال وجه از طریق اینترنت بانک برای حساب های عادی 20 میلیون تومان و برای حساب های ویژه 50 میلیون تومان است.

شایان ذکر است که در هنگام انتقال وجه از طریق اینترنت بانک، باید اطمینان حاصل کرد که نشانی گیرنده وجه دقیق و صحیح باشد، و همچنین باید به خاطر داشته باشید که برخی از بانک ها ممکن است برای انتقال وجه های بزرگتر از سقف تعیین شده، درخواست اطلاعات تکمیلی یا واریز وجه به حساب خود بانک را داشته باشند.
سقف انتقال وجه ساتنا از طریق نت بانک,سفارش انتقال وجه از طریق نتفکس بانک، فرآیندی ساده و راحت است. برای انجام این کار، باید مراحل زیر را دنبال کنید: 1. ابتدا باید به صفحه ورود به سیستم نتفکس بانک بروید و با وارد کردن نام کاربری و رمز عبور، وارد حساب خود شوید. 2. سپس، روی دکمه "پرداخت" کلیک کنید و گزینه "اتمام" را انتخاب کنید. 3. در صفحه بعدی، اطلاعات مورد نیاز برای انجام انتقال وجه را وارد کنید، مانند نام گیرنده، شماره حساب گیرنده و مبلغ انتقال. 4. تأیید اطلاعات و کلیک روی دکمه "تأیید" برای انجام انتقال وجه. 5. پس از تأیید، یک کد تأییدیه به شما داده می شود که باید آن را در زمان تعیین شده در حساب خود وارد کنید.

در صورت داشتن هر گونه سوال یا مشکل در طول فرآیند، می توانید با کارشناسان نتفکس بانک تماس بگیرید تا به شما کمک کنند.
سقف انتقال وجه ساتنا از طریق موبایل بانک,ممنون از سوال شما! برای انتقال وجه از طریق موبایل بانک، باید ابتدا یک حساب بانکی داشته باشید و سپس از طریق اپلیکیشن موبایل بانک، انتقال وجه را انجام دهید. برای مثال، در بانک سامان، می‌توانید از طریق اپلیکیشن "سامان بانک"، انتقال وجه را انجام دهید.

به طور کلی، مراحل انتقال وجه از طریق موبایل بانک به این صورت است: 1. در ابتدا باید از طریق اپلیکیشن موبایل بانک، وارد حساب خود شوید و رمز عبور خود را وارد کنید. 2. سپس، روی گزینه "تراکنش" یا "پرداخت" کلیک کنید و سپس روی گزینه "موجودی" کلیک کنید تا موجودی حساب خود را مشاهده کنید. 3. برای انتقال وجه، باید نام گیرنده، شماره حساب و مبلغ را وارد کنید و سپس روی گزینه "تایید" کلیک کنید تا انتقال وجه را انجام دهید.

لطفا توجه داشته باشید که ممکن است برای انجام انتقال وجه، یک کد امنیتی یا رمز عبور اضافی مورد نیاز باشد. همچنین، ممکن است برای انجام انتقال وجه، یک کمیسیون یا هزینه اضافی وجود داشته باشد. بنابراین، قبل از انجام انتقال وجه، باید با بانک
سقف انتقال وجه ساتنا از طریق همراه بانک,خوش آمدید! سقف انتقال وجه از طریق همراه بانک، بسته به نوع حساب و مقصد، متفاوت است. برای انتقال وجه از طریق همراه بانک، حداکثر مبلغی که می‌توانید انتقال دهید، بسته به نوع حساب شما است. برای مثال:* برای حساب‌های شخصی، حداکثر مبلغی که می‌توانید انتقال دهید، 50 میلیون تومان است.* برای حساب‌های تجاری، حداکثر مبلغی که می‌توانید انتقال دهید، 500 میلیون تومان است.

در هر صورت، برای انتقال وجه از طریق همراه بانک، باید از طریق نرم‌افزار همراه بانک یا از طریق سایت بانک، درخواست انتقال وجه دهید. برای این منظور، باید رمزعبور خود را وارد کنید و مبلغ انتقال را مشخص کنید. سپس، مبلغ موردنظر را به حساب مقصد منتقل می‌شود.

اگر در مورد سقف انتقال وجه از طریق همراه بانک، سوالی دارید، می‌توانید به بانک خود مراجعه کنید یا با کارشناسان بانک تماس بگیرید.
سقف انتقال وجه ساتنا شعبه,It seems like you're asking about the transfer of funds from your Satna branch to another branch. If that's correct, here's a possible answer:

برای انتقال وجه از شعبه ساتنا به شعبه دیگر، می توانید از طریق اینترنت بانک یا مراجعه به شعبه ساتنا و درخواست انتقال وجه کنید. برای این کار، باید اطلاعات حساب و رمز عبور خود را وارد کنید و سپس مبلغی را برای انتقال تعیین کنید. ممکن است برای انجام انتقال وجه، حداکثر یک روز زمان نیاز باشد، اما می توانید برای کسب اطلاعات دقیق‌تر، با شعبه ساتنا تماس بگیرید.
حداقل انتقال وجه ساتنا غیر حضوری,خوش آمدید! حداقل انتقال وجه ساتنا غیر حضوری، به معنای حداقل انتقال وجه ساتنا بدون حضور در Branch است. معمولاً بانک‌ها و مؤسسات مالی برای انجام این انتقال وجه، رمز عبور یا کد امنتی درخواست می‌کنند تا امنیت و امنیت نقل و انتقال وجه را تضمین کنند. این انتقال وجه اغلب با استفاده از نرم‌افزار یا برنامه‌های اینترنتی انجام می‌شود و بدون نیاز به مراجعه حضوری به بانک یا مؤسسه مالی، می‌توان آن را انجام داد.
حداقل انتقال وجه ساتنا از طریق اینترنت بانک,یکی از راه‌های انتقال وجه ساتنا از طریق اینترنت بانک، استفاده از خدمات انتقال وجه الکترونیکی یا همان «پرداخت الکترونیکی» است. اغلب بانک‌ها خدمات پرداخت الکترونیکی را ارائه می‌دهند که به شما امکان می‌دهد وجه را به حساب دیگری انتقال دهید. برای استفاده از این خدمات، باید از طریق سایت یا اپلیکیشن بانک خود وارد شوید و پس از تکمیل فرآیند، وجه را به حساب مقصد ارسال کنید.

در اینجا چند قدم برای انتقال وجه ساتنا از طریق اینترنت بانک آورده شده است: 1. وارد سایت یا اپلیکیشن بانک خود شوید. 2. روی گزینه «پرداخت الکترونیکی» کلیک کنید. 3. اطلاعات حساب مقصد را وارد کنید، از جمله شماره حساب، نام و نام خانوادگی و آدرس ایمیل. 4. مبلغی را که می‌خواهید انتقال دهید، وارد کنید. 5. در صورت نیاز، یک کد امنیتی یا رمز عبور اضافی وارد کنید. 6. روی گزینه «تایید» کلیک کنید تا انتقال وجه انجام شود.

به یاد داشته باشید که در زمان انتقال وجه، باید از یک دستگاه امن
حداقل انتقال وجه ساتنا از طریق نت بانک,سلام! انتقال وجه از طریق اینترنت بانک، بسیار راحت و راحت است. حداقل انتقال وجه از طریق اینترنت بانک در majority بانک‌ها بین 50.000 تومان تا 100.000 تومان است، اما ممکن است در بعضی بانک‌ها متفاوت باشد. برای اطلاع از حداقل انتقال وجه در یک بانک خاص، به وب سایت بانک یا شعبه نزدیکتر مراجعه کنید. Additionally, some banks may have different limits for different types of transactions, such as domestic or international transactions.
حداقل انتقال وجه ساتنا از طریق موبایل بانک,بسیار ساده است! حداقل انتقال وجه از طریق موبایل بانک در بسیاری از بانک‌های ایران از ۱۰۰،۰۰۰ تومان شروع می‌شود. این مقدار ممکن است در برخی بانک‌ها با افزایش یا کاهش باشد. برای بررسی دقیق‌تر، به وب سایت یا شعبه بانک خود مراجعه کنید.

در حال حاضر، برخی از بانک‌های ایرانی که حداقل انتقال وجه از طریق موبایل بانک را ارائه می‌کنند، عبارتند از:* بانک ملی ایران: ۱۰۰،۰۰۰ تومان* بانک رفاه: ۱۰۰،۰۰۰ تومان* بانک صادرات: ۱۰۰،۰۰۰ تومان* بانک تجارت: ۱۰۰،۰۰۰ تومان* بانک سامان: ۱۰۰،۰۰۰ تومان* بانک کارگران: ۱۰۰،۰۰۰ تومان* بانک کشاورزی: ۱۰۰،۰۰۰ تومان* بانک صنعت و معدن: ۱۰۰،۰۰۰ تومان* بانک ملت: ۱۰۰،۰۰۰ تومان

توجه داشته باشید که ممکن است در آینده این حداقل مبلغ تغییر کند یا برخی بانک‌ها آن را افزایش یا کاهش دهند. برای کسب اطلاعات دقیق‌تر، به وب سایت یا شعبه بانک خود مراجعه کنید.
حداقل انتقال وجه ساتنا از طریق همراه بانک,دوستان عزیز! حداقل انتقال وجه از طریق همراه بانک 1,000 تومان است. این میزان در برخی از شعبات ممکن است متفاوت باشد، بنابراین بهتر است در شعبه نزدیک خود از اعتبار انتقال وجه را بررسی کنید. علاوه بر این، برای انتقال وجه از طریق همراه بانک، شما باید یک کارت بانکی با حداقل مبلغی که برای انتقال وجه مورد نیاز است، داشته باشید.
حداقل انتقال وجه ساتنا شعبه,مسلماً! حداقل انتقال وجه ساتنا شعبه 500،000 تومان است. این مبلغ برای انتقال وجه از طریق شعبه های ساتنا تعیین شده است تا از هر گونه سوء استفاده از سیستم جلوگیری شود. به عنوان مثال، اگر شما می‌خواهید یک مبلغ 500،000 تومان را از یک شعبه ساتنا به شعبه دیگر منتقل کنید، باید این مبلغ را از یک شعب ساتنا برداشت و سپس آن را به شعبه دیگر انتقال دهید.
حداکثر انتقال وجه ساتنا غیر حضوری,معمولاً حداکثر انتقال وجه ساتنا غیر حضوری در بانکی که شما از آن استفاده می کنید، متغیر است. اما به طور کلی، اکثر باندهای کشور ما حداکثر انتقال وجه ساتنا غیر حضوری را بین 50.000.000 تومان تا 100.000.000 تومان در نظر می گیرند. برای مثال، بانک ملی، بانک صادرات و بانک ملت حداکثر انتقال وجه ساتنا غیر حضوری را به ترتیب 50.000.000 تومان، 75.000.000 تومان و 100.000.000 تومان در نظر می گیرند. اما این محدودیت ها ممکن است در هر بانک یا مؤسسه مالی متفاوت باشد، بنابراین برای اطمینان از حداکثر انتقال وجه ساتنا غیر حضوری در بانک خود، باید به بانک مراجعه کنید.
حداکثر انتقال وجه ساتنا از طریق اینترنت بانک,بسیار خوشحالیم که شما را در مورد حداکثر انتقال وجه ساتنا از طریق اینترنت بانک راهنمایی می‌کنیم.

حداکثر انتقال وجه ساتنا از طریق اینترنت بانک در بانکی مانند بانک ملی، بانک تجارت، بانک سامان، بانک پاسارگاد و سایر بانک‌های ایرانی متفاوت است. به طور کلی، حداکثر انتقال وجه ساتنا از طریق اینترنت بانک از ۱۰۰،۰۰۰ تومان تا ۱۰۰،۰۰۰،۰۰۰ تومان متفاوت است.

در بانک ملی، حداکثر انتقال وجه ساتنا از طریق اینترنت بانک ۱۰۰،۰۰۰ تومان است. در بانک تجارت، حداکثر انتقال وجه ساتنا از طریق اینترنت بانک ۵۰۰،۰۰۰ تومان است. در بانک سامان، حداکثر انتقال وجه ساتنا از طریق اینترنت بانک ۱۰۰،۰۰۰ تومان است. در بانک پاسارگاد، حداکثر انتقال وجه ساتنا از طریق اینترنت بانک ۵۰۰،۰۰۰ تومان است و در سایر بانک‌ها ممکن است حداکثر انتقال وجه ساتنا از طریق اینترنت بانک متفاوت باشد.

شما باید با بانک خود تماس بگیرید و از حداکثر انتقال وجه ساتنا از طریق
حداکثر انتقال وجه ساتنا از طریق نت بانک,یکی از روش‌های انتقال وجه از طریق اینترنت، استفاده از خدمات انتقال وجه ساتنا (Sattana) از طریق سایت نت بانک (Net Bank) است. حداکثر انتقال وجه ساتنا از طریق نت بانک 500 هزار تومان است. این مبلغ ممکن است در آینده به‌روز شود، بنابراین برای اطمینان از حداکثر انتقال وجه، بهتر است به سایت نت بانک مراجعه کنید یا با بانک تماس بگیرید.
حداکثر انتقال وجه ساتنا از طریق موبایل بانک,معمولاً حداکثر انتقال وجه ساتنا از طریق موبایل بانک در ایران 50 هزار تومان است، اما ممکن است حداکثر مبلغ انتقال وجه برای برخی از بانک‌ها یا برای برخی از کاربران ممکن است متفاوت باشد. برای اطلاع از حداکثر مبلغ انتقال وجه برای یک بانک خاص یا برای یک کاربر خاص، می‌توانید به سایت رسمی بانک یا به یک نماینده بانک مراجعه کنید.
حداکثر انتقال وجه ساتنا از طریق همراه بانک,خوش آمدید! حداکثر انتقال وجه ساتنا از طریق همراه بانک ۱۰۰،۰۰۰ تومان است. این مبلغ ممکن است بسته به نوع تراکنش و اعتبار حساب شما تغییر کند. برای کسب اطلاعات بیشتر، توصیه می‌کنم به همراه بانک خود مراجعه کنید.
حداکثر انتقال وجه ساتنا شعبه,با توجه به اطلاعاتی که در دسترس است، حداکثر انتقال وجه ساتنا شعبه در حال حاضر 100 میلیون تومان است. این مبلغ ممکن است با زمان و مکان انتقال وجه تغییر کند. برای اطمینان از اطلاعات دقیق‌تر، توصیه می‌کنم که به ساتنا شعبه یا وب سایت رسمی آن مراجعه کنید.
مبلغ انتقال وجه ساتنا غیر حضوری,باتشکر از سؤال شما. مبلغ انتقال وجه ساتنا غیر حضوری به این معنی است که مبلغی را به عنوان وجه ساتنا غیر حضوری انتقال می دهید. این نوع انتقال وجه به طور معمول برای امور مالی و تجاری استفاده می شود. به عنوان مثال، می توانید مبلغی را به عنوان وجه ساتنا برای خرید یا فروش یک دارایی غیر حضوری انتقال دهید. این نوع انتقال وجه اغلب با استفاده از خدمات بانکی و یا سایر موسسات مالی انجام می شود.
مبلغ انتقال وجه ساتنا از طریق اینترنت بانک,در مورد انتقال وجه از طریق اینترنت بانک، چند نکته مهم وجود دارد: 1. ابتدا باید اطمینان حاصل کنید که حساب شما در بانک دارای قابلیت انتقال وجه از طریق اینترنت است. 2. برای انتقال وجه، باید در وب سایت بانک خود وارد شوید و به صفحه انتقال وجه بروید. 3. در صفحه انتقال وجه، باید مبلغ، شماره حساب مقصد، نام و نام خانوادگی مقصد و کد امنیتی را وارد کنید. 4. پس از تکمیل اطلاعات، برای تأیید انتقال وجه، باید کد امنیتی را وارد کنید که به شما ارسال می شود. 5. پس از تأیید انتقال وجه، مبلغ در حساب مقصد واریز می شود و به شما یک کد پیگیری ارسال می شود که می توانید برای پیگیری وضعیت انتقال وجه آن را بکار ببرید.

توجه داشته باشید که حداکثر زمان انتقال وجه از طریق اینترنت بانک معمولاً چند ساعت است، اما ممکن است زمان انتقال وجه بسته به بانک و نوع انتقال، متفاوت باشد.
مبلغ انتقال وجه ساتنا از طریق نت بانک,مبلغ انتقال وجه ساتنا از طریق نت بانک، به دو روش انجام می شود: 1. از طریق نرم افزار موبایل: برای انتقال وجه از طریق نرم افزار موبایل، ابتدا باید نرم افزار را دانلود کنید و در دستگاه خود نصب کنید. سپس باید حساب خود را در نرم افزار فعال کنید و پس از آن، به صفحه انتقال وجه بروید و مبلغ مورد نظر را وارد کنید و به مرحله بعد بروید و مبلغ را تأیید کنید.
 2. از طریق سایت اینترنتی: برای انتقال وجه از طریق سایت اینترنتی، ابتدا باید به سایت اینترنتی بانک خود بروید و از قسمت انتقال وجه، مبلغ مورد نظر را وارد کنید و به مرحله بعد بروید و مبلغ را تأیید کنید. سپس باید رمزعبور خود را وارد کنید و به مرحله بعد بروید و مبلغ را تأیید کنید.

در هر دو روش، باید مبلغ را تأیید کنید و در صورت نیاز، توضیحات اضافی را وارد کنید. همچنین، باید مراقب باشید که در هنگام انتقال وجه، اطلاعات حساب خود را به درستی وارد کنید تا انتقال وجه موفقیت آمیز باشد.
مبلغ انتقال وجه ساتنا از طریق موبایل بانک,مبلغ انتقال وجه ساتنا از طریق موبایل بانک متغیر است و بسته به نوع انتقال وجه و میزان آن متفاوت است. در حال حاضر، مبلغ انتقال وجه ساتنا از طریق موبایل بانک حداکثر 500 هزار تومان است، اما این مبلغ ممکن است در آینده تغییر کند. برای اطلاع از آخرین شرایط و مبالغ انتقال وجه ساتنا از طریق موبایل بانک، به سایت رسمی موبایل بانک یا به یک نماینده رسمی موبایل بانک مراجعه کنید.
مبلغ انتقال وجه ساتنا از طریق همراه بانک,سلام! برای انتقال وجه از طریق همراه بانک، باید از طریق اپلیکیشن همراه بانک یا سایت بانک خود اقدام کنید. در اینجا مراحل انتقال وجه از طریق همراه بانک را برای شما شرح می‌دهم: 1. ابتدا اپلیکیشن همراه بانک خود را باز کنید و از منوی اصلی، گزینه "تراکنش" یا "پرداخت" را انتخاب کنید. 2. در صفحه بعدی، گزینه "پرداخت" را انتخاب کنید و مبلغی که می‌خواهید انتقال دهید را وارد کنید. 3. در صفحه بعدی، گزینه "واریز به حساب" را انتخاب کنید و شماره حساب دریافت کننده را وارد کنید. 4. در صفحه بعدی، رمز عبور خود را وارد کنید و گزینه "تایید" را انتخاب کنید. 5. پس از تایید، مبلغ مورد نظر شما به حساب دریافت کننده واریز خواهد شد.

اگر از طریق سایت بانک اقدام می‌کنید، باید از قسمت "تراکنش" یا "پرداخت" آن اقدام کنید و مراحل مشابه را طی کنید.

توجه: قبل از انتقال وجه، مطمئن شوید که شماره حساب دریافت کننده و رمز عبور خود را正確 وارد کنید تا از خطای
مبلغ انتقال وجه ساتنا شعبه,مبلغ انتقال وجه ساتنا شعبه! به شما کمک می کنم. ساتنا شعبه یک بانک در ایران است که خدمات بانکی و مالی را ارائه می دهد. مبلغ انتقال وجه ساتنا شعبه بستگی به روش انتقال وجه و زمان آن دارد. برای مثال، مبلغ انتقال وجه از طریق انتقال آنلاین ساتنا شعبه معمولاً بین 0 تا 1 میلیون تومان است، اما مبلغ انتقال وجه از طریق شعبه های ساتنا ممکن است متفاوت باشد.

به طور کلی، مبلغ انتقال وجه ساتنا شعبه در هر روش به این قرار است:* انتقال آنلاین: 0 تا 1 میلیون تومان* انتقال شعبه: 1 تا 5 میلیون تومان* انتقال از طریق اسکناس: 5 تا 10 میلیون تومان

توجه داشته باشید که این مبالغ ممکن است با زمان و مکان انتقال وجه متفاوت باشد. برای اطلاع از مبلغ انتقال وجه ساتنا شعبه در هر روش، می توانید با شعبه ساتنا تماس بگیرید یا در وب سایت ساتنا شعبه مراجعه کنید.
زمانبندی پایا چرخه زمانی پایا,نخستین، زمانبندی پایا یا پایتون چرخه زمانی پایا، یک زبان برنامه نویسی برنامه نویسی است که برای حل مشکلات زمانبندی و برنامه ریزی استفاده می شود. زمانبندی پایا از دو بخش اصلی تشکیل شده است: 1. زمانبندی: در اینجا، زمانبندی پایا یک مدل برای زمانبندی و برنامه ریزی است که به شما کمک می کند تا یک برنامه را به صورت صحیح و موثر زمانبندی کنید. 2. چرخه زمانی: در اینجا، چرخه زمانی پایا یک مدل برای مدیریت زمان است که به شما کمک می کند تا یک برنامه را در طول زمان مدیریت کنید و زمانبندی آن را به صورت صحیح انجام دهید.

با استفاده از زمانبندی پایا و چرخه زمانی پایا، می توانید یک برنامه را به صورت صحیح و موثر زمانبندی کنید و زمانبندی آن را مدیریت کنید. این دو بخش اصلی در زمانبندی پایا به شما کمک می کنند تا یک برنامه را به صورت صحیح و موثر انجام دهید.
کارمزد پایا,"کارمزد پایا" به معنی "مزد کار پایا" است، که به معنی "مزد کار تمام شده" یا "مزد کار کامل" است. این اصطلاح در ایران به کار می‌رود و معمولاً به کارمزد یا دستمزد کارهایی که به پایان رسیده‌اند، اشاره دارد.
پایا,سلام! خوش آمدید. با توجه به اینکه شما به من پرسش کرده اید، از شما می‌پرسم که آیا به دنبال پاسخی در مورد موضوع خاص هستید یا می‌خواهید از من در مورد هر چیزی پرسش کنید؟
سقف انتقال وجه پایا از طریق غیر حضوری,خوش آمدید! سقف انتقال وجه پایا از طریق غیر حضوری به این معنی است که حداکثر مبلغی را که از طریق غیر حضوری می‌توان انتقال داد. در حال حاضر، سقف انتقال وجه غیر حضوری در ایران 50 میلیون تومان است، به شرطی که انتقال وجه توسط یک بانک یا مؤسسه مالی صورت گیرد. اگر انتقال وجه توسط شخص یا مؤسسه‌ای غیر از بانک یا مؤسسه مالی انجام شود، سقف انتقال وجه پایا 5 میلیون تومان است. این محدودیت‌ها می‌توانند در آینده تغییر کنند، بنابراین برای کسب اطلاعات دقیق‌تر و به روز، توصیه می‌شود که با یک بانک یا مؤسسه مالی در ارتباط باشید.
سقف انتقال وجه پایا از طریق همراه بانک,خوش آمدید! برای انتقال وجه پایا از طریق همراه بانک، باید مراحل زیر را انجام دهید: 1. ابتدا باید در همراه بانک عضو شوید و یک حساب بانکی باز کنید. در صورت داشتن حساب، باید رمز عبور خود را به روز رسانی کنید تا بتوانید از خدمات همراه بانک استفاده کنید. 2. بعد از ورود به همراه بانک، روی گزینه "پرداخت" کلیک کنید و سپس روی گزینه "پرداخت با کارت" کلیک کنید. 3. در صفحه بعدی، باید شماره کارت، تاریخ انقضای کارت، و رمز دوم کارت خود را وارد کنید و روی گزینه "تایید" کلیک کنید. 4. در مرحله بعد، باید مبلغی که می‌خواهید برای انتقال وجه در نظر داشته باشید و روی گزینه "تایید" کلیک کنید. 5. بعد از تایید، به صفحه ای رسیدید که در آن باید آدرس گیرنده و شماره کارت گیرنده را وارد کنید و روی گزینه "تایید" کلیک کنید. 6. در نهایت، باید رمز عبور خود را وارد کنید تا انتقال وجه انجام شود.

به یاد داشته باشید که برای استفاده از خدمات همراه بانک، باید از یک دستگاه با دسترسی
سقف انتقال وجه پایا از طریق اینترنت بانک,سلام! شما می خواهید درباره انتقال وجه پایا از طریق اینترنت بانک بپرسید. انتقال وجه پایا از طریق اینترنت بانک، یک فرآیند امن و راحت برای ارسال پول از طریق وب است. برای انجام این کار، باید از حساب بانک خود و رمز عبور خود استفاده کنید. سپس، باید مبلغ مورد نظر را وارد کنید و نام گیرنده پول را وارد کنید.

در حال حاضر، اکثر بانک های ایران از خدمات اینترنت بانک برای انتقال وجه پایا استفاده می کنند. از جمله این بانک ها می توان به بانک ملی، بانک صنعت و معدن، بانک تجارت، بانک سامان و... اشاره کرد.

این فرآیند معمولاً در عرض چند دقیقه یا چند ساعت انجام می شود، بسته به ساعت کاری بانک و روزهای کاری. در هر صورت، انتقال وجه پایا از طریق اینترنت بانک، یک روش راحت و راحت برای ارسال پول است و شما می توانید آن را از طریق وب سایت بانک خود یا اپلیکیشن بانک خود انجام دهید.
سقف انتقال وجه پایا از طریق شعب,خوش آمدید! شما می خواهید به سقف انتقال وجه پایا از طریق شعب در بانک های ایران بپرسید. سقف انتقال وجه پایا در شعب های بانک ها در ایران متفاوت است و بسته به بانک و شعبه ای که شما در آن کار می کنید متفاوت است.

به طور کلی، سقف انتقال وجه پایا در شعب های بانک ها در ایران در محدوده 1000000 تا 5000000 تومان است. اما این سقف برای برخی از شعب ها ممکن است متفاوت باشد. به عنوان مثال، برخی از شعب ها ممکن است سقف انتقال وجه پایا را تا 10000000 تومان یا حتی بیشتر در نظر بگیرند، در حالی که برخی دیگر ممکن است این سقف را محدودتر در نظر بگیرند.

به هر حال، برای تعیین سقف انتقال وجه پایا در یک شعبه خاص، توصیه می کنم با شعبه مربوطه تماس بگیرید و اطلاعات مورد نیاز خود را کسب کنید.
حداکثر انتقال وجه پایا از طریق غیر حضوری,متاسفم، حداکثر انتقال وجه پایا از طریق غیر حضوری برای یک حساب بانکی در ایران به میزان 50 میلیون تومان (پنج میلیون و صد میلیون تومان) است. این میزان در قوانین و مقررات بانک مرکزی جمهوری اسلامی ایران مشخص شده است و برای جلوگیری از پولشویی و مبارزه با پولشویی، تعیین شده است. علاوه بر این، حداکثر انتقال وجه پایا از طریق غیر حضوری برای یک شخص خاص، به میزان 1 میلیارد تومان (یک میلیارد تومان) تعیین شده است. این میزان نیز برای جلوگیری از پولشویی و مبارزه با پولشویی تعیین شده است.
حداکثر انتقال وجه پایا از طریق همراه بانک,مهم‌ترین نکات انتقال وجه پایا از طریق همراه بانک به شرح زیر است: 1. حداکثر انتقال وجه در یک زمان 500،000 تومان است که به ازای هر تراکنش، 100،000 تومان است. 2. حداکثر انتقال وجه در یک روز 1،000،000 تومان است. 3. حداکثر انتقال وجه در یک ماه 10،000،000 تومان است. 4. برای انتقال وجه های بالاتر از حداکثر، باید درخواست از بانک و تأیید آن را دریافت کنید. 5. در هر صورت، حداکثر انتقال وجه ممکن است بسته به نوع حساب و سطح امنیتی آن متفاوت باشد.
حداکثر انتقال وجه پایا از طریق اینترنت بانک,معمولاً حداکثر انتقال وجه پایا از طریق اینترنت بانک برای بانک‌های مختلف متفاوت است. با این حال، حداکثر انتقال وجه پایا برای برخی از بانک‌های ایرانی به شرح زیر است:* بانک ملی ایران: 50 میلیون تومان* بانک سپه: 50 میلیون تومان* بانک رفاه: 50 میلیون تومان* بانک توسعه تعاون: 30 میلیون تومان* بانک سامان: 30 میلیون تومان* بانک تجارت: 20 میلیون تومان* بانک کارگشایی: 20 میلیون تومان* بانک پارسیان: 10 میلیون تومان* بانک سینا: 10 میلیون تومان

توجه داشته باشید که این محدودیت‌ها ممکن است تغییر کنند و برای اطمینان از حداکثر انتقال وجه پایا، بهتر است به وب سایت بانک یا شعبه نزدیک خود مراجعه کنید.
حداکثر انتقال وجه پایا از طریق شعب,مطالب برای انتقال وجه پایا از طریق شعب بانک، بسته به نوع حساب و شعب بانک متفاوت است، اما در مجموع حداکثر انتقال وجه پایا از طریق شعب بانک های ایرانی به شرح زیر است:* بانک ملی ایران: 50 میلیون تومان* بانک مelli: 50 میلیون تومان* بانک سامان: 50 میلیون تومان* بانک صادرات: 50 میلیون تومان* بانک تجارت: 50 میلیون تومان* بانک کشاورزی: 50 میلیون تومان* بانک صنعت و معدن: 50 میلیون تومان* بانک رفاه: 50 میلیون تومان

توجه داشته باشید که این محدودیت ها ممکن است بسته به نوع حساب و شعب بانک تغییر کند. برای اطلاع دقیق، می توانید به شعب بانک یا وب سایت بانک مورد نظر مراجعه کنید.
حداقل انتقال وجه پایا از طریق غیر حضوری,مطمئناً برای شما مهم است که نحوه انتقال وجه پایا را بدون نیاز به مراجعه حضوری بدانید. در اینجا چندین راه انتقال وجه پایا را بدون نیاز به مراجعه حضوری توضیح می‌دهم: 1. انتقال وجه پایا از طریق درگاه اینترنتی: اغلب بانک‌ها و مؤسسات مالی، درگاه اینترنتی خود را برای انتقال وجه پایا در اختیار شما قرار می‌دهند. شما می‌توانید از طریق این درگاه، انتقال وجه پایا را انجام دهید.
 2. انتقال وجه پایا از طریق موبایل: بسیاری از بانک‌ها و مؤسسات مالی، برنامه موبایل خود را برای انتقال وجه پایا در اختیار شما قرار می‌دهند. شما می‌توانید از طریق این برنامه، انتقال وجه پایا را انجام دهید.
 3. انتقال وجه پایا از طریق خدمات پیام رسانی: بسیاری از خدمات پیام رسانی مانند «تاپ» و «پارس» امکان انتقال وجه پایا را برای شما فراهم می‌کنند.
 4. انتقال وجه پایا از طریق شعبات غیر حضوری: بسیاری از بانک‌ها و مؤسسات مالی، شعبات غیر حضوری را در اختیار شما قرار می‌دهند که شما می‌توانید از طریق آن‌ها، انتقال وجه پایا را انجام دهید.
 5.
حداقل انتقال وجه پایا از طریق همراه بانک,بسیار ساده! انتقال وجه از طریق همراه بانک به دو روش انجام می شود: 1. از طریق اپلیکیشن همراه بانک: برای انجام انتقال وجه از طریق اپلیکیشن همراه بانک، ابتدا باید اپلیکیشن را نصب کنید و سپس با وارد کردن رمزعبور خود، به صفحه انتقال وجه دسترسی داشته باشید. در این مرحله، باید مبلغ، شماره حساب مقصد و توضیحات انتقال را وارد کنید و سپس با کلیک روی دکمه ارسال، انتقال وجه را انجام دهید. 2. از طریق سایت همراه بانک: برای انجام انتقال وجه از طریق سایت همراه بانک، ابتدا باید به سایت خود رفته و سپس با وارد کردن رمزعبور خود، به صفحه انتقال وجه دسترسی داشته باشید. در این مرحله، باید مبلغ، شماره حساب مقصد و توضیحات انتقال را وارد کنید و سپس با کلیک روی دکمه ارسال، انتقال وجه را انجام دهید.

توجه داشته باشید که برای انجام انتقال وجه از طریق همراه بانک، باید از رمزعبور خود استفاده کنید تا امنیت انتقال وجه را تضمین کنید.
حداقل انتقال وجه پایا از طریق اینترنت بانک,از طریق اینترنت بانک، حداقل انتقال وجه پایا ممکن است به صورت زیر باشد:* برای انتقال وجه پایا به یک حساب بانکی در داخل کشور، حداقل مبلغ 5،000 تومان است.* برای انتقال وجه پایا به یک حساب بانکی در خارج از کشور، حداقل مبلغ 50،000 تومان است.

این مبالغ ممکن است با توجه به نوع خدمات و شرایط بانکی تغییر کند. بنابراین، برای کسب اطلاعات دقیق‌تر، بهتر است با بانک خود تماس بگیرید یا در وب سایت بانک مورد نظر اطلاعات را بررسی کنید.
حداقل انتقال وجه پایا از طریق شعب,شعب بانک‌های ایران با ارائه خدمات انتقال وجه، امکان انتقال پول را به مشتریان خود فراهم می‌کند. حداقل انتقال وجه پایا از طریق شعب بانک‌ها متفاوت است، اما در حالت کلی، اکثر بانک‌ها حداقل انتقال وجه پایا را در حدود 1.000.000 تومان یا 10.000.000 تومان تعیین می‌کنند. برای مثال، بانک ملی ایران حداقل انتقال وجه پایا را در حدود 10.000.000 تومان تعیین کرده است، در حالی که بانک سایپا حداقل انتقال وجه پایا را در حدود 1.000.000 تومان تعیین کرده است. در هر صورت، برای اطلاع دقیق از حداقل انتقال وجه پایا در یک شعبه خاص، می‌توانید با آن شعبه تماس بگیرید یا در سایت بانک مورد نظر را بررسی کنید.
مبلغ انتقال وجه پایا از طریق غیر حضوری,در مورد انتقال وجه پایا از طریق غیر حضوری، اغلب افراد از روش های مختلف استفاده می کنند، از جمله: 1. انتقال وجه آنلاین: با استفاده از وب سایت های بانکی یا اپلیکیشن های مالی، می توانید مبلغ را به طور آنلاین انتقال دهید. این روش معمولاً سریع و راحت است، اما ممکن است با در نظر گرفتن هزینه های انتقال وجه مواجه شوید. 2. استفاده از خدمات انتقال وجه الکترونیکی: خدمات انتقال وجه الکترونیکی مانند ویزا، ماستر کارت و سولار، امکان انتقال وجه را فراهم می کنند. این روش ها معمولاً امن و سریع هستند، اما ممکن است با در نظر گرفتن هزینه های انتقال وجه مواجه شوید. 3. استفاده از خدمات انتقال وجه بین بانکی: بسیاری از بانک ها از خدمات انتقال وجه بین بانکی استفاده می کنند، که امکان انتقال وجه بین حساب های مختلف را فراهم می کند. این روش معمولاً سریع و راحت است، اما ممکن است با در نظر گرفتن هزینه های انتقال وجه مواجه شوید.

در هر صورت، قبل از انتقال وجه، باید اطمینان حاصل کنید که حساب های ذخیره شده شما کافی برای انتقال وجه باشد و همچنین باید اطمینان حاصل
مبلغ انتقال وجه پایا از طریق همراه بانک,سلام! برای انتقال وجه پایا از طریق همراه بانک، ابتدا باید یک حساب بانکی در بانکی مانند سامان، سایه یا سنا ایجاد کنید. سپس، از طریق اپلیکیشن همراه بانک، مبلغ مورد نظر را برای انتقال انتخاب کنید. در مرحله بعد، باید شماره حساب دریافت کننده را وارد کنید و نام و نام خانوادگی او را تایید کنید. در نهایت، رمز پین یا کد امنیتی خود را وارد کنید تا انتقال را تایید کنید. مبلغی که ارسال می کنید، باید در حساب دریافت کننده واریز شود.
مبلغ انتقال وجه پایا از طریق اینترنت بانک,یکی از روش‌های انتقال وجه از طریق اینترنت بانک، انتقال وجه پایا است. برای انتقال وجه پایا از طریق اینترنت بانک، به موارد زیر نیاز دارید: 1. یک حساب بانکی با قابلیت انتقال وجه پایا در یک بانک معتبر 2. یک کارت بانکی با قابلیت انتقال وجه پایا 3. یک رمز عبور یا یک کد امن برای تأیید انتقال وجه 4. یک اتصال به اینترنت برای دسترسی به سایت بانک و انجام انتقال وجه

برای انتقال وجه پایا از طریق اینترنت بانک، به این مراحل نیاز دارید: 1. به سایت بانک خود وارد شوید و به بخش انتقال وجه پایا بروید. 2. مبلغ مورد نظر را وارد کنید و حساب دریافت کننده را مشخص کنید. 3. رمز عبور یا کد امن خود را وارد کنید تا انتقال وجه تأیید شود. 4. تأیید انتقال وجه را انجام دهید تا مبلغ به حساب دریافت کننده منتقل شود.

توجه داشته باشید که زمان و هزینه انتقال وجه پایا ممکن است متفاوت باشد، بنابراین قبل از انجام انتقال وجه، از زمان و هزینه آن اطلاع حاصل کنید.
مبلغ انتقال وجه پایا از طریق شعب,خوش آمدید! به پرسش شما پاسخ می‌دهم.

مبلغ انتقال وجه پایا از طریق شعب، به شرح زیر است: 1. مبلغ حداکثر انتقال وجه از طریق شعب، 50 میلیون تومان است. 2. مبلغ انتقال وجه پایا از طریق شعب، در روز کاری حداکثر به میزان 50 میلیون تومان است و حداکثر در یک روز، 100 میلیون تومان است. 3. برای انتقال وجه پایا از طریق شعب، باید فرم مخصوصی را تکمیل کنید و آن را به شعب بانکی ارائه دهید.

لطفاً قبل از انتقال وجه، به شعب بانک خود مراجعه کنید و اطلاعات دقیق را از آنها بگیرید.
تراکنش پایا از همراه بانک انجام داده ام اما همچنان وضعیت تراکنش را در حال انجام نشان می دهد آیا تراکنش انجام نشده است؟,خوش آمدید! متاسفم که هنوز وضعیت تراکنش شما در حال انجام نشان داده می شود. در این صورت، احتمالاً ممکن است یک مشکل در سیستم همراه بانک وجود دارد که مانع از تکمیل تراکنش شده است.

بهترین کار، تماس با مرکز تماس همراه بانک و گزارش دادن مشکل است. آنها می توانند مشکل را بررسی کنند و برای شما توضیح دهند که چه اتفاقی افتاده است و آیا تراکنش شما را تأیید می کنند یا خیر.

همچنین، می توانید برای بررسی وضعیت تراکنش، به وب سایت همراه بانک مراجعه کنید و در قسمت مربوطه، وضعیت تراکنش خود را چک کنید. ممکن است در آنجا توضیحات یا پیامی وجود دارد که به شما کمک کند.

به هر حال، مهم است که در مورد مشکل با همراه بانک تماس بگیرید تا مشکل را حل کنند و شما را در جریان بگذارند.
زمانبندی واریز حساب به حساب تجارت از همراه بانک,عزت! برای واریز حساب به حساب تجارت از همراه بانک، زمانبندی خاصی وجود دارد. این زمانبندی به شرح زیر است: 1. واریز در روزهای کاری: واریز حساب های تجارت از همراه بانک معمولاً در روزهای کاری انجام می شود، که از ساعت 8 صبح تا ساعت 4 بعد از ظهر است. 2. زمان واریز: زمان واریز حساب های تجارت از همراه بانک معمولاً در فاصله زمانی 30 دقیقه ای انجام می شود، که از ساعت 9 صبح تا ساعت 12 ظهر و از ساعت 2 بعد از ظهر تا ساعت 4 بعد از ظهر است. 3. زمان تحویل: زمان تحویل واریز حساب های تجارت از همراه بانک معمولاً در فاصله زمانی 2 ساعت ای انجام می شود، که از ساعت 11 صبح تا ساعت 1 بعد از ظهر و از ساعت 3 بعد از ظهر تا ساعت 5 بعد از ظهر است.

توجه داشته باشید که این زمانبندی ممکن است بسته به موقعیت مکانی و زمان واقعی تغییر کند. برای تأیید زمان واریز، می توانید با همراه بانک تماس بگیرید یا از طریق وب سایت آنها بازدید
زمانبندی واریز حساب به حساب تجارت از اینترنت بانک,بسیار خوش آمدید! زمان واریز حساب به حساب تجارت از اینترنت بانک معمولاً از لحظه ارسال درخواست تا یک روز کاری طول می کشد، اما ممکن است زمان واریز بستگی به زمان کاری بانک و نوع حساب واریز داشته باشد. معمولاً بانک های ایرانی در روزهای کاری از ساعت 8 صبح تا 16 بعد از ظهر در دسترس هستند، بنابراین اگر در روز کار، درخواست واریز را ارسال کنید، احتمالاً در همان روز انجام می شود. اما اگر در روزهای غیر کار یا در اوقات غیر معمولی درخواست دهید، ممکن است تا روزهای بعد انجام شود. برای اطلاعات دقیق تر، با بانک خود تماس بگیرید.
زمانبندی واریز حساب به حساب تجارت از نت بانک,ممنون از سوال شما! زمانبندی واریز حساب به حساب تجارت از نت بانک متفاوت است و به شرایط خاصی بستگی دارد. اما به طور کلی، زمانبندی واریز حساب به حساب تجارت از نت بانک به صورت زیر است:* واریز حساب از طریق درگاه پرداخت آنلاین نت بانک: معمولاً در کمتر از 1 ساعت واریز می شود و حداکثر تا 2 ساعت طول می کشد.* واریز حساب از طریق شعبه بانک: معمولاً در کمتر از 1 روز واریز می شود و حداکثر تا 2 روز طول می کشد.* واریز حساب از طریق شعبه بانک در روزهای غیر کاری: معمولاً در روزهای کاری بعد واریز می شود و حداکثر تا 3 روز طول می کشد.

به طور کلی، زمانبندی واریز حساب به حساب تجارت از نت بانک در حدود 1 تا 3 روز کاری طول می کشد، اما این زمان ممکن است متفاوت باشد. برای کسب اطلاعات دقیق‌تر، می توانید با شعبه بانک یا کارپرداز نت بانک تماس بگیرید.
زمانبندی واریز حساب به حساب تجارت از تلفن بانک,خوش آمدید! زمان واریز حساب به حساب تجارت از تلفن بانک معمولاً در ساعات کاری بانک، که معمولاً از 8:00 صبح تا 16:00 بعد از ظهر است، امکان پذیر است. با این حال، زمان دقیق واریز حساب ممکن است به نوعی از حساب و نوع انتقال بستگی داشته باشد.

به طور کلی، زمان واریز حساب از تلفن بانک به حساب تجارت به این صورت است:* انتقال های داخلی (از یک حساب بانکی به حساب تجارت): معمولاً در همان روز انجام می شود، اما ممکن است تا 1-2 روز کاری زمان ببرد.* انتقال های بین المللی: ممکن است تا 3-5 روز کاری زمان ببرد.

در صورت نیاز به واریز حساب، بهتر است با تلفن بانک تماس بگیرید تا زمان واریز حساب را برای شما مشخص کنند. Additionally, you can also check the bank's website or mobile app for the most up-to-date information on transfer times.
زمانبندی واریز حساب به حساب تجارت از طریق خودپرداز,خوش آمدید! به پرسش شما پاسخ می دهم. زمانبندی واریز حساب به حساب تجارت از طریق خودپرداز معمولاً به این صورت است:* واریز های صبح: از ساعت 8 صبح تا 12 ظهر* واریز های بعد از ظهر: از ساعت 1 بعد از ظهر تا 4 بعد از ظهر* واریز های شب: از ساعت 6 شب تا 9 شب

این زمانبندی ممکن است بسته به بانک یا موسسه مالی تغییر کند. برای تأیید زمانبندی واریز در حساب تجارت خود، به سایت یا شعب بانک مراجعه کنید.
کارمزد انتقال حساب به حساب تجارت اینترنت بانک,قبل از شروع به کار، لازم است بدانید که کارمزد انتقال حساب به حساب تجارت اینترنت بانک، بسته به نوع خدمات و بانک مورد نظر، متفاوت است. در اینجا برخی از بانک‌های ایرانی و کارمزد انتقال حساب به حساب آنها را ذکر می‌کنم:* بانک ملی ایران: 500 تومان برای انتقال بین 50.000 تومان تا 100.000 تومان، 1.000 تومان برای انتقال بین 100.001 تومان تا 500.000 تومان و 2.000 تومان برای انتقال بیش از 500.000 تومان.* بانک سامان: 1.000 تومان برای انتقال بین 50.000 تومان تا 100.000 تومان، 2.000 تومان برای انتقال بین 100.001 تومان تا 500.000 تومان و 3.000 تومان برای انتقال بیش از 500.000 تومان.* بانک تجارت: 500 تومان برای انتقال بین 50.000 تومان تا 100.000 تومان، 1.000 تومان برای انتقال بین 100.001 تومان تا 500.000 تومان و 2.000 تومان برای انتقال بیش از 500.000 تومان.* بانک شهر: 1.000 تومان برای انتقال بین 50.000 تومان تا 100.
کارمزد انتقال حساب به حساب تجارت نت بانک,با سلام! کارمزد انتقال حساب به حساب تجارت نت بانک به طور کلی، مانند سایر بانک‌ها، متفاوت است. اما برای آگاهی از کارمزد انتقال حساب به حساب تجارت نت بانک، می‌توانید به وب سایت رسمی بانک تجارت نت مراجعه کنید و در بخش خدمات یا شرایط حساب، اطلاعات لازم را کسب کنید. همچنین می‌توانید به شعبه یا نماینده بانک تجارت نت مراجعه کنید تا اطلاعات مورد نیاز خود را کسب کنید.
کارمزد انتقال حساب به حساب تجارت موبایل بانک,معمولاً کارمزد انتقال حساب به حساب تجارت موبایل بانک به تفکیک زیر است: 1. کارمزد انتقال بین حساب های یک بانک: معمولاً بین 0 تا 5 هزار تومان است، که به میزان انتقال و نوع حساب بستگی دارد. 2. کارمزد انتقال بین حساب های مختلف بانک ها: معمولاً بین 10 تا 50 هزار تومان است، که به میزان انتقال، نوع حساب و نوع بانک بستگی دارد. 3. کارمزد انتقال بین کشورها: معمولاً بین 20 تا 100 هزار تومان است، که به میزان انتقال، نوع حساب، نوع بانک و کشور بستگی دارد.

به طور کلی، کارمزد انتقال حساب به حساب تجارت موبایل بانک در حدود 10 تا 20 هزار تومان است، که از سوی بانک تعلق دارد. در صورت نیاز به انتقال وجه، توصیه می شود که قبل از انجام انتقال، با بانک تماس بگیرید تا به اطلاع شما برسد.
کارمزد انتقال حساب به حساب تجارت تلفن بانک,معمولاً کارمزد انتقال حساب به حساب تجارت تلفن بانک توسط بانک‌ها یا موسسات ارائه دهنده خدمات بانکی تعیین می‌شود. این کارمزد معمولاً به صورت یک درصد از مبلغ انتقال یا یک مقدار ثابت است.

به عنوان مثال، ممکن است کارمزد انتقال یک میلیون تومان به حساب تجارت تلفن بانک، 5 تا 10 هزار تومان باشد. اما این کارمزد ممکن است توسط بانک یا موسسه ارائه دهنده خدمات بانکی تعیین می‌شود و ممکن است متفاوت باشد.

برای اطمینان از کارمزد انتقال، بهتر است با بانک یا موسسه ارائه دهنده خدمات بانکی تماس بگیرید تا از کارمزد انتقال در مورد حساب تجارت تلفن بانک اطلاع حاصل کنید.
کارمزد انتقال وجه حساب به حساب تجارت از داخل شعب,دوستان عزیز! کارمزد انتقال وجه حساب به حساب تجارت از داخل شعب بانک، بسته به بانک و نوع تراکنش، متفاوت است. اما در 一般، کارمزد انتقال وجه از داخل شعب به این صورت است:* برای انتقال وجه بین حساب‌های یک بانک، کارمزد معمولاً صفر یا ناچیز است، زیرا این نوع تراکنش داخلی است و برای بانک هزینه‌ای ندارد.* برای انتقال وجه بین حساب‌های یک بانک و حساب‌های دیگر بانک، کارمزد معمولاً بین ۰.۵ تا ۵ درصد از مبلغ انتقال داده می شود. این کارمزد به‌طور معمول توسط بانک‌های مختلف تعیین می شود.* برای انتقال وجه بین کشورها، کارمزد معمولاً بین ۵ تا ۱۰ درصد از مبلغ انتقال داده می شود، زیرا این نوع تراکنش بین‌المللی است و برای بانک‌های مختلف و نهادهای مالی بین‌المللی هزینه‌ای دارد.

به‌طور کلی، کارمزد انتقال وجه حساب به حساب تجارت از داخل شعب بانک، بین ۰ تا ۵ درصد از مبلغ انتقال داده می شود، اما این کارمزد به‌طور معمول توسط بانک‌های مختلف تعیین می شود و ممکن است متفاوت باشد.
سقف انتقال وجه تجارت به تجارت از همراه بانک,خوش آمدید! سقف انتقال وجه تجارت به تجارت از همراه بانک در حدود 500 میلیون تومان است، اما این مبلغ ممکن است با توجه به نوع حساب و نوع خدمات ارائه شده توسط همراه بانک، تغییر کند. برای اطلاعات دقیق‌تر، توصیه می کنم با بانک همراه تماس بگیرید یا از طریق سایت یا کانال های ارتباطی آن، در مورد سقف انتقال وجه تجارت از طریق همراه بانک درج شده است.
سقف انتقال وجه تجارت به تجارت از طریق اینترنت بانک,خوش آمدید! به سوال شما پاسخ می دهم.

سقف انتقال وجه تجارت به تجارت از طریق اینترنت بانک، به عبارت دیگر سقف انتقال وجهی که از طریق اینترنت بانک انجام می شود، معمولاً توسط بانکی که خدمات اینترنت بانک را ارائه می دهد، تعیین می شود. این سقف در هر بانکی ممکن است متفاوت باشد و می تواند از چندین هزار تومان تا چندین میلیون تومان باشد، به طور مثال، بانکی مانند سداد، سقف انتقال وجه تا 50 میلیون تومان تعیین کرده است، اما بانکی مانند سامان، سقف انتقال وجه تا 100 میلیون تومان تعیین کرده است. برای اطلاع از سقف انتقال وجه خاصی که شما به آن نیاز دارید، باید به وب سایت بانکی مربوطه مراجعه کنید یا با کارشناسان بانکی تماس بگیرید.
سقف انتقال وجه تجارت به تجارت از خودپرداز,سقف انتقال وجه تجارت به تجارت از خودپرداز به معنی سقف یا حداکثر مبلغی است که از طریق خودپرداز یا یک دستگاه خودپرداز، انتقال وجه یا پرداخت پول می شود. این سقف معمولاً توسط بانک یا مؤسسه مالی تعیین می شود و ممکن است بسته به نوع کارگزار، نوع کارت اعتباری یا نوع تراکنش متفاوت باشد. در حالیکه معمولاً سقف انتقال وجه برای یک تراکنش یکبار در یک زمان، بین 50 تا 500 هزار تومان است، اما این مقدار ممکن است در یک کشور یا منطقه خاص متفاوت باشد.
سقف انتقال وجه تجارت به تجارت از تلفنبانک,سلام! شما می‌خواهید از تلفن بانک برای انتقال وجه تجارت به تجارت استفاده کنید. برای این کار، باید مراحل زیر را دنبال کنید: 1. ابتدا باید در تلفن بانک خود حساب کاربری داشته باشید و رمز عبور خود را وارد کنید. 2. سپس باید به بخش انتقال وجه مراجعه کنید و گزینه "تجارت" را انتخاب کنید. 3. در مرحله بعدی باید مبلغ مورد نظر خود را وارد کنید و همچنین شماره حساب دریافت کننده را وارد کنید. 4. پس از تکمیل اطلاعات، گزینه "تایید" را انتخاب کنید تا انتقال وجه انجام شود.

در صورت نیاز، می‌توانید از تلفن بانک خود در مورد هرگونه سوالی که دارید، تماس بگیرید.
آیا اشخاص حقوقی می توانند تجارت کارت داشته باشند؟,بله، اشخاص حقوقی در ایران می توانند تجارت کارت داشته باشند. این کارتها برای تجار و تجارتی که فعالیت های تجاری خود را از طریق کارت های اعتباری و ویزیت و غیره انجام می دهند، مفید است. برای دریافت این نوع کارت ها، اشخاص حقوقی باید شرایط خاصی را برآورده کنند، از جمله داشتن سابقه تجاری موثر، داشتن اعتبار مالی و غیره. علاوه بر این، آنها باید با بانک های عامل و یا مؤسسات مالی مورد اعتماد همکاری کنند تا بتوانند این نوع کارت ها را دریافت کنند.
سقف کارمزد کارت به کارت چقدر است,میزان سقف کارمزد کارت به کارت در بانکی که از شما استفاده می کنید، متفاوت است. در برخی از بانک ها سقف کارمزد کارت به کارت 500 هزار تومان یا بیشتر است، اما در برخی دیگر ممکن است سقف کارمزد بسیار پایین‌تر باشد. برای اطلاع از سقف کارمزد کارت به کارت در بانک مورد نظر خود، به وب سایت یا شعبه آن مراجعه کنید.
حداکثر کارمزد کارت به کارت چقدر است,میزان کارمزد کارت به کارت در ایران بسته به بانکی که از آن استفاده می‌کنید، متفاوت است. اما در 一般، کارمزد کارت به کارت بین 500 تا 5 هزار تومان متغیر است. برای مثال:* در بانک ملی ایران، کارمزد کارت به کارت 500 تومان است.* در بانک سامان، کارمزد کارت به کارت 1.5 درصد از مبلغ معاملات است، که حداکثر آن 50.000 تومان است.* در بانک تجارت، کارمزد کارت به کارت 2.5 درصد از مبلغ معاملات است، که حداکثر آن 5.000 تومان است.

لطفا برای اطمینان از میزان کارمزد در مورد بانکی که از آن استفاده می‌کنید، با آن بانک تماس بگیرید.
مبلغ کارمزد کارت به کارت چقدر است,مبلغ کارمزد کارت به کارت در ایران متفاوت است و به نوع کارت و بانکی که استفاده می‌کنید بستگی دارد.

در حالت کلی، کارمزد کارت به کارت در ایران بین 50 تومان تا 500 تومان است. برای مثال:* برای کارت‌های عادی و ساده، کارمزد معمولاً بین 50 تومان تا 100 تومان است.* برای کارت‌های طلایی و ویژه، کارمزد معمولاً بین 100 تومان تا 200 تومان است.* برای کارت‌های بین‌المللی، کارمزد معمولاً بین 200 تومان تا 500 تومان است.

توجه داشته باشید که کارمزد ممکن است توسط بانکی که کارت را صادر کرده است، تعیین شود. بنابراین، برای درک دقیق کارمزد کارت به کارت خود، باید با بانک خود تماس بگیرید یا از طریق وب سایت یا اپلیکیشن آن در حال حاضر اطلاعات کسب کنید.
سقف انتقال وجه از کارت به کارت طریق نت بانک چقدر است,با سلام! انتقال وجه از کارت به کارت از طریق نت بانک، مبلغی حدود ۲،۰۰۰ تومان یا ۵۰،۰۰۰ تومان برای کارت های اعتباری و کارت های بانکی، و در برخی موارد ممکن است مبلغی بیشتر یا کمتر بابت کمیسیون باشد، بستگی به نوع کارت و نوع انتقال وجه دارد. برای اطلاع دقیق‌تر، به سایت نت بانک یا شعبه نزدیکتر مراجعه کنید.
سقف انتقال وجه از کارت به کارت طریق اینترنت بانک چقدر است,معمولاً سقف انتقال وجه از طریق اینترنت بانک برای کارت های اعتباری و دیجیتالی در بانك‌ها متفاوت است. اما معمولاً برای بسیاری از بانک‌ها، سقف انتقال وجه از طریق اینترنت بانک برای کارت های اعتباری و دیجیتالی در محدوده 1 میلیون تا 5 میلیون تومان است. برای مثال، در بانک ملی ایران، سقف انتقال وجه از طریق اینترنت بانک برای کارت های اعتباری و دیجیتالی 2.5 میلیون تومان است. در بانک سامان، سقف انتقال وجه از طریق اینترنت بانک برای کارت های اعتباری و دیجیتالی 3 میلیون تومان است. برای اطمینان از سقف انتقال وجه برای یک بانک خاص، می‌توانید به سایت بانک مربوطه مراجعه کنید یا با کارشناس بانک تماس بگیرید.
سقف انتقال وجه از کارت به کارت طریق همراه بانک چقدر است,مطمئناً سوال شما از اهمیت ویژه ای برخوردار است! انتقال وجه از طریق همراه بانک، به طور کلی، هزینه ای را دربر می‌گیرد که بسته به نوع انتقال وجه و مبلغی که انتقال می‌دهید، متفاوت است. در اینجا برخی از اطلاعات مرتبط را برای شما ارائه می‌کنیم:* برای انتقال وجه از کارت به کارت از طریق همراه بانک، یک هزینه ۵،۰۰۰ تومان برای هر انتقال وجه با مبلغ ۱۰۰،۰۰۰ تومان یا بیشتر و ۱۰،۰۰۰ تومان برای هر انتقال وجه با مبلغ کمتر از ۱۰۰،۰۰۰ تومان دربر می‌گیرد. (منبع: همراه بانک)* این هزینه ها ممکن است در آینده تغییر کنند، بنابراین برای اطلاع از آخرین هزینه ها، توصیه می‌کنیم که به وب سایت همراه بانک مراجعه کنید یا با یک نماینده آنها تماس بگیرید.

در صورت نیاز به هر گونه اطلاعات بیشتر، لطفا از طریق پیام یا درخواست خود، به من اطلاع دهید.
سقف انتقال وجه از کارت به کارت طریق خودپرداز بانک چقدر است,معمولاً سقف انتقال وجه از کارت به کارت طریق خودپرداز بانک در ایران بین 50 هزار تومان تا 500 هزار تومان است، اما این سقف ممکن است در هر بانک متفاوت باشد. برای مثال، بانک ملی ایران سقف انتقال وجه از کارت به کارت را 500 هزار تومان در نظر گرفته است، در حالی که برخی دیگر از بانک‌ها سقف انتقال وجه را 200 هزار تومان یا حتی کمتر در نظر گرفته‌اند. برای کسب اطلاعات دقیق‌تر، به یک بانک مورد نظر مراجعه کنید.
سقف انتقال وجه از کارت به کارتداخل شعب بانک بانک چقدر است,دوستان! انتقال وجه از کارت به کارت در شعب بانک ایران، به طور کلی، به طور رایگان انجام می شود. اما ممکن است در برخی از بانک‌ها، برای انجام این کار، یک کمیسیون یا مبلغی در ازای خدمات ارائه شده دریافت کند. در هر صورت، بهتر است برای اطمینان از زمان و نحوه عملکرد بانک مورد نظر، با شعب بانک مورد نظر تماس بگیرید تا اطلاعات دقیق تری به دست آوردید.
سقف مجاز برداشت افراد زیر12سال از طریق خودپرداز چقدر است,با توجه به قوانین موجود، سقف مجاز برداشت افراد زیر 12 سال از طریق خودپرداز یا اتوماتیک، به میزان 1،000،000 (یک میلیون) تومان تعیین شده است. این محدودیت برای جلوگیری از سوءاستفاده از کودکان و اطفال در بازارهای مالی و جلوگیری از سوءاستفاده از آنها توسط افراد سودجو، وضع شده است.
سقف مجاز برداشت افراد18-12 سال از طریق خودپرداز چقدر است,سقف مجاز برداشت از طریق خودپرداز برای افراد 18 تا 12 سال، در ایران، متفاوت است و به نوعی وسیله پرداخت و میزان برداشت تعیین می شود.

به طور کلی، سقف مجاز برداشت از طریق خودپرداز برای افراد زیر 18 سال، 50،000 تومان است که توسط بانک مرکزی جمهوری اسلامی ایران تعیین شده است. این محدودیت برای جلوگیری از سوءاستفاده از کودکان و نوجوانان از خودپردازها و همچنین برای حفظ امنیت مالی آنها تعیین شده است.

در مورد افراد 18 تا 12 سال، سقف مجاز برداشت، بسته به نوع وسیله پرداخت، متفاوت است. برای مثال، در مورد خودپردازهای کارت اعتباری، سقف مجاز برداشت تا 500،000 تومان است، اما در مورد خودپردازهای کارت هدیه، سقف مجاز برداشت تا 100،000 تومان است. این محدودیت‌ها توسط بانک مرکزی جمهوری اسلامی ایران و سایر نهادهای مالی تعیین شده است.
حداقل سن استفاده کنندگان از صندوق های اجاره ای چند سال است,بر اساس تحقیقات انجام شده، سن استفاده کنندگان از صندوق های اجاره ای اغلب بین 25 تا 45 سال است. این افراد ممکن است به دلایل مختلفی از جمله خرید خانه، بهبود وضعیت مالی، یا صرفاً برای ذخیره پول، از صندوق های اجاره ای استفاده کنند. البته، سن استفاده کنندگان ممکن است بسته به منطقه، فرهنگ و اقتصادی متفاوت باشد.
شرایط عمومی استفاده از صندوق امانات ( اجاره ای )برای اشخاص حقوقی چگونه است,با سلام. شرایط عمومی استفاده از صندوق امانات اجاره ای برای اشخاص حقوقی به شرح زیر است: 1. حداقل عمر شرکت یا مؤسسه: باید حداقل 2 سال عمر داشته باشد تا بتواند از صندوق امانات اجاره ای استفاده کند. 2. مجوز فعالیت: باید مجوز فعالیت از سازمان‌های مربوطه را داشته باشد، مانند وزارت دادگستری، سازمان ثبت شرکت‌ها و مؤسسات، و غیره. 3. سرمایه شرکت: باید حداقل 500 میلیون تومان سرمایه داشته باشد و یا اینکه حداقل 50 درصد از سرمایه را با یک یا چند شخص حقوقی با سابقه فعالیت و اعتبار، تضمین کند. 4. نام و نشانی شرکت: باید نام و نشانی شرکت یا مؤسسه را در ثبت شرکت‌ها و مؤسسات ثبت کند و همچنین باید نشانی شرکت درทะเบع شرکت‌ها و مؤسسات درج شود. 5. مدیر عامل یا نماینده: باید یک مدیر عامل یا نماینده قانونی با سابقه فعالیت و اعتبار تعیین کند که مسئولیت استفاده از صندوق امانات اجاره ای را برعهده گیرد. 6. سپرده اولیه: باید سپرده اولیه را برای استفاده از صندوق امانات اجاره ای در بانک یا مؤسسه
شرایط عمومی استفاده از صندوق امانات ( اجاره ای )برای اشخاص حقیقی چگونه است؟,ممنون از پرسش شما!

شرایط عمومی استفاده از صندوق امانات اجاره ای برای اشخاص حقیقی در ایران به شرح زیر است: 1. سن: حداقل 18 سال سن و حداکثر 65 سال سن در زمان ثبت نام. 2. ملیت: اشخاصی که دارای ملیت ایرانی هستند یا دارای اقامت دائم در کشور هستند. 3. شغل: اشخاصی که دارای شغل یا درآمد ثابت هستند، به استثنای کسانی که از درآمد خود زندگی می‌کنند یا دارای شغل غیرقانونی هستند. 4. ثروت: حداقل 50 میلیون تومان ارزش اموال و دارایی در زمان ثبت نام. 5. اعتبار: داشتن اعتبار کافی برای بازپرداخت مبلغی که از صندوق امانات اجاره ای دریافت می‌کند. 6. اقامت: داشتن اقامت در یک شهر یا منطقه خاص که توسط صندوق امانات اجاره ای تعیین می‌شود.

علاوه بر این، اشخاص حقیقی باید شرایط خاصی را برای دریافت خدمات صندوق امانات اجاره ای برآورده کنند، از جمله: 1. داشتن هویت ملی و شناسنامه. 2. ارائه مدارک هویت و اق
مشتری چه اشیایی را میتواند در صندوق امانات قرار دهد؟,با سلام! در صندوق امانات، مشتری می تواند اشیایی را که ارزش زیادی دارند و از ارزش قابل توجهی برخوردارند، قرار دهد. این اشیا می تواند شامل:* پول و اسکناس های ملی و خارجی* طلای و جواهرات* اسناد و مدارک مالی و حقوقی* اوراق بهادار و اوراق قرضه* وسایل و کالاهای با ارزش بالا، مانند ساعت ها، عینک ها، ساعت های مچ بند و وسایل لوکس دیگر

اما باید توجه کرد که برخی از اشیا، مانند سلاح ها، مواد مخدر، و وسایل دیگر، در صندوق امانات قرار دادن مجاز نیستند و ممکن است در صورت قرار دادن آنها، مشتری در معرض خطر قرار گیرد. برای کسب اطلاعات دقیق تر، بهتر است با کارکنان صندوق امانات مشورت کنید.
نحوه بازدید صندوق توسط دارنده صندوق چگونه است؟,در بسیاری از صندوق‌ها، دارنده صندوق می‌تواند با وارد کردن رمز یا کدمحاسبه یا با استفاده از یک دستگاه شناسایی مانند فingerprint یا Face Recognition به صندوق دسترسی پیدا کند. بسته به نوع و مدل صندوق، ممکن است چندین روش برای بازدید صندوق توسط دارنده صندوق وجود داشته باشد، اما در اینجا چندین روش معمول را ذکر می‌کنم: 1. وارد کردن رمز: دارنده صندوق باید رمز خود را وارد کند تا به صندوق دسترسی پیدا کند. 2. استفاده از کدمحاسبه: در برخی صندوق‌ها، دارنده صندوق می‌تواند از یک کدمحاسبه برای بازدید صندوق استفاده کند. 3. استفاده از دستگاه شناسایی: در برخی صندوق‌ها، دارنده صندوق می‌تواند از یک دستگاه شناسایی مانند فingerprint یا Face Recognition برای بازدید صندوق استفاده کند.

توجه داشته باشید که در هر صورت، دارنده صندوق باید از طریق یک روش امن و با رمزنگاری برای بازدید صندوق استفاده کند تا امنیت صندوق را حفظ کند.
هزینه اجاره سالانه صندوق امانات بانک تجارت چقدر است؟,با سلام، هزینه اجاره سالانه صندوق امانات بانک تجارت به عنوان زیرمجموعه از بانک تجارت، متفاوت است و بر اساس میزان سرمایه‌گذاری و نوع صندوق امانات تعیین می‌شود. برای اطلاع از دقیق‌ترین هزینه، توصیه می‌کنم با بانک تجارت تماس بگیرید یا از وب سایت بانک تجارت اطلاعات بگیرید.
اجاره صندوق امانات به چه صورت دریافت میشود؟,خوش آمدید! اجاره صندوق امانات یا جعبه امانات به صورت یک قرارداد منعقد می شود که بین مالک صندوق امانت و شخص یا شرکت اجاره دهنده در مورد استفاده از صندوق امانت برای نگه‌داری اموال یا اسناد در نظر گرفته می شود.

در این قرارداد، مالک صندوق امانت، اجاره دهنده را از استفاده از صندوق امانت برای نگه‌داری اموال یا اسناد در نظر می‌گیرد و اجاره دهنده، در عوض، مبلغی را به عنوان اجاره به مالک صندوق امانت می‌پردازد.

در این قرارداد، معمولاً مدت اجاره، نحوه استفاده از صندوق امانت، مسئولیت‌های هر دو طرف و روش پرداخت اجاره تعیین می شود. در صورت نقص یا بی‌وفایی در انجام تعهدات، طرفین می‌توانند به دادگاه شکایت کنند تا به حل اختلاف برسند.
مبلغ ودیعه صندوق امانات چند ریال می باشد؟,مبلغ ودیعه صندوق امانات در ایران ۲.۵ درصد از ارزش اصل ودیعه است. برای مثال، اگر ودیعه ۱۰۰ میلیون تومان باشد، مبلغ ودیعه ۲.۵ درصد آن ۲.۵ میلیون تومان است.
آیا صندوق امانات بانک قابل انتقال به غیرمی باشد؟,بله، صندوق امانات بانک به عنوان یک دارایی غیرقابل انتقال است و فقط برای استفاده توسط صاحب حساب و در صورت موافقت او، به فرد دیگری منتقل می شود. به عبارت دیگر، صاحب حساب باید برای انتقال صندوق امانات به غیر، صریحاً موافقت خود را اعلام کند. در غیر این صورت، انتقال صندوق امانات به غیر منوط بر مجوز خاصی است که توسط بانک صادر می شود.
هزینه ی هر بار استفاده از صندوق چقدر است,سلام! هزینه هر بار استفاده از صندوق در بانک‌های مختلف متفاوت است، بنابراین بهتر است برای یک بانک مشخص بپرسید یا به وب سایت بانک خود مراجعه کنید تا اطلاعات دقیق‌تر را دریافت کنید. در برخی بانک‌ها ممکن است هزینه استفاده از صندوق برای افراد مختلف متفاوت باشد، مانند افراد با حساب‌های معمولی یا افراد با حساب‌های ویژه.
چه کسی میتواند از صندوق امانات استفاده کند؟,از صندوق امانات، همه کسانی که دارای شرایط خاصی هستند، می‌توانند استفاده کنند. این شرایط عبارتند از: 1. اشخاصی که دارای درآمد ثابت هستند و می‌توانند از این درآمد برای بازپرداخت وام استفاده کنند. 2. اشخاصی که دارای اموال یا دارایی‌هایی هستند که می‌توانند برای بازپرداخت وام استفاده شوند. 3. اشخاصی که دارای یک منبع ثابتی برای بازپرداخت وام هستند، مانند یک شغل یا یک شرکت. 4. اشخاصی که دارای یک ضامن یا یک ضامن ثابتی هستند که می‌توانند برای بازپرداخت وام استفاده شوند.

به طور کلی، صندوق امانات برای کسانی که دارای درآمد یا دارایی‌هایی هستند و می‌توانند از این منابع برای بازپرداخت وام استفاده کنند، باز است. اما برای استفاده از صندوق امانات، ابتدا باید شرایط و ضوابط آن را بررسی کنید و سپس برای استفاده از این خدمات اقدام کنید.
سامانه چک دیجیتال چیست؟,سامانه چک دیجیتال یا چک الکترونیکی یک نوع چک الکترونیکی است که در آن اطلاعات چک، مانند مبلغ و تاریخ سررسید و نام حسابدار، به صورت دیجیتالی ذخیره می شود و به جای چک کاغذی، استفاده می شود. این نوع چک ها اغلب برای پرداخت های آنلاین و غیر حضوری استفاده می شوند. مزایای این نوع چک ها شامل کاهش خطر سرقت و از دست دادن، افزایش سرعت و راحتی در پرداخت و کاهش هزینه های چاپ و ارسال چک ها است.
قوانین صدور دسته چک دیجیتال چیست؟,بسیار خوشحالیم که شما را در مورد قوانین صدور دسته چک دیجیتال راهنمایی می‌کنیم. صدور دسته چک دیجیتال به معنای صدور چندین چک دیجیتال با یک تراکنش و یک موجودی حساب است. قوانین صدور دسته چک دیجیتال در قانون تجارت الکترونیکی ایران در فصل پنجم و فصل ششم ذکر شده است.

قوانین صدور دسته چک دیجیتال عبارتند از: 1. صدور دسته چک دیجیتال باید با رضایت و اطلاع کامل مشترک باشد. 2. صدور دسته چک دیجیتال باید با رعایت قوانین و مقررات مربوطه و ضوابط بانکی باشد. 3. صدور دسته چک دیجیتال باید در یک تراکنش انجام شود و با یک موجودی حساب باشد. 4. صدور دسته چک دیجیتال باید در زمان و تاریخ مشخصی انجام شود و حداکثر تا 30 روز پس از صدور دسته چک دیجیتال قابل پرداخت باشد. 5. صدور دسته چک دیجیتال باید با رعایت مقررات مربوطه در مورد
دسته چک های دیجیتال چند برگی است؟,دسته چک های دیجیتال چند برگی، معمولاً به دو دسته تقسیم می شود: 1. چک های دیجیتال تک برگی (Single-leaf digital checks): این نوع چک ها دارای یک برگ هستند و اطلاعات مورد نیاز را در یک برگ چاپ می کنند. 2. چک های دیجیتال چند برگی (Multi-leaf digital checks): این نوع چک ها دارای چند برگ هستند و اطلاعات را در چند برگ چاپ می کنند، که اغلب برای چک های با ارزش زیاد و یا برای ارائه اطلاعات اضافی استفاده می شود.
سقف انتقال وجه در بانکداری اینترنتی چقدر است؟,سقف انتقال وجه در بانکداری اینترنتی معمولاً در حد چندین میلیون تومان یا حتی میلیارد تومان است، که بسته به نوع حساب و نوع خدمات ارائه شده توسط بانک، متفاوت است. برای مثال، برخی از بانک‌ها ممکن است سقف انتقال وجه را در حد ۱۰۰ میلیون تومان، در حالی که برخی دیگر ممکن است سقف انتقال وجه را در حد ۱ میلیارد تومان یا حتی بیشتر باشد. برای اطلاع دقیق‌تر از سقف انتقال وجه در بانکداری اینترنتی یک مورد خاص، به بانک مورد نظر مراجعه کنید.
سقف انتقال وجه حساب به کارت در بانکداری اینترنتی چقدر است؟,در اکثر بانک‌ها، انتقال وجه حساب به کارت در بانکداری اینترنتی بدون در نظر گرفتن زمان و روز، برای یک بار و یک بار به یک کارت، معمولاً بین 5.000 تومان تا 20.000 تومان می‌برد. این مبلغ ممکن است بسته به بانک و نوع خدمات ارائه شده، متفاوت باشد. برای اطلاع دقیق‌تر، می‌توانید با بانک خود تماس بگیرید یا به سایت بانک مراجعه کنید.
تا چه بازه زمانی در بانکداری اینترنتی و چه تعدادی تراکنش می توانیم صورتحساب دریافت کنیم,خوش آمدید! برای دریافت صورتحساب از بانکداری اینترنتی، زمان و تعداد تراکنش های مورد نیاز متغیر است و بستگی به سیاست های بانک و قرارداد شما دارد. معمولاً برای دریافت صورتحساب، حداقل یک ماه یا سه ماه عملکرد مالی مورد نیاز است، و تعداد تراکنش ها نیز به 10 تا 50 تراکنش در یک ماه بستگی دارد. با این حال، برای اطمینان از دقیق ترین پاسخ، به بهتر است با بانک خود تماس بگیرید یا از سایت بانک خود برای دستیابی به اطلاعات بیشتر استفاده کنید.
در صورت درخواست بیش از 300 گردش حساب باید به کجا مراجعه کنم؟,در صورت درخواست بیش از 300 گردش حساب، شما باید به شعب بانک یا شعبه خدمات مشتریان مراجعه کنید. کارکنان بانک می‌توانند به شما کمک کنند تا درخواست شما را پیگیری کنند. Additionally, you can also contact the bank's customer service department through phone, email, or messaging apps. They will guide you through the process and provide you with the necessary assistance.
لینک سایت بانک تجارت چیست؟,آهان! لینک سایت بانک تجارت برای شما این است: www.tejaratbank.com. این بانک یکی از بزرگترین و مهمترین بانک‌های ایران است و خدمات گسترده‌ای از جمله وام، حساب، وام مسکن، وام خودرو و... ارائه می‌دهد.
حواله اینترنتی چیست؟,حواله اینترنتی یا به اختصار لینک، یک لینک اینترنتی است که به یک وبگاه یا یک صفحه اینترنتی اشاره دارد و با کلیک روی آن، کاربر به هدف خود منتقل می شود. لینک ها می توانند به انواع مختلفی از منابع، از جمله وبلاگ ها، وب سایت ها، صفحات اجتماعی و غیره اشاره کنند و از این رو، بسیار مفید هستند زیرا به کاربران کمک می کنند تا به منابع مورد نیاز خود به راحتی دسترسی داشته باشند.
دستور پرداخت دوره ای: چیست؟,دستور پرداخت دوره ای، یا دوره ای، نوعی برنامه پرداخت است که در آن، مبلغی به عنوان پیش پرداخت، سپس مبالغی در زمان‌های مشخص، مانند هر ماه یا هر سال، پرداخت می‌شود. این روش پرداخت معمولاً برای دوره‌هایی مانند عقد قراردادهای طولانی‌مدت، مانند قراردادهای کار یا عقد قراردادهای تجاری، استفاده می‌شود تا اطمینان حاصل شود که طرفین قرارداد در تعهدات خود عمل می‌کنند. در این روش، طرفین قرارداد می‌توانند به طور موثرتر برنامه ریزی کنند و اطمینان حاصل کنند که طرف مقابل در تعهدات خود عمل می‌کند.
سقف انتقال وجه روزانه حساب به حساب تجارت چقدر است؟,معمولاً سقف انتقال وجه روزانه حساب به حساب تجارت در ایران بین 100 میلیون تومان تا 500 میلیون تومان است، اما این مقدار به بانک و نوع حساب شما بستگی دارد. برخی از بانک‌ها سقف انتقال وجه روزانه را محدود می‌کنند و برخی دیگر حداکثر انتقال وجه را به صورت روزانه یا ماهانه تعیین می‌کنند. برای کسب اطلاعات دقیق‌تر، توصیه می‌شود که با بانک خود تماس بگیرید یا به سایت بانک مراجعه کنید.
در تلفن بانک چند گردش بانکی میتوانیم بگیریم؟,در تلفن بانک یا به عبارت دیگر در سیستم تلفن بانک یا اینترنت بانک، تعداد گردش بانکی یا سفته بانکی که می‌توانیم بگیریم، به نوع حساب بانکی و تراکنش های قبلی ما بستگی دارد.

عموماً، در تلفن بانک، می‌توانیم یک تا چند گردش بانکی با حداکثر مبلغی که توسط بانک تعیین شده است، بگیریم. این مبلغ معمولاً در محدوده 500 هزار تومان تا یک میلیون تومان است، اما ممکن است در برخی از بانک‌ها این مبلغ بیشتر یا کمتر باشد.

به عنوان مثال، در بانک ملی ایران، می‌توانیم یک تا سه گردش بانکی با مبلغ حداکثر 5 میلیون تومان بگیریم. در بانک سامان، می‌توانیم یک تا دو گردش بانکی با مبلغ حداکثر 3 میلیون تومان بگیریم. و در بانک صادرات، می‌توانیم یک تا دو گردش بانکی با مبلغ حداکثر 2 میلیون تومان بگیریم.

توجه داشته باشید که حداکثر مبلغ گردش بانکی در تلفن بانک ممکن است در هر بانک یا هر حساب بانکی متفاوت باشد. بنابراین، قبل از انجام تراکنش، توصیه می‌کنیم که در مورد محدودیت‌های ترا
توکن سخت افزاری برای کدام دسته از مشتریان است,یکی از انواع توکن سخت افزاری، برای مشتریان تجاری یا صنعتی است که به تجهیزات یا سخت افزارهای خاصی برای انجام فعالیت های تجاری یا صنعتی خود نیاز دارند. این توکن ها می توانند شامل توکن های سخت افزاری برای تجهیزات اداری، ابزارآلات صنعتی، تجهیزات آزمایشگاهی و غیره باشد. این توکن ها معمولاً برای مشتریان تجاری یا صنعتی با بودجه بالا یا نیازهای خاصی طراحی می شوند.
سایت باشگاه مشتریان بانک تجارت چیست؟,سایت باشگاه مشتریان بانک تجارت، یک پلتفرمی است که توسط بانک تجارت در ایران ارائه می شود و برای مشتریان این بانک ایجاد شده است. این سایت، امکانات و خدمات متنوعی را برای مشتریان ارائه می دهد، از جمله:* مدیریت حساب های بانکی* واریز و برداشت پول* بررسی موجودی حساب* درخواست وام و تسهیلات* پرداخت قبوض و بلیط ها* دریافت Statements و فاکتور های بانکی* و بسیاری از خدمات دیگر

این سایت، یک ابزار مفید برای مشتریان بانک تجارت است که به آنها امکان می دهد، خدمات و عملیات بانکی را از هرجای دنیا انجام دهند و در نتیجه، زمان و تلاش خود را کاهش دهند.
مدت زمان ثبت امتیاز تراکنش های انجام شده در سایت باشگاه مشتریان بانک تجارت چقدر است,با سلام!根據 اطلاعات موجود، مدت زمان ثبت امتیاز تراکنش های انجام شده در سایت باشگاه مشتریان بانک تجارت، حداکثر 24 ساعت است. این زمان ممکن است بسته به حجم تراکنش ها و شرایط سیستم تغییر کند. برای کسب اطلاعات دقیق تر، توصیه می شود با بانک تجارت تماس بگیرید.
شماره واتس آپ باشگاه مشتریان بانک تجارت چند است؟,شماره واتس آپ باشگاه مشتریان بانک تجارت 021-22333330 است.
اینستاگرام باشگاه مشتریان بانک تجارت چیست؟,اینستاگرام باشگاه مشتریان بانک تجارت، یک حساب کاربری در پلتفرم اینستاگرام است که توسط بانک تجارت ایجاد شده است. این حساب کاربری به مشتریان بانک تجارت اجازه می دهد تا به اطلاعات و خبرهای جدید در مورد محصولات و خدمات بانک، دسترسی داشته باشند. علاوه بر این، اینستاگرام باشگاه مشتریان بانک تجارت یک پلتفرم برای ارتباط مستقیم با مشتریان است و بانک می تواند در این پلتفرم به سوالات و شکایات مشتریان پاسخ دهد. در کل، اینستاگرام باشگاه مشتریان بانک تجارت یک ابزار مفید برای مشتریان بانک تجارت است که به آنها کمک می کند تا به اطلاعات و خدمات جدید در مورد بانک دسترسی داشته باشند و با بانک در ارتباط باشند.
مؤلفه‌های امتیاز‌دهی در باشگاه مشتریان چگونه است؟,مؤلفه‌های امتیاز‌دهی در باشگاه مشتریان، بسته به نوع و هدف باشگاه مشتریان، متفاوت است. اما در کل، معمولاً از چندین مؤلفه برای تعیین امتیاز مشتریان استفاده می‌شود، از جمله: 1. تعداد و ارزش خریدها: مشتریان با تعداد و ارزش خریدهای بالاتر، امتیاز بیشتری دریافت می‌کنند. 2. تعداد و ارزش سفارشات: مشتریان با تعداد و ارزش سفارشات بالاتر، امتیاز بیشتری دریافت می‌کنند. 3. زمان و فراوانی خریدها: مشتریان با زمان و فراوانی خریدهای بالاتر، امتیاز بیشتری دریافت می‌کنند. 4. میزان مشارکت در برنامه‌های باشگاه مشتریان: مشتریان با میزان مشارکت بالاتر در برنامه‌های باشگاه، امتیاز بیشتری دریافت می‌کنند. 5. بازخورد و αξایندی از خریدها: مشتریان با بازخورد و αξایندی بالاتر از خریدها، امتیاز بیشتری دریافت می‌کنند. 6. تعداد و ارزش سفارشات ویژه: مشتریان با تعداد و ارزش سفارشات ویژه بالاتر، امتیاز بیشتری دریافت می‌کنند. 7. تعداد و ارزش سفارشات در گروه‌های خاص: مشتریان با تعداد و ارزش سفارشات در گروه‌های خاص بالاتر، امتیاز بیشتری دریافت می
آیا همه افراد می توانند از خدمات همراه بانک استفاده کنند؟,خیر، همه افراد نمی توانند از خدمات همراه بانک استفاده کنند. استفاده از خدمات همراه بانک برای مشترکان بانک هایی است که این خدمت را ارائه می دهند و اغلب برای مشترکان آنها با قرارداد یا عضویت خاصی ضروری است. علاوه بر این، برخی از بانک ها ممکن است شرایط خاصی برای استفاده از این خدمت داشته باشند، مانند داشتن یک حساب بانکی یا گذرواژه خاص. بنابراین، قبل از استفاده از خدمات همراه بانک، بهتر است با بانک خود تماس بگیرید یا شرایط استفاده را بررسی کنید.
در صورتیکه مشتری رمز همراه بانک خود را فراموش کند , راه حل چیست؟,شکایت مشتریان از فراموش کردن رمز همراه بانک یکی از رایج‌ترین مشکلاتی است که مشتریان با آن مواجه می‌شوند. برای حل این مشکل، بانک‌ها معمولاً راهکارهای مختلفی را ارائه می‌دهند. برخی از این راهکارها عبارتند از: 1. یادآوری رمز: مشتریان می‌توانند با تماس با بانک یا استفاده از سیستم خودکار بانک، رمز خود را بازیابی کنند. 2. تغییر رمز: مشتریان می‌توانند رمز خود را تغییر دهند و رمز جدیدی را تعیین کنند. این کار می‌تواند با تماس با بانک یا از طریق سیستم خودکار انجام شود. 3. ارسال کد امنیتی: برخی بانک‌ها کد امنیتی را به مشتریان ارسال می‌کنند که می‌توانند رمز خود را با استفاده از این کد بازیابی کنند. 4. مراجعه به شعبه: در صورت نیاز، مشتریان می‌توانند به شعبه بانک مراجعه کنند و با کارمندان بانک، مشکل را حل کنند.

در هر صورت، مهم است که مشتریان اطلاعات خود را در محل و در دسترس نگه دارند، و در صورت فراموش کردن رمز، با بانک تماس بگیرند تا راه حل را پیدا کنند.
از همراه بانک تا چه بازه ای را می توان گردش حساب اخذ نمود؟,در اکثر بانک های ایران، امکان اخذ گردش حساب از همراه بانک تا 3 تا 6 ماه گذشته وجود دارد. البته ممکن است برخی بانک ها حداکثر مدت زمان برای اخذ گردش حساب را بیشتر یا کمتر از این بازه زمانی تعیین کنند. برای کسب اطلاعات دقیق‌تر، بهتر است با بانک خود تماس بگیرید یا از طریق سایت بانک یا نرم‌افزار همراه بانک خود، اطلاعات را بررسی کنید.
ارائه سرویس دریافت موجودی درهمراه بانک چند ثانیه می باشد؟,بله، ارائه سرویس دریافت موجودی درهمراه بانک چند ثانیه می باشد. اغلب بانک‌ها از طریق نرم‌افزارهای موبایل یا وبسایت خود، امکان بررسی موجودی حساب را در چند ثانیه ارائه می‌دهند. در این روش، تنها کافی است که به سایت یا نرم‌افزار بانک خود مراجعه کنید و پس از وارد کردن اطلاعات شناسایی، موجودی حساب خود را مشاهده کنید. زمان این فرایند معمولاً چند ثانیه است.
نحوه فعالسازی سرویس پیامک لحظه ای چگونه است؟,فعالسازی سرویس پیامک لحظه ای یا SMS در ایران به راحتی میسر است. برای فعالسازی این سرویس، ابتدا باید از یک ارائه دهنده خدمات پیامکی مانند ایرانسل، رایتل یا تالیا، یک حساب کاربری ایجاد کنید و یک بسته ارسال پیامک خریداری کنید. سپس باید از طریق وب سایت یا نرم افزار ارائه دهنده خدمات، یک حساب کاربری ایجاد کنید و اطلاعات خود را ثبت کنید.

بعد از ثبت اطلاعات، یک شماره تلفن برای شما اختصاص داده می شود که می توانید از آن برای ارسال پیامک استفاده کنید. برای فعالسازی سرویس پیامک لحظه ای، باید در صفحه تنظیمات حساب کاربری خود، گزینه ارسال پیامک لحظه ای را انتخاب کنید و برای ارسال پیامک، شماره تلفن مقصد را وارد کنید.

به طور کلی، برای فعالسازی سرویس پیامک لحظه ای در ایران، باید مراحل زیر را دنبال کنید: 1. ایجاد حساب کاربری در یک ارائه دهنده خدمات پیامکی مانند ایرانسل، رایتل یا تالیا. 2. خرید بسته ارسال پیامک. 3. ثبت اطلاعات در صفحه تنظیمات حساب کاربری خود. 4. انتخاب گزینه ارسال پیامک لحظه ای در صفحه تنظیمات حساب
هزینه سالیانه فعالسازی پیامک بانک تجارت چقدر است؟,با سلام، هزینه سالیانه فعالسازی پیامک بانک تجارت برای مشترکان آن 12،000 تومان است. این هزینه برای یک سال و شامل ارسال و دریافت پیامک از طریق پیامک بانک تجارت است. لطفا برای کسب اطلاعات بیشتر به سایت بانک تجارت مراجعه کنید.
کارت بانکی چیست؟,کارت بانکی یا کارت اعتباری، یک نوع از کارت‌های پرداخت است که به افراد اجازه می‌دهد تا در طولانی مدت یا در یک معاملات خاص، از یک اعتبار اعتباری استفاده کنند. این کارت‌ها اغلب برای خریدهای آنلاین یا در فروشگاه‌های فیزیکی استفاده می‌شوند. کارتن بانکی اغلب با یک اعتبار اعتباری یا اعتبار اعتباری همراه است و در طولانی مدت یا در یک معاملات خاص، از آن برای خریدهای خود استفاده می‌کنند.
محدودیت سن جهت صدور کارت وجود دارد؟,بله، محدودیت سن جهت صدور کارت ملی در ایران وجود دارد. به موجب ماده ۸ قانون کارت ملی، افراد زیر 15 سال و بالای 70 سال برای دریافت کارت ملی مشروط به ارائه مدارک مورد نیاز هستند. افراد بین 15 تا 70 سال نیز برای دریافت کارت ملی لازم است مدارک شناسایی و مدارک مورد نیاز را ارائه دهند.
تاریخ انقضا تجارت کارت چند سال است؟,تاریخ انقضا تجارت کارت معمولاً از 12 ماه تا 36 ماه متفاوت است، بستگی دارد به شرایط و قراردادهای ارائه شده توسط بانک یا موسسه ارائه دهنده کارت تجارت. برای اطلاع دقیق از تاریخ انقضا کارت تجارت خود، به وب سایت بانک یا موسسه ارائه دهنده یا به حساب کاربری خود مراجعه کنید.
سقف مجاز برداشت افراد18-12 سال چقدر است؟,به اساس قانون، سقف مجاز برای برداشت افراد 18-12 سال، 2/3 یا 2/3 از تعداد کل افراد این سنین است که به آن "سقف مجاز" گفته می شود. این سقف بر اساس ماده 6 قانون کار در ایران تعیین شده است.
انواع کارت بانکی تجارت کدامند؟,تعداد انواع کارت های بانکی تجارت بسیار متنوع است، اما برخی از مهم‌ترین آنها عبارتند از: 1. کارت اعتباری (کارت اعتباری) - برای پرداخت های اعتباری مانند خریدهای آنلاین یا در فروشگاه های معاملاتی. 2. کارت پیش پرداخت (کارت پیش پرداخت) - برای پرداخت پیش پرداخت برای خریدهای بزرگ یا سفرهای خارجی. 3. کارت هدیه (کارت هدیه) - برای خریدهای هدیه یا خریدهای خاص مانند خریدهای در فروشگاه های معاملاتی. 4. کارت سفته (کارت سفته) - برای پرداخت های سفته مانند خریدهای در فروشگاه های معاملاتی یا خریدهای آنلاین. 5. کارت تراکنشی (کارت تراکنشی) - برای پرداخت های تراکنشی مانند خریدهای آنلاین یا در فروشگاه های معاملاتی. 6. کارت ATM (کارت ATM) - برای استخراج وجه از درگاه های خودپرداخت یا درگاه های خودپرداخت. 7. کارت معاملاتی (کارت معاملاتی) - برای خریدهای در فروشگاه های معاملاتی یا خریدهای آنلاین.

این فقط بخشی از انواع کارت های بانکی تجارت است، و
نحوه تعویض اسکناس­‌های کهنه یا پاره چگونه است؟,سوال جالب! تعویض اسکناس­‌های کهنه یا پاره در بانک یا شعب بانکی که در آن اسکناس­‌ها صادر شده است، امکان‌پذیر است. برای انجام این کار، می‌توانید به شعب بانک مورد نظر بروید و اسکناس­‌های کهنه یا پاره را به همراه کارت شناسایی خود ارائه دهید. در آنجا، کارمندان بانک، اسکناس­‌ها را بررسی و در صورت تأیید صحت، اسکناس­‌های جدید را در جایگزینی آنها ارائه می‌کنند. همچنین، ممکن است برای تعویض اسکناس­‌ها، حداکثر مهلت زمانی یا حداکثر حد مبلغی وجود داشته باشد. بنابراین، قبل از رفتن به بانک، بهتر است از حداکثر مهلت زمانی و حداکثر حد مبلغی آگاه شوید.
نحوه تعویض اسکناس های ناقص چگونه است؟,شما می توانید اسکناس های ناقص را به بانکی که آنها را صادر کرده است، تحویل دهید تا در صورت امکان، آنها را تعویض کند. همچنین می توانید آنها را به یک بانک دیگر تحویل دهید که ممکن است آنها را پذیرفته یا تعویض کند. در هر صورت، همیشه مهم است که قبل از تحویل اسکناس های ناقص، از بانک یا موسسه ای که آنها را صادر کرده است، در مورد نحوه تعویض آنها پرسیده و اطمینان حاصل کنید که آنها را می پذیرند یا نه.
چگونه می­توان سکه طلای بانکی خریداری کرد؟,خوش آمدید! خرید سکه طلای بانکی به چند گام تقسیم می­شود: 1. انتخاب بانک: ابتدا باید یک بانک را انتخاب کنید که سکه طلای بانکی را به فروش می­رساند. برخی از بانک‌های بزرگ ایران مانند بانک ملی، بانک مelli، بانک سامان و بانک تجارت سکه طلای بانکی را ارائه می­دهند. 2. شرایط و ضوابط: قبل از خرید، باید شرایط و ضوابط خرید سکه طلای بانکی را مطالعه کنید. برای مثال، برخی از بانک‌ها ممکن است به ارائه مدارک هویت و اقامت برای خرید سکه طلای بانکی نیاز داشته باشند. 3. تعیین قیمت: قیمت سکه طلای بانکی در بانک‌ها ممکن است متفاوت باشد. باید قیمت را با بانک مورد نظر خود مقایسه کنید تا بهترین قیمت را پیدا کنید. 4. پرداخت: پس از تعیین قیمت، باید پول را به بانک تحویل دهید و سکه طلای بانکی را دریافت کنید. 5. نگهداری: سکه طلای بانکی را باید در یک مکان امن و خشک نگهداری کنید تا از استحاله و خراب شدن آن جلوگیری شود.

به طور کلی، خرید سکه طلای بانکی در ایران به عنوان یک سرمایه
چگونه می­توان به اطلاعاتی در خصوص ویژگی­های امنیتی اسکناس­ها دسترسی پیدا کرد؟ ‌به عبارت دیگر چگونه می­توان از تقلبی بودن یک اسکناس آگاه شد؟,خوش آمدید! به منظور دستیابی به اطلاعات در مورد ویژگی­های امنیتی اسکناس­ها و تشخیص تقلبی بودن یک اسکناس، می­توانید از چندین روش استفاده کنید: 1. بررسی رنگ: اسکناس­های معتبر معمولاً دارای رنگ­های ویژه­ای هستند که به‌طور خاصی طراحی شده­اند تا تقلیدکنندگان را از تولید تقلبی جلوگیری کنند. برای مثال، اسکناس­های آمریکا دارای رنگ­های خاصی هستند که در زمان چاپ یا تقلید تغییر نمی­کند. 2. بررسی طراحی: اسکناس­های معتبر دارای طراحی­هایی هستند که به‌طور خاصی طراحی شده­اند تا تقلیدکنندگان را از تولید تقلبی جلوگیری کنند. برای مثال، اسکناس­های آمریکا دارای تصاویر و طرح­هایی هستند که در زمان چاپ یا تقلید تغییر نمی­کند. 3. بررسی مواد: اسکناس­های معتبر معمولاً از مواد باکیفیت و مقاوم در برابر پاره شدن و پوسیدگی ساخته شده­اند. می­توانید با لمس اسکناس و بررسی مواد آن، از تقلبی بودن آن آگاه شوید. 4. استفاده
چگونه می­توان از مجاز بودن یک صرّافی مطمئن شد؟,یک پرسش عالی! برای اطمینان از مجاز بودن یک صرّافی، می‌توانید از چند روش زیر استفاده کنید: 1. بررسی مجوز و مجوز کسب و کار: به دفتر ثبت شرکت یا اتاق بازرگانی مراجعه کنید و درخواست مجوز و مجوز کسب و کار صرّافی را دهید. این مجوز نشان می‌دهد که صرّافی مجاز به فعالیت است یا خیر. 2. بررسی سابقه و اعتبار صرّافی: در مورد صرّافی تحقیق کنید و بررسی کنید که آیا آنها سابقه ای از ارائه خدمات خوب و درستی دارند یا خیر. می‌توانید نظرات مشتریان و نظرات سایر افراد را بررسی کنید تا اطمینان حاصل کنید که صرّافی مورد اعتماد است. 3. بررسی تجهیزات و امکانات: بررسی کنید که آیا صرّافی تجهیزات و امکانات لازم برای ارائه خدمات خود را دارد یا خیر. برای مثال، اگر صرّافی خدمات تعمیرات و تعویض لوازم خانگی ارائه می‌دهد، باید تجهیزات و امکانات لازم برای انجام این خدمات را داشته باشد. 4. بررسی قیمت‌ها و شرایط خدمات: بررسی کنید که آیا قیمت‌ها و شرایط خدمات صرّافی معقول و منط
اسکناس و مسکوک توسط چه واحدی طراحی، چاپ یا ضرب می­شود؟,مصرفیاتی که اسکناس و مسکوک را طراحی، چاپ یا ضرب می­سازند، معمولاً توسط یک موسسه یا یک مرکز خاصی که مسئول طراحی، چاپ یا ضرب اسکناس و مسکوک یک کشور است، انجام می­دهند. این موسسه یا مرکز اغلب تحت نظارت و کنترل بانک مرکزی یا یک ارگان دولتی دیگر قرار دارد و وظیفه آن طراحی، چاپ یا ضرب اسکناس و مسکوک برای استفاده در یک کشور است. نام این موسسه یا مرکز ممکن است متفاوت باشد، اما در هر صورت، آنها معمولاً دارای تجربه و تخصص در زمینه طراحی، چاپ یا ضرب اسکناس و مسکوک هستند و با رعایت استانداردهای لازم، این فرآیند را انجام می­دهند.
ورود و خروج ارز توسط هر مسافر به صورت اسکناس تا چه میزان مجاز است؟,با سلام! به‌عنوان یک کمک‌پارس، پاسخگوی شما هستم.

به‌عنوان یک مسافر، برای ورود و خروج ارز، شما مجازید تا تا 10،000 دلار یا معادل 5،000 یورو یا 10،000 پوند را به‌صورت اسکناس حمل کنید. این مقدار برای هر مسافر و هر سفر است. اگر مقدار ارز شما بیشتر از این باشد، باید آن را به‌صورت پول نقدی به‌صورت رسمی به بانک یا یک اژانس تبدیل کنید.
ورود ارز به صورت اسکناس برای بیش از سقف تعیین شده چگونه است؟,مسلماً وارد کردن ارز به صورت اسکناس برای بیش از سقف تعیین شده، با توجه به قوانین و مقررات بانکی و مالی کشور، ممنوع است. این عمل به عنوان پولشویی و تقلب اقتصادی شناخته می شود و ممکن است با مجازات های قانونی روبرو شود.

به طور کلی، وارد کردن ارز به صورت اسکناس برای بیش از سقف تعیین شده، در کشور ما ممنوع است و تنها می توان ارز را به صورت اسکناس برای حداکثر سقف تعیین شده توسط بانک مرکزی وارد کرد. این سقف برای جلوگیری از پولشویی و تقلب اقتصادی تعیین شده است تا بتوان از معاملات مالی و اقتصادی، نظارت دقیق و دقیق کرد.
خروج ارز به صورت اسکناس برای بیش از سقف تعیین شده چگونه است؟,سؤال جالبی! خروج ارز به صورت اسکناس برای بیش از سقف تعیین شده، به عنوان یک معامله غیرقانونی شناخته می‌شود و در ایران جرم محسوب می‌شود. این عمل، در چارچوب قانونی و مقررات مربوط به کنترل ارز و تراکنش های ارزی، ممنوع است.

بر اساس قانون، هرگونه معامله غیرقانونی یا غیرمجاز در مورد ارز، از جمله خروج ارز به صورت اسکناس برای بیش از سقف تعیین شده، با مجازات‌های مختلفی روبرو می‌شود، از جمله جریمه و حتی بازداشت. بنابراین، توصیه می‌شود که افراد از این نوع معاملات خودداری کنند و در صورت نیاز، از راه‌های قانونی و مجاز برای تراکنش های ارزی استفاده کنند.
ورود و خروج ریال توسط هر مسافر تا چه میزان مجاز است؟,با سلام! به اساس قوانین بانک مرکزی جمهوری اسلامی ایران، هر مسافر می‌تواند تا 10 میلیون تومان ریال از کشور خارج کند، و تا 20 میلیون تومان ریال وارد کند. این محدودیت‌ها ممکن است بسته به نوع سفر و مقصد و همچنین شرایط اقتصادی و سیاسی کشور تغییر کند. بنابراین، برای اطلاع دقیق‌تر، توصیه می‌کنم قبل از سفر به یک بانک یا یک کاسب یا یک آژانس مسافرتی مراجعه کنید.
سامانه صیاد چیست؟,سامانه صیاد، یک سامانه پایش و نظارت بر ترافیک جاده ای است که در ایران اجرا می شود. این سامانه توسط سازمان راه و حمل و نقل ایران، در سال 1384 راه اندازی شد. سامانه صیاد از دوربین های مداربسته و سیستم های هوشمند برای نظارت بر ترافیک جاده ای استفاده می کند و اطلاعات آن را به کاربران در اختیار می گذارد. هدف از راه اندازی این سامانه، کاهش تصادفات جاده ای و بهبود امنیت جاده ای است. با استفاده از این سامانه، کاربران می توانند وضعیت ترافیک جاده ای را در زمان واقعی مشاهده کنند و برای سفر خود برنامه ریزی کنند.
روش‌های دسترسی به سامانه صیاد کدام است؟,خوش آمدید! روش‌های دسترسی به سامانه صیاد عبارتند از: 1. وب سایت رسمی صیاد: می‌توانید به وب سایت رسمی صیاد مراجعه کنید و با ورود به حساب کاربری خود، به سیستم دسترسی داشته باشید. 2. اپلیکیشن صیاد: می‌توانید اپلیکیشن صیاد را دانلود کنید و با وارد کردن نام کاربری و رمز عبور، به سیستم دسترسی داشته باشید. 3. پلتفرم های موبایل: می‌توانید به پلتفرم های موبایل مانند اندروید یا iOS و با وارد کردن نام کاربری و رمز عبور، به سیستم دسترسی داشته باشید. 4. نرم افزار های دسکتاپ: می‌توانید نرم افزار های دسکتاپ را نصب کنید و با وارد کردن نام کاربری و رمز عبور، به سیستم دسترسی داشته باشید.

لطفا توجه داشته باشید که برای دسترسی به سامانه صیاد، باید نام کاربری و رمز عبور خود را وارد کنید و همچنین با رعایت نکات امنیتی، مانند استفاده از رمز عبور قوی و تغییر آن به‌طور دوره‌ای، به امنیت حساب کاربری خود توجه کنید.
از چه زمانی ثبت چک ها در صیاد اجباری شده است؟,از سال ۱۳۸۰ ثبت چک ها در صیاد اجباری شده است. در سال ۱۳۸۰ قانون چک و اعتباراتی مصوب شد که بر اساس آن، ثبت چک ها در صیاد اجباری شد. از آن زمان به بعد، هرگونه چک یا سفته‌ای که به ارزش بیش از ۵۰۰ هزار تومان باشد، باید در صیاد ثبت شود.
چک‌های جدید چه ویژگی‌هایی دارند؟,سوال جالبی! چک‌های جدید معمولاً ویژگی‌های زیر را دارند: 1. امنیت بالا: چک‌های جدید دارای سیستم امنیتی قوی‌تر هستند، مانند امضای دیجیتالی و رمزنگاری برای جلوگیری از竊‌برداری اطلاعات و تقلب. 2. قابلیت چاپ مجدد: بسیاری از چک‌های جدید قابلیت چاپ مجدد و اصلاح دارند، که برای کاهش زمان و هزینه در صورت نیاز به اصلاح یا تجدید چک‌ها مفید است. 3. قابلیت ذخیره اطلاعات: چک‌های جدید اغلب دارای قابلیت ذخیره اطلاعات در خود هستند، که برای ذخیره داده‌های مرتبط با چک‌ها مفید است. 4. قابلیت ارسال الکترونیکی: بسیاری از چک‌های جدید قابلیت ارسال الکترونیکی دارند، که برای تسریع فرآیند پرداخت و کاهش زمان و هزینه مفید است. 5. قابلیت تعامل با دستگاه‌های دیگر: چک‌های جدید اغلب قابلیت تعامل با دستگاه‌های دیگر، مانند دستگاه‌های اسکن و دستگاه‌های خواندن چک، را دارند، که برای افزایش سرعت و کارایی مفید است.

به طور کلی، چک‌های جدید ویژگی‌های پیشرفته‌تری را نسبت به چ
اگر بانک عامل اپلیکشین یا نرم‌افزار نداشته باشد، مشتریانی که دارای چک جدید صیاد هستند چگونه می‌توانند چک خود را در سامانه صیاد ثبت کنند؟,اگر بانک عامل اپلیکیشن یا نرم‌افزار نداشته باشد، مشتریانی که دارای چک جدید صیاد هستند می‌توانند برای ثبت چک خود در سامانه صیاد از طریق تلفن یا مراجعه به بانک عامل اقدام کنند.

در این صورت، مشتری باید به بانک عامل مراجعه کند و به یک کارشناس بانکی که مسئول ثبت چک در سامانه صیاد است، مراجعه کند. مشتری باید اطلاعات چک خود را، مانند شماره چک، تاریخ صیاد، مبلغ و نام گیرنده را به کارشناس بانکی ارائه دهد، و سپس کارشناس بانکی می‌تواند چک را در سامانه صیاد ثبت کند.

یا اینکه مشتری می‌تواند با تلفن به بانک عامل تماس بگیرد و با یک کارشناس بانکی که مسئول ثبت چک در سامانه صیاد است، صحبت کند و اطلاعات چک خود را ارائه دهد، تا چک ثبت شود. در هر صورت، مشتری باید اطلاعات دقیق و کامل چک خود را ارائه دهد تا چک ثبت شود.
چگونه باید چک را ثبت کرد؟,من به شما کمک می کنم! برای ثبت چک، ابتدا باید چک را به بانکی که به آن تعلق دارد، تحویل دهید و سپس فرم ثبت چک را تکمیل کنید. در فرم ثبت چک، اطلاعات چک را، مانند شماره چک، تاریخ چک، مبلغ چک و نام و آدرس گیرنده چک را، وارد کنید. همچنین، باید مدرک هویت خود را ارائه دهید. پس از تکمیل فرم، آن را به بانکی که به آن تعلق دارد، تحویل دهید تا چک را ثبت کند.
چگونه باید چک را تایید کرد؟,سلام! برای تایید چک، باید مراحل زیر را طی کنید: 1. بررسی چک: ابتدا چک را بررسی کنید و اطمینان حاصل کنید که آن را یک بانک معتبر صادر کرده است و تاریخ انقضای آن گذشته نیست. 2. بررسی موجودی: بررسی کنید که موجودی کافی در حساب شما وجود دارد تا بتوانید چک را بپردازید. 3. امضای چک: امضای چک را بررسی کنید و مطمئن شوید که امضای صادر کننده چک بر روی آن قرار دارد و به هیچ وجه دست نخورده است. 4. ارسال به بانک: چک را به بانک ارسال کنید و اطمینان حاصل کنید که آن را به درستی تحویل داده اید. 5. بررسی در بانک: بانک چک را بررسی و تأیید می کند و اگر صحت داشت، به شما اطلاع می دهد.

به یاد داشته باشید که در هر مرحله، باید مراقب باشید و اطمینان حاصل کنید که چک به درستی تایید شده است.
انتقال چک به چه روالی انجام می شود؟,معمولاً انتقال چک به این صورت انجام می شود: 1. ابتدا چک توسط بانک صادرکننده چک صادر می شود و به نام گیرنده یا واریز کننده چک نوشته می شود. 2. گیرنده چک آن را به بانکی که در آن حساب دارد، تحویل می دهد و درخواست واریز چک را می کند. 3. بانک، چک را بررسی می کند و اگر چک معتبر و کافی باشد، پول را به حساب گیرنده واریز می کند. 4. اگر چک معتبر نبود، بانک از گیرنده چک درخواست می کند که از صادرکننده چک، تضمینی برای پرداخت چک بگیرد و سپس به حساب گیرنده واریز می کند.

به طور کلی، فرآیند انتقال چک باید توسط بانک انجام شود و توسط گیرنده چک درخواست شود.
چگونه می‌توان چک را از طریق سامانه صیاد انتقال داد؟,خوش آمدید! برای انتقال چک از طریق سامانه صیاد، مراحل زیر را دنبال کنید: 1. ابتدا باید در سامانه صیاد حساب کاربری داشته باشید و وارد آن شوید. 2. در صفحه اصلی، گزینه "پرداخت" یا "پرداخت های" را انتخاب کنید. 3. گزینه "چک" را انتخاب و شماره چک و مبلغ آن را وارد کنید. 4. در مرحله بعدی، گزینه "پرداخت" را انتخاب کنید تا چک با موفقیت ارسال شود. 5. به عنوان تأیید، یک کد رهگیری برای شما ارسال می شود که می توانید آن را برای پیگیری وضعیت پرداخت استفاده کنید.

به یاد داشته باشید که برای استفاده از سامانه صیاد، باید از یک دستگاه با دسترسی به اینترنت استفاده کنید و همچنین باید از رمز عبور و رمز دوم خود استفاده کنید تا امنیت نقل و انتقالات شما را تضمین کنید.
ذینفع چک پس از تایید آن در سامانه صیاد، می‌تواند با ورود شناسه صیادی برگ چک متعلق به انتقال دهنده در سامانه صیاد و هویت ذینفع جدید چک (انتقال‌گیرنده) نسبت به انتقال آن اقدام کند. در انتقال چک نیز ذینفع جدید چک (انتقال‌گیرنده) باید مرحله تایید را پس از دریافت برگه چک در سامانه صیاد انجام دهد.,به نظر می‌رسد شما در مورد فرآیند انتقال چک در سامانه صیاد سوال دارید. مطابق آنچه در متن ذکر شده است، ذینفع جدید چک پس از تایید در سامانه صیاد، می‌تواند با ورود شناسه صیادی و هویت خود نسبت به انتقال چک اقدام کند. همچنین، ذینفع جدید چک باید مرحله تایید را پس از دریافت برگه چک در سامانه صیاد انجام دهد. بنابراین، فرآیند انتقال چک به این صورت انجام می‌شود: 1. ذینفع جدید چک پس از تایید در سامانه صیاد، وارد سامانه می‌شود و شناسه صیادی و هویت خود را وارد می‌کند. 2. ذینفع جدید چک برگه چک متعلق به انتقال دهنده را در سامانه صیاد وارد می‌کند. 3. ذینفع جدید چک مرحله تایید را پس از دریافت برگه چک در سامانه صیاد انجام می‌دهد. 4. پس از تایید، چک منتقل می‌شود و ذینفع جدید چک صاحب جدید چک می‌شود.
آیا چک‌های قدیمی می‌توانند در وجه حامل صادر شوند؟,با توجه به قوانین و مقررات بانکی و مالی، چک‌های قدیمی اغلب نمی‌توانند در وجه حامل صادر شوند. زیرا چک‌ها اغلب دارای محدودیت زمانی هستند و پس از یک دوره زمانی مشخص، اعتبار آن‌ها از بین می‌رود.

به طور کلی، چک‌هایی که بیش از یک سال یا دو سال گذشته‌اند، اغلب نمی‌توانند در وجه حامل صادر شوند، زیرا بانکی که چک را صادر کرده، ممکن است به دلیل سپری شدن دوره زمانی اعتبار، از پرداخت آن‌ها خودداری کند.

با این حال، اگر چک‌های قدیمی شما دارای اعتبار هستند و بانکی که چک را صادر کرده، هنوز هم از پرداخت آن‌ها خودداری نمی‌کند، ممکن است بتوانید آن‌ها را در وجه حامل صادر کنید. برای این منظور، باید با بانک یا مؤسسه مالی که چک را صادر کرده، تماس بگیرید و از آنها بخواهید که آیا چک‌ها قابل پرداخت هستند یا خیر.
ممنوعیت صدور چک در وجه حامل شامل کدام چک‌هاست؟,ممنوعیت صدور چک در وجه حامل به چک‌هایی که به ترتیبی که در قانون تعیین شده، قبل از تسویه حساب با بانک یا مؤسسه مالی، صادر شوند، شامل می‌شود. این چک‌ها عبارتند از: 1. چک‌هایی که برای تأمین هزینه‌های شخصی صادر شوند، مانند چک‌هایی که برای خرید یا پرداخت شهریه یا خدمات شخصی صادر شوند. 2. چک‌هایی که برای تأمین هزینه‌های غیرقانونی صادر شوند، مانند چک‌هایی که برای خرید یا پرداخت پول شاپ یا سایر فعالیت‌های غیرقانونی صادر شوند. 3. چک‌هایی که برای تأمین هزینه‌های غیرموجه صادر شوند، مانند چک‌هایی که برای خرید یا پرداخت برای هدایا یا هدایای غیرقانونی صادر شوند.

در مجموع، ممنوعیت صدور چک در وجه حامل به منظور جلوگیری از صدور چک‌هایی که بدون پشتوانه یا با هدف غیرقانونی صادر شوند، اعمال می‌شود.
آیا با ابلاغ قانون جدید صدور چک هنوز هم صدور چک برای ضمانت امکان‌پذیر است؟,خیر، با اجرای قانون جدید، صدور چک برای ضمانت دیگر امکان‌پذیر نیست. قانون جدید، صدور چک را برای ضمانت ممنوع اعلام کرده است و فقط برای سایر موارد مانند پرداخت وجوه و تسویه حساب امکان‌پذیر است.
اگر چک های صیاد طرح جدید در سامانه صیاد ثبت نشود چه اتفاقی می افتد؟,اگر چک های صیاد طرح جدید در سامانه صیاد ثبت نشود، به احتمال زیاد به دلایل مختلفی مانند خطای دسترسی، عدم دسترسی به اینترنت، یا اینکه چک های صیاد از نظر فرمت یا اطلاعات درستی ندارند، این چک ها در سامانه صیاد ثبت نمی شوند.

در این صورت، برای حل این مشکل، توصیه می شود که ابتدا اطمینان حاصل کنید که چک های صیاد در فرمت صحیح و با اطلاعات درست تنظیم شده باشند. سپس، اطمینان حاصل کنید که دسترسی به اینترنت و سامانه صیاد وجود دارد و به درستی وارد سامانه شده اید.

اگر این مشکل همچنان وجود داشت، توصیه می شود که با پشتیبانی یا تماس با بخش صیاد، برای حل این مشکل کمک بگیرید. آنها می توانند به شما کمک کنند تا این مشکل را حل کنید و چک های صیاد را با موفقیت ثبت کنید.
وظیفه ثبت چک در سامانه صیاد با چه شخصی است؟,به طور معمول، وظیفه ثبت چک در سامانه صیاد با مسئول امور مالی یا حسابدار شرکت یا سازمان است. آنها مسئول ثبت و پیگیری چک‌ها و همچنین پیگیری در مورد چک‌هایی که به درستی پرداخت نشده‌اند، هستند.
اگر مندرجات برگه چک با اطلاعات سامانه صیاد مغایر باشد تکلیف چیست؟,اگر مندرجات برگه چک با اطلاعات سامانه صیاد مغایر باشد، تکلیف چیست؟

در این صورت، باید به طور فوری با واحد امور مالی و حسابداری سازمان تماس گرفته و توضیحات موردنیاز را ارائه داد. در صورت وجود مغایرت، ممکن است باید مدارک مثبتی را ارائه داد تا مغایرت را برطرف کند.

در مواقعی که مغایرت ناشی از خطای انسانی است، ممکن است تنها باید توضیحات را ارائه داد و تکلیف را برطرف کند. اما در مواقعی که مغایرت ناشی از تخلف یا سوء استفاده است، ممکن است باید اقدامات قانونی را انجام داد و مراقبت های لازم را به عمل آورد.
کسانی که دریافت کننده چک هستند از کجا بدانند صادرکننده در سامانه صیاد، صدور آن را ثبت کرده است؟,در سامانه صیاد، دریافت کننده چک می‌تواند از طریق چند راه، اطمینان حاصل کند که صادرکننده چک آن را ثبت کرده است: 1. از طریق سایت صیاد: می‌تواند به سایت صیاد مراجعه کند و با وارد کردن شماره چک، بررسی کند که صادرکننده آن را ثبت کرده است یا خیر. 2. از طریق تلفن: می‌تواند با شماره تلفن صادرکننده چک تماس بگیرد و از او درخواست کند که آیا چک را در سامانه صیاد ثبت کرده است یا خیر. 3. از طریق ایمیل: می‌تواند ایمیل صادرکننده چک را ارسال کند و از او درخواست کند که آیا چک را در سامانه صیاد ثبت کرده است یا خیر.

توجه: در صورت عدم ثبت چک توسط صادرکننده، دریافت کننده می‌تواند به مراجع ذیربط شکایت کند و به دنبال دریافت چک و جبران ضرر و زیان خود باشد.
محرومیت‌های دارندگان چک برگشتی در قانون جدید شامل چه مواردی می‌شود؟,با سلام! در قانون جدید، دارندگان چک برگشتی ممکن است از برخی محرومیت‌ها برخوردار شوند. این محرومیت‌ها عبارتند از: 1. ممنوعیت معاملات: دارندگان چک برگشتی برای یک مدت زمان مشخص، از انجام معاملات تجاری و مالی، ممنوع می‌شوند. 2. ممنوعیت نقل و انتقال اموال: دارندگان چک برگشتی اجازه نقل و انتقال اموال خود را برای مدت زمان مشخص، از دست می‌دهند. 3. ممنوعیت ورود و خروج از کشور: دارندگان چک برگشتی برای مدت زمان مشخص، از ورود و خروج از کشور، ممنوع می‌شوند. 4. ممنوعیت استفاده از خدمات مالی: دارندگان چک برگشتی اجازه استفاده از خدمات مالی مانند بانک، بрокเกอร و... را برای مدت زمان مشخص، از دست می‌دهند.

لطفاً برای کسب اطلاعات بیشتر و دقیق‌تر، به منابع قانونی و مراجع قضایی مراجعه کنید.
افراد هیئت مدیره یک شرکت که دارای چک برگشتی مربوط به شرکت هستند آیا در چک شخصی خود نیز به مشکل بر می‌خورند؟,با سلام، در پاسخ به سوال شما، افراد هیئت مدیره یک شرکت که دارای چک برگشتی مربوط به شرکت هستند، در چک شخصی خود نیز می‌توانند به مشکل برسند، زیرا چک برگشتی شرکت، در صورت عدم پرداخت، می‌تواند به عنوان یک بدهی شخصی به حساب آنها منظور شود. این امر به دلیل اینکه چک برگشتی شرکت، به عنوان یک تعهد مالی توسط هیئت مدیره، امضاء شده است و در صورت عدم پرداخت، می‌تواند از نظر قانونی، به عنوان یک بدهی شخصی تلقی شود. با این حال، در بسیاری از موارد، شرکت، مسئولیت پرداخت چک برگشتی را بر عهده دارد و هیئت مدیره، از نظر قانونی، از مسئولیت پرداخت، معاف است. اما، در هر صورت، توصیه می‌شود که هیئت مدیره، از یک مشاور مالی یا حقوقی کمک بگیرد تا در مورد مسئولیت پرداخت چک برگشتی، اطلاعات دقیق و صحیح را کسب کند.
آیا کسانی که بدهی به بانک دارند طبق قانون جدید چک می توانند دسته چک بگیرند؟,با سلام! با توجه به قانون جدید مالیاتی ایران، برای افرادی که بدهی به بانک دارند، امکان صدور دسته چک وجود ندارد. این قانون به منظور جلوگیری از فرار مالی و جلوگیری از سوء استفاده از سیستم بانکی اجرا می شود.

بر اساس ماده 14 قانون مالیات‌های مستقیم، افرادی که بدهی به بانک یا مؤسسات مالی دارند، نمی‌توانند دسته چک بگیرند، مگر اینکه بدهی خود را به طور کامل پرداخت کنند یا از طریق بانک یا مؤسسات مالی، اقساطی پرداخت کنند.

بنابراین، اگر کسی بدهی به بانک دارد، نمی‌توان او را مجاز به صدور دسته چک کرد، مگر اینکه او بدهی خود را پرداخت کند یا اقساطی پرداخت کند.
ثبت اطلاعات چک چه مزایایی دارد؟, ثبت اطلاعات چک، مزایایی متعددی دارد، از جمله: 1. امنیت: ثبت اطلاعات چک، اطمینان می‌دهد که چک‌ها در دسترس باشند و در صورت از دست دادن یا آسیب دیدن، می‌توانند دوباره تهیه شوند. 2. سهولت: ثبت اطلاعات چک، زمان و تلاش را برای پیدا کردن یا تهیه کردن چک‌ها کاهش می‌دهد و در نتیجه، فرآیند پرداخت‌ها را تسریع می‌کند. 3. آگاهی: ثبت اطلاعات چک، آگاهی را از وضعیت چک‌ها، از جمله وضعیت پرداخت و تاریخ انقضای آنها، فراهم می‌کند. 4. جلوگیری از کلاهبرداری: ثبت اطلاعات چک، از کلاهبرداری و سوءاستفاده از چک‌ها جلوگیری می‌کند، زیرا می‌توان از آنها برای تأیید پرداخت‌ها استفاده کرد. 5. ساده‌سازی حسابداری: ثبت اطلاعات چک، فرآیند حسابداری را ساده‌تر می‌کند و از این طریق، زمان و تلاش را برای انجام حسابداری کاهش می‌دهد.

در نتیجه، ثبت اطلاعات چک، مزایای متعدد دارد که می‌توان از آنها برای بهبود فرآیند پرداخت‌ها و جلوگیری از کلاه
با ثبت اطلاعات، وجود چک فیزیکی ضروری هست یا خیر؟,در مورد ثبت اطلاعات، وجود چک فیزیکی ضروری نیست. با وجود فناوری های مدرن و ایمن، ثبت اطلاعات به روش های دیجیتالی و الکترونیکی امکان پذیر است و از نظر قانونی نیز، ثبت اطلاعات به روش های الکترونیکی معتبر است. بنابراین، در بسیاری از موارد، وجود چک فیزیکی برای ثبت اطلاعات ضروری نیست.
سامانه صیاد غیر از ثبت، تایید و انتقال چک، چه خدماتی را در اختیار مشتریان بانکی می‌گذارد؟,سامانه صیاد علاوه بر ثبت، تایید و انتقال چک، چندین خدمت دیگر را در اختیار مشتریان بانکی قرار می‌دهد، از جمله: 1. پیگیری وضعیت چک: مشتریان می‌توانند از طریق سامانه صیاد وضعیت چک خود را پیگیری کنند و در صورت نیاز، شکایت خود را ثبت کنند. 2. گزارش‌گیری از چک‌ها: این سامانه امکان گزارش‌گیری از چک‌های صادر شده و دریافت شده را فراهم می‌کند، که برای مشتریان بسیار مفید است. 3. دسترسی به تاریخچه چک‌ها: مشتریان می‌توانند از طریق این سامانه، تاریخچه چک‌های خود را مشاهده کنند و از آن برای تصمیم‌گیری در آینده استفاده کنند. 4. ارسال هشدار برای تغییرات چک: این سامانه هشدار می‌دهد در صورت تغییرات در چک‌های صادر شده یا دریافت شده، که برای مشتریان بسیار مفید است و از اتلاف زمان جلوگیری می‌کند.

به طور کلی، سامانه صیاد یک ابزار مفید برای مشتریان بانکی است که به آنها امکان می‌دهد از چک‌های خود مدیریت کنند و از خدمات بانکی بهره‌مند شوند.
nan,قادر به پاسخگویی برای متنی که فرستادید نیستم.
در صورتی که موجودی حساب صادرکننده چک نزد بانک کمتر از مبلغ چک باشد چگونه عمل می‌شود؟,اگر موجودی حساب صادرکننده چک نزد بانک کمتر از مبلغ چک باشد، ممکن است به یکی از موارد زیر منجر شود: 1. رد چک: در این حالت، بانک صادرکننده چک را محکوم به پرداخت مبلغ چک و هزینه های مرتبط با چک می کند و ممکن است از حساب صادرکننده چک، مبلغ چک و هزینه ها را برداشت کند. 2. توقف اجرای چک: در این حالت، بانک اجرای چک را متوقف می کند تا صادرکننده چک بتواند موجودی حساب خود را افزایش دهد یا از منابع دیگر تامین کند و سپس اجرای چک را ادامه دهد. 3. اعتراض صادرکننده چک: صادرکننده چک ممکن است به بانک اعتراض کند و بگوید که به دلیل اشتباه محاسبه یا هر دلیل دیگر، موجودی حساب خود را کافی است و نمی تواند چک را تامین کند. در این حالت، بانک ممکن است از صادرکننده چک بخواهد تا دلایل خود را ارائه دهد و سپس تصمیم بگیرد.

به طور کلی، در هر صورت، صادرکننده چک باید اطمینان حاصل کند که موجودی حساب خود
اقدام قضایی برای چک برگشتی در قانون جدید چگونه انجام می‌شود؟,با سلام! برای اقدام قضایی برای چک برگشتی در قانون جدید، باید مراحل زیر را انجام دهید: 1. اقامت چک: ابتدا باید چک برگشتی را به مرجع رسیدگی، که معمولاً شعبه قضایی یا دادگاه است، اقامت دهید. این اقامت باید همراه با مدارک مثبتی، مانند سند چک و سند پرداخت، انجام شود. 2. ارسال درخواست: بعد از اقامت چک، باید درخواستی را به دادگاه ارسال کنید که شامل جزئیات چک و مبلغ مورد نظر باشد. این درخواست باید همراه با مدارک مثبتی باشد. 3. رسیدگی دادگاه: بعد از ارسال درخواست، دادگاه رسیدگی به درخواست شما را آغاز می‌کند. دادگاه ممکن است برای رسیدگی به درخواست شما، تحقیقات بیشتری انجام دهد یا شاهدانی را فراخوانی کند. 4. صدور حکم: اگر دادگاه به درخواست شما موافقت کند، یک حکم را صادر می‌کند که در آن، مبلغ مورد نظر و زمان پرداخت آن مشخص شده است. 5. اجرای حکم: پس از صدور حکم، باید برای اجرای حکم به دادگاه مراجعه کنید و برای اجرای حکم، مبلغ مورد نظر را پرداخت کنید
نحوه ثبت و تایید چک برای اتباع بیگانه به چه صورت است؟,فرخنده! ثبت و تایید چک برای اتباع بیگانه در ایران به صورت زیر انجام می‌شود: 1. در ابتدا، اتباع بیگانه باید یک حساب بانکی در ایران باز کنند. معمولاً این کار در بانک‌های ایرانی مانند بانک ملی، بانک تجارت، بانک سامان و بانک پارسیان انجام می‌شود. 2. سپس، آنها باید یک چک برای مبلغ مورد نظر خود امضاء کنند و به بانک ارائه دهند. 3. بانک، چک را بررسی می‌کند و در صورت تأیید، مبلغ چک را به حساب اتباع بیگانه واریز می‌کند. 4. در صورت نیاز، اتباع بیگانه می‌توانند برای تأیید چک، مدارک لازم مانند ویزا، گذرنامه و کرونای بانکی ارائه دهند.

در مورد چک‌های خارجی، اتباع بیگانه باید یک چک خارجی با مبلغ مورد نظر خود امضاء کنند و به یک بانک ایرانی ارائه دهند. بانک، چک را بررسی می‌کند و در صورت تأیید، مبلغ چک را به حساب اتباع بیگانه واریز می‌کند.

در هر صورت، برای ثبت و تایید
ثبت و تایید چک برای مشتریان حقوقی از چه طریق ممکن است؟,تایید و ثبت چک برای مشتریان حقوقی معمولاً از طریق یک یا چندین روش ممکن است، از جمله: 1. مراجعه حضوری: مشتریان حقوقی می‌توانند برای ثبت و تایید چک به یک شعبه بانک مراجعه کنند و درخواست ثبت و تایید چک خود را ارائه دهند. 2. تلفنی: بسیاری از بانک‌ها خدمات تلفنی را برای ثبت و تایید چک ارائه می‌دهند. مشتریان حقوقی می‌توانند با یک نماینده بانک تماس بگیرند و درخواست خود را ارائه دهند. 3. آنلاین: برخی از بانک‌ها امکان ثبت و تایید چک را از طریق وب سایت خود یا یک برنامه موبایلی فراهم کرده‌اند. مشتریان حقوقی می‌توانند از طریق این روش درخواست خود را ارائه دهند و در صورت نیاز، مدارک و اطلاعات مورد نیاز را ارسال کنند. 4. نماینده یا وكیل: مشتریان حقوقی می‌توانند نماینده یا وكلی را برای ثبت و تایید چک خود تعیین کنند و این نماینده یا وكیل به جای مشتریان، درخواست خود را ارائه دهد.

به هر حال، روش ثبت و تایید چک برای مشتریان حقوقی ممکن است بسته به بانک و یا شعبه بانک متفاوت باشد،
ثبت صدور چک در حساب جاری مشترک حقیقی به چه صورت است؟,سوال جالبی است! ثبت صدور چک در حساب جاری مشترک حقیقی به صورت زیر است: 1. اولین گام، ایجاد حساب جاری مشترک حقیقی توسط مشترک است. مشترک باید با ارائه مدارک لازم از جمله شناسنامه، کارت ملی و مدارک مشابه، حساب جاری خود را باز کند. 2. با باز کردن حساب، مشترک می تواند درخواست صدور چک کند. برای این منظور، مشترک باید به بانک مراجعه و درخواست صدور چک را ارائه دهد. 3. در مرحله بعد، بانک باید درخواست مشترک را بررسی کند و مطمئن شود که حساب مشترک دارای موجودی کافی برای صدور چک است. 4. اگر حساب دارای موجودی کافی باشد، بانک چک را صادر و به مشترک تحویل می دهد. 5. چک باید دارای اطلاعات کامل و دقیق باشد، از جمله نام و نشانی مشترک، تاریخ صدور و مبلغ چک. 6. در نهایت، مشترک می تواند چک را برای پرداخت به حساب مقصد ارسال کند یا برای دریافت وجه در بانک استفاده کند.

مطمئن باشید که در صورت نیاز به هر گونه اطلاعات بیشتر یا راهنمایی، با
زمانی که چکی صادر و در سامانه صیاد ثبت شده باشد و تا زمان سررسید، معامله فسخ شود تکلیف چیست؟,شایگان! زمانی که چکی صادر و در سامانه صیاد ثبت شده باشد و تا زمان سررسید، معامله فسخ شود، تکلیف چک به این صورت است: 1. چک از سوی صادرکننده لغو می شود و در سامانه صیاد حذف می شود. 2. چک در زمان سررسید، توسط بانک یا مؤسسه مالی که چک را قبول کرده است، لغو می شود و برای صادرکننده یا خریدار آن، اعتبار نمی دهد. 3. در صورت وجود بدهی، صادرکننده باید به خریدار یا بانک یا مؤسسه مالی که چک را قبول کرده است، خسارت و ضرر وارد شده را پرداخت کند.

در هر صورت، فسخ معامله، تکلیف چک را تغییر می دهد و در سامانه صیاد، چک حذف می شود و برای هیچ کس اعتبار ندارد.
در صورت برگشت خوردن یک برگ چک، آیا امکان ثبت سایر برگ‌های آن دسته چک در سامانه صیاد وجود دارد؟,با سلام، به نظر می‌رسد که اگر برگ چک برگشت خورد، امکان ثبت سایر برگ‌های آن دسته چک در سامانه صیاد وجود ندارد، زیرا سامانه صیاد بر اساس قوانین و مقررات کشور، امکان ثبت برگ‌های برگشت خورده را فراهم نمی‌کند. این به دلیل جلوگیری از استملاک و تقلب است. در این صورت، برای ثبت سایر برگ‌های آن دسته چک، باید به طریق دیگری اقدام کنید، مانند ارائه مدارک مثبتی برای اثبات برگشت خوردن آن برگ.
انتقال در سامانه صیاد برای چک‌های جدید تا چه تعداد امکان پذیر است؟,به سوال شما پاسخ می‌دهم. در سامانه صیاد، انتقال در چک‌های جدید تا 50 عدد امکان پذیر است. اگر تعداد چک‌های جدید شما بیشتر از 50 عدد باشد، باید آنها را در چندین مرحله ارسال کنید.
اگر افراد میانی (ذینفعان چک) مشخصات چک را در سامانه، ثبت و تایید نکنند وضعیت چک چگونه می شود؟ آیا روشی برای کنترل ثبت حتمی برای انتقال چک وجود دارد؟,بسیار ممنون از سؤال شما. در صورت عدم ثبت و تایید مشخصات چک توسط ذینفعان، وضعیت چک در سامانه معمولاً به حالت "نامشخص" یا "غیر فعال" در می‌آید. این به دلیل عدم تأیید صحت اطلاعات چک توسط ذینفعان است که اطمینان از صحت اطلاعات چک را می‌دهند.

به طور کلی، سامانه‌های بانکی و مالی برای جلوگیری از انتقال غیر قانونی و بی‌قانونی چک، سیستم‌هایی را برای کنترل ثبت حتمی برای انتقال چک دارند. این کنترل‌ها ممکن است شامل موارد زیر باشند: 1. تأیید دو طرفه: ذینفعال و بانک باید هر دو برای تأیید صحت اطلاعات چک اقدام کنند. 2. کد امنیتی: استفاده از کدها یا رمزنگاری برای محافظت از اطلاعات چک در طول انتقال. 3. تأیید هویت: تأیید هویت ذینفعال و بانک برای جلوگیری از انتقال غیر قانونی چک.

با وجود این کنترل‌ها، در صورت عدم ثبت و تایید مشخصات چک توسط ذینفعالان، چک ممکن است در حالت "
اگر چک ذینفعان متعدد داشته باشد و یکی از ذینفعان اطلاعات چک را در سامانه تایید کرده باشد آیا ذینفع دیگر می تواند نسبت به وصول چک اقدام کند؟,سؤال جالب و مهم! در مورد چک ذینفعان متعدد و تایید اطلاعات چک توسط یکی از ذینفعان، قوانین و مقررات مختلفی وجود دارد که بسته به کشور، منطقه یا موسسه مالی متفاوت است. اما در حالت کلی، در بسیاری از موارد، اگر یکی از ذینفعان اطلاعات چک را تایید کرده باشد، ذینفع دیگر نمی‌تواند نسبت به وصول چک اقدام کند، زیرا چک با تایید ذینفع دیگر، معتبریت خود را از دست داده است.

این در حالی است که در برخی موارد، ممکن است موسسه مالی یا بانک، به دلایل خاصی، امکان وصول چک را برای ذینفع دیگر فراهم کند، برای مثال، اگر ذینفع دیگر بتواند ثابت کند که به طور незалежانه از چک اطلاع نداشته است یا اینکه ذینفع دیگری که اطلاعات چک را تایید کرده، بدون دلیل معتبر یا با توافق ذینفع دیگر، چک را وصول کرده است.

به طور کلی، برای درک اینکه آیا ذینفع دیگر می‌تواند نسبت به وصول چک اقدام کند یا خیر، باید به قوانین و مقررات خاصی که در مورد چک و ذینفع
در صورتی که ذینفع به اشتباه به جای تایید، رد آن را ثبت کند آیا امکان اصلاح وجود دارد؟,یکی از مهمترین سوالات شما در مورد فرآیند دادرسی است. در قانون، در صورتی که ذینفع به اشتباه به جای تایید، رد آن را ثبت کند، امکان اصلاح وجود دارد، اما شرایط و ضوابط خاصی وجود دارد که باید در نظر گرفته شود.

بر اساس ماده ۴۴ قانون آیین دادرسی دادگاه‌های عمومی و انقلاب، اگر ذینفع به اشتباه به جای تایید، رد آن را ثبت کند، می‌توانید درخواست اصلاح و تجدید نظر دهید. برای اصلاح، باید دلایل موجهی ارائه دهید و دلیل رد را ارائه دهید.

به طور کلی، برای اصلاح، باید به دادگاه یا مراجع صالح مراجعه کنید و درخواست اصلاح و تجدید نظر دهید. در این مرحله، دادگاه یا مراجع صالح بررسی می‌کند و در صورت وجود دلایل موجه، اصلاح را تایید می‌کند و به حالت اولیه بازمی‌گرداند.

به طور خلاصه، در صورتی که ذینفع به اشتباه به جای تایید، رد آن را ثبت کند، امکان اصلاح وجود دارد، اما باید شرایط و ضوابط خاصی را رعایت کنید و درخواست اصلاح و تجدید نظر دهید.
امکان اصلاح/ ویرایش اطلاعات توسط صادرکننده چک قبل از تایید/ عدم تایید ذینفع وجود دارد؟,در سیستم معاملات الکترونیکی، قبل از تایید یا عدم تایید ذینفع، امکان اصلاح یا ویرایش اطلاعات توسط صادرکننده چک وجود دارد. این امکان به منظور اطمینان از accuracy و completeness اطلاعات و اصلاح هرگونه خطای ممکن در اطلاعات ارائه شده توسط صادرکننده چک، فراهم شده است. به عنوان مثال، صادرکننده چک می تواند قبل از تایید یا عدم تایید ذینفع، اطلاعات چک خود را ویرایش یا اصلاح کند تا اطمینان حاصل کند که اطلاعات ارائه شده صحیح و کامل است.
روش و مقررات چک های صیادی در رابطه با چک هایی که بانک ها به عنوان ضمانت از مشتریان دریافت می کنند، به چه صورت است؟,به طور کلی، چک های صیادی یا چک های بستانکار، چکی است که یک بانک به عنوان ضمانت از مشتریان خود دریافت می کند و در صورت عدم پرداخت توسط مشتری، بانک حق دارد که چک را از طریق مراجع قضایی یا سایر روش های قانونی وصول کند. در این زمینه، قانونی که در مورد چک های صیادی در ایران وجود دارد، قانون مجازات مصوبه ۷/۵/۱۳۶۷ است که در آن، چک های صیادی به عنوان یک نوع وثیقه یا ضمانت در نظر گرفته شده است.

طبق قانون یاد شده، چک های صیادی باید در وجه کسی نوشته شود که در آن، چک کننده، تعهدی را در قبال بانک انجام می دهد تا در صورت عدم پرداخت، چک را از طریق مراجع قضایی وصول کند. این چک ها باید به نام کسی نوشته شود که در آن، چک کننده، تعهدی را در قبال بانک انجام می دهد تا در صورت عدم پرداخت، چک را از طریق مراجع قضایی وصول کند.

در این زمینه، بانک ها نیز باید در هنگام دریافت چک های صیادی، تعهدات و شرایط چ
اگر مشتری تامین وجه چک صادره اش را از تمام حسابها در بانک خود تایید نکرده باشد، آیا بانک مجاز به برداشت وجه چک از سایر حساب هاست؟,با توجه به قانونیاتی که در مورد چک ها در ایران وجود دارد، اگر یک مشتری چک صادره خود را از تمام حسابهای خود در بانک تایید نکرده باشد، بانک مجاز به برداشت وجه چک از سایر حسابها نیست.

به موجب ماده ۵ قانون چک، اگر چک صادرکننده آن را از تمام حسابهای خود در بانک تایید نکرده باشد، چک باطل است و بانک نمی تواند وجه چک را از حسابهای دیگر بردارد.

بنابراین، در چنین حالتی، بانک مجاز به برداشت وجه چک از سایر حسابها نیست و باید به مشتری اجازه دهد که چک را از حسابهای خود تایید کند یا اینکه چک را باطل اعلام کند.
چاپ کد رهگیری بر روی گواهی عدم پرداخت از چه زمانی اجباری است؟,با سلام، از سال 1394، چاپ کد رهگیری بر روی گواهی عدم پرداخت اجباری است. این قانون از سال 94 توسط سازمان امور مالیاتی ایران اجرا شد تا برای جلوگیری از سوء استفاده و قاچاق کالا، کد رهگیری را روی گواهی عدم پرداخت چاپ کند.
در ماده (4) اصلاحی قانون صدور چک، برای بانک تکلیفی مبنی بر درج فوری کد رهگیری بر روی گواهی‌نامه عدم پرداخت پیش‌بینی شده است. انجام این تکلیف قانونی، از زمان لازم‌الاجرا شدن قانون اصلاح قانون صدور چک مصوب 13‏‏/8‏‏/97، برای بانک‌ها الزامی است.,مطابق ماده 4 اصلاحی قانون صدور چک، از زمان لازم‌الاجرا شدن قانون اصلاح قانون صدور چک مصوب 13/8/97، برای بانک‌ها الزامی است که فوری کد رهگیری را روی گواهی‌نامه عدم پرداخت درج کنند. این تکلیف قانونی از زمان تصویب قانون، برای بانک‌ها لازم‌الاجرا است.
با توجه به صدور گواهی عدم پرداخت به علت مغایرت اطلاعات برگه چک با سامانه صیاد، آیا این موضوع به عنوان سوء سابقه برای صادرکننده چک لحاظ می شود؟,با توجه به قوانین و مقررات فعلی، صدور گواهی عدم پرداخت به علت مغایرت اطلاعات برگه چک با سامانه صیاد، به عنوان سوء سابقه برای صادرکننده چک لحاظ نمی شود.

به موجب ماده ۲ قانون مجازات جعل اسناد و اسناد معتبر، جعل یا تغییر اطلاعات در اسناد، تنها به عنوان جرم جعل و تغییر اطلاعات در اسناد، و نه به عنوان سوء سابقه برای صادرکننده چک، محسوب می شود.

بنابراین، اگر صادرکننده چک، اطلاعات دروغین یا نادرست در برگه چک وارد کرده باشد، تنها به عنوان جرم جعل و تغییر اطلاعات در اسناد، و نه به عنوان سوء سابقه برای صادرکننده چک، محسوب می شود.
اگر چکی صبح برگشت خورده و ظهر همان روز پاس شود رفع سواثر به چه صورت است؟,اگر چکی صبح برگشت خورده و ظهر همان روز پاس شود، رفع سوات به صورت زیر است: 1. در ابتدا باید از بانک درخواست کنید تا سوات را اصلاح کند و اگر قبلاً پرداخت شده، باید از بانک درخواست کنید تا در مورد پرداخت باقیمانده تصمیم بگیرد. 2. در صورت وجود سند و مدارک، باید از بانک درخواست کنید تا سوات را اصلاح کند و اگر قبلاً پرداخت شده، باید از بانک درخواست کنید تا در مورد پرداخت باقیمانده تصمیم بگیرد. 3. در صورت وجود مشکل در پرداخت، باید از بانک درخواست کنید تا در مورد پرداخت باقیمانده تصمیم بگیرد و اگر قبلاً پرداخت شده، باید از بانک درخواست کنید تا در مورد پرداخت باقیمانده تصمیم بگیرد.
در صورت مخدوش بودن برگه چک تکلیف چیست؟,در صورت مخدوش بودن برگه چک، تکلیف این است که چک باید به عنوان بی‌ارزش تلقی شود و از سوی بانک یا مؤسسه مالی، به عنوان بی‌ارزش، رد شود و صاحبان چک، برای دریافت پرداخت، باید چک را با یک برگه جدید و با مهر و امضای مجدد، به بانک یا مؤسسه مالی ارائه دهند.
اثر سوء چک برگشتی موکل که وکیل آن را امضا کرده است در حساب های شخصی وکیل هم تسری می یابد؟,سوال جالبی دارید! در حقوق ایران، اثر سوء چک برگشتی موکل که وکیل آن را امضا کرده است، در حساب های شخصی وکیل هم تسری می یابد، مشروط به اینکه وکیل در زمان امضای چک، با عنوان وکیل موکل باشد و یا اینکه چک به نام وکیل باشد.

به موجب ماده ۴۶ قانون مدنی، اموال و حقوقی که به نام وکیل باشد، در صورت وجود رابطه وکالت، به عنوان اموال و حقوقی که به نام موکل باشد، تلقی می شود. از این رو، اگر وکیل با عنوان وکیل موکل، چک را امضا کند، اثر سوء چک در حساب های شخصی وکیل نیز تسری می یابد.

از سوی دیگر، اگر چک به نام وکیل باشد، اثر سوء چک فقط در حساب های شخصی وکیل تأثیر خواهد داشت و به عنوان اموال و حقوقی که به نام وکیل باشد، تلقی می شود، نه به عنوان اموال و حقوقی که به نام موکل باشد.

به طور کلی، برای تعیین اثر سوء چک در حساب های شخصی وکیل، باید به شرایط امضای چک و رابطه وک
آیا انتقال دهنده چک نیز مانند صادرکننده چک در صورت برگشت چک مسئولیت دارد؟,بله، مطابق ماده ۵ قانون مدنی ایران، انتقال دهنده چک نیز مانند صادرکننده چک، در صورت برگشت چک، مسئولیت دارد و موظف است، چک را به عنوان خود بپردازد. این ماده می‌گوید: «صادرکننده و انتقال دهنده چک در صورت برگشت آن، مسئول پرداخت آن می‌باشند.» (Article 5 of the Civil Code of Iran states: "The drawer and the endorser of the check are responsible for payment if it is returned.")
برداشت نقدی با چک توسط دارنده حساب به چه صورت خواهد بود؟,با تشکر از سوال شما!

در مورد برداشت نقدی با چک توسط دارنده حساب، فرآیند به شرح زیر خواهد بود: 1. دارنده حساب درخواست برداشت نقدی با چک را به بانک خود ارائه می دهد. 2. بانک بررسی های لازم را انجام می دهد، از جمله بررسی موجودی حساب و اعتبار چک. 3. اگر چک معتبر و موجودی کافی در حساب باشد، بانک چک را تأیید و به دارنده حساب تحویل می دهد. 4. دارنده حساب می تواند چک را در یک بانک دیگر به منظور واریز به حساب خود ارائه دهد یا در یک فروشگاه یا شرکت دیگر به عنوان روش پرداخت استفاده کند.

توجه: فرآیند برداشت نقدی با چک ممکن است بسته به بانک و شرایط خاصی که در آن وجود دارد، متفاوت باشد. بنابراین، برای اطلاع دقیق‌تر، توصیه می شود با بانک خود تماس بگیرید.
اگر وکیل یا نماینده حقوقی دارای چک برگشتی باشد آیا می‌تواند به وکالت از شخص دیگر که فاقد چک برگشتی است اقدام به افتتاح حساب کند؟,با سلام، از درخواست شما تشکر می کنم.

به طور کلی، اگر وکیل یا نماینده حقوقی دارای چک برگشتی باشد، نمی‌تواند بدون چک برگشتی شخص دیگری را به وکالت بپذیرد. زیرا، چک برگشتی نشان دهنده صلاحیت وکیل یا نماینده حقوقی برای انجام امور حقوقی است، و در صورتی که شخص دیگری را به وکالت بپذیرد، بدون چک برگشتی، این عمل از لحاظ حقوقی معتبر نخواهد بود.

به علاوه، در قوانین ایران، وکیل یا نماینده حقوقی برای انجام امور حقوقی باید دارای صلاحیت قانونی باشد که با چک برگشتی تأیید می شود. بنابراین، اگر وکیل یا نماینده حقوقی دارای چک برگشتی باشد، نمی‌تواند بدون چک برگشتی شخص دیگری را به وکالت بپذیرد.

با این حال، در صورتی که وکیل یا نماینده حقوقی دارای چک برگشتی باشد، و در عین حال، شخص دیگری را به وکالت بپذیرد، در این صورت، وکیل یا نماینده حقوقی باید از طرف شخص دیگری که فاقد چک برگشتی
انسداد چک توسط چه کسانی قابل انجام است؟ آیا انتقال دهندگان چک می توانند درخواست مسدودسازی چک را کنند؟,سوال جالبی! در قانون، سلب چک توسط مقامات قضایی و بانکی امکان‌پذیر است.

بر اساس ماده ۵ قانون چک، مقامات قضایی می توانند در صورت وجود دلایل کافی، چک را سلب کنند تا از تقلب و خیانت جلوگیری شود. این مقامات عبارتند از:* دادستان عمومی* دادستان نظامی* دادستان انتظامی* دادستان کار

در مورد انتقال دهندگان چک، به طور کلی نمی توانند درخواست سلب چک را کنند، زیرا این کار باید توسط مقامات قضایی یا بانکی انجام شود. انتقال دهندگان چک ممکن است درخواست ابطال چک را کنند، اما این کار با شرایط خاصی انجام می شود و نیازمند دلایل قوی است.

من امیدوارم پاسخ مفیدی باشد. اگر سوالی دیگر داشتید، لطفا بپرسید.
زمانی که حساب صادرکننده چک برگشتی در یک بانک مسدود شود رفع مسدودی چگونه انجام می‌شود؟,به این سوال پاسخ می‌دهم.

هنگامی که حساب صادرکننده چک برگشتی در یک بانک مسدود شود، رفع مسدودی معمولاً در مراحل زیر انجام می‌شود: 1. صادرکننده چک باید به بانک مراجعه کند و درخواست رفع مسدودی را ارائه دهد. 2. بانک ممکن است درخواست صادرکننده چک را بررسی کند و دلیل مسدودی را درک کند. در صورت نیاز، ممکن است اطلاعات تکمیلی از صادرکننده چک درخواست کند. 3. اگر دلیل مسدودی حل شود، بانک ممکن است مسدودی را رفع کند و حساب صادرکننده چک را آزاد کند. 4. در صورت نیاز، ممکن است صادرکننده چک باید هزینه ای را برای رفع مسدودی پرداخت کند، مانند هزینه ای که برای بررسی حساب و رفع مسدودی توسط بانک در نظر گرفته شده است.

به طور کلی، رفع مسدودی یک فرآیند ساده است که توسط بانک انجام می‌شود، اما ممکن است زمان و هزینه ای داشته باشد.
رفع سوءاثر از سوابق چکهای برگشتی اشخاص با چه روش‌هایی ممکن است؟,رفع سوءاثر از سوابق چکهای برگشتی اشخاص با روش‌های مختلفی امکان‌پذیر است. برخی از این روش‌ها عبارتند از: 1. درخواست تجدید نظر: شخص می‌تواند درخواست تجدید نظر از مقامات قضایی یا مراجع اداری کند تا سوابق چک‌های برگشتی را تجدید نظر کند.
 2. درخواست خاتمه: اگر چک برگشتی به دلیل اشتباه یا نقص در سوابق، صادر شده باشد، شخص می‌تواند درخواست خاتمه آن را کند تا سوابق را پاک کند.
 3. درخواست اصلاح: اگر سوابق چک‌های برگشتی به دلیل نقص یا غلطی در اطلاعات باشد، شخص می‌تواند درخواست اصلاح آن را کند تا اطلاعات را درست کند.
 4. درخواست پاکسازی: اگر سوابق چک‌های برگشتی به دلیل بی‌اعتبار بودن یا نقص باشد، شخص می‌تواند درخواست پاکسازی آن را کند تا سوابق را پاک کند.
 5. درخواست کمک از یک وکیل: شخصی می‌تواند از یک وکیل کمک بگیرد تا به او کمک کند تا سوابق چک‌های برگشتی را رفع کند.
 6. درخواست کمک از یک نهاد یا سازمان: شخصی می‌تواند
آیا شخص دیگری غیر از ذینفع که مشخصات او در برگه چک ثبت شده می تواند چک را نقد کند؟ مثلا کسی که چک به نام وی منتقل شده است؟,به اساس قانون تجارت ایران، شخصی که چک را نقد می کند باید ذینفع باشد که چک به نام او نوشته شده است یا اینکه کسی که چک به نام او منتقل شده است.

به طور کلی، به استناد ماده ۹ قانون تجارت ایران، تنها ذینفع می تواند چک را نقد کند. ذینفع کسی است که چک به نام او نوشته شده است و یا کسی است که چک به نام او منتقل شده است.

به طور مثال، اگر محمد چکی را به نام علی نوشته باشد، تنها علی یا کسی که چک به نام علی منتقل شده است می تواند آن را نقد کند. محمد یا کسی که از محمد اجازه داده شده است، نمی تواند چک را نقد کند، مگر اینکه علی یا کسی که از علی اجازه داده شده است، آن را به او انتقال داده باشد.

به طور کلی، اگر کسی که چک را نقد می کند، ذینفع نیست، چک نقد ناپذیر است و در این صورت، صاحب چک می تواند با ارائه دلایل، از صحت چک دفاع کند.
رعایت برگشت ۸۰ درصد برگه های چک به بانک برای دریافت دسته چک جدید شامل سازمان ها و مشتریان اعتباری که مصرف بالایی دارند نیز می شود؟,خیر، برگشت ۸۰ درصد برگه های چک به بانک برای دریافت دسته چک جدید شامل سازمان ها و مشتریان اعتباری که مصرف بالایی دارند نیز می شود. این عمل به عنوان یک رویکرد امنیتی و برای جلوگیری از جعل چک ها و جلوگیری از سوءاستفاده از چک ها انجام می شود. بانک ها معمولاً از این رویکرد برای جلوگیری از جعل چک ها و جلوگیری از سوءاستفاده از چک ها استفاده می کنند.
نظر به اطلاق مقرره فوق، موضوع لزوم رعایت نصاب 80 درصد مذکور، شامل تمامی اشخاص (صرف‌نظر از اینکه اصولاً مصرف چک بالایی داشته باشند یا خیر) می‌شود.,با توجه به ماده مقرره، موضوع لزوم رعایت نصاب 80 درصد مذکور شامل تمامی اشخاص، صرف‌نظر از اینکه آیا مصرف چک بالایی داشته باشند یا خیر، می‌شود. این بدان معناست که حتی اشخاصی که مصرف چک بالایی ندارند نیز باید به این نصاب توجه کنند و آن را رعایت کنند.
آیا ثبت ۸۰ درصد چک ها در سامانه صیاد کفایت می کند یا ۸۰ درصد برگه چک ها باید به بانک بازگشته باشد؟,به طور کلی، ثبت ۸۰ درصد چک ها در سامانه صیاد کفایت می کند، زیرا این امر نشان می دهد که سیستم صیاد تقریباً تمام چک های معاملاتی را در خود ذخیره می کند و به همین ترتیب، می تواند به عنوان یک شاخص برای پایش و کنترل چک های معاملاتی مورد استفاده قرار گیرد.

درعین حال، ۸۰ درصد برگه چک ها به بانک بازگشتی ندارد و می تواند نشان دهنده یک مشکل در سیستم صیاد باشد. این امر ممکن است به دلیل مشکلات فنی در سیستم یا به خاطر عدم وجود برخی از چک ها در سامانه باشد. برای اطمینان از عملکرد صحیح سیستم صیاد، باید این آمار را با آمار واقعی مقایسه کرد و در صورت وجود هرگونه مغایرت، بهنگام کردن سیستم را بررسی کرد.
سرویس استعلام فوری چک های جدید صیادی به چه صورت است؟,سلام! سرویس استعلام فوری چک های جدید صیادی در بانکی که حساب شما در آن باز است، به صورت آنلاین یا تلفنی ارائه می شود. برای درخواست چک جدید، باید به یک شعبه بانکی مراجعه کنید یا با بانک خود تماس بگیرید و درخواست خود را ارائه دهید.

در هنگام درخواست چک جدید، اطلاعات زیر را به شما ارائه می دهند: 1. مقادیر چک 2. تاریخ انقضای چک 3. کد رهگیری چک 4. نام و نشانی گیرنده چک

توجه داشته باشید که قبل از درخواست چک جدید، باید در حساب خود کافی وجود داشته باشد تا بتوانید چک را صادر کنید. در صورت نیاز به راهنمایی بیشتر یا اطلاعات اضافی، می توانید با یک کارشناس بانک تماس بگیرید.
در زمان عدم کفایت موجودی حساب جاری صادرکننده چک در بانک عهده، مبلغ کسری چک چگونه تامین می‌شود؟,در زمان عدم کفایت موجودی حساب جاری صادرکننده چک در بانک عهده، مبلغ کسری چک از طریق یکی از روش‌های زیر تامین می‌شود: 1. واریز مبلغ کسری از سوی صادرکننده چک: صادرکننده چک باید مبلغ کسری را به حساب خود واریز کند تا به آن دسترسی داشته باشد و چک را پرداخت کند. 2. اعطای اعتبار توسط بانک: بانک می‌تواند اعتبار لازم برای پرداخت مبلغ کسری را به صادرکننده چک اعطا کند، اما این اعتبار باید با ضمانت‌های لازم، مانند ضمانت اموال یا ضمانت شخصی، همراه باشد. 3. واریز مبلغ کسری توسط شخص ثالث: ممکن است شخص ثالثی، مانند یک خانواده یا دوست، مبلغ کسری را واریز کند تا چک را پرداخت کند.

به هر حال، در هر صورت، صادرکننده چک باید در زمان پرداخت چک، مبلغ کسری را تامین کند تا از مشکلات احتمالی جلوگیری کند.
برای باقیمانده مبلغ چک در بانک عهده چه اتفاقی می افتد؟,برای باقیمانده مبلغ چک در بانک عهده، معمولاً در یکی از دو حالت اتفاق می افتد: 1. بانک این مبلغ را به عنوان یک سند اعتباری در حساب بانکی که چک از آن صادر شده است، منظور می کند و برای دریافت آن از صاحب حساب آن، تلاش می کند. در این حالت، اگر صاحب حساب آن را بپردازد، چک قابل پرداخت است، و اگر نپردازد، چک بی ارزش می شود و از طریق مراجع قضایی، صاحب حساب را برای پرداخت آن، محاکمه می کند. 2. اگر صاحب حساب آن را نپردازد، بانک ممکن است برای دریافت مبلغ باقیمانده، از طریق مراجع قضایی، اقدام به پیگیری و اجرای چک کند، که در این صورت، ممکن است صاحب حساب را برای پرداخت آن، محاکمه کند. در این حالت، اگر صاحب حساب نپردازد، ممکن است به عنوان یک قاضی محکوم شود و در نهایت، ممکن است حتی به زندان محبوس شود.
پس از صدور گواهینامه عدم پرداخت به چه صورت عمل می‌شود؟,پس از صدور گواهینامه عدم پرداخت، در صورت وجود تعهد یا تعهدات ناقص، فرد مزبور نمی‌تواند از خدمات عمومی یا خدمات دولتی استفاده کند و در صورت استفاده، به دلیل عدم پرداخت تعهد یا تعهدات ناقص، با شکایت مقامات ذیصلاح، به دادگاه احضار می‌شود و در صورت اثبات، با جریمه یا جزای نقدی یا کیفری روبرو می‌شود. در عین حال، این گواهینامه می‌تواند مانع از ادامه کار یا فعالیت در حوزه ای که تعهد یا تعهدات ناقص وجود دارد، شود.
آیا ذینفع چک می‌تواند پس از مسدودی مبلغ کسری چک، مبلغ را از بانک طلب کند؟,خیر، مطابق قوانین فعلی ایران، ذینفع چکی که چکی مسدود شده، نمی‌تواند مبلغ کسری چک را از بانک طلب کند. زیرا بانک در زمان صدور چک، مبلغ چک را در حساب ذینفع چکی ذخیره کرده است و به همین دلیل، ذینفع چکی حق درخواست تادیه چک را از بانک ندارد. علاوه بر این، بانک در صورت مسدود شدن چک، از صدور چک جدید جلوگیری می‌کند تا از احتمال تکرار چنین اتفاقی جلوگیری کند.
در زمان برگشت چک آیا همه حساب‌های فرد مسدود می‌شود؟,در زمان برگشت چک، اگر فردی چک را برگشت، همه حساب‌هایش مسدود نمی‌شود. تنها حساب مرتبط با چک که برگشت داده شده، تا زمان تعیین تکلیف و بررسی چک توسط بانک، مسدود می‌شود. حساب‌های دیگر فرد معمولاً دسترسی داشته و می‌توانند از آن‌ها استفاده کنند. با این حال، در برخی موارد، بانک ممکن است برای جلوگیری از سوءاستفاده، حساب فرد را به طور موقت مسدود کند، اما این امر معمولاً کوتاه مدت است و بعداً حساب فرد آزاد می‌شود.
رفع مسدودی حساب پس از برگشت چک چگونه انجام می‌شود؟,راستی که در مورد رفع مسدودی حساب پس از برگشت چک می‌پرسیدید. برای رفع مسدودی حساب پس از برگشت چک، باید چندین قدم را طی کنید: 1. ابتدا، باید به بانک خود مراجعه کنید و درخواست رفع مسدودی حساب را ارائه دهید. آنها به شما می‌پرسند که چرا حساب شما مسدود شده است و اینکه آیا چک برگشت شده است یا خیر. 2. سپس، باید مستندات لازم را ارائه دهید، مانند تصویر چک برگشت شده و نامه از طرفی که چک را صادر کرده است، و یا هر گونه مدرک دیگری که نشان می‌دهد چک برگشت شده است. 3. پس از ارائه مستندات، بانک باید بررسی کند و اگر چک برگشت شده است، حساب شما را از حالت مسدودی خارج کند. 4. اگر چک برگشت شده باشد، بانک ممکن است برای تأیید اینکه چک برگشت شده است، با طرفی که چک را صادر کرده است تماس بگیرد و یا برای تأیید اطلاعات، به آنها مراجعه کند. 5. در صورت تأیید اینکه چک برگشت شده است، حساب شما از حالت مسدودی خارج خواهد
نحوه اطلاع‌رسانی مسدودی وجوه حساب‌های صادرکننده چک برگشتی به چه صورت است؟,با سلام! اطلاع‌رسانی مسدودی وجوه حساب‌های صادرکننده چک برگشتی در بانک، معمولاً از طریق پیگیری و پیگیری‌های متعدد انجام می‌شود. این فرایند ممکن است به این صورت باشد: 1. صادرکننده چک برگشتی، با مراجعه به شعب بانک خود و ارائه مدارک مثبتی، مانند سند چک برگشتی، تقاضا برای پیگیری مسدودی وجوه حساب خود را در بانک ارائه می‌دهد. 2. کارکنان بانک، اطلاعات موردنیاز را از صادرکننده چک برگشتی، مانند شماره حساب و نام و نام خانوادگی، دريافت می‌کنند و برای پیگیری مسدودی وجوه حساب، دستورالعمل‌هایی را صادر می‌کنند. 3. بانک، به منظور بررسی و پیگیری مسدودی وجوه حساب، ممکن است از صادرکننده چک برگشتی، اطلاعات بیشتری دريافت کند، مانند تاریخچه تراکنش‌های حساب و نشانی محل اقامت صادرکننده چک برگشتی. 4. در صورت تأیید اطلاعات ارائه شده توسط صادرکننده چک برگشتی، بانک، وجوه حساب را آزاد یا
نحوه اطلاع‌رسانی در زمان رفع مسدودی به چه صورت است؟,در هنگام رفع مسدودی، اطلاع‌رسانی به دو صورت انجام می‌شود: 1. پیام‌های خودکار: سیستم به طور خودکار پیام‌های خودکار به کاربر ارسال می‌کند که به او اطلاع می‌دهد که چه اتفاقی افتاده است و چه کاری باید انجام شود تا مشکل حل شود. 2. پیامی از پشتیبانی: در بسیاری از موارد، پیامی از پشتیبانی یا تیم پشتیبانی به کاربر ارسال می‌شود که در آن توضیح داده می‌شود که چه اتفاقی افتاده است و چه کاری باید انجام شود تا مشکل حل شود. این پیام‌ها اغلب با جزئیات بیشتری همراه است و ممکن است از کاربر در مورد مشکل یا راه حل درخواستی برای حل آن سوال کند.
آیا امکان استعلام مبالغ مسدود شده حسابها بابت چک برگشتی وجود دارد؟,بله، وجود دارد. در بسیاری از بانک‌ها و مؤسسات مالی، امکان استعلام مبالغ مسدود شده حسابها بابت چک برگشتی وجود دارد. برای این منظور، معمولاً باید به یکی از شعبات بانک یا مؤسسه مالی مراجعه کنید و با ارائه مدارک و مستندات، درخواست استعلام را ارائه دهید.

به طور کلی، برای استعلام مبالغ مسدود شده حسابها، می‌بایست مدارک زیر را ارائه دهید: 1. یک درخواست رسمی با ذکر مشخصات حساب و شماره چک برگشتی 2. یک نسخه از چک برگشتی، که نشان‌دهنده مبلغ و تاریخ آن است 3. یک مدرک هویت، مانند یک نسخه از شناسنامه یا گذرنامه

به احتمال زیاد، بانک یا مؤسسه مالی، پس از بررسی مدارک و مستندات، اطلاعات مورد نیاز را به شما ارائه می‌دهد. در برخی موارد، ممکن است برای استعلام مبالغ مسدود شده، زمان و هزینه اضافی وجود داشته باشد.
افراد فاقد دسته‌چک چگونه می‌توانند چک موردی دریافت کنند؟,پرسش جالبی! افراد فاقد دسته‌چک یا افراد بی‌پول، می‌توانند از طریق برخی روش‌ها، چک موردی دریافت کنند: 1. از طریق بانک: برخی بانک‌ها خدمات چک‌زایی را به افراد بی‌پول ارائه می‌کنند. در این روش، فرد بی‌پول باید با ارائه مدارک و شواهد، درخواست چک‌زایی را به بانک ارائه دهد و پس از بررسی و تأیید، چک موردی دریافت می‌کند.
 2. از طریق شرکت‌های تأمین مالی: برخی شرکت‌های تأمین مالی، خدمات چک‌زایی را برای افراد بی‌پول ارائه می‌کنند. این شرکت‌ها معمولاً با شرایط خاصی، چک را در ازای ارائه ضمانت یا وثیقه، به فرد بی‌پول ارائه می‌کنند.
 3. از طریق وام یا اعتبار: فرد بی‌پول می‌تواند درخواست وام یا اعتبار از بانک‌ها یا مؤسسات مالی ارائه دهد. در صورت تأیید درخواست، فرد می‌تواند چک موردی دریافت کند.
 4. از طریق شریک یا ضامن: فرد بی‌پول می‌تواند با یک شریک یا ضامن، چک موردی دریافت کند
چک تضمین‌شده را چگونه می‌توان استعلام کرد؟,خوش آمدید! برای استعلام چک تضمین شده، ابتدا باید به بانک یا مؤسسه مالی مربوطه مراجعه کنید. در آنجا باید با ارائه مدارک لازم، از جمله اصل چک و شناسنامه یا کارت ملی، تقاضای استعلام را ارائه دهید.

در مرحله بعدی، کارشناس بانک یا مؤسسه مالی، چک را بررسی و تأیید می‌کند و سپس اطلاعات مربوط به چک، از جمله مبلغ، شماره چک و تاریخ انقضای چک را استعلام می‌کند.

اگر چک معتبر باشد، بانک یا مؤسسه مالی، اطلاعات مربوطه را به شما ارائه می‌کند و در صورت وجود هرگونه مشکل یا اختلاف، می‌توانید برای حل مشکل، با کارشناس بانک یا مؤسسه مالی در تماس باشید.
چگونه می‌توانیم از ثبت چک به نام خودمان آگاه شویم؟,به راحتی می‌توانید از ثبت چک به نام خودمان آگاه شوید. برای این منظور، چند گزینه وجود دارد: 1. در بانک خود، درخواست کنید تا یک گزارش چک‌ها برای شما ارسال کند. اغلب بانک‌ها این خدمات را ارائه می‌دهند و می‌توانید آن را در صفحه شخصی خود یا از طریق تلفن یا ایمیل درخواست کنید. 2. از یک شرکت ثبت چک استفاده کنید که در این صورت، چک‌ها به نام شما ثبت می‌شوند و می‌توانید از طریق تلفن یا ایمیل از آنها آگاه شوید. 3. خودتان از یک نرم‌افزار ثبت چک استفاده کنید که می‌توانید آن را دانلود کنید و از طریق آن از ثبت چک‌ها آگاه شوید.

به هر حال، مهم است که به هنگام ثبت چک، نشانی پستی خود را به عنوان نشانی دریافت کننده درج کنید، تا در صورت ثبت چک، نامه‌ای به شما ارسال شود.
چگونه می‌توان راهنمای سامانه پیامکی 4040701701 را دریافت کرد؟,بسیار آسان است! برای دریافت راهنمای سامانه پیامکی 4040701701، می‌توانید به سایت این سامانه مراجعه کنید و یا از طریق پیامکی به شماره 4040701701 یک پیام ارسال کنید و با یکی از کارشناسان این سامانه تماس بگیرید تا راهنمای موردنیاز خود را دریافت کنید.
چگونه می‌توان از وضعیت چک برگشتی، رفع‌ سوء‌اثر شده و چک‌های در راه صادرکننده چک باخبر شد؟,مطمئناً می‌توانید از وضعیت چک برگشتی، رفع سوء اثر شده و چک‌های در راه صادرکننده چک باخبر شد از طریق برخی روش‌های زیر: 1. مراجعه به بانک صادرکننده چک: شما می‌توانید به بانک صادرکننده چک مراجعه کنید و از وضعیت چک موردنظر خود باخبر شوید. 2. استفاده از سامانه اینترنتی بانک: اغلب بانک‌ها سامانه‌ای اینترنتی دارند که امکان بررسی وضعیت چک‌ها را فراهم می‌کند. شما می‌توانید با وارد کردن اطلاعات چک، وضعیت آن را بررسی کنید. 3. تماس با بانک صادرکننده چک: شما می‌توانید با بانک صادرکننده چک تماس بگیرید و از وضعیت چک موردنظر خود باخبر شوید. 4. مراجعه به دفاتر خدمات مالی: دفاتر خدمات مالی که توسط بانک‌ها در شهرها ایجاد شده‌اند، امکان بررسی وضعیت چک‌ها را فراهم می‌کنند.

به طور کلی، برای اطلاع از وضعیت چک برگشتی، رفع سوء اثر شده و چک‌های در راه صادرکننده چک، شما می‌توانید از طریق یکی از روش‌های بالا اقدام کنید.
اگر بخواهیم از وضعیت چک براساس اقلام اطلاعاتی آن با خبر شویم راهکار چیست؟,اگر می‌خواهید از وضعیت چک بر اساس اقلام اطلاعاتی آن باخبر شوید، راهکارهای زیر را می‌توانید استفاده کنید: 1. چک را با دقت و از نزدیک مطالعه کنید. اقلام اطلاعاتی چک را از نظر تاریخ، نام گیرنده، مبلغ، و اقلام، بررسی کنید تا اطلاعات مورد نیاز خود را کسب کنید.
 2. از نرم‌افزارهای حسابداری یا نرم‌افزارهای حسابداری آنلاین استفاده کنید تا از وضعیت چک خود باخبر شوید. این نرم‌افزارها اغلب امکان بررسی اقلام اطلاعاتی چک را فراهم می‌کنند.
 3. با بانک یا مؤسسه پولی که چک را صادر کرده است تماس بگیرید تا از وضعیت چک خود باخبر شوید. اغلب بانک‌ها یا مؤسسات پولی امکان بررسی وضعیت چک را فراهم می‌کنند و می‌توانید از آنها درخواست کمک کنید.
 4. اگر چک شما توسط یک شخص یا شرکت صادر شده است، می‌توانید با آن شخص یا شرکت تماس بگیرید تا از وضعیت چک خود باخبر شوید.
 5. در نهایت، می‌توانید به یک کارشناس حسابداری یا یک حسابدار مش
چگونه می‌توان وضعيت اعتباری چک صيادی را استعلام کرد؟,برای استعلام وضعیت اعتباری چک صیادی، می‌توانید به یکی از روش‌های زیر دسترسی داشته باشید: 1. مراجعه به بانک یا مؤسسه مالی صادرکننده چک: می‌توانید به بانک یا مؤسسه مالی صادرکننده چک مراجعه کنید و درخواست استعلام وضعیت اعتباری چک صیادی را ارائه دهید. در این روش، بانک یا مؤسسه مالی صادرکننده چک اطلاعات مربوطه را برای شما فراهم می‌کند.
 2. استفاده از سیستم استعلام اعتباری: در بسیاری از بانک‌ها و مؤسسه‌های مالی، سیستم استعلام اعتباری وجود دارد که امکان استعلام وضعیت اعتباری چک صیادی را فراهم می‌کند. می‌توانید به سایت بانک یا مؤسسه مالی مراجعه کنید و از این سیستم استعلام اعتباری استفاده کنید.
 3. استفاده از شرکت‌های ارائه‌دهنده خدمات استعلام اعتباری: در بسیاری از کشورها، شرکت‌های ارائه‌دهنده خدمات استعلام اعتباری وجود دارند که امکان استعلام وضعیت اعتباری چک صیادی را فراهم می‌کنند. می‌توانید به سایت این شرکت‌ها مراجعه کنید و از خدمات آنها استفاده کنید.
 4. مراجعه به دفاتر است
محرومیت‌های ناشی از چک برگشتی در چه مواردی اعمال نمی‌شود؟,معمولاً محرومیت‌های ناشی از چک برگشتی در مواردی اعمال نمی‌شود که این چک‌ها برای پرداخت مالیاتی، کارمزد، وام یا سایر تعهدات قانونی نوشته شده باشند. به عبارت دیگر، چک‌هایی که برای پرداخت تعهدات قانونی نوشته شده باشند، از محرومیت‌های ناشی از برگشت چک معاف هستند.
در صورت مسدود‌سازی بخشی از مبلغ چک در حساب جاری صادرکننده چک برگشتی توسط سامانه محچک، چگونه می‌توان از چک مدنظر رفع‌سوءاثر کرد؟,در صورت مسدود‌سازی بخشی از مبلغ چک توسط سامانه محچک، برای رفع سوءاثر چک مدنظر، صادرکننده چک باید به یک یا چند روش زیر اقدام کند: 1. واریز مبلغ مسدود شده: صادرکننده چک باید مبلغ مسدود شده را به حساب جاری خود واریز کند تا چک برگشتی بتواند آزاد شود.
 2. ارائه مدارک و مستندات: صادرکننده چک باید مدارک و مستندات لازم برای ثابت کردن وجود وجاهت چک را، مانند سند واریز، سند دریافت، و غیره، به بانکی که چک را صادر کرده ارائه دهد تا چک بتواند آزاد شود.
 3. درخواست تجدید نظر: اگر صادرکننده چک دلیل و دلایل خود را برای مسدود‌سازی مبلغ چک ارائه کند، می‌تواند درخواست تجدید نظر به سامانه محچک ارائه دهد تا چک بتواند آزاد شود.
انتقال وجه به حساب خود در بانک‌ها چگونه انجام می‌شود؟,عالی است که در مورد نحوه انتقال وجه به حساب خود در بانک‌ها سوال کردید.

برای انتقال وجه به حساب خود در بانک‌ها، می‌توانید از چند روش مختلف استفاده کنید: 1. واریز از طریق درگاه بانک: به سایت بانک خود رفته و از درگاه اینترنتی آن استفاده کنید تا وجه را واریز کنید. این روش معمولاً سریع و راحت است. 2. واریز از طریق تلفن: به تلفن بانک خود زنگ بزنید و از کارشناس بانک کمک بگیرید تا وجه را واریز کنید. 3. واریز از طریق مراجعه به شعبه بانک: می‌توانید به شعبه بانک خود رفته و از کارشناس بانک کمک بگیرید تا وجه را واریز کنید.

به هر حال، قبل از واریز وجه، اطمینان حاصل کنید که اطلاعات حساب خود را正確 و کامل است و همچنین اطمینان حاصل کنید که وجه را به حساب خود واریز می‌کنید و نه به حساب دیگری.

با آرزوی موفقیت در مورد واریز وجه!
روش انتقال وجه داخلی چگونه است؟,روشی وجود دارد که می‌توانید برای انتقال وجه داخلی در ایران استفاده کنید. برخی از این روش‌ها عبارتند از: 1. شتاب: این یک سیستم انتقال وجه الکترونیکی است که به وسیله شتاب بانک‌های ایرانی ارائه می‌شود. برای استفاده از این سیستم، باید در یک بانک عضو شتاب باشید و یک کارت شتاب داشته باشید که از طریق آن می‌توانید وجه را به یک حساب دیگر منتقل کنید. 2. سامانه پرداخت الکترونیکی (پرداخت الکترونیکی): این سامانه توسط بانک‌های ایرانی ارائه می‌شود و به شما امکان می‌دهد برای انتقال وجه بین حساب‌های مختلف استفاده کنید. 3. کارت بانکی: می‌توانید از کارت بانکی خود برای انتقال وجه استفاده کنید. برای مثال، می‌توانید از یک کارت ویزا یا ماستر کارت برای انتقال وجه به یک حساب دیگر استفاده کنید. 4. اپلیکیشن‌های موبایل: برخی از اپلیکیشن‌های موبایل مانند ترانزفرو یا وام استفاده از انتقال وجه را ممکن می‌کنند. این اپلیکیشن‌ها معمولاً برای انتقال وجه بین حساب‌های مختلف در یک بانک استفاده می‌شوند.

برای استفاده از هر یک از این روش‌ها، باید در یک
کارمزد انتقال وجه داخلی چقدر است؟,معمولاً کارمزد انتقال وجه داخلی در ایران بین 0.1% تا 1% از مبلغ انتقال وجه است. برای مثال، اگر مبلغ انتقال وجه 1000000 تومان باشد، کارمزد آن 1000 تومان تا 10000 تومان است. اما این میزان کارمزد بسته به بانک یا مؤسسه مالی و نوع انتقال وجه متفاوت است.
برای انتقال وجه به حساب دیگران چه روش هایی ممکن است؟,یکی از مهمترین روش های انتقال وجه به حساب دیگران در ایران عبارتند از: 1. واریز به حساب بانک: می‌توانید از طریق بانک خود، به حساب دیگری واریز کنید. برای این کار باید نام و شماره حساب مقصد را در اختیار داشته باشید و به صورت حضوری یا غیرحضوری به بانک مراجعه کنید یا از طریق اینترنت بانک یا اپلیکیشن های بانک، عملیات واریز را انجام دهید. 2. شتاب: شتاب یک سامانه انتقال وجه الکترونیکی است که به شما امکان می دهد از طریق اینترنت، وجه را به حساب دیگران واریز کنید. برای استفاده از شتاب باید یک حساب شتاب داشته باشید و آن را با یک کارت اعتباری یا یک حساب بانکی مرتبط کنید. 3. بامپ: بامپ یک سامانه انتقال وجه الکترونیکی است که به شما امکان می دهد از طریق اینترنت، وجه را به حساب دیگران واریز کنید. برای استفاده از بامپ باید یک حساب بانکی داشته باشید و آن را با یک کارت اعتباری یا یک حساب بانکی مرتبط کنید. 4. واریز از طریق شاپر: شاپر یک سامانه انتقال وجه الکترون
روش انتقال وجه از طریق کارت به کارت چگونه است؟,خوش آمدید! انتقال وجه از طریق کارت به کارت به روش زیر انجام می شود: 1. ابتدا باید یک کارت اعتباری یا یک کارت شتاب (مثل کارت شتاب از بانک ملی یا بانک صادرات) داشته باشید. 2. سپس باید به سایت بانک خود یا سایت شتاب مراجعه کنید و حساب خود را شناسایی کنید. 3. بعد از شناسایی حساب، روی گزینه "تراکنش" یا "پرداخت" کلیک کنید و سپس روی گزینه "کارت به کارت" کلیک کنید. 4. در صفحه بعدی، شماره کارت گیرنده و مبلغ را وارد کنید و روی گزینه "تایید" کلیک کنید. 5. در صورت تایید، مبلغی که برای انتقال در نظر گرفته اید، از حساب شما کسر می شود و به حساب گیرنده منتقل می شود.

توجه: در هنگام انتقال وجه از طریق کارت به کارت، باید اطمینان حاصل کنید که شماره کارت گیرنده صحیح است، و همچنین مبلغی را که برای انتقال در نظر گرفته اید، کافی باشد تا بتواند به حساب گیرنده منتقل شود.
CVV2 چیست؟,در واقع، CVV2 یک کد امنیتی است که روی کارت های اعتباری، مانند ویزا یا ماسترکارد، درج می شود. این کد برای تأیید هویت خریدار و جلوگیری از کلاهبرداری استفاده می شود. CVV2 به همراه کد امنیتی اصلی، کد امنیت درج شده روی کارت اعتباری، برای تأیید خرید استفاده می شود. در واقع، CVV2 یک جزء جدایی ناپذیر از فرآیند خرید آنلاین است.
رمز دوم (رمز اینترنتی) چیست و چگونه دریافت می‌گردد؟,رمز دوم یا رمز اینترنتی، یک کد امنیتی است که برای تأیید هویت و جلوگیری از حملات سایبری استفاده می‌شود. این کد در طول فرآیند ورود به یک وب سایت یا سیستم، ارسال می‌شود و توسط کاربر در زمان ورود تأیید می‌گردد.

برای دریافت رمز دوم، شما باید یک دستگاه تلفن همراه یا یک کلیدفیشر را داشته باشید که در زمان ثبت نام، با آن مرتبط شده است. هنگامی که می‌خواهید وارد یک وب سایت یا سیستم شوید، یک پیامک یا یک کد یکبار مصرف به شما ارسال می‌شود که باید آن را در زمان ورود وارد کنید. این کد یکبار مصرف، تأیید هویت شما را انجام می‌دهد و اطمینان می‌دهد که شما در حال ورود به سیستم هستید و نه یک شخص دیگر.
رمز دوم شامل دو نوع ثابت و پویا (رمز یکبار مصرف) است که رمز ثابت به درخواست مشتری و توسط بانک برای کارت بانکی صادر می‌شود و صرفاً در تراکنش های کمتر از 100 هزار تومان قابل استفاده است. رمز دوم پویا که یک نوع رمز یکبار مصرف است جهت ارتقای امنیت حساب دارندگان کارت، برای خریدها و تراکنش‌های بیشتر از 100 هزار تومان الزامی بوده و از طریق برنامه‌های موبایل بانک و یا به صورت پیامکی در هنگام خرید و به درخواست دارنده کارت، از بانک مربوطه قابل دریافت است. لازم به توضیح است که استفاده از رمز پویا برای تراکنش‌های کمتر از 100هزار تومان نیز قابل استفاده بوده و توصیه می‌شود.,متشکرم! شما سوالی در مورد رمز دوم کارت بانکی دارید. من به شما توضیح می‌دهم که رمز دوم شامل دو نوع ثابت و پویا است. رمز ثابت به درخواست مشتری و توسط بانک برای کارت بانکی صادر می‌شود و فقط در تراکنش‌های کمتر از 100 هزار تومان قابل استفاده است. اما رمز دوم پویا که یک نوع رمز یکبار مصرف است برای ارتقای امنیت حساب دارندگان کارت، برای خریدها و تراکنش‌های بیشتر از 100 هزار تومان الزامی است. این رمز می‌تواند از طریق برنامه‌های موبایل بانک یا به صورت پیامکی در هنگام خرید و به درخواست دارنده کارت، از بانک مربوطه قابل دریافت باشد. مهم است که بدانید استفاده از رمز پویا برای تراکنش‌های کمتر از 100 هزار تومان نیز قابل استفاده است و توصیه می‌شود.
میزان انتقال از طریق کارت به کارت چقدر است؟,میزان انتقال از طریق کارت به کارت در ایران معمولاً بین 0 تا 5 درصد است. این مبلغ به عنوان مبلغ کارمزد برای انجام انتقال از طریق کارت به کارت در نظر گرفته می شود. اما این میزان ممکن است در برخی از بانك ها یا موسسات پولی متفاوت باشد.
کارمزد انتقال کارت به کارت چقدر است؟,در ایران، کارمزد انتقال کارت به کارت به зависимости از بانک و نوع انتقال متفاوت است. اما به طور متوسط، کارمزد انتقال کارت به کارت در ایران بین 500 تا 2 هزار تومان است. برخی از بانک‌ها ممکن است کارمزد انتقال را در حد 1% تا 3% از مبلغ انتقال تعيين کنند. به عنوان مثال، اگر مبلغ انتقال 1 میلیون تومان باشد، کارمزد ممکن است 10 هزار تا 30 هزار تومان باشد. لطفاً به وب سایت بانک خود یا به یک نماینده بانک مراجعه کنید تا دقیقاً بدانید کارمزد انتقال کارت به کارت شما چقدر است.
روش انتقال از طریق سامانه پل (پرداخت لحظه‌ای) چگونه است؟,در سامانه پل، روش انتقال از طریق پرداخت لحظه‌ای به این صورت است: 1. ابتدا، باید در سامانه پل یک حساب کاربری ایجاد کنید و پس از تأیید هویت خود، یک تراکنش برای انتقال پول ایجاد کنید. 2. در مرحله بعد، باید اطلاعات دریافت کننده، از جمله نام، نام خانوادگی و شماره حساب دریافت کننده را وارد کنید. 3. سپس، باید مبلغی را که می‌خواهید به شخص دیگری انتقال دهید، وارد کنید. 4. در مرحله بعد، باید نوع انتقال را انتخاب کنید، به عنوان مثال، انتقال بین حساب‌های خود یا انتقال به یک شخص دیگر. 5. در نهایت، باید اطلاعات خود را تأیید کنید و پرداخت را انجام دهید.

در این مرحله، پول شما به حساب دریافت کننده منتقل خواهد شد. زمان انتقال پول، بسته به بانک و نوع انتقال، ممکن است متفاوت باشد. معمولاً انتقال پول از طریق سامانه پل در زمان واقعی انجام می‌شود، به این معنی که پول شما در همان زمان که پرداخت را انجام می‌دهید، به حساب دریافت کننده منتقل خواهد شد.
سقف انتقال پول از طریق سامانه پل چقدر است؟,دوستان عزیز! به طور کلی، سقف انتقال پول از طریق سامانه پال برای کاربران ایرانی 2 میلیون تومان (2،000،000 تومان) است، اما این مبلغ ممکن است با زمان یا شرایط خاصی تغییر کند. برای اطلاعات دقیق‌تر، توصیه می‌کنم به سایت رسمی پال مراجعه کنید یا با پشتیبانی پال تماس بگیرید.
کارمزد انتقال پول از طریق سامانه پل چقدر است؟,معمولاً کارمزد انتقال پول از طریق سامانه پل یا همان TransferWise، بین 1% تا 2% از مبلغ انتقال است، اما این کارمزد می‌تواند بسته به مبلغ و نوع انتقال متفاوت باشد. در برخی موارد، کارمزد ممکن است حتی کمتر از این میزان باشد. برای اطلاعات دقیق‌تر، توصیه می‌کنم به سایت TransferWise مراجعه کنید یا با آنها تماس بگیرید.
شبا چیست؟,شبا یک نوشیدنی سنتی ایرانی است که از ترکیب شیر، شکر و قند تهیه می شود و اغلب در مهمانی ها و جشن ها سرو می شود. شبا با طعم شیرین و عطر خوشرنگش، مورد پسند بسیاری از افراد است. آیا می خواهید بدانید چگونه شبا تهیه می شود؟
روش انتقال وجه از طریق پایا چگونه است؟,بسیار ممنون از سوال شما!

روش انتقال وجه از طریق پایا (Paya) به شرح زیر است: 1. ابتدا باید در اپلیکیشن پایا ثبت نام کنید و حساب خود را افتتاح کنید. 2. سپس باید در حساب خود، مبلغ مورد نظر را انتخاب کنید و به شماره حساب مقصد منتقل کنید. 3. در مرحله بعد، رمز عبور و کد امنیتی را وارد کنید تا انتقال وجه را تأیید کنید. 4. بعد از تأیید، مبلغ مورد نظر به شماره حساب مقصد منتقل خواهد شد.

به طور کلی، انتقال وجه از طریق پایا یک فرآیند ساده و سریع است که از طریق اپلیکیشن خودکار انجام می شود. در صورت نیاز به هرگونه کمک یا راهنمایی، می توانید با پشتیبانی پایا در تماس باشید.
همچنین انتقال وجه پایا تا سقف 15 میلیون تومان به صورت روزانه و با رعایت ضوابط مربوطه، از طریق دستگاه‌های خودپرداز امکانپذیر است. انتقال وجه گروهی نیز از طریق پایا قابل انجام است. واریز گروهی به آن دسته از واریزهایی اطلاق می شود که تعداد واریزهای موجود در یک درخواست بیش از 10 واریز باشد.,به نظر می رسد که شما از خدمات پایا برای انتقال وجه استفاده می کنید. مطمئناً این خدمات بسیار مفید و راحت است. به طور کلی، پایا امکان انتقال وجه پایا تا سقف 15 میلیون تومان را در هر روز و با رعایت ضوابط مربوطه، از طریق دستگاه‌های خودپرداز فراهم می کند. علاوه بر این، انتقال وجه گروهی نیز از طریق پایا قابل انجام است که به آن دسته از واریزهایی اطلاق می شود که تعداد واریزهای موجود در یک درخواست بیش از 10 واریز باشد. در این حالت، می توانید چندین واریز را در یک درخواست ارسال کنید و به این ترتیب، زمان و هزینه خود را کاهش دهید. آیا سوالی دارید یا به راهنمایی بیشتری نیاز دارید؟
سقف انتقال پول از طریق پایا چقدر است؟,معمولاً سقف انتقال پول از طریق پایا در ایران حدود 10 میلیون تومان یا 2000 دلار است، اما این محدودیت می تواند بسته به نوع حساب و یا نوع انتقال تغییر کند. به عنوان مثال، برای حساب های ویژه یا حساب های برای تجارت خارجی، سقف انتقال پول ممکن است بیشتر باشد. به طور کلی، بهتر است با یک کارگزاری یا بانک برای اطلاعات دقیق‌تر در مورد سقف انتقال پول در مورد شما تماس بگیرید.
کارمزد انتقال پول از طریق پایا چقدر است؟,خوش آمدید! برای انتقال پول از طریق پایا، کارمزد آن بسته به مبلغ و روش پرداخت متفاوت است. به طور کلی، کارمزد انتقال پول از طریق پایا بین 0.5 تا 1.5 درصد از مبلغ انتقال و 1.5 تا 3.5 تومان برای هر تراکنش است. همچنین، ممکن است برخی درگاه های پرداخت، کارمزد اضافی داشته باشند. برای اطلاعات دقیق‌تر، به سایت پایا مراجعه کنید.
حواله های پایا چه زمان هایی در طول روز تسویه می‌شوند؟,معمولاً حواله های پایا در طول روز به چندین زمان تسویه می‌شوند. معمولاً در زمان‌های خاصی مانند صبح، بعد از ظهر و شب، این حواله ها تسویه می‌شوند. برای مثال، حواله های پایای صبح معمولاً بین 8 تا 10 صبح تسویه می‌شوند، حواله های پایای بعد از ظهر معمولاً بین 2 تا 4 بعد از ظهر تسویه می‌شوند و حواله های پایای شب معمولاً بین 8 تا 10 شب تسویه می‌شوند. با این حال، زمان دقیق تسویه حواله ها ممکن است بسته به بانک یا مؤسسه مالی و همچنین روز و ساعت کاری آن‌ها تغییر کند.
آیا امکان انتقال وجه از طریق عملیات پایا در روزهای تعطیل وجود دارد؟,خیر، امکان انتقال وجه از طریق عملیات پایا در روزهای تعطیل وجود ندارد. عملیات پایا فقط در روزهای کاری از 9 صبح تا 4 بعد از ظهر انجام می شود و در روزهای تعطیل بسته است. اگر شما در روزهای تعطیل به انتقال وجه نیاز دارید، باید روزهای کاری را منتظر بمانید یا از سایر روش های انتقال وجه مانند بانک ها یا شرکت های ارائه دهنده خدمات مالی استفاده کنید.
ساتنا چیست؟,"ستنا" به معنی "خانه" است. خانه، مکان زندگی و آرامش ما است. خانه، مکانی برای استراحت، استراحت و گذراندن زمان با خانواده و دوستان است. خانه، اولین و مهمترین مکان برای بسیاری از مردم است، زیرا در آن احساس امنیت، آرامش و آرامش می کنند.
روش انتقال پول از طریق ساتنا چگونه است؟,مطمئناً شما در مورد نحوه انتقال پول از طریق ساتنا کنجکاو هستید!

روش انتقال پول از طریق ساتنا به دو صورت انجام می شود: 1. با استفاده از کیف پول دیجیتال ساتنا: برای این کار باید ابتدا یک کیف پول دیجیتال ساتنا ایجاد کنید و آن را با یک آدرس بیت کوین یا دیگر ارزهای دیجیتال شارژ کنید. سپس می توانید از طریق این کیف پول، پول خود را به آدرس دیگری ارسال کنید. این کار با استفاده از رمزنگاری و کدگذاری امن انجام می شود تا امنیت پول شما حفظ شود.
 2. با استفاده از کیف پول ساتنا در وب: برای این کار ابتدا باید یک کیف پول ساتنا در وب ایجاد کنید و آن را با یک آدرس بیت کوین یا دیگر ارزهای دیجیتال شارژ کنید. سپس می توانید از طریق این کیف پول، پول خود را به آدرس دیگری ارسال کنید. این کار نیز با استفاده از رمزنگاری و کدگذاری امن انجام می شود تا امنیت پول شما حفظ شود.

در هر صورت، برای انجام انتقال پول از طریق ساتنا باید از یک آدرس بیت کوین یا دیگر ارزهای دی
سقف انتقال پول از طریق ساتنا چقدر است؟,دوستان عزیز! سقف انتقال پول از طریق ساتنا در ایران، بسته به نوع انتقال و میزان پول، متفاوت است. برای مثال، سقف انتقال پول از طریق ساتنا برای افراد معمولی و کسب و کارها، 50 میلیون تومان است، اما برای تجارت و شرکت‌ها ممکن است بالاتر باشد. علاوه بر این، ممکن است برای انتقال پول به خارج از کشور، سطوح بالاتر یا حتی محدودیت‌های خاصی وجود داشته باشد. برای اطلاع دقیق‌تر از سقف انتقال پول از طریق ساتنا، می‌توانید به سایت رسمی ساتنا یا یک بانک یا مؤسسه مالی مراجعه کنید.
کارمزد انتقال پول از طریق ساتنا چقدر است؟,کارمزد انتقال پول از طریق ساتنا متغیر است و به عوامل مختلفی مانند مبلغ و نوع انتقال بستگی دارد. اما به طور متوسط، کارمزد انتقال پول از طریق ساتنا بین 0.5% تا 1.5% از مبلغ انتقال است. برای مثال، اگر مبلغ انتقال 1000000 تومان باشد، کارمزد انتقال 5000 تومان تا 15000 تومان است. اما این کارمزد ممکن است در برخی موارد متفاوت باشد.
حواله های ساتنا چه زمان هایی در طول روز تسویه می‌شوند؟,خوش آمدید! ساتنا حواله ها در طول روز در چندین زمان تسویه می‌شوند. این زمان ها به شرح زیر است:* صبح، هنگامی که بازار باز است، حواله ها در ساعت 10:00 صبح تسویه می‌شوند.* ظهر، هنگامی که بازار بسته است، حواله ها در ساعت 15:00 ظهر تسویه می‌شوند.* شب، هنگامی که بازار باز است، حواله ها در ساعت 21:00 شب تسویه می‌شوند.

شایان ذکر است که این زمان ها ممکن است با تغییرات روزانه در بازار، تغییر کند. بنابراین، برای اطمینان از زمان تسویه حواله ها، می‌توانید به سایت ساتنا یا به یک نماینده ساتنا مراجعه کنید.
آیا عملیات ساتنا در روزهای تعطیل انجام می‌شود؟,به عنوان یک دستیار کمک کننده، می توانم بگویم که عملیات ساتنا در روزهای تعطیل انجام نمی شود. ساتنا یک سازمان دولتی است که در طول هفته کاری، از 9 صبح تا 5 بعد از ظهر، ارائه خدمات می کند. در روزهای تعطیل، این سازمان بسته است و در نتیجه، خدمات خود را ارائه نمی دهد. اگر شما به خدمات ساتنا نیاز دارید، باید در طول هفته کاری مراجعه کنید.
آيا امكان انتقال وجه پايا و ساتنا از طریق خودپرداز وجود دارد؟,خوش آمدید! بله، امکان انتقال وجه پايا و ساتنا از طریق خودپرداز وجود دارد. بسیاری از خودپردازهای موجود در ایران امکان انتقال وجه پايا و ساتنا را به حساب‌های بانکی یا کارت‌های اعتباری فراهم می‌کنند. به طور کلی، شما باید ابتدا از قابلیت این خدمت در خودپرداز مورد نظر خود اطمینان حاصل کنید و سپس با استفاده از رمز پین یا اثر انگشت خود، انتقال وجه را انجام دهید. با این حال، در برخی موارد ممکن است برای انجام انتقال وجه، نیاز به درج کد امنیتی یا کد تأیید برای جلوگیری از هرگونه سوء استفاده وجود داشته باشد. لطفاً قبل از انجام انتقال وجه، شرایط و ضوابط خودپرداز را بررسی کنید.
برای خرید اینترنتی به چه اطلاعاتی نیاز است؟,برای خرید اینترنتی، شما به چندین اطلاعات ضروری نیاز دارید، از جمله: 1. آدرس ایمیل و رمز عبور: برای ثبت نام و وارد شدن به سایت‌های خرید اینترنتی، شما نیاز دارید که یک ایمیل و رمز عبور داشته باشید. 2. آدرس ارسال: برای دریافت محصولات خریداری شده، شما باید آدرس ارسال خود را وارد کنید، که شامل آدرس دقیق و کد پستی است. 3. اطلاعات کارت اعتباری یا اطلاعات بانکی: برای پرداخت هزینه محصولات، شما نیاز دارید که اطلاعات کارت اعتباری یا اطلاعات بانکی خود را وارد کنید، مانند نام، شماره کارت و رمز دوم. 4. کد پستی: برای دریافت محصولات خریداری شده، شما نیاز دارید که کد پستی خود را وارد کنید، که شامل شماره پستی و نام و نام خانوادگی است. 5. اطلاعات هویتی: برای خرید محصولات، شما ممکن است نیاز دارید که اطلاعات هویتی خود را وارد کنید، مانند نام، نام خانوادگی، تاریخ تولد و شماره ملی. 6. آدرس ذخیره: برای ذخیره اطلاعات خود، شما ممکن است نیاز دارید که آدرس ذخیره خود را وارد کنید، که شامل آدرس ایمیل و رمز عبور است
سقف خرید کارتی روزانه چقدر است؟,قیمت خرید کارتی روزانه در ایران بسته به نوع و تعداد سکه‌های خریداری شده متفاوت است. به طور متوسط، یک کارته روزانه در ایران بین 400 تا 600 هزار تومان قیمت دارد. اما این قیمت‌ها می‌تواند بسته به شهر و محل خرید متفاوت باشد. علاوه بر این، قیمت‌ها در روزهای خاصی مانند روزهای تعطیل یا ایام خاصی ممکن است افزایش یابد.
کارمزد خرید کارتی چقدر است؟,کارمزد خرید کارتی در کشور ما، معمولاً 1.5 تا 3.5 درصد است. این مبلغ به عنوان کارمزد از خریداران کارتی در نظر گرفته می‌شود. برای مثال، اگر خریداری کارتی را با مبلغ 1000000 تومان انجام دهد، کارمزد خرید کارتی 15 تا 35 هزار تومان خواهد بود.
کارمزد خرید کارتی که فروشگاه‌ها یا دارندگان دستگاه‌های کارتخوان باید پرداخت کنند به چه میزان است؟,خوش آمدید! به طور کلی، کارمزد خرید کارتی یا مارجین کارت، بین 1 تا 3 درصد از ارزش خرید است. این میزان بسته به کشور، نوع کارت و نوع کسب و کار متغیر است. در برخی از کشورها، کارمزد خرید کارتی حتی تا 5 درصد هم می تواند باشد. به عنوان مثال، در ایران، کارمزد خرید کارتی معمولاً بین 1 تا 2 درصد است، اما این میزان برای هر یک از فروشگاه‌ها یا دارندگان دستگاه‌های کارتخوان متفاوت است.
پرداخت قبض از چه طریقی امکان‌پذیر است؟,بسیار خوشحالم! برای پرداخت قبض از چند طریقی امکان‌پذیر است: 1. مراجعه به کiosk های برق: می‌توانید به کiosk های برق در نزدیکی خود مراجعه کنید و با ارائه قبض و پول، آن را پرداخت کنید. 2. پرداخت تلفنی: می‌توانید از طریق تلفن برای پرداخت قبض تماس بگیرید و با ارائه قبض و شماره حساب، آن را پرداخت کنید. 3. پرداخت آنلاین: بسیاری از شرکت‌های برق، امکان پرداخت آنلاین را فراهم کرده‌اند. می‌توانید از طریق سایت یا اپلیکیشن شرکت برق، قبض خود را پرداخت کنید. 4. پرداخت در شعبه بانک: می‌توانید از شعبه بانک خود، برای پرداخت قبض مراجعه کنید و با ارائه قبض و پول، آن را پرداخت کنید. 5. پرداخت در کیش: در برخی از شهرها، امکان پرداخت قبض در کیش نیز وجود دارد. می‌توانید از این روش برای پرداخت قبض خود استفاده کنید.

به هر حال، بهتر است قبل از پرداخت، از روش‌های پرداخت موجود و شرایط آن اطلاع یابید.
نحوه ثبت نام وام ازدواج چگونه است؟,یکی از راه‌های مهم برای تأمین مالی در طول دوران زندگی مشترک، وام ازدواج است. برای درخواست وام ازدواج، ابتدا باید در یکی از مؤسسات اعتباری که در کشور ما وجود دارد، ثبت نام کنید. برخی از مهم‌ترین مؤسسات اعتباری عبارتند از: 1. بانک ملی ایران 2. بانک مelli 3. بانک پارسیان 4. بانک سامان 5. بانک سینا 6. بانک تجارت 7. بانک گردشگری

برای ثبت نام وام ازدواج در هر یک از این مؤسسات، باید مراحل زیر را طی کنید: 1. ابتدا باید شرایط عمومی برای دریافت وام را داشته باشید، از جمله سن حداقل 18 سال، داشتن شغل یا درآمد پایدار، نداشتن پیشینه بدهی، و داشتن یک حساب بانکی در یکی از مؤسسات اعتباری. 2. سپس باید فرم درخواست وام را تکمیل کنید و مستندات مورد نیاز را ارائه دهید، از جمله مدارک هویت، مدارک شغلی، مدارک درآمد، و مدارک املاک یا سایر دارایی‌ها. 3. پس از تکمیل فرم و ارائه مستندات، باید مبلغی را به عنوان پیش‌پرداخت وام
برای ثبت‌نام وام ازدواج هزینه‌ای دریافت می‌شود؟,بسیار خوشحالم! برای ثبت‌نام وام ازدواج در ایران، معمولاً هزینه‌ای دریافت نمی‌شود، اما ممکن است یک مبلغ کمی برای هزینه‌های اداری و خدمات مرتبط با وام، مانند هزینه ثبت‌نام یا امضا، در طول فرآیند وام‌دادن دریافت شود. این هزینه‌ها معمولاً اندک بوده و به‌طور متوسط بین 10 تا 50 هزار تومان است. با این حال، این هزینه‌ها برای همه وام‌ها یکسان نیستند و ممکن است بسته به نوع وام و مؤسسه ارائه دهنده وام، متفاوت باشد. برای کسب اطلاعات دقیق‌تر، توصیه می‌کنم به مؤسسه ارائه دهنده وام مراجعه کنید یا با یک مشاور مالی تماس بگیرید.
چه مدارکی برای ثبت‌نام لازم است؟,برای ثبت‌نام در دانشگاه یا موسسه آموزشی، معمولاً مدارک زیر لازم است: 1. شناسنامه یا کارت ملی 2. مدرک دیپلم یا مدرک تحصیلی 3. مدارک درسی، مانند گواهی معدل یا رتبه‌بندی 4. مدارک زبان، مانند گواهی زبان انگلیسی یا فرانسوی 5. مدارک مالی، مانند گواهی حساب بانکی یا گواهی درآمد 6. مدارک هویت، مانند عکس و اطلاعات شناسنامه 7. مدارک معتبر دیگر، مانند گواهی کار یا گواهی حضور در کلاس

توجه: مدارک مورد نیاز ممکن است با دانشگاه یا موسسه آموزشی متفاوت باشد، بنابراین توصیه می‌شود قبل از ثبت‌نام با آن‌ها تماس بگیرید تا اطلاعات مورد نیاز را بدانید.
چگونه می‌توان وضعیت ثبت‌نام‌شده در سامانه ازدواج را پیگیری کرد؟,سوال بسیار مهم و حساس! برای پیگیری وضعیت ثبت‌نام‌شده در سامانه ازدواج، می‌توانید به یکى از روش‌های زیر دسترسی داشته باشید: 1. مراجعه به مرکز آمار و ثبت احوال: می‌توانید به مرکز آمار و ثبت احوال محل سکونت خود مراجعه کنید و از کارشناسان این مرکز درخواست کنید تا وضعیت ثبت‌نام شما را پیگیری کنند. 2. مراجعه به سامانه ازدواج: می‌توانید به سامانه ازدواج مراجعه کنید و از طریق پورتال یا نرم‌افزار آن، وضعیت ثبت‌نام خود را بررسی کنید. در صورت نیاز، می‌توانید از پشتیبانی سامانه درخواست کمک کنید. 3. تماس با کارشناسان: می‌توانید با کارشناسان مرکز آمار و ثبت احوال یا سامانه ازدواج تماس بگیرید و از آن‌ها درخواست کنید تا وضعیت ثبت‌نام شما را پیگیری کنند.

توجه داشته باشید که در زمان مراجعه به مرکز آمار و ثبت احوال یا سامانه ازدواج، داشتن مدارک هویتی و شناسنامه ضروری است. همچنین در صورت نیاز، می‌توانید از خدمات مشاوره‌ای این مراکز کمک بگیرید.
برای دریافت وام ازدواج ارائه مداک نظام وظیفه لازم است؟,سلام! برای دریافت وام ازدواج در کشور ایران، ارائه مدارک نظام وظیفه یک ضرورت است. این بدان معناست که زوجین باید مدارک مربوط به خدمت سربازی خود را ارائه دهند تا بتوانند وام ازدواج را دریافت کنند.

مدارک لازم عبارتند از: 1. گواهی پایان خدمت سربازی برای همسران و همسرانانی که خدمت سربازی خود را انجام داده‌اند. 2. گواهی عدم نیاز به خدمت سربازی برای همسران و همسرانانی که به دلیل بیماری یا معلولیت قادر به انجام خدمت سربازی نیستند. 3. گواهی عدم نیاز به خدمت سربازی برای همسران و همسرانانی که به دلیل داشتن سابقه خدمت سربازی خود را انجام داده‌اند.

این مدارک را باید از واحد مربوطه نظام وظیفه ارائه شود. در صورت نیاز، می‌توانید برای کسب اطلاعات بیشتر به سایت نظام وظیفه یا دفتر نظام وظیفه در منطقه خود مراجعه کنید.
آیا می‌توان ثبت‌نام انجام‌شده در سامانه وام ازدواج را ویرایش کرد؟,خوش آمدید! با توجه به سامانه وام ازدواج، ثبت‌نام انجام‌شده را نمی‌توان ویرایش کرد. این به دلیل اینکه سامانه وام ازدواج یک فرآیند منظم و شفاف را برای توزیع وام‌های ازدواج در کشور فراهم می‌کند و ویرایش ثبت‌نام ممکن است منجر به ایجاد مشکلات و سردرگمی شود.

با این حال، در صورتی که شما نیاز به اصلاح اطلاعات خود یا ارائه توضیحات اضافی داشته باشید، می‌توانید به مرکز وام ازدواج مراجعه کنید و درخواست خود را ارائه دهید. آنها می‌توانند به شما کمک کنند تا اطلاعات شما را به روز رسانی یا در مورد درخواست‌های اضافی راهنمایی کنند.
هنگام ثبت نام اوليه، مشخصات متقاضيان به اشتباه درج گرديده ، ليکن ثبت نام در سامانه انجام شده است براي اصلاح مشخصات چگونه می‌توان عمل کرد؟,فضلاً! اگر مشخصات شما در هنگام ثبت نام اوليه به اشتباه درج شده است، اما ثبت نام در سامانه انجام شده است، برای اصلاح مشخصات می‌توانید به یکی از روش‌های زیر عمل کنید: 1. با مراجعه به سامانه، به بخش "ویرایش اطلاعات" مراجعه کنید و مشخصات خود را اصلاح کنید. 2. با مراجعه به مرکز خدمات، با کارشناس تماس بگیرید و درخواست اصلاح مشخصات را ارائه دهید. آنها می‌توانند راهنمایی یا کمک کنند تا مشخصات شما اصلاح شود. 3. اگر در منطقه خود هستید، می‌توانید به نزدیک‌ترین دفتر ثبت‌نام مراجعه کنید و درخواست اصلاح مشخصات را ارائه دهید.

توجه داشته باشید که برای اصلاح مشخصات، ممکن است برخی از اطلاعات را تکرار یا تأیید کنید تا اطمینان حاصل شود که مشخصات شما با اطلاعات موجود مطابقت دارد.
اگر متقاضی کد رهگیری خود را فراموش کرده باشد چگونه می‌تواند مجدد کد رهگیری دریافت کند؟,مطمئناً یک مشکل رایج است! اگر متقاضی کد رهگیری خود را فراموش کرده باشد، می‌توان به چند روش برای دریافت مجدد کد رهگیری دست یافت: 1. مراجعه به دفتر پست: متقاضی می‌تواند به دفتر پست محل سکونت خود مراجعه کند و از کارمندان پست درخواست کند تا کد رهگیری را برای او صادر کند. برای این منظور، متقاضی باید مدارک شناسایی خود را همراه داشته باشد.
 2. تماس با مرکز تماس پست: متقاضی می‌تواند با مرکز تماس پست تماس بگیرد و درخواست کند تا کد رهگیری را برای او صادر کند. برای این منظور، متقاضی باید اطلاعات شناسایی خود را به کارمندان تماس ارائه دهد.
 3. مراجعه به سایت پست: بسیاری از دفاتر پست، امکان دریافت کد رهگیری از طریق سایت خود را ارائه می‌دهند. متقاضی می‌تواند به سایت پست مراجعه کند و با استفاده از اطلاعات شناسایی خود، کد رهگیری را درخواست کند.
 4. تماس با کارشناس پست: در برخی موارد، متقاضی می‌تواند با کارشناس پست تماس بگیرد و درخواست کند تا کد رهگیری را برای او صادر کند. برای این منظور، متق
اگر متقاضی در زمان ثبت نام و پر کردن فرم مربوطه در پايان مراحل مربوطه موفق به دريافت کدرهگيري نشده است به چه صورت مي تواند اين کد را دريافت نمايد؟,اگر متقاضی در زمان ثبت نام و پر کردن فرم مربوطه در پايان مراحل مربوطه موفق به دريافت کدرهگيري نشده است، می تواند به یکی از روش های زیر برای دريافت کد اقدام کند: 1. تماس با کارشناس مربوطه: متقاضی می تواند با کارشناس مربوطه در زمینه ثبت نام تماس بگیرد و علت عدم دريافت کد را درخواست کند و برای حل مشکل کمک بگیرد. 2. پیگیری در سیستم: متقاضی می تواند سیستم را بررسی کند و به دنبال کد خود باشد و اگر دريافت نشد، با کارشناس مربوطه تماس بگیرد و علت را درخواست کند. 3. مراجعه به شعب ثبت نام: متقاضی می تواند به شعب ثبت نام مراجعه کند و با کارشناس مربوطه در زمینه ثبت نام تماس بگیرد و علت عدم دريافت کد را درخواست کند و برای حل مشکل کمک بگیرد. 4. استفاده از خدمات مشتری: متقاضی می تواند از خدمات مشتری استفاده کند و با کارشناس مربوطه تماس بگیرد و علت عدم دريافت کد را درخواست کند و برای حل مشکل کمک بگیرد.

به طور کلی، متقاضی باید برای دريافت کد، با کارشناس
مراحل دریافت وام ازدواج چیست؟,مراحل دریافت وام ازدواج در ایران معمولاً به این صورت است: 1. درخواست وام: فرد متقاضی وام ازدواج باید درخواست خود را به بانک یا موسسه مالی ارائه دهد و کلیه اطلاعات خود را، از جمله درآمد، شغل، وضعیت مالی و تعداد فرزندان، ارائه دهد. 2. بررسی تقاضا: بانک یا موسسه مالی درخواست را بررسی می کند و در صورت موجه بودن تقاضا، آن را تأیید می کند. 3. ارائه مدارک: فرد متقاضی وام ازدواج باید مدارک لازم، از جمله مدارک هویت، مدرک کار، مدرک درآمد و مدارک مالی، ارائه دهد. 4. تعیین اقساط: بانک یا موسسه مالی اقساط وام را تعیین می کند و فرد متقاضی وام باید اقساط را به‌طور منظم پرداخت کند. 5. واریز وام: بانک یا موسسه مالی وام را به فرد متقاضی وام واریز می کند و فرد متقاضی وام باید اقساط وام را به‌طور منظم پرداخت کند. 6. بازپرداخت وام: فرد متقاضی وام باید اقساط وام را به‌طور من
زمان تعیین شعبه از سوی بانک چند روز است؟,با سلام! زمان تعیین شعبه از سوی بانک معمولاً 2 تا 5 روز کاری است، اما ممکن است زمان آن کوتاهتر یا طولانی‌تر باشد، بسته به بانک و شرایط خاص. برخی بانک‌ها ممکن است شعبه را در همان روز یا حتی در چند ساعت تعیین کنند، در حالی که برخی دیگر ممکن است زمان بیشتری برای تعیین شعبه نیاز داشته باشند.
فرد متقاضی وام ازدواج می‌تواند بانک و شعبه موردنظر خود را انتخاب کند؟,خیر، فرد متقاضی وام ازدواج معمولاً نمی‌تواند بانک و شعبه موردنظر خود را انتخاب کند، زیرا انتخاب بانک و شعبه معمولاً بر اساس شرایط و ضوابطی که توسط بانک‌ها تعیین شده است، انجام می‌شود و فرد متقاضی باید از بین بانک‌ها و شعباتی که شرایط و ضوابط آنها را می‌پذیرند، انتخاب کند. با این حال، برخی از بانک‌ها ممکن است دارای شعباتی باشند که به ویژه برای وام ازدواج، شرایط و ضوابط ویژه‌ای دارند، بنابراین فرد متقاضی می‌تواند از بین این شعبات، انتخاب کند.
میزان وام متعلق به زوجین چقدر است؟,در قانون ایران، میزان وام متعلق به زوجین به این صورت تعیین شده است:* وام تا 10 میلیون تومان، متعلق به زوجین است و هر یک از آنها می‌تواند از این میزان استفاده کند.* وام بین 10 تا 50 میلیون تومان، متعلق به زوج است و هر یک از زوجین می‌تواند از این میزان استفاده کند، اما باید به هماهنگی با هم داشته باشند و در صورت نیاز به وام، باید به هماهنگی با هم داشته باشند و در صورت نیاز به وام، باید به هماهنگی با هم داشته باشند و در صورت نیاز به وام، باید به هماهنگی با هم داشته باشند و در صورت نیاز به وام، باید به هماهنگی با هم داشته باشند و در صورت نیاز به وام، باید به هماهنگی با هم داشته باشند و در صورت نیاز به وام، باید به هماهنگی با هم داشته باشند و در صورت نیاز به وام، باید به هماهنگی با هم داشته باشند و در صورت نیاز به وام، باید به هماهنگی با هم داشته باشند و در صورت نیاز به وام، باید به هماهنگی با هم داشته باشند و در صورت نیاز به وام، باید به هماهنگی با هم
مدت بازپرداخت وام ازدواج چقدر است؟,در ایران، مدت بازپرداخت وام ازدواج بسته به نوع وام و شرایط فردی متأهلان می تواند متفاوت باشد، اما معمولاً حداکثر مدت بازپرداخت وام ازدواج در ایران 5 تا 7 سال است که از زمان دریافت وام شروع می شود. علاوه بر این، بانکی که وام ازدواج را ارائه می دهد ممکن است شرایط و ضوابط خاص خود را برای بازپرداخت وام داشته باشد.
وام ازدواج برای آقایان زیر ۲۵ سال و خانم‌های زیر ۲۳ سال چقدر است؟,معمولاً در ایران، وام ازدواج برای آقایان زیر ۲۵ سال و خانم‌های زیر ۲۳ سال از سوی بانک‌ها و موسسات مالی ارائه می‌شود. این وام‌ها معمولاً با حداکثر ۵ تا ۷ سال زمان بازپرداخت و با نرخ سود بین ۱۰ تا ۱۵ درصد ارائه می‌شوند. با این حال، میزان وام و شرایط آن ممکن است بین بانک‌ها و موسسات مالی متفاوت باشد.

به طور کلی، وام‌های ازدواج برای آقایان زیر ۲۵ سال و خانم‌های زیر ۲۳ سال با شرایط خاصی ارائه می‌شوند، مانند:* وام‌های با مبلغی بین ۵ تا ۱۰ میلیون تومان* زمان بازپرداخت حداکثر ۵ تا ۷ سال* نرخ سود حداکثر ۱۵ درصد* بدون نیاز به وثیقه یا ضمانت

شخصی از بانک‌ها و موسسات مالی برای کسب اطلاعات دقیق‌تر در مورد وام‌های ازدواج و شرایط آن، می‌توانید به آن‌ها مراجعه کنید.
در صورتيکه براي بانکي جديد ثبت نام کرده اما با بانک قبلي خود به توافق رسيده باشم و قرار است اين بانک تسهيلات ازدواج را به بنده پرداخت کند، چطور مي توانم ثبت نام جديد خود را حذف کنم؟,با سلام! اگر برای بانکی جدید ثبت نام کرده اید اما با بانک قبلی خود به توافق رسیده اید و قرار است این بانک تسهیلات ازدواج را به شما پرداخت کند، در این صورت می‌توانید ثبت نام جدید خود را حذف کنید. برای حذف ثبت نام، باید به بانکی که قبلاً با آن کار کرده‌اید مراجعه کنید و درخواست حذف ثبت نام را ارائه دهید. ممکن است نیاز باشد که مدارک و مستندات مربوطه را ارائه دهید.

از آنجا که شما با بانک قبلی خود به توافق رسیده‌اید، احتمالاً آنها در مورد حذف ثبت نام شما آگاهی دارند و به شما کمک خواهند کرد. اگر آنها را به این مورد اطلاع نداده‌اید، می‌توانید قبل از حذف ثبت نام، با آنها تماس بگیرید و درخواست خود را ارائه دهید.

به طور کلی، فرآیند حذف ثبت نام، بسته به بانک و شرایط خاص شما، متفاوت است. بنابراین، توصیه می‌کنم که با بانک تماس بگیرید و در مورد فرآیند حذف ثبت نام و مدارک مورد نیاز، راهنمایی دریافت کنید.
شرايط لازم برای ضامن در زمان اخذ تسهيلات قرض الحسنه ازدواج کدام است؟,خوش آمدید! برای اخذ تسهیلات قرض الحسنه ازدواج، ضامن باید شرایط زیر را برآورده کند: 1. سن کافی: حداقل 25 سال سن داشته باشد. 2. شغل ثابتی: شغل ثابت و پایدار داشته باشد، به طوری که درآمد ماهیانه او به حداقل 1.5 برابر حداکثر میزان بدهی قرض الحسنه برسد. 3. سابقه کار: حداقل 3 سال سابقه کار در شغل فعلی داشته باشد. 4. درآمد کافی: درآمد ماهیانه او باید حداقل 2 برابر حداکثر میزان بدهی قرض الحسنه باشد. 5. وضعیت مالی: باید وضعیت مالی مطمئن و بدون بدهی داشته باشد، به جز بدهی‌هایی که به طور قانونی و در زمان مقرر پرداخت می‌شوند. 6. تابعیت: تابعیت ایرانی داشته باشد یا تابعیت خارجی داشته باشد، اما حداقل 5 سال سابقه سکونت در ایران داشته باشد. 7. کارگزار رسمی: باید دارای کارگزار رسمی باشد که به عنوان ضامن، تضمین دهد که ضامن، در صورت عدم بازگشت قرض الحسنه
آيا ثبت نام ازدواج از طريق پست امکان پذير مي‌باشد؟,بسیار خوشحالم که شما را در مورد ثبت نام ازدواج از طریق پست سوال کردید. مطمئناً ثبت نام ازدواج از طریق پست امکان‌پذیر است. با ارائه مدارک موردنیاز و پرداخت هزینه ثبت نام، می‌توانید فرآیند ثبت نام ازدواج را از طریق پست انجام دهید. البته باید توجه داشت که ممکن است زمان اجرای این روش طولانی‌تر از ثبت نام حضوری باشد. برای کسب اطلاعات بیشتر و در دسترس بودن این خدمات، به سایت رسمی ثبت احوال یا یک دفتر ثبت احوال در نزدیک‌ترین منطقه خود مراجعه کنید.
آيا پس از گذشت تاريخ انقضای تعيين شعبه امکان تمديد مهلت وجود دارد؟,با توجه به قوانین و مقررات مربوطه، پس از گذشت تاریخ انقضای تعین شعبه، امکان تمدید مهلت وجود دارد، اما این امر به شرایط و دلایل خاصی بستگی دارد.

بر اساس ماده ۹۰ قانون آیین دادرسی کیفری، در صورتی که دادگاه صالح، به دلیل وجود دلایل موجه، تمدید مهلت را به تشخیص خود، ممکن می کند، در حالی که در صورتی که این درخواست، به دلیل کوتاهی یا بی‌توجهی متقاضی، نباشد.

به طور کلی، تمدید مهلت پس از گذشت زمان تعیین شده، در صورتی که درخواست متقاضی، موجه و با دلایل منطقی همراه باشد، ممکن است. اما برای این منظور، باید دلایل و مدارک موجه خود را ارائه دهید و از دادگاه صالح درخواست تمدید مهلت کنید.
آيا براي دريافت تسهيلات قرض الحسنه ازدواج، ثبت نام يکي از زوجين کافي است؟,خیر، برای دریافت تسهیلات قرض الحسنه ازدواج، ثبت نام هر دو زوجین کافی نیست. برای دریافت این تسهیلات، زوجین باید شرایط خاصی را داشته باشند، از جمله:* اینکه زوجین ایرانی باشند و حداقل یک مورد از آنها در ایران زندگی کنند.* اینکه زوجین در سن قانونی برای ازدواج باشند.* اینکه زوجین دارای درآمد باشند و بتوانند تسهیلات را بازپرداخت کنند.* اینکه زوجین در زمان ثبت نام، مدارک موردنیاز را ارائه دهند، از جمله سند مالکیت خانه یا سند معامله برای خرید خانه، سند ازدواج و سند هویت.

به علاوه، زوجین باید یک مورد از شرایط زیر را داشته باشند:* اینکه زوجین برای اولین بار ازدواج کنند و حداقل یک مورد از آنها در ایران زندگی کند.* اینکه زوجین حداقل پنج سال ازدواج کرده باشند و حداقل یک مورد از آنها در ایران زندگی کند.

اگر زوجین شرایط فوق را داشته باشند، می‌توانند برای دریافت تسهیلات قرض الحسنه ازدواج به بانک یا موسسه مالی مراجعه کنند و مدارک موردنیاز را ارائه دهند. بانک یا موسسه مالی، شرایط و ضوابط خاص خود را دارد،
آيا برای اخذ تسهيلات ازدواج، داشتن عقد نامه رسمی صادر شده از دفتر خانه‌های ازدواج و طلاق الزامی است؟,بله، داشتن عقد نامه رسمی صادر شده از دفتر خانه‌های ازدواج و طلاق الزامی است برای اخذ تسهیلات ازدواج در ایران. به طور کلی، برای ثبت نام و اخذ تسهیلات از دولت، یک نسخه از عقد نامه رسمی که از دفتر خانه‌های ازدواج و طلاق صادر شده است، ضروری است. این اطمینان می‌دهد که ازدواج قانونی بوده و طرفین ازدواج، در صورت نیاز، می‌توانند به خدمات و تسهیلات دولتی دسترسی داشته باشند.
آيا تسهيلات ازدواج براي دومين بار پرداخت مي‌شود؟,در قوانین فعلی ایران، تسهیلات ازدواج برای دومین بار پرداخت نمی‌شود، مگر در موارد خاصی که توسط مقامات ذیصلاح اعلام می‌شود. در غیر این صورت، هر فرد تنها می‌تواند از تسهیلات ازدواج یکبار استفاده کند.
آيا مابه التفاوت تسهيلات ازدواج به متقاضياني که در ازدواج اول خود از تسهيلات کمتري نسبت به مبالغ فعلي استفاده کرده‌اند و مجداً ازدواج مي نمايند تعلق مي‌گيرد؟,به اساس قوانين فعلی، در ازدواج دوم یا سوم، متقاضیانی که از تسهیلات کمتر نسبت به مبالغ فعلی استفاده کرده‌اند، می‌توانند از تسهیلات بیشتری استفاده کنند. این به معنای آن است که دولت برای این دسته از متقاضیان تسهیلات بیشتر ارائه می‌کند تا زندگی آنها را بهبود بخشد.

برای مثال، در مورد وام ازدواج، متقاضیانی که از وام کمتر استفاده کرده‌اند، می‌توانند از وام بیشتری استفاده کنند تا بتوانند زندگی خود را بهبود بخشند. همچنین، در مورد کمک هزینه برای خرید خانه یا املاک، متقاضیانی که از کمک هزینه کمتر استفاده کرده‌اند، می‌توانند از کمک هزینه بیشتری استفاده کنند تا بتوانند زندگی خود را بهبود بخشند.

به طور کلی، دولت برای متقاضیانی که از تسهیلات کمتر استفاده کرده‌اند، تسهیلات بیشتری ارائه می‌کند تا بتوانند زندگی خود را بهبود بخشند. این به معنای آن است که دولت برای این دسته از متقاضیان تسهیلات بیشتر ارائه می‌کند تا بتوانند زندگی خود را بهبود بخشند.
آيا تسهيلات ازدواج به ازدواج دوم تعلق مي‌گيرد؟,یکی از سوالات رایج در مورد تسهیلات ازدواج! در پاسخ، تسهیلات ازدواج به ازدواج دوم تعلق نمی‌گیرد، مگر در موارد خاصی که در قوانین کشور ایران ذکر شده است.

به طور کلی، تسهیلات ازدواج در مورد افرادی تعلق دارد که برای اولین بار ازدواج می‌کنند و این تسهیلات در مورد کسانی است که برای اولین بار متأهل می‌شوند. با این حال، اگر کسی با شرایط خاصی ازدواج کرده باشد، مانند ازدواج با فردی که از او بیشتر سال داشته است یا ازدواج با فردی که به عنوان همسر دوم خود انتخاب کرده است، ممکن است تسهیلات ازدواج به او تعلق گیرد.

به طور کلی، برای برخورداری از تسهیلات ازدواج، فرد باید شرایط خاصی را داشته باشد، مانند اینکه این ازدواج برای او اولین ازدواج باشد، یا اینکه او از شرایط خاصی مانند معلولیت یا بی‌بضاعت برخوردار باشد. اگر فرد شرایط خاصی را داشته باشد، ممکن است بتواند از تسهیلات ازدواج برخوردار شود، اما این موضوع به بررسی شرایط فرد و بررسی قوانین کشور بستگی دارد.
آيا استفاده از تسهيلات ازدواج، داراي محدوديت حداکثر سن مي‌باشد؟,خوش آمدید! به سوال شما پاسخ می‌دهم. در قانون مدنی ایران، استفاده از تسهیلات ازدواج، مانند تسهیلات برای ازدواج جوانان، داراي محدودیت حداکثر سن است. به طور کلی، سن حداکثر برای ازدواج دختران 18 سال و پسران 21 سال است. اما در برخی موارد خاصی مانند ازدواج با موافقت والدین یا ازدواج با موافقت دادگاه، این محدودیت ممکن است نقض شود.
حداقل سن جهت دريافت تسهيلات قرض الحسنه ازدواج چند سال مي‌باشد؟,به طور کلی، حداقل سن برای دریافت تسهیلات قرض الحسنه ازدواج در کشور ما تعیین نشده است و به‌طور خاص توسط بانک‌ها و موسسات مالی تعیین می‌شود. اما به طور معمول، بانک‌ها معمولاً شرایطی را برای دریافت قرض الحسنه ازدواج در نظر می‌گیرند که شامل حداقل سن برای متأهلیان است که می‌توانند از این تسهیلات استفاده کنند. این سن معمولاً بین 18 تا 25 سال برای مردان و بین 18 تا 22 سال برای زنان است، اما ممکن است در برخی از بانک‌ها یا موسسات مالی متفاوت باشد.
آيا تسهيلات ازدواج به افراد کمتر از 18 سال تعلق مي‌گيرد؟,خیر، به موجب قانون، ازدواج افراد زیر 18 سال در ایران ممنوع است و هیچ تسهیلاتی در این مورد وجود ندارد. مطابق ماده 1041 قانون مدنی، ازدواج افراد زیر 18 سال به عنوان یک ازدواج نامعتبر شناخته شده و اعتبار ندارد. علاوه بر این، ازدواج کودکان زیر 18 سال با تعهد به رعایت حقوق و امنیت آنها، مغایر با اصول حقوقی و بین‌المللی است و از سوی سازمان ملل متحد نیز ممنوع شناخته شده است.
پس از ثبت نام متقاضي و عدم مراجعه به موقع به شعبه تعيين شده، در صورت حذف مشخصات آيا فرد مي تواند مجدداً ثبت‌نام کند؟,به عنوان یک کمک، پاسخی برای شما دارم.

بر اساس قوانین و مقررات ثبت نام، اگر فرد پس از ثبت نام، بدون مراجعه به شعبه تعيين شده و عدم ارائه مدارک لازم، حذف مشخصات خود شود، در این صورت فرد می‌تواند مجدداً ثبت نام کند، اما با در نظر گرفتن شرایط و ضوابط جدید و ارائه مدارک لازم.
آيا متقاضي پس از ثبت نام براي يک بانک می تواند ثبت نام خود را باطل و براي يک بانک ديگر ثبت نام کند؟,با سلام! در پاسخ به سوال شما باید گفت که، مطابق قوانین و مقررات بانک مرکزی جمهوری اسلامی ایران، یک متقاضی پس از ثبت نام در یک بانک، اجازه داده نمی‌شود تا ثبت نام خود را باطل و برای یک بانک دیگر ثبت نام کند. این امر به دلیل جلوگیری از سوء استفاده و جلوگیری از ایجاد بی ثباتی در نظام مالی کشور است.

به طور کلی، هر فردی فقط می‌تواند در یک بانک عضو شود و هرگونه ثبت نام در یک بانک دیگر، غیر قانونی است. اگر فردی بخواهد عضویت خود را در یک بانک باطل کند، باید به طریق قانونی و طبق مقررات بانک مرکزی جمهوری اسلامی ایران، درخواست خود را برای لغو عضویت ارائه دهد.
پس از پذيرش متقاضی از طرف بانک، چه مدت زمانی برای تکميل مدارک در نظر گرفته شده است؟,به طور کلی، پس از پذيرش متقاضی از طرف بانک، معمولاً یک تا سه روز کاری برای تکمیل مدارک در نظر گرفته می‌شود، اما این مدت زمان ممکن است بسته به بانک و نوع درخواست متفاوت باشد. برخی از بانک‌ها ممکن است زمان بیشتری برای تکمیل مدارک در نظر بگیرند، در حالی که برخی دیگر ممکن است زمان کمتر را در نظر بگیرند. به طور کلی، متقاضی باید با بانک تماس بگیرد تا زمان دقیق تکمیل مدارک را بدانند.
مبلغ تسهیلات ازدواج برای ایثارگران چه مقدار است؟,به اساس برنامه‌های دولت، مبلغ تسهیلات ازدواج برای ایثارگران، به‌ویژه برای ایثارگران جنگ، در حال حاضر به شرح زیر است:* برای ایثارگران جنگ، تسهیلات 10 ميليارد تومان در نظر گرفته می‌شود که می‌تواند برای خرید خانه یا تسهیلات ازدواج استفاده شود.* برای ایثارگران جانبازان، تسهیلات 7 ميليارد تومان در نظر گرفته می‌شود که می‌تواند برای خرید خانه یا تسهیلات ازدواج استفاده شود.* برای ایثارگران جانبازان و ایثارگران جنگ، تسهیلات 5 ميليارد تومان در نظر گرفته می‌شود که می‌تواند برای خرید خانه یا تسهیلات ازدواج استفاده شود.

تسهیلات ازدواج برای ایثارگران در هر صورت پس از ارائه مدارک مورد نیاز و تأیید توسط سازمان مربوطه، به متقاضیان ارائه می‌شود.
ایثارگری فرد متقاضی چگونه محرز می‌شود؟,ایثارگری فرد متقاضی چگونه محرز می‌شود؟

در فرآیند بررسی درخواست پناهندگی، ایثارگری فرد متقاضی به عنوان یک مورد مهم و حیاتی در نظر گرفته می‌شود. برای اثبات ایثارگری، متقاضی باید مستندات قابل قبول ارائه دهد، از جمله: 1. مدارک مربوط به سابقه فعالیت‌های ایثارگرانه، مانند سند از خدمات ارائه شده به عنوان یک نجاتگر یا یک مدافع حقوقی در زمان جنگ یا درگیر بودن در مبارزه برای حقوق مدنی یا حقوق بشری. 2. بیانیه‌های معتمد، از جمله اسناد رسمی از سازمان‌ها یا نهادهای مرتبط، که ایثارگری فرد متقاضی را تأیید می‌کنند. 3. شهادت شهود، از جمله شهودان عینی که شاهد ایثارگری فرد متقاضی بوده‌اند. 4. اسناد پزشکی، از جمله سند از جراحات یا آسیب‌های وارد شده به فرد متقاضی در اثر ایثارگری.

به طور کلی، ایثارگری فرد متقاضی باید به طور قاطع و قابل قبول اثبات شود، تا بتواند از وضعیت پناهندگی برخوردار شود.
بنده مشمول تسهيلات ازدواج ايثارگران مي شوم ليکن پس از مراجعه به بانک و استعلام توسط شعب وضعيت سهميه ايثارگري ندارد، نمايش داده مي شود چه کار بايد انجام دهم؟,مطمئناً این موضوع برای شما ناراحت کننده است. در چنین مواردی، بهتر است ابتدا به شعب بانک مراجعه کنید و با کارشناسان بانک تماس بگیرید تا در مورد علت عدم نمایش وضعیت سهمیه ایثارگری توضیح دهند. ممکن است دلیل این عدم نمایش، نقص در اطلاعات یا مشکل در سیستم باشد.

علاوه بر این، می توانید با اداره ایثارگران تماس بگیرید و در مورد وضعیت سهمیه ایثارگری خود سوال کنید. آنها می توانند در مورد وضعیت شما توضیح دهند و راهنمایی های لازم را ارائه دهند.

اگر مشکل همچنان باقی ماند، می توانید شکایت خود را به نهادهای مربوطه مانند سازمان بازرسی کل کشور یا سازمان بازرسی کل کشور- شعبه امور عمومی و خدمات اجتماعی ارائه دهید تا مورد بررسی قرار گیرد و شما را راهنمایی کنند.
در زمان ثبت نام اگر در قسمت ايثارگري به اشتباه وضعيت «ندارد» را ثبت کرده باشم و تعيين شعبه شده باشم چطور مي‌توانم آن را اصلاح کنم؟,در چنین شرایطی، شما می‌توانید برای اصلاح وضعیت «ندارد» در قسمت ایثارگری، به صورت حضوری یا تلفنی به یکی از شعبه‌های ثبت نام مراجعه کنید. در آنجا، کارمندان ثبت نام می‌توانند با بررسی مدارک و اطلاعات شما، وضعیت شما را اصلاح کنند و به وضعیت واقعی شما دست بزنند.

اگر امکان مراجعه حضوری یا تلفنی را ندارید، می‌توانید یک نامه رسمی به شعبه ثبت نام ارسال کنید و در آن، اطلاعات و مدارک خود را برای اصلاح وضعیت «ندارد» ارسال کنید. با بررسی این نامه و مدارک، کارمندان ثبت نام می‌توانند وضعیت شما را اصلاح کنند و به وضعیت واقعی شما دست بزنند.
در صورتي که در سامانه ازدواج وضعيت ايثارگري را به اشتباه انتخاب کرده باشيم يا استعلام سامانه وضعيت ايثارگري را ندارد نشان دهد، آيا مي توانيم معرفي نامه کتبي از مرکز بنياد شهيد براي بانک تهيه کنم؟,با سلام. اگر در سامانه ازدواج وضعيت ايثارگري را به اشتباه انتخاب کرده یا استعلام سامانه وجود ندارد، می‌توانید برای دریافت معرفي نامه کتبي از مرکز بنياد شهيد، درخواستی به همراه مدارک لازم ارسال کنید. مدارک مورد نیاز عبارتند از: 1. درخواستی برای دریافت معرفي نامه کتبي 2. گواهی ازدواج 3. گواهی وفات یا از دست دادن یک یا چند تن از اعضای خانواده یا همسر در جنگ یا عملیات های نظامی یا ترور 4. یک نسخه از شناسنامه خود و همسر یا اعضای خانواده که در جنگ یا عملیات های نظامی یا ترور جان باخته‌اند.

این مدارک را به همراه یک نامه درخواستی برای دریافت معرفي نامه کتبي از مرکز بنياد شهيد ارسال کنید. مرکز بنياد شهيد پس از بررسی مدارک و تأیید صحت درخواست، معرفي نامه کتبي را صادر می‌کند.
علت عدم امکان ثبت نام در سامانه ازدواج در بانکي خاص براي يک استان مشخص چيست؟,ممکن است دلیل عدم امکان ثبت نام در سامانه ازدواج در بانک خاص برای یک استان مشخص از این موارد باشد: 1. از بین رفتن یا از دست دادن شناسه ملی یا کد ملی فرد. 2. عدم وجود یا از دست دادن مدارک مورد نیاز برای ثبت نام، مانند شناسنامه، کارت ملی، و یا گواهی ازدواج. 3. مغایرت در اطلاعات ارائه شده با بانک، مانند نام، نام خانوادگی، یا تاریخ تولد. 4. عدم پرداخت یا مغایرت در پرداخت هزینه ثبت نام. 5. محدودیت یا ممنوعیت ثبت نام برای برخی از استان‌ها یا مناطق خاص، مانند مناطق تحت تحریم یا مناطق دارای شرایط خاص. 6. اختلال در عملکرد سامانه یا مشکلات فنی در بانک، که باعث عدم امکان ثبت نام می‌شود.

در هر صورت، برای حل این مشکل، فرد باید با بانک تماس بگیرد و مشکل خود را با کارشناس مربوطه در میان بگذارد و به او کمک کند تا مشکل را حل کند.
فرصت ثبت نام در سامانه قرض الحسنه ازدواج ، جهت دريافت وام ازدواج حداکثر چه مدت مي‌باشد؟,با سلام! فرصت ثبت نام در سامانه قرض الحسنه ازدواج برای دریافت وام ازدواج حداکثر 30 روز است. پس از ثبت نام، متقاضیان می‌توانند تا 30 روز برای تکمیل فرآیند وام و دریافت وام ازدواج زمان داشته باشند.
آيا با توجه به گذشت بيش از 24 ماه از زمان وقوع عقد مي توانم جهت ثبت نام و دريافت قرض الحسنه ازدواج اقدام کنم؟,با توجه به ماده 13 قانون مدنی، زمان محدود برای ثبت نام و دریافت قرض الحسنه ازدواج وجود دارد که این زمان 24 ماه است. با توجه به گذشت بیش از 24 ماه از زمان وقوع عقد، به طور کلی نمی‌توانید برای ثبت نام و دریافت قرض الحسنه ازدواج اقدام کنید، مگر اینکه بتوانید دلیل موجهی برای عدم ثبت نام در زمان مقرر ارائه دهید. در این صورت، می‌توانید درخواست خود را برای ثبت نام و دریافت قرض الحسنه ازدواج ارائه دهید، اما این درخواست با توجه به شرایط و دلایل ارائه شده مورد بررسی قرار می‌گیرد.
اينجانب در هفته قبل ثبت نام کرده ام ليکن شعبه مورد نظر از سوي سايت مشخص نشده است؟,خوش آمدید! به نظر می‌رسد که هنگام ثبت نام، شعبه مورد نظر برای شما مشخص نشده است. برای حل این مشکل، توصیه می‌کنم که به بخش پشتیبانی سایت مراجعه کنید و درخواستی برای مشخص کردن شعبه مورد نظر خود ارسال کنید. آنها می‌توانند به شما کمک کنند تا شعبه مورد نظر خود را مشخص کنید و بتوانید روند ثبت نام را ادامه دهید. علاوه بر این، می‌توانید با ارائه شماره ثبت نام خود، با کارشناسان سایت تماس بگیرید تا در مورد این موضوع با شما صحبت کنند.
با توجه به ثبت نام در سامانه و تاييد کدملي، بانک عامل نسبت به تعيين شعبه اقدام نکرده است؟,با توجه به اطلاعات ارائه شده، بانک عامل ممکن است برای تعیین شعبه در انتظار تکمیل اطلاعات یا تأیید کدملی شما باشد. در صورتی که شما اطلاعات خود را به درستی تکمیل کرده‌اید و کدملی شما تأیید شده است، ممکن است بانک عامل به دلایل مختلفی همچون بررسی هویت یا بررسی پرونده شما، زمان بیشتری را برای تعیین شعبه در نظر داشته باشد. توصیه می‌شود که با بانک عامل در ارتباط باشید و از وضعیت درخواست تعیین شعبه خود برای اطلاع بیشتر بپرسید.
آيا ثبت نام هر یک از زوجین در دو بانک و يا دو شهر متفاوت امکان پذير مي‌باشد؟,با توجه به قوانین فعلی، ثبت نام هر یک از زوجین در دو بانک و یا دو شهر متفاوت امکان پذیر است، اما با توجه به مقتضیات و ضوابط خاص هر یک از بانک‌ها و شهرها، ممکن است برخی محدودیت‌ها و شرایط وجود داشته باشد.

به طور کلی، ثبت نام در دو بانک و یا دو شهر متفاوت برای هر یک از زوجین به شرطی که شرایط و ضوابط مربوطه را برآورند، امکان پذیر است. اما در زمان ثبت نام، زوجین باید اطمینان حاصل کنند که شرایط و ضوابط مربوطه را برآورند و در صورت نیاز، مدارک و اسناد لازم را ارائه دهند.
آيا اينجانب به وکالت رسمي و محضري از طريق متقاضي مربوطه مي توانم جهت دريافت تسهيلات ازدواج در سايت ثبت نام کرده و تسهيلات ازدواج آنان را وکالتاً دريافت کنم؟,با سلام، با توجه به قوانین و مقررات کشور، در پاسخ به پرسش شما، باید ذکر کرد که برای دريافت تسهيلات ازدواج، متقاضی باید شخصاً در سايت ثبت نام کرده و درخواست خود را ارائه دهد. در مورد وکالت رسمی و محضری هم، به عنوان یک وکیل، باید در همان سايت ثبت نام کرده و از سوی دادگاه یا مقام صالح تایید شود تا بتوانید برای متقاضی دريافت تسهيلات ازدواج کنید.

در مورد وکالت دريافت تسهيلات ازدواج، باید ذکر کرد که به عنوان یک وکیل، باید در همان سايت ثبت نام کرده و از سوی دادگاه یا مقام صالح تایید شود تا بتوانید برای متقاضی دريافت تسهيلات ازدواج کنید و به عنوان وکیل متقاضی، بتوانید درخواست های او را ارائه دهید و برای او دريافت تسهيلات ازدواج کنید.
آيا به عنوان متقاضي ساکن خارج از کشور مي توانم جهت دريافت وام ازدواج ثبت نام کنم؟,سلام! به عنوان یک کمک‌کننده ایرانی، می‌توانم به سوالت شما پاسخ دهم.

به نظر می‌رسد که شما در خارج از کشور زندگی می‌کنید و می‌خواهید برای دریافت وام ازدواج، ثبت نام کنید. در این صورت، ممکن است شرایطی برای شما وجود داشته باشد که باید در نظر گرفته شود.

به طور کلی، موسسات مالی ایران، اعطای وام ازدواج به افراد ساکن خارج از کشور را ممکن می‌کنند، اما اغلب با شرایط خاصی که باید رعایت شود، مانند ارائه گواهی اشتغال یا در آمد از محل سکونت شما در خارج از کشور.

در هر صورت، برای بررسی شرایط و فرایند دریافت وام ازدواج، توصیه می‌کنم که با یک بانک یا موسسه مالی ایرانی در ارتباط باشید و از راهنمایی آنها برای درک دقیق شرایط و فرآیند درخواست وام استفاده کنید.

همچنین، می‌توانید با مراجعه به سایت های رسمی بانک‌ها و موسسات مالی ایران یا با تماس با آنها، اطلاعات دقیق تری در مورد شرایط و فرآیند دریافت وام ازدواج در خارج از کشور کسب کنید.
آیا به عنوان متقاضي که در خارج از کشور ازدواج نموده ام، مي توانم برای دريافت وام ازدواج ثبت نام کنم؟,با سلام! به عنوان یک کارشناس کمک‌کننده، من به شما کمک می‌کنم تا پاسخگوی سوال شما باشید.

در پاسخ به پرسش شما، به عنوان متقاضی که در خارج از کشور ازدواج کرده‌اید، می‌توانید برای دریافت وام ازدواج ثبت نام کنید، اما با شرایط خاصی که ذکر می‌شود.

به عنوان مثال، برخی از بانک‌ها و موسسات مالی در ایران، وام ازدواج را برای زوج‌های خارجی ارائه می‌دهند، اما اغلب با شرطی که شامل شود، مانند: 1. داشتن اقامت یا اقامت موقت در ایران 2. داشتن حساب بانکی در ایران 3. داشتن شغل یا درآمد معتبر در ایران 4. ارائه مدارک هویت و ازدواج خارجی

بهترین راه برای یافتن پاسخ دقیق‌تر، تماس با بانک یا موسسه مالی مورد نظر و درخواست اطلاعات دقیق‌تر در مورد شرایط وام ازدواج برای زوج‌های خارجی است.

من امیدوارم که این پاسخ به شما کمک کند. اگر سوالی دیگر دارید، لطفاً بپرسید.
آيا تسهيلات ازدواج به اقليتهاي مذهبي تعلق مي‌گيرد؟,با توجه به قوانين و مقررات کشور ما، تسهيلات ازدواج برای کلیه اقلیت های مذهبی و قومی موجود در کشور فراهم شده است. به طور کلی، کلیه افراد به‌رغم مذهب یا قومیت خود، از حقوق یکسان برخوردار هستند و می‌توانند از تسهیلات ازدواج استفاده کنند. البته، ممکن است برخی از اقلیت‌ها یا گروه‌های مذهبی ممکن است با برخی از محدودیت‌ها یا شرایط خاصی روبرو شوند، اما این موارد معمولاً بر اساس مقررات و قوانین خاص کشور ما تعیین می‌شوند و نه به‌علت مذهب یا قومیت فرد.
آيا تسهيلات قرض الحسنه ازدواج به اتباع خارجي تعلق مي‌گيرد؟,به عنوان یک دستیار کمک‌کننده، می‌توانم بگویم که تسهیلات قرض الحسنه ازدواج در ایران معمولاً برای اتباع ایرانی یا اقامت‌داران قانونی ایران تعلق می‌گیرد. البته ممکن است برخی از مؤسسات مالی و بانک‌ها تسهیلات قرض الحسنه ازدواج را برای اتباع خارجی ارائه کنند، اما این امر معمولاً به شرایط خاصی مانند داشتن اقامت یا کار در ایران بستگی دارد.

در هر صورت، برای اطمینان از اینکه آیا یک مؤسسه مالی یا بانک خاصی برای شما تسهیلات قرض الحسنه ازدواج ارائه می‌کند یا خیر، توصیه می‌کنم به بررسی شرایط و ضوابط آن مؤسسه یا بانک بپردازید یا با یک مشاور مالی تماس بگیرید تا راهنمایی شما کند.
